code,date,sec_code,change_pct,net_amount_main,net_pct_main,net_amount_xl,net_pct_xl,net_amount_l,net_pct_l,net_amount_m,net_pct_m,net_amount_s,net_pct_s
,2025-01-02 00:00:00+08:00,000505.XSHE,-1.79,-221.0,-4.015,0.0,0.0,-221.0,-4.015,-129.0,-2.343,-47.0,-0.854
,2025-01-03 00:00:00+08:00,000505.XSHE,-4.96,-222.0,-4.042,-133.0,-2.422,-89.0,-1.621,-308.0,-5.608,-47.0,-0.856
,2025-01-06 00:00:00+08:00,000505.XSHE,0.0,-263.0,-7.01,-269.0,-7.17,6.0,0.16,81.0,2.159,-34.0,-0.906
,2025-01-07 00:00:00+08:00,000505.XSHE,1.39,-270.0,-8.507,-145.0,-4.568,-125.0,-3.938,8.0,0.252,-3.0,-0.095
,2025-01-08 00:00:00+08:00,000505.XSHE,0.0,-5.0,-0.125,1.0,0.025,-6.0,-0.15,-60.0,-1.5,-26.0,-0.65
,2025-01-09 00:00:00+08:00,000505.XSHE,1.03,184.0,5.662,238.0,7.323,-54.0,-1.662,61.0,1.877,21.0,0.646
,2025-01-10 00:00:00+08:00,000505.XSHE,-2.71,-304.0,-10.931,0.0,0.0,-304.0,-10.931,-114.0,-4.099,49.0,1.762
,2025-01-13 00:00:00+08:00,000505.XSHE,1.57,419.0,15.253,0.0,0.0,419.0,15.253,159.0,5.788,-10.0,-0.364
,2025-01-14 00:00:00+08:00,000505.XSHE,2.23,-532.0,-11.555,-102.0,-2.215,-430.0,-9.34,-75.0,-1.629,23.0,0.5
,2025-01-15 00:00:00+08:00,000505.XSHE,0.17,248.0,8.687,0.0,0.0,248.0,8.687,33.0,1.156,-13.0,-0.455
,2025-01-16 00:00:00+08:00,000505.XSHE,0.0,-474.0,-10.139,0.0,0.0,-474.0,-10.139,-95.0,-2.032,3.0,0.064
,2025-01-17 00:00:00+08:00,000505.XSHE,0.0,3.0,0.134,0.0,0.0,3.0,0.134,29.0,1.299,-22.0,-0.986
,2025-01-20 00:00:00+08:00,000505.XSHE,0.17,-218.0,-9.233,-101.0,-4.278,-117.0,-4.956,-39.0,-1.652,26.0,1.101
,2025-01-21 00:00:00+08:00,000505.XSHE,0.5,547.0,11.405,292.0,6.088,255.0,5.317,211.0,4.399,-39.0,-0.813
,2025-01-22 00:00:00+08:00,000505.XSHE,-1.0,-45.0,-1.909,0.0,0.0,-45.0,-1.909,39.0,1.655,-51.0,-2.164
,2025-01-23 00:00:00+08:00,000505.XSHE,-0.51,-80.0,-2.379,0.0,0.0,-80.0,-2.379,-150.0,-4.46,-6.0,-0.178
,2025-01-24 00:00:00+08:00,000505.XSHE,-0.85,-306.0,-10.581,-111.0,-3.838,-195.0,-6.743,-220.0,-7.607,-35.0,-1.21
,2025-01-27 00:00:00+08:00,000505.XSHE,1.54,381.0,10.999,0.0,0.0,381.0,10.999,198.0,5.716,-2.0,-0.058
,2025-02-05 00:00:00+08:00,000505.XSHE,-0.34,-151.0,-6.997,0.0,0.0,-151.0,-6.997,-55.0,-2.549,7.0,0.324
,2025-02-06 00:00:00+08:00,000505.XSHE,0.17,-12.0,-0.362,0.0,0.0,-12.0,-0.362,-56.0,-1.687,-11.0,-0.331
,2025-02-07 00:00:00+08:00,000505.XSHE,1.02,27.0,0.455,-12.0,-0.202,39.0,0.658,6.0,0.101,16.0,0.27
,2025-02-10 00:00:00+08:00,000505.XSHE,1.84,119.0,2.262,196.0,3.726,-77.0,-1.464,-88.0,-1.673,22.0,0.418
,2025-02-11 00:00:00+08:00,000505.XSHE,-0.66,22.0,0.778,0.0,0.0,22.0,0.778,-40.0,-1.414,-3.0,-0.106
,2025-02-12 00:00:00+08:00,000505.XSHE,0.0,-451.0,-13.133,-381.0,-11.095,-70.0,-2.038,80.0,2.33,-85.0,-2.475
,2025-02-13 00:00:00+08:00,000505.XSHE,0.0,65.0,1.771,-102.0,-2.779,167.0,4.55,-2.0,-0.054,13.0,0.354
,2025-02-14 00:00:00+08:00,000505.XSHE,-1.32,-285.0,-7.917,-233.0,-6.472,-52.0,-1.444,-25.0,-0.694,37.0,1.028
,2025-02-17 00:00:00+08:00,000505.XSHE,1.67,332.0,6.084,8.0,0.147,324.0,5.937,-115.0,-2.107,38.0,0.696
,2025-02-18 00:00:00+08:00,000505.XSHE,-3.44,-616.0,-11.418,-151.0,-2.799,-465.0,-8.619,-50.0,-0.927,-8.0,-0.148
,2025-02-19 00:00:00+08:00,000505.XSHE,0.17,-265.0,-8.477,-105.0,-3.359,-160.0,-5.118,-20.0,-0.64,6.0,0.192
,2025-02-20 00:00:00+08:00,000505.XSHE,0.34,371.0,14.182,131.0,5.008,240.0,9.174,-1.0,-0.038,-9.0,-0.344
,2025-02-21 00:00:00+08:00,000505.XSHE,-0.51,-551.0,-18.484,-107.0,-3.589,-444.0,-14.894,-112.0,-3.757,-2.0,-0.067
,2025-02-24 00:00:00+08:00,000505.XSHE,1.52,-124.0,-1.63,-85.0,-1.117,-39.0,-0.513,36.0,0.473,-31.0,-0.407
,2025-02-25 00:00:00+08:00,000505.XSHE,-2.16,-162.0,-3.934,0.0,0.0,-162.0,-3.934,64.0,1.554,-5.0,-0.121
,2025-02-26 00:00:00+08:00,000505.XSHE,1.02,198.0,7.421,0.0,0.0,198.0,7.421,152.0,5.697,-6.0,-0.225
,2025-02-27 00:00:00+08:00,000505.XSHE,1.51,390.0,7.126,146.0,2.668,244.0,4.458,163.0,2.978,59.0,1.078
,2025-02-28 00:00:00+08:00,000505.XSHE,-2.32,-196.0,-4.604,3.0,0.07,-199.0,-4.675,-21.0,-0.493,-32.0,-0.752
,2025-03-03 00:00:00+08:00,000505.XSHE,0.51,7.0,0.214,0.0,0.0,7.0,0.214,64.0,1.961,45.0,1.379
,2025-03-04 00:00:00+08:00,000505.XSHE,1.69,585.0,12.854,249.0,5.471,336.0,7.383,-3.0,-0.066,-7.0,-0.154
,2025-03-05 00:00:00+08:00,000505.XSHE,-1.16,-370.0,-9.791,-238.0,-6.298,-132.0,-3.493,-35.0,-0.926,21.0,0.556
,2025-03-06 00:00:00+08:00,000505.XSHE,0.34,-65.0,-1.864,106.0,3.039,-171.0,-4.903,-18.0,-0.516,22.0,0.631
,2025-03-07 00:00:00+08:00,000505.XSHE,-0.84,20.0,0.804,0.0,0.0,20.0,0.804,156.0,6.273,-12.0,-0.483
,2025-03-10 00:00:00+08:00,000505.XSHE,4.89,1697.0,13.27,1332.0,10.416,365.0,2.854,38.0,0.297,-12.0,-0.094
,2025-03-11 00:00:00+08:00,000505.XSHE,-0.64,-8.0,-0.119,-139.0,-2.062,131.0,1.943,-107.0,-1.587,43.0,0.638
,2025-03-12 00:00:00+08:00,000505.XSHE,-0.97,-143.0,-2.811,0.0,0.0,-143.0,-2.811,-42.0,-0.825,34.0,0.668
,2025-03-13 00:00:00+08:00,000505.XSHE,-0.33,-78.0,-1.83,-101.0,-2.369,23.0,0.54,100.0,2.346,-26.0,-0.61
,2025-03-14 00:00:00+08:00,000505.XSHE,0.99,142.0,2.235,201.0,3.164,-59.0,-0.929,8.0,0.126,30.0,0.472
,2025-03-17 00:00:00+08:00,000505.XSHE,0.65,656.0,11.658,103.0,1.83,553.0,9.828,15.0,0.267,-58.0,-1.031
,2025-03-18 00:00:00+08:00,000505.XSHE,-0.48,89.0,2.728,100.0,3.066,-11.0,-0.337,-50.0,-1.533,-1.0,-0.031
,2025-03-19 00:00:00+08:00,000505.XSHE,-0.65,203.0,8.292,124.0,5.065,79.0,3.227,58.0,2.369,5.0,0.204
,2025-03-20 00:00:00+08:00,000505.XSHE,0.16,9.0,0.263,0.0,0.0,9.0,0.263,106.0,3.092,5.0,0.146
,2025-03-21 00:00:00+08:00,000505.XSHE,0.16,276.0,5.351,335.0,6.495,-59.0,-1.144,45.0,0.872,8.0,0.155
,2025-03-24 00:00:00+08:00,000505.XSHE,-1.78,-189.0,-3.47,0.0,0.0,-189.0,-3.47,-69.0,-1.267,3.0,0.055
,2025-03-25 00:00:00+08:00,000505.XSHE,0.82,-175.0,-4.022,-201.0,-4.62,26.0,0.598,109.0,2.505,16.0,0.368
,2025-03-26 00:00:00+08:00,000505.XSHE,0.98,12.0,0.275,0.0,0.0,12.0,0.275,80.0,1.833,-13.0,-0.298
,2025-03-27 00:00:00+08:00,000505.XSHE,-0.97,-102.0,-3.898,0.0,0.0,-102.0,-3.898,-37.0,-1.414,9.0,0.344
,2025-03-28 00:00:00+08:00,000505.XSHE,-1.14,-198.0,-5.375,0.0,0.0,-198.0,-5.375,110.0,2.986,1.0,0.027
,2025-03-31 00:00:00+08:00,000505.XSHE,-3.29,-511.0,-9.905,0.0,0.0,-511.0,-9.905,-138.0,-2.675,17.0,0.33
,2025-04-01 00:00:00+08:00,000505.XSHE,2.55,245.0,5.735,0.0,0.0,245.0,5.735,67.0,1.568,4.0,0.094
,2025-04-02 00:00:00+08:00,000505.XSHE,-0.83,126.0,4.728,110.0,4.128,16.0,0.6,-49.0,-1.839,-3.0,-0.113
,2025-04-03 00:00:00+08:00,000505.XSHE,3.35,827.0,13.011,428.0,6.734,399.0,6.278,149.0,2.344,9.0,0.142
,2025-04-07 00:00:00+08:00,000505.XSHE,3.08,442.0,1.492,14.0,0.047,428.0,1.445,-631.0,-2.131,60.0,0.203
,2025-04-08 00:00:00+08:00,000505.XSHE,8.48,2742.0,7.187,2082.0,5.457,660.0,1.73,-256.0,-0.671,63.0,0.165
,2025-04-09 00:00:00+08:00,000505.XSHE,-2.6,-776.0,-2.148,-742.0,-2.054,-34.0,-0.094,131.0,0.363,-1.0,-0.003
,2025-04-10 00:00:00+08:00,000505.XSHE,2.23,3977.0,10.612,3465.0,9.245,512.0,1.366,-475.0,-1.267,34.0,0.091
,2025-04-11 00:00:00+08:00,000505.XSHE,-4.79,-3328.0,-13.496,-1620.0,-6.57,-1708.0,-6.926,-160.0,-0.649,-2.0,-0.008
,2025-04-14 00:00:00+08:00,000505.XSHE,10.06,4996.0,19.7,4077.0,16.076,919.0,3.624,-121.0,-0.477,-19.0,-0.075
,2025-04-15 00:00:00+08:00,000505.XSHE,9.97,7495.0,10.38,8932.0,12.37,-1437.0,-1.99,-355.0,-0.492,-30.0,-0.042
,2025-04-16 00:00:00+08:00,000505.XSHE,-6.55,-7021.0,-9.886,-4020.0,-5.66,-3001.0,-4.225,-111.0,-0.156,69.0,0.097
,2025-04-17 00:00:00+08:00,000505.XSHE,2.43,1751.0,3.088,930.0,1.64,821.0,1.448,284.0,0.501,-34.0,-0.06
,2025-04-18 00:00:00+08:00,000505.XSHE,-10.04,-5734.0,-12.62,-3310.0,-7.285,-2424.0,-5.335,-172.0,-0.379,-1.0,-0.002
,2025-04-21 00:00:00+08:00,000505.XSHE,-0.44,199.0,0.846,648.0,2.755,-449.0,-1.909,15.0,0.064,-30.0,-0.128
,2025-04-22 00:00:00+08:00,000505.XSHE,2.35,1360.0,5.03,1021.0,3.776,339.0,1.254,454.0,1.679,-27.0,-0.1
,2025-04-23 00:00:00+08:00,000505.XSHE,-4.3,80.0,0.343,260.0,1.113,-180.0,-0.771,-174.0,-0.745,-67.0,-0.287
,2025-04-24 00:00:00+08:00,000505.XSHE,-3.15,-132.0,-0.735,-112.0,-0.624,-20.0,-0.111,-39.0,-0.217,-81.0,-0.451
,2025-04-25 00:00:00+08:00,000505.XSHE,-0.46,166.0,1.688,106.0,1.078,60.0,0.61,-107.0,-1.088,-65.0,-0.661
,2025-04-28 00:00:00+08:00,000505.XSHE,-3.42,-479.0,-4.151,6.0,0.052,-485.0,-4.204,-13.0,-0.113,16.0,0.139
,2025-04-29 00:00:00+08:00,000505.XSHE,0.16,190.0,2.534,246.0,3.281,-56.0,-0.747,-195.0,-2.601,-2.0,-0.027
,2025-04-30 00:00:00+08:00,000505.XSHE,-0.16,6.0,0.072,-42.0,-0.506,48.0,0.578,31.0,0.374,-49.0,-0.59
,2025-05-06 00:00:00+08:00,000505.XSHE,1.93,736.0,7.164,347.0,3.378,389.0,3.787,-60.0,-0.584,-60.0,-0.584
,2025-05-07 00:00:00+08:00,000505.XSHE,4.42,984.0,4.194,86.0,0.367,898.0,3.827,-106.0,-0.452,26.0,0.111
,2025-05-08 00:00:00+08:00,000505.XSHE,-1.51,-672.0,-5.273,-41.0,-0.322,-631.0,-4.951,-6.0,-0.047,9.0,0.071
,2025-05-09 00:00:00+08:00,000505.XSHE,0.77,1027.0,6.918,1043.0,7.026,-16.0,-0.108,-177.0,-1.192,-85.0,-0.573
,2025-05-12 00:00:00+08:00,000505.XSHE,-1.82,51.0,0.408,141.0,1.128,-90.0,-0.72,-107.0,-0.856,66.0,0.528
,2025-05-13 00:00:00+08:00,000505.XSHE,-1.39,-386.0,-3.376,-452.0,-3.953,66.0,0.577,111.0,0.971,-99.0,-0.866
,2025-05-14 00:00:00+08:00,000505.XSHE,0.47,529.0,7.948,381.0,5.724,148.0,2.224,182.0,2.734,-29.0,-0.436
,2025-05-15 00:00:00+08:00,000505.XSHE,1.4,981.0,7.185,764.0,5.595,217.0,1.589,273.0,1.999,39.0,0.286
,2025-05-16 00:00:00+08:00,000505.XSHE,-2.0,-266.0,-3.24,-180.0,-2.192,-86.0,-1.047,-8.0,-0.097,-56.0,-0.682
,2025-05-19 00:00:00+08:00,000505.XSHE,3.3,2430.0,16.128,1433.0,9.511,997.0,6.617,153.0,1.015,-87.0,-0.577
,2025-05-20 00:00:00+08:00,000505.XSHE,0.46,690.0,7.787,11.0,0.124,679.0,7.663,-100.0,-1.129,-41.0,-0.463
,2025-05-21 00:00:00+08:00,000505.XSHE,-0.76,-803.0,-11.4,-396.0,-5.622,-407.0,-5.778,36.0,0.511,-55.0,-0.781
,2025-05-22 00:00:00+08:00,000505.XSHE,-1.98,-486.0,-7.591,0.0,0.0,-486.0,-7.591,-190.0,-2.968,-29.0,-0.453
,2025-05-23 00:00:00+08:00,000505.XSHE,-2.02,-429.0,-5.546,-192.0,-2.482,-237.0,-3.064,143.0,1.849,-49.0,-0.633
,2025-05-26 00:00:00+08:00,000505.XSHE,0.64,-35.0,-0.942,0.0,0.0,-35.0,-0.942,3.0,0.081,37.0,0.996
,2025-05-27 00:00:00+08:00,000505.XSHE,2.2,604.0,7.957,345.0,4.545,259.0,3.412,119.0,1.568,-4.0,-0.053
,2025-05-28 00:00:00+08:00,000505.XSHE,-1.08,-200.0,-5.03,-113.0,-2.842,-87.0,-2.188,-149.0,-3.747,24.0,0.604
,2025-05-29 00:00:00+08:00,000505.XSHE,0.31,114.0,2.259,147.0,2.913,-33.0,-0.654,-50.0,-0.991,2.0,0.04
,2025-05-30 00:00:00+08:00,000505.XSHE,-0.62,-170.0,-2.655,113.0,1.765,-283.0,-4.419,25.0,0.39,17.0,0.265
,2025-06-03 00:00:00+08:00,000505.XSHE,1.4,423.0,5.915,313.0,4.377,110.0,1.538,-43.0,-0.601,-74.0,-1.035
,2025-06-04 00:00:00+08:00,000505.XSHE,0.62,233.0,3.49,276.0,4.134,-43.0,-0.644,-89.0,-1.333,2.0,0.03
,2025-06-05 00:00:00+08:00,000505.XSHE,-1.22,-671.0,-9.856,-336.0,-4.935,-335.0,-4.921,-35.0,-0.514,-14.0,-0.206
,2025-06-06 00:00:00+08:00,000505.XSHE,1.7,1533.0,14.331,1338.0,12.508,195.0,1.823,207.0,1.935,19.0,0.178
,2025-06-09 00:00:00+08:00,000505.XSHE,-0.76,-1647.0,-18.669,-1233.0,-13.976,-414.0,-4.693,-63.0,-0.714,-21.0,-0.238
,2025-06-10 00:00:00+08:00,000505.XSHE,0.92,1126.0,8.375,675.0,5.021,451.0,3.355,108.0,0.803,-48.0,-0.357
,2025-06-11 00:00:00+08:00,000505.XSHE,-0.91,173.0,2.219,231.0,2.962,-58.0,-0.744,171.0,2.193,24.0,0.308
,2025-06-12 00:00:00+08:00,000505.XSHE,-1.38,-608.0,-8.029,-156.0,-2.06,-452.0,-5.969,-206.0,-2.72,-28.0,-0.37
,2025-06-13 00:00:00+08:00,000505.XSHE,-0.47,675.0,9.802,472.0,6.854,203.0,2.948,-107.0,-1.554,-27.0,-0.392
,2025-06-16 00:00:00+08:00,000505.XSHE,0.47,101.0,2.575,121.0,3.085,-20.0,-0.51,51.0,1.3,14.0,0.357
,2025-06-17 00:00:00+08:00,000505.XSHE,-0.16,-259.0,-5.171,-227.0,-4.532,-32.0,-0.639,-74.0,-1.477,18.0,0.359
,2025-06-18 00:00:00+08:00,000505.XSHE,-1.4,-611.0,-11.53,-194.0,-3.661,-417.0,-7.869,-112.0,-2.114,2.0,0.038
,2025-06-19 00:00:00+08:00,000505.XSHE,-2.37,-347.0,-6.043,0.0,0.0,-347.0,-6.043,-80.0,-1.393,-11.0,-0.192
,2025-06-20 00:00:00+08:00,000505.XSHE,0.0,-229.0,-6.956,0.0,0.0,-229.0,-6.956,-31.0,-0.942,-3.0,-0.091
,2025-06-23 00:00:00+08:00,000505.XSHE,1.78,131.0,2.825,123.0,2.653,8.0,0.173,-53.0,-1.143,23.0,0.496
,2025-06-24 00:00:00+08:00,000505.XSHE,0.8,285.0,6.656,286.0,6.679,-1.0,-0.023,131.0,3.059,9.0,0.21
,2025-06-25 00:00:00+08:00,000505.XSHE,0.32,6.0,0.143,113.0,2.697,-107.0,-2.554,-130.0,-3.103,17.0,0.406
,2025-06-26 00:00:00+08:00,000505.XSHE,-0.16,-386.0,-9.364,-537.0,-13.028,151.0,3.663,-160.0,-3.882,8.0,0.194
,2025-06-27 00:00:00+08:00,000505.XSHE,-0.32,-211.0,-5.314,0.0,0.0,-211.0,-5.314,-47.0,-1.184,-24.0,-0.604
,2025-06-30 00:00:00+08:00,000505.XSHE,0.32,283.0,7.441,292.0,7.678,-9.0,-0.237,-26.0,-0.684,-17.0,-0.447
,2025-07-01 00:00:00+08:00,000505.XSHE,1.26,1394.0,20.262,1019.0,14.811,375.0,5.451,-106.0,-1.541,-54.0,-0.785
,2025-07-02 00:00:00+08:00,000505.XSHE,0.16,318.0,5.531,280.0,4.87,38.0,0.661,-72.0,-1.252,-21.0,-0.365
,2025-07-03 00:00:00+08:00,000505.XSHE,0.16,-380.0,-7.624,12.0,0.241,-392.0,-7.865,11.0,0.221,-25.0,-0.502
,2025-07-04 00:00:00+08:00,000505.XSHE,0.62,1388.0,15.51,954.0,10.66,434.0,4.85,63.0,0.704,17.0,0.19
,2025-07-07 00:00:00+08:00,000505.XSHE,0.46,-103.0,-1.366,120.0,1.591,-223.0,-2.957,-14.0,-0.186,-45.0,-0.597
,2025-07-08 00:00:00+08:00,000505.XSHE,0.0,-146.0,-2.656,-141.0,-2.566,-5.0,-0.091,-241.0,-4.385,-58.0,-1.055
,2025-07-09 00:00:00+08:00,000505.XSHE,-0.61,114.0,1.942,347.0,5.912,-233.0,-3.97,118.0,2.011,-34.0,-0.579
,2025-07-10 00:00:00+08:00,000505.XSHE,0.77,410.0,4.994,520.0,6.334,-110.0,-1.34,132.0,1.608,-25.0,-0.305
,2025-07-11 00:00:00+08:00,000505.XSHE,1.53,1070.0,6.779,575.0,3.643,495.0,3.136,-41.0,-0.26,-171.0,-1.083
,2025-07-14 00:00:00+08:00,000505.XSHE,1.36,525.0,5.997,176.0,2.01,349.0,3.986,-53.0,-0.605,-34.0,-0.388
,2025-07-15 00:00:00+08:00,000505.XSHE,-2.39,-268.0,-3.731,196.0,2.729,-464.0,-6.46,-67.0,-0.933,-4.0,-0.056
,2025-07-16 00:00:00+08:00,000505.XSHE,4.43,3136.0,16.804,2387.0,12.791,749.0,4.014,350.0,1.875,-39.0,-0.209
,2025-07-17 00:00:00+08:00,000505.XSHE,0.29,867.0,6.21,739.0,5.293,128.0,0.917,-73.0,-0.523,-11.0,-0.079
,2025-07-18 00:00:00+08:00,000505.XSHE,2.47,2811.0,18.946,1825.0,12.3,986.0,6.646,-187.0,-1.26,-30.0,-0.202
,2025-07-21 00:00:00+08:00,000505.XSHE,2.98,1952.0,9.142,816.0,3.822,1136.0,5.32,467.0,2.187,-72.0,-0.337
,2025-07-22 00:00:00+08:00,000505.XSHE,-1.1,147.0,0.842,-32.0,-0.183,179.0,1.026,-3.0,-0.017,-53.0,-0.304
,2025-07-23 00:00:00+08:00,000505.XSHE,-5.28,-4954.0,-17.575,-3475.0,-12.328,-1479.0,-5.247,-407.0,-1.444,23.0,0.082
,2025-07-24 00:00:00+08:00,000505.XSHE,9.97,3922.0,10.556,3722.0,10.017,200.0,0.538,330.0,0.888,17.0,0.046
,2025-07-25 00:00:00+08:00,000505.XSHE,-5.07,-3153.0,-9.094,-2322.0,-6.697,-831.0,-2.397,75.0,0.216,161.0,0.464
,2025-07-28 00:00:00+08:00,000505.XSHE,-2.53,-240.0,-1.194,227.0,1.129,-467.0,-2.323,-210.0,-1.044,12.0,0.06
,2025-07-29 00:00:00+08:00,000505.XSHE,-1.01,-1236.0,-8.007,-1239.0,-8.026,3.0,0.019,-157.0,-1.017,23.0,0.149
,2025-07-30 00:00:00+08:00,000505.XSHE,-0.15,-758.0,-5.574,-183.0,-1.346,-575.0,-4.228,-82.0,-0.603,9.0,0.066
,2025-07-31 00:00:00+08:00,000505.XSHE,-2.63,-1009.0,-7.289,-435.0,-3.143,-574.0,-4.147,-293.0,-2.117,-43.0,-0.311
,2025-08-01 00:00:00+08:00,000505.XSHE,-0.45,184.0,2.794,-7.0,-0.106,191.0,2.9,-107.0,-1.625,-2.0,-0.03
,2025-08-04 00:00:00+08:00,000505.XSHE,0.15,79.0,1.478,20.0,0.374,59.0,1.104,11.0,0.206,-28.0,-0.524
,2025-08-05 00:00:00+08:00,000505.XSHE,0.75,135.0,2.218,-75.0,-1.232,210.0,3.451,-37.0,-0.608,14.0,0.23
,2025-08-06 00:00:00+08:00,000505.XSHE,-0.3,-229.0,-4.4,6.0,0.115,-235.0,-4.516,-167.0,-3.209,-33.0,-0.634
,2025-08-07 00:00:00+08:00,000505.XSHE,0.75,133.0,2.182,-15.0,-0.246,148.0,2.428,-18.0,-0.295,54.0,0.886
,2025-08-08 00:00:00+08:00,000505.XSHE,-0.3,-198.0,-3.195,-131.0,-2.114,-67.0,-1.081,-134.0,-2.162,40.0,0.645
,2025-08-11 00:00:00+08:00,000505.XSHE,0.59,-617.0,-9.697,-63.0,-0.99,-554.0,-8.707,-64.0,-1.006,29.0,0.456
,2025-08-12 00:00:00+08:00,000505.XSHE,0.44,-57.0,-0.727,-356.0,-4.54,299.0,3.813,-11.0,-0.14,-54.0,-0.689
,2025-08-13 00:00:00+08:00,000505.XSHE,0.0,-398.0,-5.139,-297.0,-3.835,-101.0,-1.304,52.0,0.671,-32.0,-0.413
,2025-08-14 00:00:00+08:00,000505.XSHE,-1.76,-142.0,-1.435,-341.0,-3.445,199.0,2.011,-250.0,-2.526,-42.0,-0.424
,2025-08-15 00:00:00+08:00,000505.XSHE,0.45,-261.0,-4.263,-151.0,-2.466,-110.0,-1.797,-15.0,-0.245,-35.0,-0.572
,2025-08-18 00:00:00+08:00,000505.XSHE,0.3,473.0,5.64,325.0,3.875,148.0,1.765,10.0,0.119,-23.0,-0.274
,2025-08-19 00:00:00+08:00,000505.XSHE,0.6,683.0,9.542,542.0,7.572,141.0,1.97,78.0,1.09,-42.0,-0.587
,2025-08-20 00:00:00+08:00,000505.XSHE,0.3,-434.0,-5.907,-418.0,-5.689,-16.0,-0.218,-114.0,-1.552,-18.0,-0.245
,2025-08-21 00:00:00+08:00,000505.XSHE,0.44,868.0,8.827,937.0,9.529,-69.0,-0.702,-7.0,-0.071,-10.0,-0.102
,2025-08-22 00:00:00+08:00,000505.XSHE,-0.59,-663.0,-8.52,-435.0,-5.59,-228.0,-2.93,-91.0,-1.169,-69.0,-0.887
,2025-08-25 00:00:00+08:00,000505.XSHE,0.44,498.0,5.22,464.0,4.863,34.0,0.356,140.0,1.467,-89.0,-0.933
,2025-08-26 00:00:00+08:00,000505.XSHE,0.74,821.0,8.369,467.0,4.76,354.0,3.609,-120.0,-1.223,-35.0,-0.357
,2025-08-27 00:00:00+08:00,000505.XSHE,-2.04,-623.0,-6.101,-176.0,-1.724,-447.0,-4.378,-200.0,-1.959,-18.0,-0.176
,2025-08-28 00:00:00+08:00,000505.XSHE,-0.6,-1222.0,-12.258,-1053.0,-10.563,-169.0,-1.695,7.0,0.07,-21.0,-0.211
,2025-08-29 00:00:00+08:00,000505.XSHE,0.0,330.0,4.972,215.0,3.239,115.0,1.733,-48.0,-0.723,6.0,0.09
,2025-09-01 00:00:00+08:00,000505.XSHE,1.35,-11.0,-0.139,290.0,3.663,-301.0,-3.801,200.0,2.526,18.0,0.227
,2025-09-02 00:00:00+08:00,000505.XSHE,-1.19,-397.0,-6.61,-108.0,-1.798,-289.0,-4.812,7.0,0.117,5.0,0.083
,2025-09-03 00:00:00+08:00,000505.XSHE,-2.69,-624.0,-9.99,-224.0,-3.586,-400.0,-6.404,-211.0,-3.378,33.0,0.528
,2025-09-04 00:00:00+08:00,000505.XSHE,1.84,467.0,6.736,-115.0,-1.659,582.0,8.395,5.0,0.072,-84.0,-1.212
,2025-09-05 00:00:00+08:00,000505.XSHE,0.0,-411.0,-6.318,-590.0,-9.07,179.0,2.752,12.0,0.184,-6.0,-0.092
,2025-09-08 00:00:00+08:00,000505.XSHE,1.36,-270.0,-4.468,-101.0,-1.671,-169.0,-2.797,-11.0,-0.182,-23.0,-0.381
,2025-09-09 00:00:00+08:00,000505.XSHE,-0.6,-247.0,-5.715,0.0,0.0,-247.0,-5.715,74.0,1.712,-39.0,-0.902
,2025-09-10 00:00:00+08:00,000505.XSHE,1.2,858.0,15.569,411.0,7.458,447.0,8.111,-69.0,-1.252,-34.0,-0.617
,2025-09-11 00:00:00+08:00,000505.XSHE,0.15,-491.0,-7.79,-341.0,-5.41,-150.0,-2.38,-68.0,-1.079,22.0,0.349
,2025-09-12 00:00:00+08:00,000505.XSHE,-0.3,-109.0,-1.549,57.0,0.81,-166.0,-2.358,43.0,0.611,24.0,0.341
,2025-09-15 00:00:00+08:00,000505.XSHE,0.0,-127.0,-2.66,130.0,2.723,-257.0,-5.383,-155.0,-3.247,77.0,1.613
,2025-09-16 00:00:00+08:00,000505.XSHE,0.3,-25.0,-0.54,0.0,0.0,-25.0,-0.54,-36.0,-0.777,-9.0,-0.194
,2025-09-17 00:00:00+08:00,000505.XSHE,-0.74,93.0,1.742,127.0,2.378,-34.0,-0.637,-46.0,-0.861,-12.0,-0.225
,2025-09-18 00:00:00+08:00,000505.XSHE,-1.49,-110.0,-1.6,9.0,0.131,-119.0,-1.731,-121.0,-1.76,-14.0,-0.204
,2025-09-19 00:00:00+08:00,000505.XSHE,0.15,417.0,8.857,303.0,6.436,114.0,2.421,45.0,0.956,17.0,0.361
,2025-09-22 00:00:00+08:00,000505.XSHE,-2.25,-606.0,-11.979,0.0,0.0,-606.0,-11.979,-77.0,-1.522,36.0,0.712
,2025-09-23 00:00:00+08:00,000505.XSHE,-1.38,-215.0,-4.369,0.0,0.0,-215.0,-4.369,-72.0,-1.463,-16.0,-0.325
,2025-09-24 00:00:00+08:00,000505.XSHE,0.16,155.0,4.17,0.0,0.0,155.0,4.17,18.0,0.484,-11.0,-0.296
,2025-09-25 00:00:00+08:00,000505.XSHE,-0.77,-83.0,-2.648,0.0,0.0,-83.0,-2.648,-124.0,-3.957,12.0,0.383
,2025-09-26 00:00:00+08:00,000505.XSHE,0.63,440.0,12.507,114.0,3.24,326.0,9.267,105.0,2.985,-26.0,-0.739
,2025-09-29 00:00:00+08:00,000505.XSHE,-5.13,-521.0,-4.447,-30.0,-0.256,-491.0,-4.191,-145.0,-1.238,23.0,0.196
,2025-09-30 00:00:00+08:00,000505.XSHE,-0.16,275.0,6.195,118.0,2.658,157.0,3.537,-148.0,-3.334,18.0,0.405
,2025-10-09 00:00:00+08:00,000505.XSHE,1.81,430.0,8.506,0.0,0.0,430.0,8.506,47.0,0.93,-6.0,-0.119
,2025-10-10 00:00:00+08:00,000505.XSHE,2.1,352.0,6.387,153.0,2.776,199.0,3.611,99.0,1.796,19.0,0.345
,2025-10-13 00:00:00+08:00,000505.XSHE,0.16,-476.0,-7.5,-170.0,-2.678,-306.0,-4.821,172.0,2.71,-3.0,-0.047
,2025-10-14 00:00:00+08:00,000505.XSHE,2.37,111.0,1.377,-174.0,-2.159,285.0,3.536,-4.0,-0.05,-65.0,-0.806
,2025-10-15 00:00:00+08:00,000505.XSHE,-0.31,253.0,5.745,0.0,0.0,253.0,5.745,-47.0,-1.067,1.0,0.023
,2025-10-16 00:00:00+08:00,000505.XSHE,0.46,759.0,13.656,585.0,10.525,174.0,3.131,9.0,0.162,-25.0,-0.45
,2025-10-17 00:00:00+08:00,000505.XSHE,3.23,2522.0,12.791,2064.0,10.468,458.0,2.323,49.0,0.249,-14.0,-0.071
,2025-10-20 00:00:00+08:00,000505.XSHE,0.74,1040.0,6.589,1305.0,8.268,-265.0,-1.679,-96.0,-0.608,-7.0,-0.044
,2025-10-21 00:00:00+08:00,000505.XSHE,0.74,505.0,4.163,652.0,5.374,-147.0,-1.212,-289.0,-2.382,-76.0,-0.626
,2025-10-22 00:00:00+08:00,000505.XSHE,-1.46,-84.0,-1.022,-147.0,-1.789,63.0,0.767,-148.0,-1.801,9.0,0.11
,2025-10-23 00:00:00+08:00,000505.XSHE,2.23,206.0,1.411,893.0,6.117,-687.0,-4.706,136.0,0.932,26.0,0.178
,2025-10-24 00:00:00+08:00,000505.XSHE,-1.74,304.0,3.131,157.0,1.617,147.0,1.514,-120.0,-1.236,-2.0,-0.021
,2025-10-27 00:00:00+08:00,000505.XSHE,-3.25,40.0,0.288,-321.0,-2.309,361.0,2.596,-118.0,-0.849,98.0,0.705
,2025-10-28 00:00:00+08:00,000505.XSHE,0.31,482.0,7.091,96.0,1.412,386.0,5.679,183.0,2.692,-32.0,-0.471
,2025-10-29 00:00:00+08:00,000505.XSHE,3.5,2986.0,17.194,2651.0,15.265,335.0,1.929,209.0,1.203,-45.0,-0.259
,2025-10-30 00:00:00+08:00,000505.XSHE,0.15,-171.0,-1.299,-250.0,-1.898,79.0,0.6,163.0,1.238,-4.0,-0.03
,2025-10-31 00:00:00+08:00,000505.XSHE,0.0,-509.0,-5.328,-140.0,-1.466,-369.0,-3.863,-150.0,-1.57,5.0,0.052
,2025-11-03 00:00:00+08:00,000505.XSHE,3.24,2096.0,12.122,1509.0,8.727,587.0,3.395,117.0,0.677,-25.0,-0.145
,2025-11-04 00:00:00+08:00,000505.XSHE,0.14,1005.0,7.77,362.0,2.799,643.0,4.971,-123.0,-0.951,-40.0,-0.309
,2025-11-05 00:00:00+08:00,000505.XSHE,2.0,-176.0,-0.924,-107.0,-0.562,-69.0,-0.362,-106.0,-0.556,-8.0,-0.042
,2025-11-06 00:00:00+08:00,000505.XSHE,-1.4,522.0,3.893,867.0,6.466,-345.0,-2.573,-347.0,-2.588,-30.0,-0.224
,2025-11-07 00:00:00+08:00,000505.XSHE,0.57,-1312.0,-9.796,-111.0,-0.829,-1201.0,-8.967,96.0,0.717,-67.0,-0.5
,2025-11-10 00:00:00+08:00,000505.XSHE,0.28,-124.0,-1.249,-145.0,-1.461,21.0,0.212,-196.0,-1.974,5.0,0.05
,2025-11-11 00:00:00+08:00,000505.XSHE,0.28,62.0,0.831,150.0,2.009,-88.0,-1.179,-136.0,-1.822,-5.0,-0.067
,2025-11-12 00:00:00+08:00,000505.XSHE,0.56,1125.0,11.588,679.0,6.994,446.0,4.594,111.0,1.143,-69.0,-0.711
,2025-11-13 00:00:00+08:00,000505.XSHE,0.0,129.0,1.731,220.0,2.952,-91.0,-1.221,-42.0,-0.564,-59.0,-0.792
,2025-11-14 00:00:00+08:00,000505.XSHE,2.25,2008.0,13.227,1231.0,8.109,777.0,5.118,4.0,0.026,-33.0,-0.217
,2025-11-17 00:00:00+08:00,000505.XSHE,1.38,942.0,7.132,689.0,5.217,253.0,1.916,-15.0,-0.114,11.0,0.083
,2025-11-18 00:00:00+08:00,000505.XSHE,0.14,1266.0,7.011,339.0,1.877,927.0,5.134,-227.0,-1.257,-30.0,-0.166
,2025-11-19 00:00:00+08:00,000505.XSHE,-2.3,115.0,0.83,179.0,1.292,-64.0,-0.462,-54.0,-0.39,-108.0,-0.78
,2025-11-20 00:00:00+08:00,000505.XSHE,7.06,7630.0,12.449,6036.0,9.848,1594.0,2.601,76.0,0.124,-94.0,-0.153
,2025-11-21 00:00:00+08:00,000505.XSHE,4.94,1692.0,1.873,1300.0,1.439,392.0,0.434,-213.0,-0.236,-47.0,-0.052
,2025-11-24 00:00:00+08:00,000505.XSHE,10.0,7492.0,23.41,7399.0,23.119,93.0,0.291,0.0,0.0,0.0,0.0
,2025-11-25 00:00:00+08:00,000505.XSHE,1.46,-17514.0,-15.007,-16868.0,-14.453,-646.0,-0.554,675.0,0.578,92.0,0.079
,2025-11-26 00:00:00+08:00,000505.XSHE,-9.98,-5804.0,-7.532,-4276.0,-5.549,-1528.0,-1.983,-117.0,-0.152,45.0,0.058
,2025-11-27 00:00:00+08:00,000505.XSHE,-7.27,-2172.0,-3.959,-792.0,-1.444,-1380.0,-2.515,-58.0,-0.106,-49.0,-0.089
,2025-11-28 00:00:00+08:00,000505.XSHE,2.25,1829.0,4.139,-127.0,-0.287,1956.0,4.426,150.0,0.339,-95.0,-0.215
,2025-12-01 00:00:00+08:00,000505.XSHE,0.39,2717.0,7.162,3382.0,8.915,-665.0,-1.753,-375.0,-0.989,-90.0,-0.237
,2025-12-02 00:00:00+08:00,000505.XSHE,1.68,1036.0,2.471,764.0,1.822,272.0,0.649,309.0,0.737,-53.0,-0.126
,2025-12-03 00:00:00+08:00,000505.XSHE,0.13,1326.0,2.933,2942.0,6.508,-1616.0,-3.575,-37.0,-0.082,-28.0,-0.062
,2025-12-04 00:00:00+08:00,000505.XSHE,-4.44,-485.0,-1.579,16.0,0.052,-501.0,-1.631,-289.0,-0.941,-43.0,-0.14
,2025-12-05 00:00:00+08:00,000505.XSHE,2.25,2832.0,10.206,1726.0,6.22,1106.0,3.986,-250.0,-0.901,-50.0,-0.18
,2025-12-08 00:00:00+08:00,000505.XSHE,1.94,2652.0,9.823,1919.0,7.108,733.0,2.715,95.0,0.352,-25.0,-0.093
,2025-12-09 00:00:00+08:00,000505.XSHE,-3.17,-1033.0,-4.411,-1764.0,-7.533,731.0,3.122,-188.0,-0.803,7.0,0.03
,2025-12-10 00:00:00+08:00,000505.XSHE,9.99,10169.0,14.218,8787.0,12.286,1382.0,1.932,-240.0,-0.336,2977.0,4.162
,2025-12-11 00:00:00+08:00,000505.XSHE,1.91,-9756.0,-8.834,-7660.0,-6.936,-2096.0,-1.898,-191.0,-0.173,85.0,0.077
,2025-12-12 00:00:00+08:00,000505.XSHE,-3.51,-1560.0,-2.755,-2292.0,-4.047,732.0,1.293,-297.0,-0.524,-86.0,-0.152
,2025-12-15 00:00:00+08:00,000505.XSHE,-2.19,-2848.0,-7.554,-1479.0,-3.923,-1369.0,-3.631,-689.0,-1.827,55.0,0.146
,2025-12-16 00:00:00+08:00,000505.XSHE,7.57,4046.0,3.837,6711.0,6.364,-2665.0,-2.527,-217.0,-0.206,197.0,0.187
,2025-12-17 00:00:00+08:00,000505.XSHE,-10.03,-8532.0,-12.64,-7699.0,-11.406,-833.0,-1.234,-145.0,-0.215,10.0,0.015
,2025-12-18 00:00:00+08:00,000505.XSHE,-8.21,-4799.0,-9.538,-2394.0,-4.758,-2405.0,-4.78,21.0,0.042,6.0,0.012
,2025-12-19 00:00:00+08:00,000505.XSHE,4.2,2393.0,5.044,2222.0,4.684,171.0,0.36,197.0,0.415,-18.0,-0.038
,2025-12-22 00:00:00+08:00,000505.XSHE,9.95,12923.0,19.141,13103.0,19.408,-180.0,-0.267,-126.0,-0.187,5.0,0.007
,2025-12-23 00:00:00+08:00,000505.XSHE,4.03,190.0,0.168,2319.0,2.055,-2129.0,-1.887,-598.0,-0.53,-65.0,-0.058
,2025-12-24 00:00:00+08:00,000505.XSHE,-0.82,2213.0,3.095,2535.0,3.545,-322.0,-0.45,-104.0,-0.145,-130.0,-0.182
,2025-12-25 00:00:00+08:00,000505.XSHE,-3.56,-684.0,-1.836,201.0,0.539,-885.0,-2.375,-559.0,-1.5,16.0,0.043
,2025-01-02 00:00:00+08:00,000566.XSHE,-2.3,-358.0,-3.153,510.0,4.492,-868.0,-7.646,-141.0,-1.242,-17.0,-0.15
,2025-01-03 00:00:00+08:00,000566.XSHE,-3.42,-541.0,-5.206,52.0,0.5,-593.0,-5.706,-317.0,-3.05,17.0,0.164
,2025-01-06 00:00:00+08:00,000566.XSHE,1.33,171.0,1.357,469.0,3.722,-298.0,-2.365,-319.0,-2.532,20.0,0.159
,2025-01-07 00:00:00+08:00,000566.XSHE,-1.1,-379.0,-3.385,253.0,2.26,-632.0,-5.644,-139.0,-1.241,-29.0,-0.259
,2025-01-08 00:00:00+08:00,000566.XSHE,-0.22,551.0,5.656,706.0,7.247,-155.0,-1.591,-92.0,-0.944,-11.0,-0.113
,2025-01-09 00:00:00+08:00,000566.XSHE,0.22,405.0,5.782,107.0,1.527,298.0,4.254,-142.0,-2.027,-39.0,-0.557
,2025-01-10 00:00:00+08:00,000566.XSHE,-3.75,-1125.0,-14.313,-120.0,-1.527,-1005.0,-12.786,0.0,0.0,39.0,0.496
,2025-01-13 00:00:00+08:00,000566.XSHE,-0.46,371.0,5.573,-115.0,-1.728,486.0,7.301,146.0,2.193,39.0,0.586
,2025-01-14 00:00:00+08:00,000566.XSHE,5.08,936.0,9.99,672.0,7.173,264.0,2.818,-56.0,-0.598,-96.0,-1.025
,2025-01-15 00:00:00+08:00,000566.XSHE,-1.32,-198.0,-2.941,314.0,4.664,-512.0,-7.604,83.0,1.233,-51.0,-0.757
,2025-01-16 00:00:00+08:00,000566.XSHE,1.56,727.0,9.884,106.0,1.441,621.0,8.443,-32.0,-0.435,-37.0,-0.503
,2025-01-17 00:00:00+08:00,000566.XSHE,-1.75,-944.0,-15.765,-119.0,-1.987,-825.0,-13.778,-97.0,-1.62,-5.0,-0.084
,2025-01-20 00:00:00+08:00,000566.XSHE,0.67,-64.0,-1.125,69.0,1.213,-133.0,-2.337,-126.0,-2.214,-46.0,-0.808
,2025-01-21 00:00:00+08:00,000566.XSHE,-2.43,-389.0,-5.882,167.0,2.525,-556.0,-8.408,-179.0,-2.707,-50.0,-0.756
,2025-01-22 00:00:00+08:00,000566.XSHE,-2.04,50.0,0.879,-179.0,-3.147,229.0,4.026,-208.0,-3.657,-39.0,-0.686
,2025-01-23 00:00:00+08:00,000566.XSHE,-0.23,664.0,9.852,138.0,2.047,526.0,7.804,-233.0,-3.457,-82.0,-1.217
,2025-01-24 00:00:00+08:00,000566.XSHE,0.23,-233.0,-4.341,27.0,0.503,-260.0,-4.844,-146.0,-2.72,16.0,0.298
,2025-01-27 00:00:00+08:00,000566.XSHE,-0.46,229.0,4.149,119.0,2.156,110.0,1.993,90.0,1.63,-2.0,-0.036
,2025-02-05 00:00:00+08:00,000566.XSHE,0.23,-389.0,-4.56,-68.0,-0.797,-321.0,-3.763,29.0,0.34,9.0,0.106
,2025-02-06 00:00:00+08:00,000566.XSHE,8.1,2078.0,10.655,1292.0,6.625,786.0,4.03,-136.0,-0.697,-4.0,-0.021
,2025-02-07 00:00:00+08:00,000566.XSHE,2.35,2449.0,7.053,823.0,2.37,1626.0,4.683,12.0,0.035,-63.0,-0.181
,2025-02-10 00:00:00+08:00,000566.XSHE,0.84,792.0,4.005,73.0,0.369,719.0,3.636,243.0,1.229,-52.0,-0.263
,2025-02-11 00:00:00+08:00,000566.XSHE,0.21,1178.0,6.309,387.0,2.073,791.0,4.236,-40.0,-0.214,29.0,0.155
,2025-02-12 00:00:00+08:00,000566.XSHE,0.41,106.0,0.746,939.0,6.61,-833.0,-5.864,-99.0,-0.697,-51.0,-0.359
,2025-02-13 00:00:00+08:00,000566.XSHE,1.02,1163.0,5.996,1310.0,6.754,-147.0,-0.758,206.0,1.062,-30.0,-0.155
,2025-02-14 00:00:00+08:00,000566.XSHE,3.45,2100.0,5.849,3153.0,8.782,-1053.0,-2.933,63.0,0.175,47.0,0.131
,2025-02-17 00:00:00+08:00,000566.XSHE,-2.15,-1262.0,-6.575,-1031.0,-5.372,-231.0,-1.204,59.0,0.307,-22.0,-0.115
,2025-02-18 00:00:00+08:00,000566.XSHE,-5.39,-956.0,-5.19,-392.0,-2.128,-564.0,-3.062,-367.0,-1.992,-142.0,-0.771
,2025-02-19 00:00:00+08:00,000566.XSHE,1.48,158.0,1.457,227.0,2.094,-69.0,-0.636,-141.0,-1.3,-59.0,-0.544
,2025-02-20 00:00:00+08:00,000566.XSHE,2.07,1490.0,9.229,916.0,5.674,574.0,3.555,-310.0,-1.92,42.0,0.26
,2025-02-21 00:00:00+08:00,000566.XSHE,-1.83,-1324.0,-10.744,-342.0,-2.775,-982.0,-7.969,-106.0,-0.86,-3.0,-0.024
,2025-02-24 00:00:00+08:00,000566.XSHE,-0.41,163.0,2.152,123.0,1.624,40.0,0.528,-172.0,-2.27,-44.0,-0.581
,2025-02-25 00:00:00+08:00,000566.XSHE,0.21,144.0,1.824,269.0,3.407,-125.0,-1.583,62.0,0.785,-5.0,-0.063
,2025-02-26 00:00:00+08:00,000566.XSHE,9.94,6870.0,27.046,6876.0,27.07,-6.0,-0.024,-47.0,-0.185,-6.0,-0.024
,2025-02-27 00:00:00+08:00,000566.XSHE,4.9,9623.0,11.489,10252.0,12.24,-629.0,-0.751,-225.0,-0.269,32.0,0.038
,2025-02-28 00:00:00+08:00,000566.XSHE,-7.76,-310.0,-0.638,536.0,1.103,-846.0,-1.74,-529.0,-1.088,-38.0,-0.078
,2025-03-03 00:00:00+08:00,000566.XSHE,-1.76,-2684.0,-10.589,-1496.0,-5.902,-1188.0,-4.687,-183.0,-0.722,33.0,0.13
,2025-03-04 00:00:00+08:00,000566.XSHE,0.8,-936.0,-3.44,-587.0,-2.158,-349.0,-1.283,46.0,0.169,48.0,0.176
,2025-03-05 00:00:00+08:00,000566.XSHE,0.4,654.0,3.59,642.0,3.524,12.0,0.066,-104.0,-0.571,-22.0,-0.121
,2025-03-06 00:00:00+08:00,000566.XSHE,2.17,2718.0,12.31,2323.0,10.521,395.0,1.789,32.0,0.145,-8.0,-0.036
,2025-03-07 00:00:00+08:00,000566.XSHE,-3.09,-3704.0,-19.164,-3275.0,-16.944,-429.0,-2.22,-258.0,-1.335,22.0,0.114
,2025-03-10 00:00:00+08:00,000566.XSHE,2.99,1340.0,6.183,1281.0,5.91,59.0,0.272,-58.0,-0.268,-22.0,-0.102
,2025-03-11 00:00:00+08:00,000566.XSHE,0.97,1555.0,8.414,1116.0,6.038,439.0,2.375,241.0,1.304,-63.0,-0.341
,2025-03-12 00:00:00+08:00,000566.XSHE,-1.34,-198.0,-1.636,274.0,2.264,-472.0,-3.901,-226.0,-1.868,5.0,0.041
,2025-03-13 00:00:00+08:00,000566.XSHE,-2.71,-2380.0,-17.945,-1389.0,-10.473,-991.0,-7.472,-90.0,-0.679,-15.0,-0.113
,2025-03-14 00:00:00+08:00,000566.XSHE,0.4,-177.0,-1.965,74.0,0.822,-251.0,-2.787,110.0,1.221,42.0,0.466
,2025-03-17 00:00:00+08:00,000566.XSHE,0.99,1658.0,13.758,1419.0,11.775,239.0,1.983,32.0,0.266,-54.0,-0.448
,2025-03-18 00:00:00+08:00,000566.XSHE,-1.76,-2382.0,-18.643,-2084.0,-16.311,-298.0,-2.332,-315.0,-2.465,3.0,0.023
,2025-03-19 00:00:00+08:00,000566.XSHE,-0.8,-177.0,-2.714,75.0,1.15,-252.0,-3.864,-70.0,-1.073,57.0,0.874
,2025-03-20 00:00:00+08:00,000566.XSHE,0.0,576.0,6.647,222.0,2.562,354.0,4.085,77.0,0.889,33.0,0.381
,2025-03-21 00:00:00+08:00,000566.XSHE,1.0,891.0,4.707,1356.0,7.163,-465.0,-2.456,-9.0,-0.048,31.0,0.164
,2025-03-24 00:00:00+08:00,000566.XSHE,-6.5,-2222.0,-10.875,-541.0,-2.648,-1681.0,-8.227,-255.0,-1.248,70.0,0.343
,2025-03-25 00:00:00+08:00,000566.XSHE,-3.16,-977.0,-8.991,-973.0,-8.955,-4.0,-0.037,-82.0,-0.755,-28.0,-0.258
,2025-03-26 00:00:00+08:00,000566.XSHE,0.65,132.0,2.606,464.0,9.161,-332.0,-6.555,-171.0,-3.376,24.0,0.474
,2025-03-27 00:00:00+08:00,000566.XSHE,1.51,464.0,5.706,358.0,4.402,106.0,1.303,-123.0,-1.513,-8.0,-0.098
,2025-03-28 00:00:00+08:00,000566.XSHE,-1.7,-883.0,-12.766,-111.0,-1.605,-772.0,-11.161,-139.0,-2.01,15.0,0.217
,2025-03-31 00:00:00+08:00,000566.XSHE,-1.95,-188.0,-2.764,-113.0,-1.662,-75.0,-1.103,-45.0,-0.662,-11.0,-0.162
,2025-04-01 00:00:00+08:00,000566.XSHE,2.88,393.0,5.233,127.0,1.691,266.0,3.542,8.0,0.107,-41.0,-0.546
,2025-04-02 00:00:00+08:00,000566.XSHE,-1.29,56.0,1.194,-18.0,-0.384,74.0,1.578,40.0,0.853,31.0,0.661
,2025-04-03 00:00:00+08:00,000566.XSHE,-0.22,464.0,10.404,288.0,6.457,176.0,3.946,67.0,1.502,35.0,0.785
,2025-04-07 00:00:00+08:00,000566.XSHE,-10.07,-694.0,-8.126,-446.0,-5.222,-248.0,-2.904,-183.0,-2.143,-13.0,-0.152
,2025-04-08 00:00:00+08:00,000566.XSHE,-0.73,-296.0,-3.251,339.0,3.724,-635.0,-6.975,18.0,0.198,-27.0,-0.297
,2025-04-09 00:00:00+08:00,000566.XSHE,0.97,201.0,2.133,11.0,0.117,190.0,2.016,4.0,0.042,-16.0,-0.17
,2025-04-10 00:00:00+08:00,000566.XSHE,3.61,1543.0,15.649,769.0,7.799,774.0,7.85,129.0,1.308,-59.0,-0.598
,2025-04-11 00:00:00+08:00,000566.XSHE,10.0,2113.0,14.074,1611.0,10.73,502.0,3.344,-10.0,-0.067,2.0,0.013
,2025-04-14 00:00:00+08:00,000566.XSHE,5.71,6821.0,9.407,5885.0,8.116,936.0,1.291,-273.0,-0.377,-89.0,-0.123
,2025-04-15 00:00:00+08:00,000566.XSHE,-3.6,971.0,2.353,204.0,0.494,767.0,1.859,-410.0,-0.994,-52.0,-0.126
,2025-04-16 00:00:00+08:00,000566.XSHE,6.03,3412.0,7.499,2270.0,4.989,1142.0,2.51,160.0,0.352,119.0,0.262
,2025-04-17 00:00:00+08:00,000566.XSHE,-1.18,1734.0,5.566,1007.0,3.232,727.0,2.333,451.0,1.448,-245.0,-0.786
,2025-04-18 00:00:00+08:00,000566.XSHE,1.19,461.0,1.996,908.0,3.932,-447.0,-1.935,775.0,3.356,-163.0,-0.706
,2025-04-21 00:00:00+08:00,000566.XSHE,8.24,8139.0,16.706,6588.0,13.522,1551.0,3.184,479.0,0.983,-109.0,-0.224
,2025-04-22 00:00:00+08:00,000566.XSHE,-0.36,2040.0,3.745,1955.0,3.589,85.0,0.156,-80.0,-0.147,29.0,0.053
,2025-04-23 00:00:00+08:00,000566.XSHE,-7.61,-106.0,-0.235,-10.0,-0.022,-96.0,-0.213,-199.0,-0.441,-9.0,-0.02
,2025-04-24 00:00:00+08:00,000566.XSHE,0.39,-776.0,-3.269,118.0,0.497,-894.0,-3.766,574.0,2.418,-175.0,-0.737
,2025-04-25 00:00:00+08:00,000566.XSHE,-3.51,-1052.0,-5.06,-135.0,-0.649,-917.0,-4.411,-348.0,-1.674,-71.0,-0.342
,2025-04-28 00:00:00+08:00,000566.XSHE,-2.02,-709.0,-5.625,-652.0,-5.173,-57.0,-0.452,-23.0,-0.182,-44.0,-0.349
,2025-04-29 00:00:00+08:00,000566.XSHE,0.0,-287.0,-2.825,86.0,0.846,-373.0,-3.671,-194.0,-1.909,-29.0,-0.285
,2025-04-30 00:00:00+08:00,000566.XSHE,0.21,675.0,3.285,341.0,1.66,334.0,1.626,22.0,0.107,-1.0,-0.005
,2025-05-06 00:00:00+08:00,000566.XSHE,5.0,2735.0,14.789,1738.0,9.398,997.0,5.391,14.0,0.076,-43.0,-0.233
,2025-05-07 00:00:00+08:00,000566.XSHE,-0.2,-173.0,-1.188,321.0,2.205,-494.0,-3.393,-265.0,-1.82,15.0,0.103
,2025-05-08 00:00:00+08:00,000566.XSHE,4.96,4223.0,13.972,3203.0,10.597,1020.0,3.375,-204.0,-0.675,-78.0,-0.258
,2025-05-09 00:00:00+08:00,000566.XSHE,-0.57,266.0,0.829,1192.0,3.715,-926.0,-2.886,315.0,0.982,-91.0,-0.284
,2025-05-12 00:00:00+08:00,000566.XSHE,-2.28,-2845.0,-11.703,-2501.0,-10.288,-344.0,-1.415,81.0,0.333,25.0,0.103
,2025-05-13 00:00:00+08:00,000566.XSHE,-2.72,-369.0,-1.682,-680.0,-3.099,311.0,1.417,-153.0,-0.697,29.0,0.132
,2025-05-14 00:00:00+08:00,000566.XSHE,-1.0,-1332.0,-8.616,-502.0,-3.247,-830.0,-5.369,-409.0,-2.646,5.0,0.032
,2025-05-15 00:00:00+08:00,000566.XSHE,9.92,9887.0,25.358,9439.0,24.209,448.0,1.149,-7.0,-0.018,-31.0,-0.08
,2025-05-16 00:00:00+08:00,000566.XSHE,3.87,3700.0,4.623,5027.0,6.281,-1327.0,-1.658,-193.0,-0.241,47.0,0.059
,2025-05-19 00:00:00+08:00,000566.XSHE,0.53,793.0,1.713,-878.0,-1.897,1671.0,3.61,282.0,0.609,-94.0,-0.203
,2025-05-20 00:00:00+08:00,000566.XSHE,0.71,1634.0,3.541,2130.0,4.615,-496.0,-1.075,-257.0,-0.557,-13.0,-0.028
,2025-05-21 00:00:00+08:00,000566.XSHE,5.11,258.0,0.369,-670.0,-0.958,928.0,1.328,314.0,0.449,-69.0,-0.099
,2025-05-22 00:00:00+08:00,000566.XSHE,2.01,2904.0,6.852,663.0,1.564,2241.0,5.288,157.0,0.37,-4.0,-0.009
,2025-05-23 00:00:00+08:00,000566.XSHE,-3.29,442.0,0.807,1165.0,2.128,-723.0,-1.32,-176.0,-0.321,167.0,0.305
,2025-05-26 00:00:00+08:00,000566.XSHE,-7.68,-7353.0,-10.228,-2381.0,-3.312,-4972.0,-6.916,-67.0,-0.093,173.0,0.241
,2025-05-27 00:00:00+08:00,000566.XSHE,2.41,2829.0,6.72,1955.0,4.644,874.0,2.076,131.0,0.311,-78.0,-0.185
,2025-05-28 00:00:00+08:00,000566.XSHE,-4.88,-2966.0,-8.209,-2399.0,-6.64,-567.0,-1.569,-443.0,-1.226,63.0,0.174
,2025-05-29 00:00:00+08:00,000566.XSHE,5.7,7160.0,14.917,6683.0,13.923,477.0,0.994,32.0,0.067,-95.0,-0.198
,2025-05-30 00:00:00+08:00,000566.XSHE,10.07,3976.0,9.975,4311.0,10.816,-335.0,-0.84,7.0,0.018,0.0,0.0
,2025-06-03 00:00:00+08:00,000566.XSHE,9.97,4783.0,10.225,4783.0,10.225,0.0,0.0,0.0,0.0,0.0,0.0
,2025-06-04 00:00:00+08:00,000566.XSHE,5.79,-5632.0,-2.533,-5464.0,-2.458,-168.0,-0.076,-441.0,-0.198,-15.0,-0.007
,2025-06-05 00:00:00+08:00,000566.XSHE,-8.85,-9347.0,-6.296,-6705.0,-4.516,-2642.0,-1.78,-347.0,-0.234,26.0,0.018
,2025-06-06 00:00:00+08:00,000566.XSHE,3.39,878.0,0.676,1345.0,1.036,-467.0,-0.36,145.0,0.112,89.0,0.069
,2025-06-09 00:00:00+08:00,000566.XSHE,2.09,1343.0,1.02,446.0,0.339,897.0,0.681,-291.0,-0.221,-3.0,-0.002
,2025-06-10 00:00:00+08:00,000566.XSHE,-2.05,4119.0,4.099,4400.0,4.379,-281.0,-0.28,-125.0,-0.124,-18.0,-0.018
,2025-06-11 00:00:00+08:00,000566.XSHE,-0.45,1426.0,2.173,1037.0,1.58,389.0,0.593,526.0,0.802,-81.0,-0.123
,2025-06-12 00:00:00+08:00,000566.XSHE,-0.45,-3248.0,-4.468,-2029.0,-2.791,-1219.0,-1.677,-320.0,-0.44,1.0,0.001
,2025-06-13 00:00:00+08:00,000566.XSHE,-5.3,-116.0,-0.17,994.0,1.457,-1110.0,-1.627,-242.0,-0.355,-43.0,-0.063
,2025-06-16 00:00:00+08:00,000566.XSHE,1.6,827.0,2.264,260.0,0.712,567.0,1.552,-97.0,-0.266,23.0,0.063
,2025-06-17 00:00:00+08:00,000566.XSHE,-5.36,-6177.0,-10.131,-4322.0,-7.088,-1855.0,-3.042,-811.0,-1.33,28.0,0.046
,2025-06-18 00:00:00+08:00,000566.XSHE,-0.67,-71.0,-0.273,380.0,1.459,-451.0,-1.732,52.0,0.2,-23.0,-0.088
,2025-06-19 00:00:00+08:00,000566.XSHE,-4.2,-500.0,-1.627,649.0,2.112,-1149.0,-3.739,-195.0,-0.635,-87.0,-0.283
,2025-06-20 00:00:00+08:00,000566.XSHE,0.0,381.0,2.014,782.0,4.133,-401.0,-2.119,-213.0,-1.126,38.0,0.201
,2025-06-23 00:00:00+08:00,000566.XSHE,0.35,-1796.0,-7.482,-1099.0,-4.578,-697.0,-2.904,-10.0,-0.042,41.0,0.171
,2025-06-24 00:00:00+08:00,000566.XSHE,1.22,-660.0,-2.138,-909.0,-2.945,249.0,0.807,-281.0,-0.91,22.0,0.071
,2025-06-25 00:00:00+08:00,000566.XSHE,-0.34,-1003.0,-4.06,-307.0,-1.243,-696.0,-2.818,-13.0,-0.053,-6.0,-0.024
,2025-06-26 00:00:00+08:00,000566.XSHE,0.52,1411.0,5.668,1506.0,6.049,-95.0,-0.382,19.0,0.076,-42.0,-0.169
,2025-06-27 00:00:00+08:00,000566.XSHE,1.39,236.0,0.773,-283.0,-0.927,519.0,1.7,-60.0,-0.197,10.0,0.033
,2025-06-30 00:00:00+08:00,000566.XSHE,0.51,1402.0,6.228,485.0,2.154,917.0,4.073,22.0,0.098,2.0,0.009
,2025-07-01 00:00:00+08:00,000566.XSHE,6.12,-1254.0,-2.044,-1113.0,-1.814,-141.0,-0.23,-239.0,-0.39,63.0,0.103
,2025-07-02 00:00:00+08:00,000566.XSHE,-4.17,-2357.0,-4.999,-1936.0,-4.106,-421.0,-0.893,-75.0,-0.159,29.0,0.062
,2025-07-03 00:00:00+08:00,000566.XSHE,1.51,3614.0,8.693,2550.0,6.133,1064.0,2.559,-101.0,-0.243,-69.0,-0.166
,2025-07-04 00:00:00+08:00,000566.XSHE,0.16,3351.0,7.929,3085.0,7.3,266.0,0.629,-30.0,-0.071,-118.0,-0.279
,2025-07-07 00:00:00+08:00,000566.XSHE,-2.3,-4215.0,-11.526,-2549.0,-6.97,-1666.0,-4.556,-127.0,-0.347,50.0,0.137
,2025-07-08 00:00:00+08:00,000566.XSHE,3.37,4287.0,5.312,5701.0,7.064,-1414.0,-1.752,-578.0,-0.716,64.0,0.079
,2025-07-09 00:00:00+08:00,000566.XSHE,-2.28,-555.0,-1.2,-566.0,-1.224,11.0,0.024,181.0,0.391,29.0,0.063
,2025-07-10 00:00:00+08:00,000566.XSHE,6.33,14537.0,14.411,14465.0,14.34,72.0,0.071,-778.0,-0.771,-27.0,-0.027
,2025-07-11 00:00:00+08:00,000566.XSHE,-1.72,-2564.0,-4.77,-1526.0,-2.839,-1038.0,-1.931,263.0,0.489,37.0,0.069
,2025-07-14 00:00:00+08:00,000566.XSHE,-0.32,-317.0,-0.76,330.0,0.791,-647.0,-1.551,-155.0,-0.371,-23.0,-0.055
,2025-07-15 00:00:00+08:00,000566.XSHE,-3.53,-3873.0,-8.295,-4434.0,-9.496,561.0,1.202,190.0,0.407,-46.0,-0.099
,2025-07-16 00:00:00+08:00,000566.XSHE,3.33,9074.0,18.663,10024.0,20.617,-950.0,-1.954,171.0,0.352,-2.0,-0.004
,2025-07-17 00:00:00+08:00,000566.XSHE,7.07,12365.0,13.777,11870.0,13.225,495.0,0.552,-250.0,-0.279,-93.0,-0.104
,2025-07-18 00:00:00+08:00,000566.XSHE,-0.75,2514.0,5.014,2200.0,4.388,314.0,0.626,225.0,0.449,-76.0,-0.152
,2025-07-21 00:00:00+08:00,000566.XSHE,1.52,-2011.0,-2.531,-1926.0,-2.424,-85.0,-0.107,191.0,0.24,39.0,0.049
,2025-07-22 00:00:00+08:00,000566.XSHE,4.19,466.0,0.362,239.0,0.186,227.0,0.176,-207.0,-0.161,29.0,0.023
,2025-07-23 00:00:00+08:00,000566.XSHE,-6.46,-3723.0,-3.437,-3581.0,-3.306,-142.0,-0.131,-288.0,-0.266,25.0,0.023
,2025-07-24 00:00:00+08:00,000566.XSHE,9.95,19280.0,14.702,18997.0,14.486,283.0,0.216,31.0,0.024,17.0,0.013
,2025-07-25 00:00:00+08:00,000566.XSHE,-5.85,-14807.0,-11.925,-14303.0,-11.519,-504.0,-0.406,-717.0,-0.577,160.0,0.129
,2025-07-28 00:00:00+08:00,000566.XSHE,-0.45,645.0,1.193,910.0,1.683,-265.0,-0.49,-254.0,-0.47,6.0,0.011
,2025-07-29 00:00:00+08:00,000566.XSHE,-0.89,-1352.0,-2.624,-897.0,-1.741,-455.0,-0.883,-56.0,-0.109,-2.0,-0.004
,2025-07-30 00:00:00+08:00,000566.XSHE,-1.5,-1966.0,-4.449,-1292.0,-2.924,-674.0,-1.525,-182.0,-0.412,-62.0,-0.14
,2025-07-31 00:00:00+08:00,000566.XSHE,-1.98,-835.0,-1.843,-1025.0,-2.262,190.0,0.419,-356.0,-0.786,-20.0,-0.044
,2025-08-01 00:00:00+08:00,000566.XSHE,0.16,-750.0,-2.12,-285.0,-0.806,-465.0,-1.314,-87.0,-0.246,8.0,0.023
,2025-08-04 00:00:00+08:00,000566.XSHE,1.71,2709.0,7.239,2439.0,6.518,270.0,0.722,255.0,0.681,-37.0,-0.099
,2025-08-05 00:00:00+08:00,000566.XSHE,-0.91,-2328.0,-8.739,-2026.0,-7.605,-302.0,-1.134,119.0,0.447,-32.0,-0.12
,2025-08-06 00:00:00+08:00,000566.XSHE,-2.0,-980.0,-3.448,-881.0,-3.1,-99.0,-0.348,-239.0,-0.841,-46.0,-0.162
,2025-08-07 00:00:00+08:00,000566.XSHE,-1.1,1046.0,4.728,890.0,4.023,156.0,0.705,-226.0,-1.022,-102.0,-0.461
,2025-08-08 00:00:00+08:00,000566.XSHE,0.16,-701.0,-4.288,-389.0,-2.38,-312.0,-1.909,-149.0,-0.911,-2.0,-0.012
,2025-08-11 00:00:00+08:00,000566.XSHE,0.47,4.0,0.021,110.0,0.576,-106.0,-0.555,-191.0,-1.0,33.0,0.173
,2025-08-12 00:00:00+08:00,000566.XSHE,-0.95,-1267.0,-5.991,-552.0,-2.61,-715.0,-3.381,-346.0,-1.636,14.0,0.066
,2025-08-13 00:00:00+08:00,000566.XSHE,-1.43,-84.0,-0.304,-454.0,-1.641,370.0,1.338,-378.0,-1.367,-39.0,-0.141
,2025-08-14 00:00:00+08:00,000566.XSHE,2.1,4281.0,12.961,3662.0,11.087,619.0,1.874,-93.0,-0.282,-55.0,-0.167
,2025-08-15 00:00:00+08:00,000566.XSHE,-0.47,-136.0,-0.588,-588.0,-2.541,452.0,1.953,-70.0,-0.303,-83.0,-0.359
,2025-08-18 00:00:00+08:00,000566.XSHE,0.63,-319.0,-1.064,482.0,1.607,-801.0,-2.671,-277.0,-0.924,13.0,0.043
,2025-08-19 00:00:00+08:00,000566.XSHE,1.74,1600.0,3.928,2144.0,5.263,-544.0,-1.335,-126.0,-0.309,20.0,0.049
,2025-08-20 00:00:00+08:00,000566.XSHE,-1.71,-4350.0,-15.125,-2687.0,-9.343,-1663.0,-5.782,-372.0,-1.293,25.0,0.087
,2025-08-21 00:00:00+08:00,000566.XSHE,-0.95,-397.0,-2.084,208.0,1.092,-605.0,-3.176,-564.0,-2.96,-84.0,-0.441
,2025-08-22 00:00:00+08:00,000566.XSHE,-0.8,-181.0,-0.935,-420.0,-2.17,239.0,1.235,-139.0,-0.718,-79.0,-0.408
,2025-08-25 00:00:00+08:00,000566.XSHE,-0.32,48.0,0.203,257.0,1.088,-209.0,-0.885,-334.0,-1.414,-134.0,-0.567
,2025-08-26 00:00:00+08:00,000566.XSHE,0.16,-616.0,-3.6,-868.0,-5.073,252.0,1.473,141.0,0.824,16.0,0.094
,2025-08-27 00:00:00+08:00,000566.XSHE,-3.38,-3830.0,-12.143,-2922.0,-9.264,-908.0,-2.879,-330.0,-1.046,-124.0,-0.393
,2025-08-28 00:00:00+08:00,000566.XSHE,-0.5,-1006.0,-5.106,111.0,0.563,-1117.0,-5.669,61.0,0.31,-89.0,-0.452
,2025-08-29 00:00:00+08:00,000566.XSHE,0.84,357.0,3.099,418.0,3.629,-61.0,-0.53,14.0,0.122,21.0,0.182
,2025-09-01 00:00:00+08:00,000566.XSHE,0.33,-308.0,-2.386,-109.0,-0.844,-199.0,-1.542,-112.0,-0.868,-10.0,-0.077
,2025-09-02 00:00:00+08:00,000566.XSHE,-1.66,-693.0,-4.767,-28.0,-0.193,-665.0,-4.575,-487.0,-3.35,-21.0,-0.144
,2025-09-03 00:00:00+08:00,000566.XSHE,-1.35,579.0,5.445,223.0,2.097,356.0,3.348,-264.0,-2.483,-21.0,-0.197
,2025-09-04 00:00:00+08:00,000566.XSHE,0.51,231.0,1.538,173.0,1.152,58.0,0.386,29.0,0.193,-42.0,-0.28
,2025-09-05 00:00:00+08:00,000566.XSHE,1.03,971.0,7.003,386.0,2.784,585.0,4.219,-127.0,-0.916,-45.0,-0.325
,2025-09-08 00:00:00+08:00,000566.XSHE,1.69,1043.0,8.01,1182.0,9.077,-139.0,-1.067,-83.0,-0.637,56.0,0.43
,2025-09-09 00:00:00+08:00,000566.XSHE,-1.82,-1858.0,-15.325,-1859.0,-15.333,1.0,0.008,-142.0,-1.171,-63.0,-0.52
,2025-09-10 00:00:00+08:00,000566.XSHE,0.84,1386.0,13.429,1350.0,13.08,36.0,0.349,-170.0,-1.647,15.0,0.145
,2025-09-11 00:00:00+08:00,000566.XSHE,-0.17,182.0,1.839,321.0,3.243,-139.0,-1.404,147.0,1.485,-22.0,-0.222
,2025-09-12 00:00:00+08:00,000566.XSHE,0.5,-273.0,-2.034,369.0,2.749,-642.0,-4.783,131.0,0.976,65.0,0.484
,2025-09-15 00:00:00+08:00,000566.XSHE,-1.0,-1468.0,-12.59,-1529.0,-13.113,61.0,0.523,-176.0,-1.509,18.0,0.154
,2025-09-16 00:00:00+08:00,000566.XSHE,1.35,3371.0,22.782,3061.0,20.687,310.0,2.095,29.0,0.196,-59.0,-0.399
,2025-09-17 00:00:00+08:00,000566.XSHE,-1.16,-228.0,-2.31,-102.0,-1.034,-126.0,-1.277,112.0,1.135,7.0,0.071
,2025-09-18 00:00:00+08:00,000566.XSHE,0.84,1868.0,6.638,2112.0,7.505,-244.0,-0.867,-252.0,-0.896,-14.0,-0.05
,2025-09-19 00:00:00+08:00,000566.XSHE,-2.16,-1341.0,-7.985,-360.0,-2.144,-981.0,-5.842,-243.0,-1.447,16.0,0.095
,2025-09-22 00:00:00+08:00,000566.XSHE,-2.21,-803.0,-6.706,-272.0,-2.272,-531.0,-4.435,-366.0,-3.057,-12.0,-0.1
,2025-09-23 00:00:00+08:00,000566.XSHE,-3.14,-937.0,-7.059,-567.0,-4.272,-370.0,-2.788,-368.0,-2.773,-50.0,-0.377
,2025-09-24 00:00:00+08:00,000566.XSHE,0.54,-251.0,-2.376,560.0,5.301,-811.0,-7.676,-169.0,-1.6,-1.0,-0.009
,2025-09-25 00:00:00+08:00,000566.XSHE,-1.43,-563.0,-6.185,34.0,0.374,-597.0,-6.558,-233.0,-2.56,-23.0,-0.253
,2025-09-26 00:00:00+08:00,000566.XSHE,-1.81,-147.0,-1.145,24.0,0.187,-171.0,-1.333,48.0,0.374,10.0,0.078
,2025-09-29 00:00:00+08:00,000566.XSHE,0.0,799.0,8.152,881.0,8.989,-82.0,-0.837,-114.0,-1.163,-43.0,-0.439
,2025-09-30 00:00:00+08:00,000566.XSHE,1.48,403.0,4.439,134.0,1.476,269.0,2.963,28.0,0.308,-87.0,-0.958
,2025-10-09 00:00:00+08:00,000566.XSHE,-0.73,-897.0,-8.254,-474.0,-4.361,-423.0,-3.892,-39.0,-0.359,-35.0,-0.322
,2025-10-10 00:00:00+08:00,000566.XSHE,0.0,392.0,4.652,280.0,3.323,112.0,1.329,-169.0,-2.005,-13.0,-0.154
,2025-10-13 00:00:00+08:00,000566.XSHE,-1.28,-91.0,-1.054,232.0,2.688,-323.0,-3.742,-140.0,-1.622,-16.0,-0.185
,2025-10-14 00:00:00+08:00,000566.XSHE,1.11,1172.0,10.714,906.0,8.282,266.0,2.432,-152.0,-1.39,7.0,0.064
,2025-10-15 00:00:00+08:00,000566.XSHE,1.65,237.0,1.933,148.0,1.207,89.0,0.726,122.0,0.995,-52.0,-0.424
,2025-10-16 00:00:00+08:00,000566.XSHE,6.14,3066.0,7.608,2335.0,5.794,731.0,1.814,-161.0,-0.399,-95.0,-0.236
,2025-10-17 00:00:00+08:00,000566.XSHE,0.34,3493.0,8.672,2405.0,5.971,1088.0,2.701,159.0,0.395,-9.0,-0.022
,2025-10-20 00:00:00+08:00,000566.XSHE,-1.19,-69.0,-0.289,-433.0,-1.813,364.0,1.524,-40.0,-0.167,-35.0,-0.147
,2025-10-21 00:00:00+08:00,000566.XSHE,1.72,3112.0,14.071,2777.0,12.557,335.0,1.515,100.0,0.452,-27.0,-0.122
,2025-10-22 00:00:00+08:00,000566.XSHE,-0.68,-2364.0,-11.719,-1109.0,-5.497,-1255.0,-6.221,-410.0,-2.032,-50.0,-0.248
,2025-10-23 00:00:00+08:00,000566.XSHE,-0.68,339.0,2.397,79.0,0.559,260.0,1.839,-191.0,-1.351,-22.0,-0.156
,2025-10-24 00:00:00+08:00,000566.XSHE,-1.89,-50.0,-0.428,-13.0,-0.111,-37.0,-0.317,-185.0,-1.585,-50.0,-0.428
,2025-10-27 00:00:00+08:00,000566.XSHE,-0.52,331.0,3.536,371.0,3.964,-40.0,-0.427,-93.0,-0.994,-38.0,-0.406
,2025-10-28 00:00:00+08:00,000566.XSHE,1.58,2308.0,18.277,1980.0,15.679,328.0,2.597,78.0,0.618,-51.0,-0.404
,2025-10-29 00:00:00+08:00,000566.XSHE,3.12,1809.0,6.849,1963.0,7.432,-154.0,-0.583,195.0,0.738,-28.0,-0.106
,2025-10-30 00:00:00+08:00,000566.XSHE,-1.01,1696.0,9.818,1352.0,7.826,344.0,1.991,21.0,0.122,-29.0,-0.168
,2025-10-31 00:00:00+08:00,000566.XSHE,3.74,5137.0,14.871,4954.0,14.341,183.0,0.53,-44.0,-0.127,11.0,0.032
,2025-11-03 00:00:00+08:00,000566.XSHE,2.29,-1628.0,-3.45,-381.0,-0.807,-1247.0,-2.643,196.0,0.415,86.0,0.182
,2025-11-04 00:00:00+08:00,000566.XSHE,-0.8,2471.0,8.067,2241.0,7.316,230.0,0.751,-262.0,-0.855,-68.0,-0.222
,2025-11-05 00:00:00+08:00,000566.XSHE,1.13,1229.0,2.215,1373.0,2.475,-144.0,-0.26,-348.0,-0.627,20.0,0.036
,2025-11-06 00:00:00+08:00,000566.XSHE,-2.7,246.0,0.623,1719.0,4.354,-1473.0,-3.731,-383.0,-0.97,64.0,0.162
,2025-11-07 00:00:00+08:00,000566.XSHE,1.31,-814.0,-2.056,-3.0,-0.008,-811.0,-2.048,108.0,0.273,-45.0,-0.114
,2025-11-10 00:00:00+08:00,000566.XSHE,2.42,6629.0,11.917,6175.0,11.101,454.0,0.816,-179.0,-0.322,-47.0,-0.084
,2025-11-11 00:00:00+08:00,000566.XSHE,-2.52,-535.0,-1.832,109.0,0.373,-644.0,-2.205,-111.0,-0.38,-49.0,-0.168
,2025-11-12 00:00:00+08:00,000566.XSHE,-0.65,1839.0,7.412,1317.0,5.308,522.0,2.104,-344.0,-1.387,-95.0,-0.383
,2025-11-13 00:00:00+08:00,000566.XSHE,0.16,550.0,2.893,544.0,2.861,6.0,0.032,92.0,0.484,-83.0,-0.437
,2025-11-14 00:00:00+08:00,000566.XSHE,10.08,14771.0,22.749,14759.0,22.731,12.0,0.018,0.0,0.0,0.0,0.0
,2025-11-17 00:00:00+08:00,000566.XSHE,10.04,15220.0,8.202,17558.0,9.462,-2338.0,-1.26,213.0,0.115,30.0,0.016
,2025-11-18 00:00:00+08:00,000566.XSHE,7.52,11150.0,4.183,10171.0,3.816,979.0,0.367,-55.0,-0.021,16.0,0.006
,2025-11-19 00:00:00+08:00,000566.XSHE,-10.0,-15444.0,-9.514,-13134.0,-8.091,-2310.0,-1.423,0.0,0.0,8.0,0.005
,2025-11-20 00:00:00+08:00,000566.XSHE,10.0,29343.0,17.982,30745.0,18.841,-1402.0,-0.859,-51.0,-0.031,-14.0,-0.009
,2025-11-21 00:00:00+08:00,000566.XSHE,6.06,15102.0,4.426,17375.0,5.092,-2273.0,-0.666,185.0,0.054,33.0,0.01
,2025-11-24 00:00:00+08:00,000566.XSHE,-8.83,-13459.0,-4.693,-10847.0,-3.782,-2612.0,-0.911,-422.0,-0.147,33.0,0.012
,2025-11-25 00:00:00+08:00,000566.XSHE,9.95,16646.0,9.921,16816.0,10.022,-170.0,-0.101,69.0,0.041,8.0,0.005
,2025-11-26 00:00:00+08:00,000566.XSHE,3.69,15436.0,4.9,16552.0,5.254,-1116.0,-0.354,-203.0,-0.064,16.0,0.005
,2025-11-27 00:00:00+08:00,000566.XSHE,-6.67,-25685.0,-11.601,-27791.0,-12.553,2106.0,0.951,368.0,0.166,3.0,0.001
,2025-11-28 00:00:00+08:00,000566.XSHE,2.34,2668.0,1.309,3529.0,1.731,-861.0,-0.422,-4.0,-0.002,-12.0,-0.006
,2025-12-01 00:00:00+08:00,000566.XSHE,-4.1,-18409.0,-10.787,-18854.0,-11.047,445.0,0.261,90.0,0.053,25.0,0.015
,2025-12-02 00:00:00+08:00,000566.XSHE,1.01,-3659.0,-2.222,-2770.0,-1.682,-889.0,-0.54,254.0,0.154,78.0,0.047
,2025-12-03 00:00:00+08:00,000566.XSHE,0.87,49.0,0.027,-262.0,-0.146,311.0,0.173,-336.0,-0.187,4.0,0.002
,2025-12-04 00:00:00+08:00,000566.XSHE,-0.49,5127.0,2.609,8065.0,4.104,-2938.0,-1.495,242.0,0.123,-93.0,-0.047
,2025-12-05 00:00:00+08:00,000566.XSHE,0.49,5227.0,3.154,3841.0,2.318,1386.0,0.836,-535.0,-0.323,-58.0,-0.035
,2025-12-08 00:00:00+08:00,000566.XSHE,4.18,11821.0,6.381,14249.0,7.692,-2428.0,-1.311,-359.0,-0.194,13.0,0.007
,2025-12-09 00:00:00+08:00,000566.XSHE,-6.97,-30405.0,-19.176,-30787.0,-19.417,382.0,0.241,-127.0,-0.08,89.0,0.056
,2025-12-10 00:00:00+08:00,000566.XSHE,5.88,5272.0,2.873,5631.0,3.069,-359.0,-0.196,340.0,0.185,-350.0,-0.191
,2025-12-11 00:00:00+08:00,000566.XSHE,-3.38,-8107.0,-5.563,-6355.0,-4.361,-1752.0,-1.202,-603.0,-0.414,31.0,0.021
,2025-12-12 00:00:00+08:00,000566.XSHE,-4.51,-5297.0,-5.418,-5161.0,-5.279,-136.0,-0.139,-149.0,-0.152,87.0,0.089
,2025-12-15 00:00:00+08:00,000566.XSHE,-2.36,537.0,0.743,658.0,0.911,-121.0,-0.167,-304.0,-0.421,-38.0,-0.053
,2025-12-16 00:00:00+08:00,000566.XSHE,-4.31,-3048.0,-4.375,-731.0,-1.049,-2317.0,-3.326,-170.0,-0.244,8.0,0.011
,2025-12-17 00:00:00+08:00,000566.XSHE,-5.34,-1077.0,-1.813,-2.0,-0.003,-1075.0,-1.81,-229.0,-0.386,-29.0,-0.049
,2025-12-18 00:00:00+08:00,000566.XSHE,-2.23,-1979.0,-3.612,-805.0,-1.469,-1174.0,-2.143,-272.0,-0.496,7.0,0.013
,2025-12-19 00:00:00+08:00,000566.XSHE,10.03,16681.0,18.326,14460.0,15.886,2221.0,2.44,-149.0,-0.164,-70.0,-0.077
,2025-12-22 00:00:00+08:00,000566.XSHE,9.94,13520.0,10.179,11856.0,8.926,1664.0,1.253,-70.0,-0.053,4.0,0.003
,2025-12-23 00:00:00+08:00,000566.XSHE,10.05,36480.0,12.328,39320.0,13.288,-2840.0,-0.96,4.0,0.001,-32.0,-0.011
,2025-12-24 00:00:00+08:00,000566.XSHE,-5.37,-15966.0,-6.793,-14305.0,-6.086,-1661.0,-0.707,297.0,0.126,94.0,0.04
,2025-12-25 00:00:00+08:00,000566.XSHE,-1.93,-9109.0,-5.95,-7619.0,-4.977,-1490.0,-0.973,-49.0,-0.032,8.0,0.005
,2025-01-02 00:00:00+08:00,000567.XSHE,-3.81,-307.0,-3.071,-490.0,-4.902,183.0,1.831,16.0,0.16,10.0,0.1
,2025-01-03 00:00:00+08:00,000567.XSHE,-4.7,-916.0,-8.432,-222.0,-2.044,-694.0,-6.389,-283.0,-2.605,-104.0,-0.957
,2025-01-06 00:00:00+08:00,000567.XSHE,0.32,307.0,3.898,339.0,4.304,-32.0,-0.406,-144.0,-1.828,16.0,0.203
,2025-01-07 00:00:00+08:00,000567.XSHE,0.32,-20.0,-0.313,-95.0,-1.488,75.0,1.175,-140.0,-2.193,41.0,0.642
,2025-01-08 00:00:00+08:00,000567.XSHE,-1.73,286.0,3.187,61.0,0.68,225.0,2.507,-77.0,-0.858,-12.0,-0.134
,2025-01-09 00:00:00+08:00,000567.XSHE,-0.32,633.0,10.092,272.0,4.337,361.0,5.756,39.0,0.622,3.0,0.048
,2025-01-10 00:00:00+08:00,000567.XSHE,-2.74,8.0,0.102,270.0,3.458,-262.0,-3.356,-58.0,-0.743,16.0,0.205
,2025-01-13 00:00:00+08:00,000567.XSHE,-0.5,573.0,7.915,471.0,6.506,102.0,1.409,-189.0,-2.611,-25.0,-0.345
,2025-01-14 00:00:00+08:00,000567.XSHE,3.83,0.0,0.0,-8.0,-0.086,8.0,0.086,-138.0,-1.489,-47.0,-0.507
,2025-01-15 00:00:00+08:00,000567.XSHE,-0.16,326.0,4.418,163.0,2.209,163.0,2.209,-196.0,-2.656,83.0,1.125
,2025-01-16 00:00:00+08:00,000567.XSHE,1.61,453.0,4.87,674.0,7.247,-221.0,-2.376,-103.0,-1.107,-34.0,-0.366
,2025-01-17 00:00:00+08:00,000567.XSHE,0.47,324.0,4.663,51.0,0.734,273.0,3.929,81.0,1.166,24.0,0.345
,2025-01-20 00:00:00+08:00,000567.XSHE,0.63,16.0,0.222,0.0,0.0,16.0,0.222,5.0,0.07,-49.0,-0.681
,2025-01-21 00:00:00+08:00,000567.XSHE,-1.71,-92.0,-1.368,130.0,1.933,-222.0,-3.3,-125.0,-1.858,-145.0,-2.155
,2025-01-22 00:00:00+08:00,000567.XSHE,-3.01,-450.0,-5.997,-213.0,-2.838,-237.0,-3.158,28.0,0.373,-33.0,-0.44
,2025-01-23 00:00:00+08:00,000567.XSHE,0.0,97.0,0.987,104.0,1.058,-7.0,-0.071,81.0,0.824,59.0,0.6
,2025-01-24 00:00:00+08:00,000567.XSHE,0.16,-80.0,-1.227,0.0,0.0,-80.0,-1.227,-30.0,-0.46,-46.0,-0.705
,2025-01-27 00:00:00+08:00,000567.XSHE,-2.6,-733.0,-7.035,-1027.0,-9.856,294.0,2.821,201.0,1.929,53.0,0.509
,2025-02-05 00:00:00+08:00,000567.XSHE,0.17,-330.0,-3.856,-322.0,-3.763,-8.0,-0.093,3.0,0.035,0.0,0.0
,2025-02-06 00:00:00+08:00,000567.XSHE,0.83,-383.0,-3.837,-136.0,-1.362,-247.0,-2.474,82.0,0.821,-38.0,-0.381
,2025-02-07 00:00:00+08:00,000567.XSHE,7.11,4091.0,11.009,2502.0,6.733,1589.0,4.276,-332.0,-0.893,72.0,0.194
,2025-02-10 00:00:00+08:00,000567.XSHE,1.39,201.0,0.706,563.0,1.979,-362.0,-1.272,-343.0,-1.205,35.0,0.123
,2025-02-11 00:00:00+08:00,000567.XSHE,-2.13,646.0,4.036,317.0,1.981,329.0,2.056,125.0,0.781,26.0,0.162
,2025-02-12 00:00:00+08:00,000567.XSHE,2.8,567.0,3.428,207.0,1.252,360.0,2.177,48.0,0.29,5.0,0.03
,2025-02-13 00:00:00+08:00,000567.XSHE,-0.6,330.0,1.813,440.0,2.418,-110.0,-0.604,166.0,0.912,8.0,0.044
,2025-02-14 00:00:00+08:00,000567.XSHE,-1.07,203.0,1.884,-315.0,-2.923,518.0,4.807,-33.0,-0.306,92.0,0.854
,2025-02-17 00:00:00+08:00,000567.XSHE,1.08,704.0,3.265,408.0,1.892,296.0,1.373,-204.0,-0.946,30.0,0.139
,2025-02-18 00:00:00+08:00,000567.XSHE,-4.26,-1125.0,-7.8,-649.0,-4.5,-476.0,-3.3,-294.0,-2.038,-37.0,-0.257
,2025-02-19 00:00:00+08:00,000567.XSHE,0.79,-320.0,-2.961,-511.0,-4.729,191.0,1.768,20.0,0.185,58.0,0.537
,2025-02-20 00:00:00+08:00,000567.XSHE,-0.94,-335.0,-3.541,-390.0,-4.122,55.0,0.581,32.0,0.338,51.0,0.539
,2025-02-21 00:00:00+08:00,000567.XSHE,0.96,605.0,4.692,-36.0,-0.279,641.0,4.972,-172.0,-1.334,-1.0,-0.008
,2025-02-24 00:00:00+08:00,000567.XSHE,0.94,130.0,0.98,-376.0,-2.835,506.0,3.816,445.0,3.356,13.0,0.098
,2025-02-25 00:00:00+08:00,000567.XSHE,-2.03,398.0,3.784,361.0,3.433,37.0,0.352,18.0,0.171,16.0,0.152
,2025-02-26 00:00:00+08:00,000567.XSHE,1.27,780.0,7.254,649.0,6.036,131.0,1.218,204.0,1.897,12.0,0.112
,2025-02-27 00:00:00+08:00,000567.XSHE,3.29,2735.0,9.563,2202.0,7.7,533.0,1.864,11.0,0.038,-31.0,-0.108
,2025-02-28 00:00:00+08:00,000567.XSHE,-2.88,-84.0,-0.427,-155.0,-0.787,71.0,0.361,-364.0,-1.849,-9.0,-0.046
,2025-03-03 00:00:00+08:00,000567.XSHE,-0.78,139.0,1.11,-65.0,-0.519,204.0,1.629,224.0,1.789,-23.0,-0.184
,2025-03-04 00:00:00+08:00,000567.XSHE,-0.63,35.0,0.285,-197.0,-1.602,232.0,1.887,120.0,0.976,-28.0,-0.228
,2025-03-05 00:00:00+08:00,000567.XSHE,-1.11,466.0,3.63,-381.0,-2.968,847.0,6.598,38.0,0.296,30.0,0.234
,2025-03-06 00:00:00+08:00,000567.XSHE,3.04,1875.0,12.555,810.0,5.424,1065.0,7.131,-42.0,-0.281,-23.0,-0.154
,2025-03-07 00:00:00+08:00,000567.XSHE,-3.57,-2590.0,-14.49,-2068.0,-11.57,-522.0,-2.92,-136.0,-0.761,-32.0,-0.179
,2025-03-10 00:00:00+08:00,000567.XSHE,0.64,-125.0,-1.394,-222.0,-2.476,97.0,1.082,-99.0,-1.104,29.0,0.323
,2025-03-11 00:00:00+08:00,000567.XSHE,-1.28,-787.0,-10.691,-632.0,-8.586,-155.0,-2.106,-80.0,-1.087,-31.0,-0.421
,2025-03-12 00:00:00+08:00,000567.XSHE,-0.16,288.0,3.66,-135.0,-1.716,423.0,5.376,22.0,0.28,30.0,0.381
,2025-03-13 00:00:00+08:00,000567.XSHE,-1.13,-723.0,-9.368,-126.0,-1.633,-597.0,-7.735,-77.0,-0.998,-13.0,-0.168
,2025-03-14 00:00:00+08:00,000567.XSHE,2.13,2091.0,12.104,1659.0,9.603,432.0,2.501,222.0,1.285,11.0,0.064
,2025-03-17 00:00:00+08:00,000567.XSHE,-0.16,-584.0,-6.378,-230.0,-2.512,-354.0,-3.866,-92.0,-1.005,4.0,0.044
,2025-03-18 00:00:00+08:00,000567.XSHE,-0.64,-817.0,-11.039,-388.0,-5.243,-429.0,-5.797,70.0,0.946,-27.0,-0.365
,2025-03-19 00:00:00+08:00,000567.XSHE,-0.32,520.0,10.031,204.0,3.935,316.0,6.096,-94.0,-1.813,56.0,1.08
,2025-03-20 00:00:00+08:00,000567.XSHE,-0.97,-1511.0,-20.71,-1263.0,-17.311,-248.0,-3.399,48.0,0.658,32.0,0.439
,2025-03-21 00:00:00+08:00,000567.XSHE,-0.82,-49.0,-0.497,4.0,0.041,-53.0,-0.538,-85.0,-0.863,-46.0,-0.467
,2025-03-24 00:00:00+08:00,000567.XSHE,-1.65,-420.0,-4.07,-56.0,-0.543,-364.0,-3.527,-210.0,-2.035,-48.0,-0.465
,2025-03-25 00:00:00+08:00,000567.XSHE,0.84,-245.0,-4.828,-289.0,-5.695,44.0,0.867,-11.0,-0.217,-13.0,-0.256
,2025-03-26 00:00:00+08:00,000567.XSHE,-0.17,84.0,2.178,-143.0,-3.709,227.0,5.887,9.0,0.233,-21.0,-0.545
,2025-03-27 00:00:00+08:00,000567.XSHE,0.5,-438.0,-8.17,-415.0,-7.741,-23.0,-0.429,24.0,0.448,12.0,0.224
,2025-03-28 00:00:00+08:00,000567.XSHE,-0.33,577.0,8.05,369.0,5.148,208.0,2.902,92.0,1.283,-59.0,-0.823
,2025-03-31 00:00:00+08:00,000567.XSHE,-3.5,-1743.0,-22.139,-498.0,-6.325,-1245.0,-15.814,-106.0,-1.346,-88.0,-1.118
,2025-04-01 00:00:00+08:00,000567.XSHE,0.86,363.0,7.575,137.0,2.859,226.0,4.716,-62.0,-1.294,9.0,0.188
,2025-04-02 00:00:00+08:00,000567.XSHE,0.51,425.0,11.806,117.0,3.25,308.0,8.556,-38.0,-1.056,-8.0,-0.222
,2025-04-03 00:00:00+08:00,000567.XSHE,-0.17,391.0,8.532,107.0,2.335,284.0,6.197,-59.0,-1.287,11.0,0.24
,2025-04-07 00:00:00+08:00,000567.XSHE,-10.07,-902.0,-10.992,-27.0,-0.329,-875.0,-10.663,-151.0,-1.84,22.0,0.268
,2025-04-08 00:00:00+08:00,000567.XSHE,-1.14,-236.0,-2.223,0.0,0.0,-236.0,-2.223,-322.0,-3.033,-41.0,-0.386
,2025-04-09 00:00:00+08:00,000567.XSHE,3.45,326.0,3.285,326.0,3.285,0.0,0.0,-118.0,-1.189,-27.0,-0.272
,2025-04-10 00:00:00+08:00,000567.XSHE,1.67,475.0,5.324,51.0,0.572,424.0,4.752,-4.0,-0.045,12.0,0.134
,2025-04-11 00:00:00+08:00,000567.XSHE,0.0,-182.0,-3.323,-141.0,-2.574,-41.0,-0.749,-10.0,-0.183,6.0,0.11
,2025-04-14 00:00:00+08:00,000567.XSHE,10.04,3747.0,23.395,3563.0,22.247,184.0,1.149,25.0,0.156,41.0,0.256
,2025-04-15 00:00:00+08:00,000567.XSHE,-1.66,30.0,0.115,645.0,2.465,-615.0,-2.35,211.0,0.806,-65.0,-0.248
,2025-04-16 00:00:00+08:00,000567.XSHE,-2.2,-826.0,-6.347,-365.0,-2.805,-461.0,-3.542,-162.0,-1.245,-84.0,-0.645
,2025-04-17 00:00:00+08:00,000567.XSHE,-0.17,376.0,4.601,325.0,3.977,51.0,0.624,-45.0,-0.551,-16.0,-0.196
,2025-04-18 00:00:00+08:00,000567.XSHE,1.22,-165.0,-2.061,0.0,0.0,-165.0,-2.061,258.0,3.222,15.0,0.187
,2025-04-21 00:00:00+08:00,000567.XSHE,0.0,-905.0,-9.45,-1399.0,-14.608,494.0,5.158,21.0,0.219,19.0,0.198
,2025-04-22 00:00:00+08:00,000567.XSHE,1.72,360.0,2.949,-104.0,-0.852,464.0,3.801,-48.0,-0.393,9.0,0.074
,2025-04-23 00:00:00+08:00,000567.XSHE,-1.18,-197.0,-2.143,-113.0,-1.229,-84.0,-0.914,-47.0,-0.511,-152.0,-1.654
,2025-04-24 00:00:00+08:00,000567.XSHE,-2.05,-568.0,-9.166,-184.0,-2.969,-384.0,-6.197,-134.0,-2.162,-17.0,-0.274
,2025-04-25 00:00:00+08:00,000567.XSHE,0.35,53.0,1.007,-123.0,-2.338,176.0,3.345,-96.0,-1.824,23.0,0.437
,2025-04-28 00:00:00+08:00,000567.XSHE,-2.09,-113.0,-2.598,0.0,0.0,-113.0,-2.598,-119.0,-2.736,28.0,0.644
,2025-04-29 00:00:00+08:00,000567.XSHE,-2.86,-417.0,-5.58,-49.0,-0.656,-368.0,-4.924,-52.0,-0.696,-19.0,-0.254
,2025-04-30 00:00:00+08:00,000567.XSHE,0.0,16.0,0.357,-166.0,-3.704,182.0,4.061,32.0,0.714,26.0,0.58
,2025-05-06 00:00:00+08:00,000567.XSHE,5.34,1331.0,10.433,981.0,7.69,350.0,2.744,69.0,0.541,107.0,0.839
,2025-05-07 00:00:00+08:00,000567.XSHE,-1.22,-304.0,-3.358,46.0,0.508,-350.0,-3.866,-82.0,-0.906,-45.0,-0.497
,2025-05-08 00:00:00+08:00,000567.XSHE,1.06,537.0,8.302,456.0,7.05,81.0,1.252,-57.0,-0.881,-21.0,-0.325
,2025-05-09 00:00:00+08:00,000567.XSHE,-1.93,-430.0,-8.971,-240.0,-5.007,-190.0,-3.964,-22.0,-0.459,3.0,0.063
,2025-05-12 00:00:00+08:00,000567.XSHE,1.61,40.0,0.805,72.0,1.45,-32.0,-0.644,-49.0,-0.987,-128.0,-2.578
,2025-05-13 00:00:00+08:00,000567.XSHE,-0.18,-287.0,-6.501,-143.0,-3.239,-144.0,-3.262,-87.0,-1.971,9.0,0.204
,2025-05-14 00:00:00+08:00,000567.XSHE,2.29,373.0,4.001,339.0,3.637,34.0,0.365,213.0,2.285,44.0,0.472
,2025-05-15 00:00:00+08:00,000567.XSHE,-2.07,-160.0,-3.109,-21.0,-0.408,-139.0,-2.701,7.0,0.136,28.0,0.544
,2025-05-16 00:00:00+08:00,000567.XSHE,-1.23,-238.0,-5.63,-128.0,-3.028,-110.0,-2.602,-78.0,-1.845,-35.0,-0.828
,2025-05-19 00:00:00+08:00,000567.XSHE,1.25,336.0,7.643,122.0,2.775,214.0,4.868,-141.0,-3.207,-7.0,-0.159
,2025-05-20 00:00:00+08:00,000567.XSHE,0.35,-158.0,-3.976,2.0,0.05,-160.0,-4.026,-150.0,-3.775,20.0,0.503
,2025-05-21 00:00:00+08:00,000567.XSHE,-0.53,6.0,0.182,-133.0,-4.035,139.0,4.217,-62.0,-1.881,89.0,2.7
,2025-05-22 00:00:00+08:00,000567.XSHE,-1.23,-148.0,-3.188,-102.0,-2.197,-46.0,-0.991,-35.0,-0.754,-34.0,-0.732
,2025-05-23 00:00:00+08:00,000567.XSHE,-2.33,-219.0,-4.671,-230.0,-4.905,11.0,0.235,-92.0,-1.962,34.0,0.725
,2025-05-26 00:00:00+08:00,000567.XSHE,0.0,261.0,9.46,0.0,0.0,261.0,9.46,15.0,0.544,17.0,0.616
,2025-05-27 00:00:00+08:00,000567.XSHE,-0.55,-296.0,-9.069,-141.0,-4.32,-155.0,-4.749,117.0,3.585,-11.0,-0.337
,2025-05-28 00:00:00+08:00,000567.XSHE,-1.1,56.0,1.806,0.0,0.0,56.0,1.806,-14.0,-0.451,-29.0,-0.935
,2025-05-29 00:00:00+08:00,000567.XSHE,2.79,421.0,9.331,187.0,4.145,234.0,5.186,-14.0,-0.31,-62.0,-1.374
,2025-05-30 00:00:00+08:00,000567.XSHE,-0.91,66.0,2.235,0.0,0.0,66.0,2.235,-18.0,-0.61,-30.0,-1.016
,2025-06-03 00:00:00+08:00,000567.XSHE,1.46,616.0,11.488,0.0,0.0,616.0,11.488,20.0,0.373,-87.0,-1.623
,2025-06-04 00:00:00+08:00,000567.XSHE,2.53,569.0,7.95,245.0,3.423,324.0,4.527,-54.0,-0.755,40.0,0.559
,2025-06-05 00:00:00+08:00,000567.XSHE,-0.18,-77.0,-1.526,0.0,0.0,-77.0,-1.526,15.0,0.297,-13.0,-0.258
,2025-06-06 00:00:00+08:00,000567.XSHE,0.88,1520.0,14.191,1562.0,14.583,-42.0,-0.392,-3.0,-0.028,-35.0,-0.327
,2025-06-09 00:00:00+08:00,000567.XSHE,1.23,-146.0,-1.772,249.0,3.023,-395.0,-4.795,-31.0,-0.376,12.0,0.146
,2025-06-10 00:00:00+08:00,000567.XSHE,-0.52,1300.0,13.563,617.0,6.437,683.0,7.126,54.0,0.563,-18.0,-0.188
,2025-06-11 00:00:00+08:00,000567.XSHE,0.87,276.0,3.637,291.0,3.834,-15.0,-0.198,-30.0,-0.395,58.0,0.764
,2025-06-12 00:00:00+08:00,000567.XSHE,0.69,696.0,9.651,1157.0,16.043,-461.0,-6.392,-194.0,-2.69,-23.0,-0.319
,2025-06-13 00:00:00+08:00,000567.XSHE,-2.05,-110.0,-1.606,0.0,0.0,-110.0,-1.606,-216.0,-3.154,-65.0,-0.949
,2025-06-16 00:00:00+08:00,000567.XSHE,1.05,306.0,3.879,652.0,8.265,-346.0,-4.386,-50.0,-0.634,38.0,0.482
,2025-06-17 00:00:00+08:00,000567.XSHE,0.87,-26.0,-0.459,55.0,0.972,-81.0,-1.431,126.0,2.226,3.0,0.053
,2025-06-18 00:00:00+08:00,000567.XSHE,-0.69,-15.0,-0.277,-76.0,-1.403,61.0,1.126,52.0,0.96,16.0,0.295
,2025-06-19 00:00:00+08:00,000567.XSHE,-3.29,-773.0,-12.247,0.0,0.0,-773.0,-12.247,-219.0,-3.47,-83.0,-1.315
,2025-06-20 00:00:00+08:00,000567.XSHE,-0.36,1186.0,19.022,376.0,6.03,810.0,12.991,-74.0,-1.187,-59.0,-0.946
,2025-06-23 00:00:00+08:00,000567.XSHE,0.72,300.0,9.006,0.0,0.0,300.0,9.006,-80.0,-2.402,11.0,0.33
,2025-06-24 00:00:00+08:00,000567.XSHE,2.14,430.0,6.95,126.0,2.037,304.0,4.914,-94.0,-1.519,-86.0,-1.39
,2025-06-25 00:00:00+08:00,000567.XSHE,4.36,2947.0,13.975,2504.0,11.875,443.0,2.101,84.0,0.398,-11.0,-0.052
,2025-06-26 00:00:00+08:00,000567.XSHE,-0.83,840.0,5.678,555.0,3.751,285.0,1.926,53.0,0.358,-9.0,-0.061
,2025-06-27 00:00:00+08:00,000567.XSHE,-0.34,199.0,1.593,-117.0,-0.936,316.0,2.529,69.0,0.552,6.0,0.048
,2025-06-30 00:00:00+08:00,000567.XSHE,-0.34,290.0,3.032,303.0,3.167,-13.0,-0.136,-175.0,-1.829,-60.0,-0.627
,2025-07-01 00:00:00+08:00,000567.XSHE,-1.01,-414.0,-4.83,-461.0,-5.378,47.0,0.548,24.0,0.28,19.0,0.222
,2025-07-02 00:00:00+08:00,000567.XSHE,0.17,1113.0,13.318,475.0,5.684,638.0,7.634,-42.0,-0.503,-25.0,-0.299
,2025-07-03 00:00:00+08:00,000567.XSHE,0.51,160.0,1.676,721.0,7.551,-561.0,-5.876,36.0,0.377,11.0,0.115
,2025-07-04 00:00:00+08:00,000567.XSHE,1.53,3159.0,17.984,2296.0,13.071,863.0,4.913,-198.0,-1.127,-70.0,-0.398
,2025-07-07 00:00:00+08:00,000567.XSHE,0.33,-174.0,-1.208,-209.0,-1.45,35.0,0.243,-267.0,-1.853,31.0,0.215
,2025-07-08 00:00:00+08:00,000567.XSHE,4.16,3306.0,12.591,2533.0,9.647,773.0,2.944,225.0,0.857,60.0,0.229
,2025-07-09 00:00:00+08:00,000567.XSHE,0.48,1315.0,4.128,1455.0,4.568,-140.0,-0.44,45.0,0.141,-63.0,-0.198
,2025-07-10 00:00:00+08:00,000567.XSHE,0.63,2074.0,7.986,2657.0,10.231,-583.0,-2.245,-110.0,-0.424,-18.0,-0.069
,2025-07-11 00:00:00+08:00,000567.XSHE,1.58,2641.0,9.391,2551.0,9.071,90.0,0.32,132.0,0.469,-39.0,-0.139
,2025-07-14 00:00:00+08:00,000567.XSHE,-3.1,-1532.0,-7.352,-1270.0,-6.095,-262.0,-1.257,-303.0,-1.454,2.0,0.01
,2025-07-15 00:00:00+08:00,000567.XSHE,-3.21,-1532.0,-8.845,-1407.0,-8.123,-125.0,-0.722,-457.0,-2.638,-34.0,-0.196
,2025-07-16 00:00:00+08:00,000567.XSHE,5.62,3008.0,5.178,2210.0,3.804,798.0,1.374,-285.0,-0.491,-38.0,-0.065
,2025-07-17 00:00:00+08:00,000567.XSHE,1.25,3551.0,8.105,3966.0,9.052,-415.0,-0.947,268.0,0.612,-48.0,-0.11
,2025-07-18 00:00:00+08:00,000567.XSHE,-0.31,669.0,2.055,-177.0,-0.544,846.0,2.598,239.0,0.734,-177.0,-0.544
,2025-07-21 00:00:00+08:00,000567.XSHE,2.16,4652.0,9.063,4823.0,9.396,-171.0,-0.333,-84.0,-0.164,-131.0,-0.255
,2025-07-22 00:00:00+08:00,000567.XSHE,6.05,-1499.0,-1.935,-1859.0,-2.4,360.0,0.465,142.0,0.183,21.0,0.027
,2025-07-23 00:00:00+08:00,000567.XSHE,-5.14,-3325.0,-5.767,-2751.0,-4.772,-574.0,-0.996,88.0,0.153,13.0,0.023
,2025-07-24 00:00:00+08:00,000567.XSHE,10.08,15393.0,27.775,15040.0,27.138,353.0,0.637,41.0,0.074,8.0,0.014
,2025-07-25 00:00:00+08:00,000567.XSHE,-4.1,-7800.0,-8.714,-4037.0,-4.51,-3763.0,-4.204,230.0,0.257,75.0,0.084
,2025-07-28 00:00:00+08:00,000567.XSHE,-2.71,558.0,1.425,1274.0,3.252,-716.0,-1.828,-43.0,-0.11,10.0,0.026
,2025-07-29 00:00:00+08:00,000567.XSHE,0.15,-1433.0,-5.529,-530.0,-2.045,-903.0,-3.484,-161.0,-0.621,36.0,0.139
,2025-07-30 00:00:00+08:00,000567.XSHE,-1.61,458.0,1.787,1416.0,5.524,-958.0,-3.737,-213.0,-0.831,7.0,0.027
,2025-07-31 00:00:00+08:00,000567.XSHE,-2.97,-680.0,-3.099,-443.0,-2.019,-237.0,-1.08,-343.0,-1.563,-36.0,-0.164
,2025-08-01 00:00:00+08:00,000567.XSHE,0.31,462.0,3.98,122.0,1.051,340.0,2.929,-15.0,-0.129,-30.0,-0.258
,2025-08-04 00:00:00+08:00,000567.XSHE,-0.76,-100.0,-0.858,75.0,0.643,-175.0,-1.501,-242.0,-2.076,-49.0,-0.42
,2025-08-05 00:00:00+08:00,000567.XSHE,0.31,-301.0,-2.789,63.0,0.584,-364.0,-3.373,113.0,1.047,-34.0,-0.315
,2025-08-06 00:00:00+08:00,000567.XSHE,0.15,202.0,1.857,292.0,2.685,-90.0,-0.828,-175.0,-1.609,-58.0,-0.533
,2025-08-07 00:00:00+08:00,000567.XSHE,-0.77,-1022.0,-9.14,-586.0,-5.241,-436.0,-3.899,32.0,0.286,41.0,0.367
,2025-08-08 00:00:00+08:00,000567.XSHE,0.62,-950.0,-10.087,-760.0,-8.07,-190.0,-2.017,112.0,1.189,43.0,0.457
,2025-08-11 00:00:00+08:00,000567.XSHE,0.46,-908.0,-8.788,-684.0,-6.62,-224.0,-2.168,-301.0,-2.913,-42.0,-0.407
,2025-08-12 00:00:00+08:00,000567.XSHE,2.44,1198.0,5.173,1267.0,5.471,-69.0,-0.298,-133.0,-0.574,-32.0,-0.138
,2025-08-13 00:00:00+08:00,000567.XSHE,-0.15,-681.0,-3.543,132.0,0.687,-813.0,-4.23,-379.0,-1.972,-2.0,-0.01
,2025-08-14 00:00:00+08:00,000567.XSHE,-1.94,71.0,0.442,351.0,2.187,-280.0,-1.745,-143.0,-0.891,-12.0,-0.075
,2025-08-15 00:00:00+08:00,000567.XSHE,1.07,61.0,0.458,-244.0,-1.832,305.0,2.29,105.0,0.788,-140.0,-1.051
,2025-08-18 00:00:00+08:00,000567.XSHE,3.01,1483.0,5.134,1563.0,5.411,-80.0,-0.277,65.0,0.225,-64.0,-0.222
,2025-08-19 00:00:00+08:00,000567.XSHE,0.58,2074.0,8.082,2760.0,10.755,-686.0,-2.673,-79.0,-0.308,37.0,0.144
,2025-08-20 00:00:00+08:00,000567.XSHE,-0.44,-987.0,-5.707,-999.0,-5.776,12.0,0.069,-111.0,-0.642,-35.0,-0.202
,2025-08-21 00:00:00+08:00,000567.XSHE,-1.16,-285.0,-1.434,479.0,2.411,-764.0,-3.845,77.0,0.388,-36.0,-0.181
,2025-08-22 00:00:00+08:00,000567.XSHE,0.44,-34.0,-0.204,167.0,1.003,-201.0,-1.207,-414.0,-2.487,-58.0,-0.348
,2025-08-25 00:00:00+08:00,000567.XSHE,0.29,1188.0,5.744,854.0,4.129,334.0,1.615,-34.0,-0.164,-33.0,-0.16
,2025-08-26 00:00:00+08:00,000567.XSHE,-0.29,2823.0,12.866,2715.0,12.374,108.0,0.492,-61.0,-0.278,2.0,0.009
,2025-08-27 00:00:00+08:00,000567.XSHE,-3.81,-1173.0,-6.376,-509.0,-2.767,-664.0,-3.609,-431.0,-2.343,26.0,0.141
,2025-08-28 00:00:00+08:00,000567.XSHE,0.31,-208.0,-1.275,47.0,0.288,-255.0,-1.563,-71.0,-0.435,3.0,0.018
,2025-08-29 00:00:00+08:00,000567.XSHE,-1.67,-582.0,-5.23,-321.0,-2.884,-261.0,-2.345,-82.0,-0.737,-77.0,-0.692
,2025-09-01 00:00:00+08:00,000567.XSHE,0.15,-99.0,-1.088,152.0,1.67,-251.0,-2.758,-95.0,-1.044,35.0,0.385
,2025-09-02 00:00:00+08:00,000567.XSHE,-2.48,-607.0,-5.055,-292.0,-2.432,-315.0,-2.623,-80.0,-0.666,-11.0,-0.092
,2025-09-03 00:00:00+08:00,000567.XSHE,-2.38,-465.0,-5.866,36.0,0.454,-501.0,-6.32,-107.0,-1.35,-1.0,-0.013
,2025-09-04 00:00:00+08:00,000567.XSHE,1.63,-461.0,-3.983,-202.0,-1.745,-259.0,-2.238,-259.0,-2.238,27.0,0.233
,2025-09-05 00:00:00+08:00,000567.XSHE,2.4,334.0,3.486,184.0,1.92,150.0,1.566,-149.0,-1.555,-13.0,-0.136
,2025-09-08 00:00:00+08:00,000567.XSHE,-0.31,-577.0,-6.098,-214.0,-2.262,-363.0,-3.836,137.0,1.448,-38.0,-0.402
,2025-09-09 00:00:00+08:00,000567.XSHE,-0.94,-339.0,-5.824,-341.0,-5.858,2.0,0.034,243.0,4.175,-6.0,-0.103
,2025-09-10 00:00:00+08:00,000567.XSHE,0.16,-184.0,-3.767,114.0,2.334,-298.0,-6.102,-40.0,-0.819,-1.0,-0.02
,2025-09-11 00:00:00+08:00,000567.XSHE,2.37,1424.0,14.566,1353.0,13.84,71.0,0.726,-24.0,-0.245,-63.0,-0.644
,2025-09-12 00:00:00+08:00,000567.XSHE,1.7,1966.0,12.749,1802.0,11.685,164.0,1.063,62.0,0.402,43.0,0.279
,2025-09-15 00:00:00+08:00,000567.XSHE,0.0,741.0,7.224,215.0,2.096,526.0,5.128,117.0,1.141,2.0,0.019
,2025-09-16 00:00:00+08:00,000567.XSHE,2.13,1879.0,12.589,588.0,3.939,1291.0,8.649,-2.0,-0.013,-31.0,-0.208
,2025-09-17 00:00:00+08:00,000567.XSHE,-0.15,-550.0,-4.336,-253.0,-1.994,-297.0,-2.341,-80.0,-0.631,-72.0,-0.568
,2025-09-18 00:00:00+08:00,000567.XSHE,-1.79,431.0,2.5,197.0,1.142,234.0,1.357,-74.0,-0.429,-15.0,-0.087
,2025-09-19 00:00:00+08:00,000567.XSHE,-1.67,-506.0,-5.431,0.0,0.0,-506.0,-5.431,-208.0,-2.232,-40.0,-0.429
,2025-09-22 00:00:00+08:00,000567.XSHE,0.31,-16.0,-0.219,-175.0,-2.392,159.0,2.173,-58.0,-0.793,-32.0,-0.437
,2025-09-23 00:00:00+08:00,000567.XSHE,-3.53,-819.0,-7.172,-273.0,-2.391,-546.0,-4.781,-317.0,-2.776,12.0,0.105
,2025-09-24 00:00:00+08:00,000567.XSHE,1.27,520.0,8.962,230.0,3.964,290.0,4.998,-58.0,-1.0,8.0,0.138
,2025-09-25 00:00:00+08:00,000567.XSHE,-0.78,-203.0,-3.298,0.0,0.0,-203.0,-3.298,-74.0,-1.202,7.0,0.114
,2025-09-26 00:00:00+08:00,000567.XSHE,1.74,1030.0,9.086,798.0,7.04,232.0,2.047,127.0,1.12,10.0,0.088
,2025-09-29 00:00:00+08:00,000567.XSHE,2.02,419.0,3.52,721.0,6.056,-302.0,-2.537,192.0,1.613,28.0,0.235
,2025-09-30 00:00:00+08:00,000567.XSHE,1.37,1325.0,11.316,820.0,7.003,505.0,4.313,195.0,1.665,-45.0,-0.384
,2025-10-09 00:00:00+08:00,000567.XSHE,-1.35,-246.0,-2.244,-241.0,-2.198,-5.0,-0.046,-6.0,-0.055,-32.0,-0.292
,2025-10-10 00:00:00+08:00,000567.XSHE,3.05,3994.0,16.728,2902.0,12.154,1092.0,4.574,163.0,0.683,8.0,0.034
,2025-10-13 00:00:00+08:00,000567.XSHE,-1.33,-568.0,-3.836,-460.0,-3.107,-108.0,-0.729,-133.0,-0.898,0.0,0.0
,2025-10-14 00:00:00+08:00,000567.XSHE,1.65,2657.0,11.048,1935.0,8.046,722.0,3.002,-94.0,-0.391,115.0,0.478
,2025-10-15 00:00:00+08:00,000567.XSHE,0.0,-425.0,-3.381,-134.0,-1.066,-291.0,-2.315,-131.0,-1.042,-81.0,-0.644
,2025-10-16 00:00:00+08:00,000567.XSHE,4.87,7755.0,17.409,6594.0,14.803,1161.0,2.606,65.0,0.146,-144.0,-0.323
,2025-10-17 00:00:00+08:00,000567.XSHE,0.28,-5.0,-0.012,971.0,2.34,-976.0,-2.352,-245.0,-0.59,36.0,0.087
,2025-10-20 00:00:00+08:00,000567.XSHE,-0.28,2327.0,5.287,1724.0,3.917,603.0,1.37,21.0,0.048,-11.0,-0.025
,2025-10-21 00:00:00+08:00,000567.XSHE,2.53,2694.0,7.564,2529.0,7.101,165.0,0.463,-107.0,-0.3,-9.0,-0.025
,2025-10-22 00:00:00+08:00,000567.XSHE,-4.4,-3738.0,-13.712,-2260.0,-8.291,-1478.0,-5.422,233.0,0.855,-28.0,-0.103
,2025-10-23 00:00:00+08:00,000567.XSHE,-0.29,-738.0,-4.503,-332.0,-2.026,-406.0,-2.477,-259.0,-1.58,-19.0,-0.116
,2025-10-24 00:00:00+08:00,000567.XSHE,-1.59,-1689.0,-8.532,-715.0,-3.612,-974.0,-4.92,-210.0,-1.061,0.0,0.0
,2025-10-27 00:00:00+08:00,000567.XSHE,-0.15,-1499.0,-9.611,-783.0,-5.021,-716.0,-4.591,-11.0,-0.071,57.0,0.365
,2025-10-28 00:00:00+08:00,000567.XSHE,2.21,2113.0,11.044,1871.0,9.779,242.0,1.265,22.0,0.115,-61.0,-0.319
,2025-10-29 00:00:00+08:00,000567.XSHE,9.94,8050.0,27.948,7231.0,25.105,819.0,2.843,-36.0,-0.125,0.0,0.0
,2025-10-30 00:00:00+08:00,000567.XSHE,-4.19,-1677.0,-2.822,-2512.0,-4.227,835.0,1.405,-417.0,-0.702,40.0,0.067
,2025-10-31 00:00:00+08:00,000567.XSHE,2.46,-1606.0,-3.099,-2809.0,-5.42,1203.0,2.321,131.0,0.253,46.0,0.089
,2025-11-03 00:00:00+08:00,000567.XSHE,4.8,1767.0,2.454,1885.0,2.617,-118.0,-0.164,89.0,0.124,-33.0,-0.046
,2025-11-04 00:00:00+08:00,000567.XSHE,1.02,2906.0,4.907,3751.0,6.334,-845.0,-1.427,92.0,0.155,-60.0,-0.101
,2025-11-05 00:00:00+08:00,000567.XSHE,1.01,-1675.0,-2.382,-2073.0,-2.948,398.0,0.566,62.0,0.088,-25.0,-0.036
,2025-11-06 00:00:00+08:00,000567.XSHE,-3.61,-688.0,-1.076,-93.0,-0.145,-595.0,-0.931,-622.0,-0.973,-19.0,-0.03
,2025-11-07 00:00:00+08:00,000567.XSHE,1.94,-3501.0,-6.72,-3426.0,-6.576,-75.0,-0.144,-111.0,-0.213,-24.0,-0.046
,2025-11-10 00:00:00+08:00,000567.XSHE,-0.38,-154.0,-0.356,-634.0,-1.464,480.0,1.108,-180.0,-0.416,9.0,0.021
,2025-11-11 00:00:00+08:00,000567.XSHE,-1.53,719.0,2.505,1145.0,3.989,-426.0,-1.484,-80.0,-0.279,-45.0,-0.157
,2025-11-12 00:00:00+08:00,000567.XSHE,-1.69,-143.0,-0.689,350.0,1.687,-493.0,-2.376,-349.0,-1.682,-73.0,-0.352
,2025-11-13 00:00:00+08:00,000567.XSHE,0.13,-460.0,-2.509,-331.0,-1.805,-129.0,-0.704,-289.0,-1.576,3.0,0.016
,2025-11-14 00:00:00+08:00,000567.XSHE,3.97,4446.0,10.062,4757.0,10.766,-311.0,-0.704,-45.0,-0.102,-29.0,-0.066
,2025-11-17 00:00:00+08:00,000567.XSHE,2.17,-626.0,-1.661,65.0,0.172,-691.0,-1.834,483.0,1.282,5.0,0.013
,2025-11-18 00:00:00+08:00,000567.XSHE,-1.25,-3160.0,-9.856,-2543.0,-7.931,-617.0,-1.924,337.0,1.051,-18.0,-0.056
,2025-11-19 00:00:00+08:00,000567.XSHE,-5.7,-4401.0,-14.386,-1937.0,-6.332,-2464.0,-8.054,-235.0,-0.768,58.0,0.19
,2025-11-20 00:00:00+08:00,000567.XSHE,3.63,2318.0,7.963,2228.0,7.654,90.0,0.309,115.0,0.395,5.0,0.017
,2025-11-21 00:00:00+08:00,000567.XSHE,-2.6,-264.0,-0.807,589.0,1.801,-853.0,-2.608,-27.0,-0.083,-11.0,-0.034
,2025-11-24 00:00:00+08:00,000567.XSHE,-3.73,-3588.0,-10.366,-1359.0,-3.926,-2229.0,-6.44,-488.0,-1.41,0.0,0.0
,2025-11-25 00:00:00+08:00,000567.XSHE,4.16,2936.0,10.233,1283.0,4.472,1653.0,5.761,-268.0,-0.934,-133.0,-0.464
,2025-11-26 00:00:00+08:00,000567.XSHE,2.39,6007.0,14.08,5728.0,13.426,279.0,0.654,-119.0,-0.279,61.0,0.143
,2025-11-27 00:00:00+08:00,000567.XSHE,-2.86,-769.0,-3.149,-1085.0,-4.443,316.0,1.294,-119.0,-0.487,-54.0,-0.221
,2025-11-28 00:00:00+08:00,000567.XSHE,2.94,2913.0,10.805,2251.0,8.35,662.0,2.456,274.0,1.016,-70.0,-0.26
,2025-12-01 00:00:00+08:00,000567.XSHE,-9.97,1775.0,8.558,1692.0,8.158,83.0,0.4,0.0,0.0,0.0,0.0
,2025-12-02 00:00:00+08:00,000567.XSHE,-4.6,-7605.0,-13.77,-5859.0,-10.608,-1746.0,-3.161,-18.0,-0.033,123.0,0.223
,2025-12-03 00:00:00+08:00,000567.XSHE,3.32,7532.0,15.731,8743.0,18.261,-1211.0,-2.529,-396.0,-0.827,-50.0,-0.104
,2025-12-04 00:00:00+08:00,000567.XSHE,-4.7,-3492.0,-12.412,-2315.0,-8.228,-1177.0,-4.184,-37.0,-0.132,36.0,0.128
,2025-12-05 00:00:00+08:00,000567.XSHE,1.39,-135.0,-0.585,-569.0,-2.466,434.0,1.881,44.0,0.191,-63.0,-0.273
,2025-12-08 00:00:00+08:00,000567.XSHE,1.52,330.0,1.346,137.0,0.559,193.0,0.787,483.0,1.97,8.0,0.033
,2025-12-09 00:00:00+08:00,000567.XSHE,-5.4,-2864.0,-10.424,-2590.0,-9.427,-274.0,-0.997,-319.0,-1.161,-34.0,-0.124
,2025-12-10 00:00:00+08:00,000567.XSHE,9.98,15493.0,32.455,14883.0,31.177,610.0,1.278,-470.0,-0.985,217.0,0.455
,2025-12-11 00:00:00+08:00,000567.XSHE,-1.3,-3480.0,-6.632,-2021.0,-3.852,-1459.0,-2.781,253.0,0.482,123.0,0.234
,2025-12-12 00:00:00+08:00,000567.XSHE,-1.91,-1021.0,-4.067,-891.0,-3.55,-130.0,-0.518,-149.0,-0.594,0.0,0.0
,2025-12-15 00:00:00+08:00,000567.XSHE,-1.94,-1017.0,-5.652,-550.0,-3.057,-467.0,-2.595,157.0,0.873,24.0,0.133
,2025-12-16 00:00:00+08:00,000567.XSHE,-2.74,-2050.0,-9.866,-934.0,-4.495,-1116.0,-5.371,-368.0,-1.771,-21.0,-0.101
,2025-12-17 00:00:00+08:00,000567.XSHE,-3.92,-2484.0,-9.515,-755.0,-2.892,-1729.0,-6.623,-156.0,-0.598,-4.0,-0.015
,2025-12-18 00:00:00+08:00,000567.XSHE,-2.78,-1311.0,-6.908,-325.0,-1.713,-986.0,-5.195,-47.0,-0.248,41.0,0.216
,2025-12-19 00:00:00+08:00,000567.XSHE,4.54,1582.0,5.552,1116.0,3.916,466.0,1.635,-75.0,-0.263,-9.0,-0.032
,2025-12-22 00:00:00+08:00,000567.XSHE,9.95,8422.0,23.286,8177.0,22.609,245.0,0.677,-94.0,-0.26,6.0,0.017
,2025-12-23 00:00:00+08:00,000567.XSHE,0.88,1664.0,2.229,2046.0,2.741,-382.0,-0.512,-201.0,-0.269,-14.0,-0.019
,2025-12-24 00:00:00+08:00,000567.XSHE,-1.16,2711.0,6.553,1575.0,3.807,1136.0,2.746,41.0,0.099,-153.0,-0.37
,2025-12-25 00:00:00+08:00,000567.XSHE,-3.08,748.0,2.924,751.0,2.935,-3.0,-0.012,-405.0,-1.583,2.0,0.008
,2025-01-02 00:00:00+08:00,000571.XSHE,-4.27,-243.0,-4.401,0.0,0.0,-243.0,-4.401,48.0,0.869,-12.0,-0.217
,2025-01-03 00:00:00+08:00,000571.XSHE,2.99,1259.0,10.112,1003.0,8.056,256.0,2.056,-331.0,-2.658,-14.0,-0.112
,2025-01-06 00:00:00+08:00,000571.XSHE,-4.36,545.0,6.189,17.0,0.193,528.0,5.996,404.0,4.588,-71.0,-0.806
,2025-01-07 00:00:00+08:00,000571.XSHE,0.3,-269.0,-5.371,0.0,0.0,-269.0,-5.371,224.0,4.473,-10.0,-0.2
,2025-01-08 00:00:00+08:00,000571.XSHE,4.23,96.0,1.312,371.0,5.071,-275.0,-3.759,81.0,1.107,91.0,1.244
,2025-01-09 00:00:00+08:00,000571.XSHE,2.33,912.0,13.941,207.0,3.164,705.0,10.777,-49.0,-0.749,-56.0,-0.856
,2025-01-10 00:00:00+08:00,000571.XSHE,-5.11,-505.0,-10.973,-488.0,-10.604,-17.0,-0.369,76.0,1.651,-55.0,-1.195
,2025-01-13 00:00:00+08:00,000571.XSHE,3.0,463.0,16.571,124.0,4.438,339.0,12.133,14.0,0.501,51.0,1.825
,2025-01-14 00:00:00+08:00,000571.XSHE,2.03,228.0,5.072,2.0,0.044,226.0,5.028,74.0,1.646,-27.0,-0.601
,2025-01-15 00:00:00+08:00,000571.XSHE,-2.55,139.0,3.142,30.0,0.678,109.0,2.464,31.0,0.701,5.0,0.113
,2025-01-16 00:00:00+08:00,000571.XSHE,0.29,-45.0,-1.565,0.0,0.0,-45.0,-1.565,-91.0,-3.164,2.0,0.07
,2025-01-17 00:00:00+08:00,000571.XSHE,0.29,288.0,10.066,180.0,6.292,108.0,3.775,5.0,0.175,-33.0,-1.153
,2025-01-20 00:00:00+08:00,000571.XSHE,1.16,578.0,13.951,216.0,5.214,362.0,8.738,285.0,6.879,-57.0,-1.376
,2025-01-21 00:00:00+08:00,000571.XSHE,0.0,176.0,5.807,104.0,3.431,72.0,2.375,-21.0,-0.693,-34.0,-1.122
,2025-01-22 00:00:00+08:00,000571.XSHE,0.29,-5.0,-0.145,-2.0,-0.058,-3.0,-0.087,-75.0,-2.178,-65.0,-1.887
,2025-01-23 00:00:00+08:00,000571.XSHE,-0.57,-156.0,-3.551,18.0,0.41,-174.0,-3.961,116.0,2.641,15.0,0.341
,2025-01-24 00:00:00+08:00,000571.XSHE,-2.31,-146.0,-4.726,103.0,3.334,-249.0,-8.061,92.0,2.978,-28.0,-0.906
,2025-01-27 00:00:00+08:00,000571.XSHE,2.65,1223.0,14.594,549.0,6.551,674.0,8.043,44.0,0.525,-46.0,-0.549
,2025-02-05 00:00:00+08:00,000571.XSHE,0.86,-105.0,-2.377,-19.0,-0.43,-86.0,-1.947,33.0,0.747,42.0,0.951
,2025-02-06 00:00:00+08:00,000571.XSHE,1.14,314.0,6.484,341.0,7.041,-27.0,-0.558,-6.0,-0.124,-7.0,-0.145
,2025-02-07 00:00:00+08:00,000571.XSHE,-1.41,-664.0,-10.631,-487.0,-7.797,-177.0,-2.834,38.0,0.608,-9.0,-0.144
,2025-02-10 00:00:00+08:00,000571.XSHE,4.27,1787.0,20.573,875.0,10.074,912.0,10.5,163.0,1.877,19.0,0.219
,2025-02-11 00:00:00+08:00,000571.XSHE,1.91,471.0,6.763,-25.0,-0.359,496.0,7.122,-125.0,-1.795,-76.0,-1.091
,2025-02-12 00:00:00+08:00,000571.XSHE,-1.87,-687.0,-15.564,-409.0,-9.266,-278.0,-6.298,-47.0,-1.065,27.0,0.612
,2025-02-13 00:00:00+08:00,000571.XSHE,0.54,344.0,10.238,345.0,10.268,-1.0,-0.03,92.0,2.738,32.0,0.952
,2025-02-14 00:00:00+08:00,000571.XSHE,-0.54,68.0,2.076,0.0,0.0,68.0,2.076,15.0,0.458,4.0,0.122
,2025-02-17 00:00:00+08:00,000571.XSHE,2.99,1456.0,21.898,1013.0,15.235,443.0,6.663,93.0,1.399,-49.0,-0.737
,2025-02-18 00:00:00+08:00,000571.XSHE,-2.89,-69.0,-0.99,-31.0,-0.445,-38.0,-0.545,-63.0,-0.904,4.0,0.057
,2025-02-19 00:00:00+08:00,000571.XSHE,0.81,-167.0,-4.153,-184.0,-4.576,17.0,0.423,87.0,2.164,15.0,0.373
,2025-02-20 00:00:00+08:00,000571.XSHE,0.0,257.0,9.185,-11.0,-0.393,268.0,9.578,60.0,2.144,0.0,0.0
,2025-02-21 00:00:00+08:00,000571.XSHE,-0.8,-32.0,-0.939,-327.0,-9.595,295.0,8.656,-68.0,-1.995,-25.0,-0.734
,2025-02-24 00:00:00+08:00,000571.XSHE,-0.54,-58.0,-1.596,-14.0,-0.385,-44.0,-1.21,64.0,1.761,8.0,0.22
,2025-02-25 00:00:00+08:00,000571.XSHE,0.82,256.0,4.789,446.0,8.343,-190.0,-3.554,-72.0,-1.347,8.0,0.15
,2025-02-26 00:00:00+08:00,000571.XSHE,0.81,645.0,13.107,220.0,4.471,425.0,8.636,83.0,1.687,-78.0,-1.585
,2025-02-27 00:00:00+08:00,000571.XSHE,4.29,1669.0,16.02,1395.0,13.39,274.0,2.63,-51.0,-0.49,5.0,0.048
,2025-02-28 00:00:00+08:00,000571.XSHE,-2.56,-330.0,-5.164,0.0,0.0,-330.0,-5.164,155.0,2.425,-73.0,-1.142
,2025-03-03 00:00:00+08:00,000571.XSHE,0.26,-234.0,-4.206,-26.0,-0.467,-208.0,-3.739,57.0,1.025,-8.0,-0.144
,2025-03-04 00:00:00+08:00,000571.XSHE,-1.31,-724.0,-21.004,-464.0,-13.461,-260.0,-7.543,56.0,1.625,-38.0,-1.102
,2025-03-05 00:00:00+08:00,000571.XSHE,-1.58,-443.0,-10.198,0.0,0.0,-443.0,-10.198,-169.0,-3.89,5.0,0.115
,2025-03-06 00:00:00+08:00,000571.XSHE,4.53,2096.0,18.201,933.0,8.102,1163.0,10.099,11.0,0.096,-33.0,-0.287
,2025-03-07 00:00:00+08:00,000571.XSHE,0.51,443.0,5.628,333.0,4.231,110.0,1.398,28.0,0.356,-27.0,-0.343
,2025-03-10 00:00:00+08:00,000571.XSHE,-0.76,-490.0,-9.771,-111.0,-2.213,-379.0,-7.557,-19.0,-0.379,-7.0,-0.14
,2025-03-11 00:00:00+08:00,000571.XSHE,0.77,-160.0,-1.847,469.0,5.415,-629.0,-7.262,-116.0,-1.339,0.0,0.0
,2025-03-12 00:00:00+08:00,000571.XSHE,-0.76,-230.0,-4.52,-226.0,-4.442,-4.0,-0.079,-108.0,-2.123,-32.0,-0.629
,2025-03-13 00:00:00+08:00,000571.XSHE,1.28,963.0,12.924,656.0,8.804,307.0,4.12,-149.0,-2.0,-43.0,-0.577
,2025-03-14 00:00:00+08:00,000571.XSHE,-0.25,25.0,0.445,35.0,0.624,-10.0,-0.178,144.0,2.566,15.0,0.267
,2025-03-17 00:00:00+08:00,000571.XSHE,-0.25,178.0,5.28,94.0,2.788,84.0,2.492,-88.0,-2.611,-7.0,-0.208
,2025-03-18 00:00:00+08:00,000571.XSHE,0.25,183.0,3.832,63.0,1.319,120.0,2.513,161.0,3.371,7.0,0.147
,2025-03-19 00:00:00+08:00,000571.XSHE,8.61,4837.0,19.972,4102.0,16.937,735.0,3.035,-39.0,-0.161,-23.0,-0.095
,2025-03-20 00:00:00+08:00,000571.XSHE,3.51,2296.0,11.074,1741.0,8.397,555.0,2.677,-86.0,-0.415,-14.0,-0.068
,2025-03-21 00:00:00+08:00,000571.XSHE,10.0,3229.0,15.884,2497.0,12.283,732.0,3.601,55.0,0.271,-33.0,-0.162
,2025-03-24 00:00:00+08:00,000571.XSHE,0.62,1154.0,2.074,1399.0,2.514,-245.0,-0.44,-141.0,-0.253,17.0,0.031
,2025-03-25 00:00:00+08:00,000571.XSHE,3.08,1925.0,4.981,866.0,2.241,1059.0,2.74,-311.0,-0.805,-42.0,-0.109
,2025-03-26 00:00:00+08:00,000571.XSHE,-7.77,-586.0,-2.04,-712.0,-2.478,126.0,0.439,-93.0,-0.324,-87.0,-0.303
,2025-03-27 00:00:00+08:00,000571.XSHE,-1.08,-497.0,-2.959,180.0,1.072,-677.0,-4.03,38.0,0.226,-94.0,-0.56
,2025-03-28 00:00:00+08:00,000571.XSHE,-1.31,-435.0,-3.185,198.0,1.45,-633.0,-4.634,107.0,0.783,-13.0,-0.095
,2025-03-31 00:00:00+08:00,000571.XSHE,-1.55,81.0,0.599,110.0,0.813,-29.0,-0.214,300.0,2.217,52.0,0.384
,2025-04-01 00:00:00+08:00,000571.XSHE,-0.45,-312.0,-3.147,-84.0,-0.847,-228.0,-2.3,-192.0,-1.937,-94.0,-0.948
,2025-04-02 00:00:00+08:00,000571.XSHE,-0.91,-62.0,-0.673,49.0,0.532,-111.0,-1.206,-33.0,-0.358,-50.0,-0.543
,2025-04-03 00:00:00+08:00,000571.XSHE,-2.74,-954.0,-12.929,-510.0,-6.912,-444.0,-6.017,-57.0,-0.772,-14.0,-0.19
,2025-04-07 00:00:00+08:00,000571.XSHE,-10.09,-998.0,-12.956,-847.0,-10.996,-151.0,-1.96,-141.0,-1.83,26.0,0.338
,2025-04-08 00:00:00+08:00,000571.XSHE,-5.48,475.0,4.15,208.0,1.817,267.0,2.333,59.0,0.515,58.0,0.507
,2025-04-09 00:00:00+08:00,000571.XSHE,4.71,337.0,3.025,-179.0,-1.607,516.0,4.631,103.0,0.924,-91.0,-0.817
,2025-04-10 00:00:00+08:00,000571.XSHE,2.12,-12.0,-0.13,-22.0,-0.239,10.0,0.108,65.0,0.705,-95.0,-1.031
,2025-04-11 00:00:00+08:00,000571.XSHE,2.6,1007.0,12.342,935.0,11.46,72.0,0.882,-21.0,-0.257,-22.0,-0.27
,2025-04-14 00:00:00+08:00,000571.XSHE,5.58,-222.0,-2.195,160.0,1.582,-382.0,-3.777,-91.0,-0.9,-8.0,-0.079
,2025-04-15 00:00:00+08:00,000571.XSHE,0.0,-253.0,-4.023,-132.0,-2.099,-121.0,-1.924,-12.0,-0.191,-46.0,-0.731
,2025-04-16 00:00:00+08:00,000571.XSHE,-1.45,-265.0,-3.34,36.0,0.454,-301.0,-3.794,233.0,2.937,9.0,0.113
,2025-04-17 00:00:00+08:00,000571.XSHE,2.43,1692.0,17.598,799.0,8.31,893.0,9.288,-9.0,-0.094,32.0,0.333
,2025-04-18 00:00:00+08:00,000571.XSHE,-2.37,-168.0,-2.549,79.0,1.199,-247.0,-3.748,-177.0,-2.686,-9.0,-0.137
,2025-04-21 00:00:00+08:00,000571.XSHE,0.73,384.0,6.595,212.0,3.641,172.0,2.954,-102.0,-1.752,3.0,0.052
,2025-04-22 00:00:00+08:00,000571.XSHE,-0.48,-650.0,-10.644,180.0,2.947,-830.0,-13.591,-148.0,-2.423,0.0,0.0
,2025-04-23 00:00:00+08:00,000571.XSHE,-0.24,-61.0,-0.846,497.0,6.889,-558.0,-7.735,-153.0,-2.121,-32.0,-0.444
,2025-04-24 00:00:00+08:00,000571.XSHE,-2.17,-774.0,-13.468,-304.0,-5.29,-470.0,-8.178,42.0,0.731,7.0,0.122
,2025-04-25 00:00:00+08:00,000571.XSHE,-0.25,-356.0,-5.79,-419.0,-6.814,63.0,1.025,218.0,3.545,-2.0,-0.033
,2025-04-28 00:00:00+08:00,000571.XSHE,-0.49,-57.0,-1.488,-214.0,-5.586,157.0,4.098,-102.0,-2.662,-53.0,-1.383
,2025-04-29 00:00:00+08:00,000571.XSHE,6.72,3095.0,22.253,1573.0,11.31,1522.0,10.943,-155.0,-1.114,27.0,0.194
,2025-04-30 00:00:00+08:00,000571.XSHE,0.47,402.0,5.371,241.0,3.22,161.0,2.151,162.0,2.164,26.0,0.347
,2025-05-06 00:00:00+08:00,000571.XSHE,1.62,117.0,1.23,-87.0,-0.915,204.0,2.145,-32.0,-0.336,-24.0,-0.252
,2025-05-07 00:00:00+08:00,000571.XSHE,3.2,37.0,0.425,4.0,0.046,33.0,0.379,20.0,0.23,-5.0,-0.057
,2025-05-08 00:00:00+08:00,000571.XSHE,1.55,853.0,9.11,452.0,4.828,401.0,4.283,12.0,0.128,-71.0,-0.758
,2025-05-09 00:00:00+08:00,000571.XSHE,-3.48,181.0,1.945,5.0,0.054,176.0,1.891,-67.0,-0.72,9.0,0.097
,2025-05-12 00:00:00+08:00,000571.XSHE,4.27,2258.0,15.694,1323.0,9.195,935.0,6.498,-72.0,-0.5,-39.0,-0.271
,2025-05-13 00:00:00+08:00,000571.XSHE,1.29,495.0,5.076,380.0,3.897,115.0,1.179,117.0,1.2,21.0,0.215
,2025-05-14 00:00:00+08:00,000571.XSHE,-2.32,-723.0,-6.719,-477.0,-4.433,-246.0,-2.286,21.0,0.195,46.0,0.427
,2025-05-15 00:00:00+08:00,000571.XSHE,1.72,1155.0,11.573,904.0,9.058,251.0,2.515,-39.0,-0.391,-32.0,-0.321
,2025-05-16 00:00:00+08:00,000571.XSHE,-0.42,380.0,3.918,473.0,4.877,-93.0,-0.959,-119.0,-1.227,35.0,0.361
,2025-05-19 00:00:00+08:00,000571.XSHE,-1.89,-601.0,-7.156,43.0,0.512,-644.0,-7.668,7.0,0.083,4.0,0.048
,2025-05-20 00:00:00+08:00,000571.XSHE,-1.29,-785.0,-8.022,-581.0,-5.938,-204.0,-2.085,-77.0,-0.787,-27.0,-0.276
,2025-05-21 00:00:00+08:00,000571.XSHE,0.22,274.0,4.028,570.0,8.38,-296.0,-4.352,-148.0,-2.176,9.0,0.132
,2025-05-22 00:00:00+08:00,000571.XSHE,-2.82,-366.0,-5.192,-139.0,-1.972,-227.0,-3.22,-153.0,-2.171,-19.0,-0.27
,2025-05-23 00:00:00+08:00,000571.XSHE,-1.56,-258.0,-3.564,104.0,1.436,-362.0,-5.0,-15.0,-0.207,0.0,0.0
,2025-05-26 00:00:00+08:00,000571.XSHE,3.85,1183.0,18.267,805.0,12.431,378.0,5.837,92.0,1.421,42.0,0.649
,2025-05-27 00:00:00+08:00,000571.XSHE,-1.96,-538.0,-10.86,-91.0,-1.837,-447.0,-9.023,-9.0,-0.182,14.0,0.283
,2025-05-28 00:00:00+08:00,000571.XSHE,0.67,439.0,10.235,354.0,8.254,85.0,1.982,-77.0,-1.795,14.0,0.326
,2025-05-29 00:00:00+08:00,000571.XSHE,2.42,395.0,6.526,468.0,7.732,-73.0,-1.206,-42.0,-0.694,-9.0,-0.149
,2025-05-30 00:00:00+08:00,000571.XSHE,-1.93,-457.0,-4.163,18.0,0.164,-475.0,-4.327,64.0,0.583,27.0,0.246
,2025-06-03 00:00:00+08:00,000571.XSHE,-1.09,128.0,1.747,208.0,2.839,-80.0,-1.092,-20.0,-0.273,15.0,0.205
,2025-06-04 00:00:00+08:00,000571.XSHE,1.77,692.0,12.529,653.0,11.823,39.0,0.706,72.0,1.304,-52.0,-0.942
,2025-06-05 00:00:00+08:00,000571.XSHE,-1.74,-570.0,-11.697,-165.0,-3.386,-405.0,-8.311,32.0,0.657,-1.0,-0.021
,2025-06-06 00:00:00+08:00,000571.XSHE,0.44,-24.0,-0.367,9.0,0.138,-33.0,-0.505,-42.0,-0.643,19.0,0.291
,2025-06-09 00:00:00+08:00,000571.XSHE,2.21,488.0,9.055,229.0,4.249,259.0,4.806,-204.0,-3.785,-89.0,-1.652
,2025-06-10 00:00:00+08:00,000571.XSHE,-0.65,-168.0,-2.968,-18.0,-0.318,-150.0,-2.65,-40.0,-0.707,83.0,1.466
,2025-06-11 00:00:00+08:00,000571.XSHE,1.09,382.0,7.728,281.0,5.685,101.0,2.043,-50.0,-1.012,-33.0,-0.668
,2025-06-12 00:00:00+08:00,000571.XSHE,0.22,482.0,8.596,299.0,5.333,183.0,3.264,0.0,0.0,10.0,0.178
,2025-06-13 00:00:00+08:00,000571.XSHE,-2.58,-513.0,-9.589,-117.0,-2.187,-396.0,-7.402,125.0,2.336,-26.0,-0.486
,2025-06-16 00:00:00+08:00,000571.XSHE,0.88,653.0,10.59,529.0,8.579,124.0,2.011,-78.0,-1.265,-10.0,-0.162
,2025-06-17 00:00:00+08:00,000571.XSHE,-0.44,-788.0,-15.044,-483.0,-9.221,-305.0,-5.823,57.0,1.088,35.0,0.668
,2025-06-18 00:00:00+08:00,000571.XSHE,-1.32,-41.0,-1.218,-135.0,-4.01,94.0,2.792,111.0,3.297,10.0,0.297
,2025-06-19 00:00:00+08:00,000571.XSHE,-2.22,219.0,4.149,116.0,2.198,103.0,1.951,227.0,4.301,28.0,0.531
,2025-06-20 00:00:00+08:00,000571.XSHE,2.27,570.0,9.132,641.0,10.269,-71.0,-1.137,50.0,0.801,17.0,0.272
,2025-06-23 00:00:00+08:00,000571.XSHE,-0.67,-87.0,-2.327,95.0,2.541,-182.0,-4.869,18.0,0.482,35.0,0.936
,2025-06-24 00:00:00+08:00,000571.XSHE,1.12,1146.0,18.877,943.0,15.533,203.0,3.344,122.0,2.01,6.0,0.099
,2025-06-25 00:00:00+08:00,000571.XSHE,2.87,1855.0,21.159,1103.0,12.581,752.0,8.578,-23.0,-0.262,-5.0,-0.057
,2025-06-26 00:00:00+08:00,000571.XSHE,-2.79,-895.0,-12.481,-832.0,-11.602,-63.0,-0.879,61.0,0.851,-16.0,-0.223
,2025-06-27 00:00:00+08:00,000571.XSHE,-0.44,-56.0,-1.025,20.0,0.366,-76.0,-1.391,-30.0,-0.549,-4.0,-0.073
,2025-06-30 00:00:00+08:00,000571.XSHE,0.44,-195.0,-3.736,206.0,3.946,-401.0,-7.682,-32.0,-0.613,43.0,0.824
,2025-07-01 00:00:00+08:00,000571.XSHE,-0.44,304.0,6.062,300.0,5.982,4.0,0.08,-49.0,-0.977,22.0,0.439
,2025-07-02 00:00:00+08:00,000571.XSHE,-0.22,41.0,1.056,-101.0,-2.601,142.0,3.657,-23.0,-0.592,5.0,0.129
,2025-07-03 00:00:00+08:00,000571.XSHE,0.22,531.0,11.459,449.0,9.689,82.0,1.77,-88.0,-1.899,-16.0,-0.345
,2025-07-04 00:00:00+08:00,000571.XSHE,-1.78,-1322.0,-24.266,-796.0,-14.611,-526.0,-9.655,155.0,2.845,51.0,0.936
,2025-07-07 00:00:00+08:00,000571.XSHE,1.58,559.0,12.979,167.0,3.877,392.0,9.101,-72.0,-1.672,10.0,0.232
,2025-07-08 00:00:00+08:00,000571.XSHE,2.67,1825.0,19.787,1719.0,18.638,106.0,1.149,41.0,0.445,-60.0,-0.651
,2025-07-09 00:00:00+08:00,000571.XSHE,-2.17,-652.0,-11.909,-275.0,-5.023,-377.0,-6.886,-133.0,-2.429,-14.0,-0.256
,2025-07-10 00:00:00+08:00,000571.XSHE,1.11,463.0,8.457,222.0,4.055,241.0,4.402,31.0,0.566,18.0,0.329
,2025-07-11 00:00:00+08:00,000571.XSHE,-1.53,-1072.0,-17.831,-887.0,-14.754,-185.0,-3.077,-48.0,-0.798,-21.0,-0.349
,2025-07-14 00:00:00+08:00,000571.XSHE,-0.44,-603.0,-12.901,-287.0,-6.14,-316.0,-6.761,-122.0,-2.61,34.0,0.727
,2025-07-15 00:00:00+08:00,000571.XSHE,1.11,-18.0,-0.203,122.0,1.378,-140.0,-1.581,48.0,0.542,-37.0,-0.418
,2025-07-16 00:00:00+08:00,000571.XSHE,3.3,2870.0,22.018,2399.0,18.404,471.0,3.613,132.0,1.013,-3.0,-0.023
,2025-07-17 00:00:00+08:00,000571.XSHE,0.85,378.0,5.815,287.0,4.415,91.0,1.4,52.0,0.8,-31.0,-0.477
,2025-07-18 00:00:00+08:00,000571.XSHE,-0.63,406.0,7.925,119.0,2.323,287.0,5.602,1.0,0.02,-5.0,-0.098
,2025-07-21 00:00:00+08:00,000571.XSHE,2.54,329.0,3.385,-308.0,-3.169,637.0,6.555,-65.0,-0.669,-3.0,-0.031
,2025-07-22 00:00:00+08:00,000571.XSHE,1.24,542.0,4.705,-92.0,-0.799,634.0,5.503,-286.0,-2.483,1.0,0.009
,2025-07-23 00:00:00+08:00,000571.XSHE,-4.07,-631.0,-6.564,-403.0,-4.192,-228.0,-2.372,35.0,0.364,-58.0,-0.603
,2025-07-24 00:00:00+08:00,000571.XSHE,7.56,1265.0,3.376,1677.0,4.475,-412.0,-1.099,-32.0,-0.085,37.0,0.099
,2025-07-25 00:00:00+08:00,000571.XSHE,-6.25,-709.0,-2.984,-232.0,-0.976,-477.0,-2.008,327.0,1.376,6.0,0.025
,2025-07-28 00:00:00+08:00,000571.XSHE,-0.83,556.0,5.369,482.0,4.654,74.0,0.715,-137.0,-1.323,14.0,0.135
,2025-07-29 00:00:00+08:00,000571.XSHE,-0.84,251.0,3.5,420.0,5.856,-169.0,-2.356,158.0,2.203,32.0,0.446
,2025-07-30 00:00:00+08:00,000571.XSHE,-0.42,-470.0,-7.537,-294.0,-4.715,-176.0,-2.822,64.0,1.026,19.0,0.305
,2025-07-31 00:00:00+08:00,000571.XSHE,-3.21,-92.0,-1.017,-171.0,-1.89,79.0,0.873,-113.0,-1.249,-46.0,-0.509
,2025-08-01 00:00:00+08:00,000571.XSHE,0.22,-695.0,-14.828,0.0,0.0,-695.0,-14.828,-167.0,-3.563,4.0,0.085
,2025-08-04 00:00:00+08:00,000571.XSHE,2.43,1553.0,20.712,982.0,13.097,571.0,7.615,65.0,0.867,11.0,0.147
,2025-08-05 00:00:00+08:00,000571.XSHE,4.11,2240.0,18.726,1818.0,15.198,422.0,3.528,-46.0,-0.385,-25.0,-0.209
,2025-08-06 00:00:00+08:00,000571.XSHE,-1.46,-537.0,-9.424,-387.0,-6.792,-150.0,-2.633,-192.0,-3.37,6.0,0.105
,2025-08-07 00:00:00+08:00,000571.XSHE,-0.84,568.0,10.262,305.0,5.51,263.0,4.752,-6.0,-0.108,-20.0,-0.361
,2025-08-08 00:00:00+08:00,000571.XSHE,-0.21,202.0,4.559,303.0,6.838,-101.0,-2.279,-56.0,-1.264,-14.0,-0.316
,2025-08-11 00:00:00+08:00,000571.XSHE,-0.21,-130.0,-2.629,195.0,3.944,-325.0,-6.574,-140.0,-2.832,21.0,0.425
,2025-08-12 00:00:00+08:00,000571.XSHE,0.0,-246.0,-4.979,99.0,2.004,-345.0,-6.982,32.0,0.648,-16.0,-0.324
,2025-08-13 00:00:00+08:00,000571.XSHE,-0.86,25.0,0.384,0.0,0.0,25.0,0.384,-18.0,-0.276,-12.0,-0.184
,2025-08-14 00:00:00+08:00,000571.XSHE,-1.52,-232.0,-3.133,-139.0,-1.877,-93.0,-1.256,202.0,2.728,19.0,0.257
,2025-08-15 00:00:00+08:00,000571.XSHE,-0.88,-1293.0,-20.701,-415.0,-6.644,-878.0,-14.057,-266.0,-4.259,-12.0,-0.192
,2025-08-18 00:00:00+08:00,000571.XSHE,-1.11,-935.0,-12.702,-329.0,-4.47,-606.0,-8.233,24.0,0.326,-1.0,-0.014
,2025-08-19 00:00:00+08:00,000571.XSHE,2.03,615.0,8.774,616.0,8.789,-1.0,-0.014,98.0,1.398,-43.0,-0.613
,2025-08-20 00:00:00+08:00,000571.XSHE,-0.22,-280.0,-7.939,-101.0,-2.864,-179.0,-5.075,69.0,1.956,-44.0,-1.248
,2025-08-21 00:00:00+08:00,000571.XSHE,-0.66,-323.0,-7.776,125.0,3.009,-448.0,-10.785,-62.0,-1.493,-30.0,-0.722
,2025-08-22 00:00:00+08:00,000571.XSHE,-0.66,-50.0,-0.676,-307.0,-4.15,257.0,3.474,-71.0,-0.96,47.0,0.635
,2025-08-25 00:00:00+08:00,000571.XSHE,-1.11,-776.0,-10.729,-293.0,-4.051,-483.0,-6.678,-162.0,-2.24,7.0,0.097
,2025-08-26 00:00:00+08:00,000571.XSHE,0.0,-224.0,-4.227,-92.0,-1.736,-132.0,-2.491,-21.0,-0.396,-32.0,-0.604
,2025-08-27 00:00:00+08:00,000571.XSHE,1.12,2134.0,15.641,1153.0,8.451,981.0,7.19,-67.0,-0.491,-74.0,-0.542
,2025-08-28 00:00:00+08:00,000571.XSHE,2.89,2243.0,19.844,1808.0,15.996,435.0,3.849,360.0,3.185,-1.0,-0.009
,2025-08-29 00:00:00+08:00,000571.XSHE,-2.16,-1422.0,-13.672,-898.0,-8.634,-524.0,-5.038,-22.0,-0.212,-22.0,-0.212
,2025-09-01 00:00:00+08:00,000571.XSHE,4.85,2726.0,14.749,1714.0,9.274,1012.0,5.476,75.0,0.406,-32.0,-0.173
,2025-09-02 00:00:00+08:00,000571.XSHE,-0.84,-724.0,-6.314,-449.0,-3.916,-275.0,-2.398,-21.0,-0.183,-30.0,-0.262
,2025-09-03 00:00:00+08:00,000571.XSHE,-3.18,-975.0,-12.888,-455.0,-6.015,-520.0,-6.874,-28.0,-0.37,-59.0,-0.78
,2025-09-04 00:00:00+08:00,000571.XSHE,0.0,-180.0,-3.083,0.0,0.0,-180.0,-3.083,-27.0,-0.462,-17.0,-0.291
,2025-09-05 00:00:00+08:00,000571.XSHE,0.66,-678.0,-9.505,-208.0,-2.916,-470.0,-6.589,58.0,0.813,34.0,0.477
,2025-09-08 00:00:00+08:00,000571.XSHE,6.93,2554.0,13.582,2023.0,10.758,531.0,2.824,48.0,0.255,-138.0,-0.734
,2025-09-09 00:00:00+08:00,000571.XSHE,1.21,101.0,0.671,207.0,1.375,-106.0,-0.704,-82.0,-0.545,-21.0,-0.14
,2025-09-10 00:00:00+08:00,000571.XSHE,1.0,-531.0,-3.327,-903.0,-5.658,372.0,2.331,7.0,0.044,42.0,0.263
,2025-09-11 00:00:00+08:00,000571.XSHE,2.56,672.0,4.54,247.0,1.669,425.0,2.871,13.0,0.088,-56.0,-0.378
,2025-09-12 00:00:00+08:00,000571.XSHE,-2.3,-167.0,-1.788,-274.0,-2.933,107.0,1.145,165.0,1.766,-6.0,-0.064
,2025-09-15 00:00:00+08:00,000571.XSHE,-3.73,-2284.0,-16.97,-1496.0,-11.115,-788.0,-5.855,-32.0,-0.238,-53.0,-0.394
,2025-09-16 00:00:00+08:00,000571.XSHE,1.22,302.0,3.307,263.0,2.88,39.0,0.427,-45.0,-0.493,1.0,0.011
,2025-09-17 00:00:00+08:00,000571.XSHE,0.4,-218.0,-2.666,-453.0,-5.541,235.0,2.874,-23.0,-0.281,32.0,0.391
,2025-09-18 00:00:00+08:00,000571.XSHE,-2.4,-510.0,-4.967,-103.0,-1.003,-407.0,-3.964,112.0,1.091,-13.0,-0.127
,2025-09-19 00:00:00+08:00,000571.XSHE,2.45,-53.0,-0.494,-445.0,-4.147,392.0,3.653,69.0,0.643,-20.0,-0.186
,2025-09-22 00:00:00+08:00,000571.XSHE,-0.8,-384.0,-5.389,-102.0,-1.431,-282.0,-3.957,-80.0,-1.123,-44.0,-0.617
,2025-09-23 00:00:00+08:00,000571.XSHE,-1.8,-499.0,-5.277,-226.0,-2.39,-273.0,-2.887,85.0,0.899,20.0,0.211
,2025-09-24 00:00:00+08:00,000571.XSHE,3.47,1389.0,14.623,1039.0,10.938,350.0,3.685,169.0,1.779,6.0,0.063
,2025-09-25 00:00:00+08:00,000571.XSHE,5.13,4269.0,14.564,3401.0,11.603,868.0,2.961,97.0,0.331,33.0,0.113
,2025-09-26 00:00:00+08:00,000571.XSHE,-3.38,-567.0,-3.706,-161.0,-1.052,-406.0,-2.654,-175.0,-1.144,48.0,0.314
,2025-09-29 00:00:00+08:00,000571.XSHE,-1.36,-235.0,-2.419,-510.0,-5.25,275.0,2.831,-16.0,-0.165,-34.0,-0.35
,2025-09-30 00:00:00+08:00,000571.XSHE,-0.2,212.0,2.729,27.0,0.348,185.0,2.382,-24.0,-0.309,27.0,0.348
,2025-10-09 00:00:00+08:00,000571.XSHE,10.04,6052.0,23.16,5283.0,20.217,769.0,2.943,15.0,0.057,15.0,0.057
,2025-10-10 00:00:00+08:00,000571.XSHE,0.54,-877.0,-3.073,-619.0,-2.169,-258.0,-0.904,113.0,0.396,14.0,0.049
,2025-10-13 00:00:00+08:00,000571.XSHE,1.07,897.0,4.226,516.0,2.431,381.0,1.795,238.0,1.121,10.0,0.047
,2025-10-14 00:00:00+08:00,000571.XSHE,4.26,3965.0,8.127,2450.0,5.022,1515.0,3.105,135.0,0.277,-88.0,-0.18
,2025-10-15 00:00:00+08:00,000571.XSHE,-0.68,2090.0,8.767,1744.0,7.315,346.0,1.451,308.0,1.292,-71.0,-0.298
,2025-10-16 00:00:00+08:00,000571.XSHE,2.4,-550.0,-1.832,-356.0,-1.186,-194.0,-0.646,65.0,0.217,-23.0,-0.077
,2025-10-17 00:00:00+08:00,000571.XSHE,-4.01,107.0,0.461,-433.0,-1.866,540.0,2.327,-139.0,-0.599,-13.0,-0.056
,2025-10-20 00:00:00+08:00,000571.XSHE,2.62,666.0,3.903,851.0,4.988,-185.0,-1.084,-206.0,-1.207,8.0,0.047
,2025-10-21 00:00:00+08:00,000571.XSHE,-0.17,1450.0,10.292,791.0,5.614,659.0,4.677,231.0,1.64,-31.0,-0.22
,2025-10-22 00:00:00+08:00,000571.XSHE,-1.72,14.0,0.167,129.0,1.539,-115.0,-1.372,-217.0,-2.588,-33.0,-0.394
,2025-10-23 00:00:00+08:00,000571.XSHE,0.52,393.0,3.087,-162.0,-1.272,555.0,4.359,-15.0,-0.118,-57.0,-0.448
,2025-10-24 00:00:00+08:00,000571.XSHE,1.9,3764.0,23.096,1900.0,11.659,1864.0,11.438,-13.0,-0.08,-66.0,-0.405
,2025-10-27 00:00:00+08:00,000571.XSHE,-2.04,-612.0,-4.14,-512.0,-3.463,-100.0,-0.676,82.0,0.555,-88.0,-0.595
,2025-10-28 00:00:00+08:00,000571.XSHE,0.52,524.0,6.851,489.0,6.393,35.0,0.458,-189.0,-2.471,30.0,0.392
,2025-10-29 00:00:00+08:00,000571.XSHE,-0.52,-961.0,-13.002,-497.0,-6.724,-464.0,-6.278,147.0,1.989,-7.0,-0.095
,2025-10-30 00:00:00+08:00,000571.XSHE,-7.8,-1656.0,-9.25,-390.0,-2.178,-1266.0,-7.071,-183.0,-1.022,-4.0,-0.022
,2025-10-31 00:00:00+08:00,000571.XSHE,0.56,-515.0,-3.833,116.0,0.863,-631.0,-4.696,-130.0,-0.968,-13.0,-0.097
,2025-11-03 00:00:00+08:00,000571.XSHE,4.07,33.0,0.204,-586.0,-3.631,619.0,3.835,-63.0,-0.39,0.0,0.0
,2025-11-04 00:00:00+08:00,000571.XSHE,1.96,2278.0,14.806,2281.0,14.825,-3.0,-0.019,-33.0,-0.214,-27.0,-0.175
,2025-11-05 00:00:00+08:00,000571.XSHE,1.74,-153.0,-1.076,-160.0,-1.126,7.0,0.049,-56.0,-0.394,53.0,0.373
,2025-11-06 00:00:00+08:00,000571.XSHE,-3.07,-574.0,-5.152,-71.0,-0.637,-503.0,-4.514,58.0,0.521,-69.0,-0.619
,2025-11-07 00:00:00+08:00,000571.XSHE,-1.06,-1733.0,-15.373,-1802.0,-15.985,69.0,0.612,112.0,0.994,-38.0,-0.337
,2025-11-10 00:00:00+08:00,000571.XSHE,-2.85,-700.0,-6.777,-209.0,-2.023,-491.0,-4.754,-268.0,-2.595,2.0,0.019
,2025-11-11 00:00:00+08:00,000571.XSHE,-1.28,-315.0,-3.766,-120.0,-1.435,-195.0,-2.331,-99.0,-1.184,-27.0,-0.323
,2025-11-12 00:00:00+08:00,000571.XSHE,-0.93,217.0,2.395,719.0,7.937,-502.0,-5.541,-98.0,-1.082,197.0,2.175
,2025-11-13 00:00:00+08:00,000571.XSHE,0.94,370.0,4.7,29.0,0.368,341.0,4.332,187.0,2.376,-7.0,-0.089
,2025-11-14 00:00:00+08:00,000571.XSHE,2.97,1751.0,13.971,1079.0,8.609,672.0,5.362,-85.0,-0.678,6.0,0.048
,2025-11-17 00:00:00+08:00,000571.XSHE,1.98,1784.0,11.869,752.0,5.003,1032.0,6.866,18.0,0.12,-55.0,-0.366
,2025-11-18 00:00:00+08:00,000571.XSHE,-1.06,740.0,5.419,805.0,5.895,-65.0,-0.476,176.0,1.289,-79.0,-0.579
,2025-11-19 00:00:00+08:00,000571.XSHE,1.96,3216.0,13.046,3312.0,13.436,-96.0,-0.389,160.0,0.649,0.0,0.0
,2025-11-20 00:00:00+08:00,000571.XSHE,0.7,651.0,3.35,330.0,1.698,321.0,1.652,322.0,1.657,-68.0,-0.35
,2025-11-21 00:00:00+08:00,000571.XSHE,-4.51,-836.0,-5.115,-145.0,-0.887,-691.0,-4.228,95.0,0.581,5.0,0.031
,2025-11-24 00:00:00+08:00,000571.XSHE,-1.28,-278.0,-2.293,-513.0,-4.231,235.0,1.938,179.0,1.476,15.0,0.124
,2025-11-25 00:00:00+08:00,000571.XSHE,0.55,-40.0,-0.427,-14.0,-0.15,-26.0,-0.278,31.0,0.331,28.0,0.299
,2025-11-26 00:00:00+08:00,000571.XSHE,0.55,1616.0,8.607,1520.0,8.096,96.0,0.511,181.0,0.964,32.0,0.17
,2025-11-27 00:00:00+08:00,000571.XSHE,3.66,2750.0,13.728,1781.0,8.891,969.0,4.837,269.0,1.343,44.0,0.22
,2025-11-28 00:00:00+08:00,000571.XSHE,-2.29,-1468.0,-12.501,-780.0,-6.642,-688.0,-5.859,-218.0,-1.856,1.0,0.009
,2025-12-01 00:00:00+08:00,000571.XSHE,1.99,1941.0,14.022,1595.0,11.522,346.0,2.499,219.0,1.582,-64.0,-0.462
,2025-12-02 00:00:00+08:00,000571.XSHE,4.24,6108.0,18.281,6923.0,20.721,-815.0,-2.439,-113.0,-0.338,-139.0,-0.416
,2025-12-03 00:00:00+08:00,000571.XSHE,10.0,6261.0,9.326,6354.0,9.464,-93.0,-0.139,-75.0,-0.112,-10.0,-0.015
,2025-12-04 00:00:00+08:00,000571.XSHE,-2.31,-3321.0,-4.496,-3875.0,-5.246,554.0,0.75,-82.0,-0.111,-11.0,-0.015
,2025-12-05 00:00:00+08:00,000571.XSHE,1.75,3434.0,6.008,2846.0,4.979,588.0,1.029,-463.0,-0.81,-36.0,-0.063
,2025-12-08 00:00:00+08:00,000571.XSHE,10.05,3530.0,5.004,2623.0,3.718,907.0,1.286,-80.0,-0.113,-46.0,-0.065
,2025-12-09 00:00:00+08:00,000571.XSHE,-9.99,-2290.0,-3.866,-2911.0,-4.915,621.0,1.048,-103.0,-0.174,-4.0,-0.007
,2025-12-10 00:00:00+08:00,000571.XSHE,4.28,103.0,0.126,2081.0,2.544,-1978.0,-2.418,-62.0,-0.076,-61.0,-0.075
,2025-12-11 00:00:00+08:00,000571.XSHE,-3.5,-3460.0,-5.283,-1310.0,-2.0,-2150.0,-3.283,335.0,0.512,-80.0,-0.122
,2025-12-12 00:00:00+08:00,000571.XSHE,3.15,952.0,1.507,1178.0,1.865,-226.0,-0.358,-380.0,-0.602,35.0,0.055
,2025-12-15 00:00:00+08:00,000571.XSHE,-5.79,-789.0,-1.88,-540.0,-1.286,-249.0,-0.593,123.0,0.293,-55.0,-0.131
,2025-12-16 00:00:00+08:00,000571.XSHE,-8.89,-3096.0,-6.794,-1838.0,-4.033,-1258.0,-2.761,12.0,0.026,-104.0,-0.228
,2025-12-17 00:00:00+08:00,000571.XSHE,-0.53,-635.0,-2.953,-254.0,-1.181,-381.0,-1.772,-250.0,-1.163,40.0,0.186
,2025-12-18 00:00:00+08:00,000571.XSHE,-0.72,-592.0,-4.019,-502.0,-3.408,-90.0,-0.611,-190.0,-1.29,9.0,0.061
,2025-12-19 00:00:00+08:00,000571.XSHE,1.27,-1276.0,-5.233,-1203.0,-4.934,-73.0,-0.299,-153.0,-0.627,112.0,0.459
,2025-12-22 00:00:00+08:00,000571.XSHE,10.02,7558.0,14.155,7988.0,14.961,-430.0,-0.805,245.0,0.459,17.0,0.032
,2025-12-23 00:00:00+08:00,000571.XSHE,-5.85,-2949.0,-5.566,-3035.0,-5.729,86.0,0.162,-4.0,-0.008,-32.0,-0.06
,2025-12-24 00:00:00+08:00,000571.XSHE,-2.07,-1784.0,-5.61,-1607.0,-5.053,-177.0,-0.557,-160.0,-0.503,18.0,0.057
,2025-12-25 00:00:00+08:00,000571.XSHE,-1.06,55.0,0.308,-433.0,-2.427,488.0,2.735,123.0,0.689,42.0,0.235
,2025-01-02 00:00:00+08:00,000572.XSHE,-2.87,-90.0,-0.567,116.0,0.731,-206.0,-1.298,-102.0,-0.643,-89.0,-0.561
,2025-01-03 00:00:00+08:00,000572.XSHE,-4.44,-951.0,-6.284,-63.0,-0.416,-888.0,-5.868,-355.0,-2.346,-39.0,-0.258
,2025-01-06 00:00:00+08:00,000572.XSHE,1.03,-340.0,-2.839,227.0,1.896,-567.0,-4.735,43.0,0.359,23.0,0.192
,2025-01-07 00:00:00+08:00,000572.XSHE,2.81,987.0,7.401,628.0,4.709,359.0,2.692,38.0,0.285,18.0,0.135
,2025-01-08 00:00:00+08:00,000572.XSHE,-0.75,-549.0,-4.392,-420.0,-3.36,-129.0,-1.032,-175.0,-1.4,11.0,0.088
,2025-01-09 00:00:00+08:00,000572.XSHE,1.0,1039.0,10.082,717.0,6.957,322.0,3.124,-111.0,-1.077,-126.0,-1.223
,2025-01-10 00:00:00+08:00,000572.XSHE,-4.23,-1585.0,-14.838,-831.0,-7.779,-754.0,-7.059,-172.0,-1.61,-38.0,-0.356
,2025-01-13 00:00:00+08:00,000572.XSHE,-1.3,272.0,2.789,269.0,2.758,3.0,0.031,-189.0,-1.938,-54.0,-0.554
,2025-01-14 00:00:00+08:00,000572.XSHE,5.51,1456.0,9.964,1084.0,7.418,372.0,2.546,35.0,0.24,42.0,0.287
,2025-01-15 00:00:00+08:00,000572.XSHE,-1.0,-809.0,-7.576,-627.0,-5.872,-182.0,-1.704,-131.0,-1.227,-190.0,-1.779
,2025-01-16 00:00:00+08:00,000572.XSHE,1.76,1044.0,8.413,861.0,6.938,183.0,1.475,101.0,0.814,-35.0,-0.282
,2025-01-17 00:00:00+08:00,000572.XSHE,-1.48,-813.0,-8.868,-182.0,-1.985,-631.0,-6.883,-21.0,-0.229,-24.0,-0.262
,2025-01-20 00:00:00+08:00,000572.XSHE,0.25,-273.0,-3.301,-15.0,-0.181,-258.0,-3.12,-158.0,-1.911,-3.0,-0.036
,2025-01-21 00:00:00+08:00,000572.XSHE,-0.5,-888.0,-9.933,-776.0,-8.68,-112.0,-1.253,0.0,0.0,-9.0,-0.101
,2025-01-22 00:00:00+08:00,000572.XSHE,-0.75,150.0,1.587,383.0,4.051,-233.0,-2.465,50.0,0.529,-39.0,-0.413
,2025-01-23 00:00:00+08:00,000572.XSHE,-0.25,590.0,4.759,365.0,2.944,225.0,1.815,114.0,0.92,62.0,0.5
,2025-01-24 00:00:00+08:00,000572.XSHE,1.26,1315.0,11.981,1524.0,13.885,-209.0,-1.904,146.0,1.33,-8.0,-0.073
,2025-01-27 00:00:00+08:00,000572.XSHE,-1.74,-52.0,-0.305,-301.0,-1.764,249.0,1.459,25.0,0.146,103.0,0.604
,2025-02-05 00:00:00+08:00,000572.XSHE,1.27,624.0,5.711,364.0,3.332,260.0,2.38,219.0,2.004,30.0,0.275
,2025-02-06 00:00:00+08:00,000572.XSHE,3.0,2041.0,10.111,1697.0,8.407,344.0,1.704,86.0,0.426,-44.0,-0.218
,2025-02-07 00:00:00+08:00,000572.XSHE,1.7,-746.0,-3.199,-1302.0,-5.583,556.0,2.384,98.0,0.42,-113.0,-0.485
,2025-02-10 00:00:00+08:00,000572.XSHE,1.67,352.0,1.952,593.0,3.289,-241.0,-1.337,-45.0,-0.25,-13.0,-0.072
,2025-02-11 00:00:00+08:00,000572.XSHE,-2.8,-1930.0,-11.218,-2219.0,-12.898,289.0,1.68,-150.0,-0.872,-45.0,-0.262
,2025-02-12 00:00:00+08:00,000572.XSHE,1.2,515.0,4.092,544.0,4.322,-29.0,-0.23,-241.0,-1.915,12.0,0.095
,2025-02-13 00:00:00+08:00,000572.XSHE,-0.24,119.0,0.87,253.0,1.849,-134.0,-0.979,-51.0,-0.373,-96.0,-0.702
,2025-02-14 00:00:00+08:00,000572.XSHE,-0.95,-1711.0,-12.668,-1037.0,-7.678,-674.0,-4.99,59.0,0.437,16.0,0.118
,2025-02-17 00:00:00+08:00,000572.XSHE,0.96,2300.0,16.176,1603.0,11.274,697.0,4.902,-153.0,-1.076,3.0,0.021
,2025-02-18 00:00:00+08:00,000572.XSHE,-3.82,-2313.0,-14.103,-1431.0,-8.725,-882.0,-5.378,-31.0,-0.189,-19.0,-0.116
,2025-02-19 00:00:00+08:00,000572.XSHE,2.49,1531.0,12.489,1656.0,13.508,-125.0,-1.02,-16.0,-0.131,70.0,0.571
,2025-02-20 00:00:00+08:00,000572.XSHE,-0.24,-15.0,-0.148,246.0,2.431,-261.0,-2.579,83.0,0.82,60.0,0.593
,2025-02-21 00:00:00+08:00,000572.XSHE,-0.98,-1251.0,-8.85,-873.0,-6.176,-378.0,-2.674,-288.0,-2.037,-89.0,-0.63
,2025-02-24 00:00:00+08:00,000572.XSHE,0.74,-229.0,-1.113,-687.0,-3.338,458.0,2.225,172.0,0.836,35.0,0.17
,2025-02-25 00:00:00+08:00,000572.XSHE,1.96,1310.0,4.704,626.0,2.248,684.0,2.456,234.0,0.84,84.0,0.302
,2025-02-26 00:00:00+08:00,000572.XSHE,2.89,3245.0,11.096,3078.0,10.525,167.0,0.571,571.0,1.952,28.0,0.096
,2025-02-27 00:00:00+08:00,000572.XSHE,3.51,4949.0,8.526,4263.0,7.344,686.0,1.182,76.0,0.131,42.0,0.072
,2025-02-28 00:00:00+08:00,000572.XSHE,-5.23,-1408.0,-3.855,-786.0,-2.152,-622.0,-1.703,113.0,0.309,-12.0,-0.033
,2025-03-03 00:00:00+08:00,000572.XSHE,0.48,815.0,2.911,849.0,3.032,-34.0,-0.121,-14.0,-0.05,14.0,0.05
,2025-03-04 00:00:00+08:00,000572.XSHE,0.95,1459.0,6.567,1694.0,7.625,-235.0,-1.058,-21.0,-0.095,-20.0,-0.09
,2025-03-05 00:00:00+08:00,000572.XSHE,0.24,9.0,0.04,828.0,3.696,-819.0,-3.655,-232.0,-1.035,64.0,0.286
,2025-03-06 00:00:00+08:00,000572.XSHE,0.23,485.0,2.188,145.0,0.654,340.0,1.534,-84.0,-0.379,-20.0,-0.09
,2025-03-07 00:00:00+08:00,000572.XSHE,-2.58,-2495.0,-10.685,-2309.0,-9.888,-186.0,-0.797,-257.0,-1.101,-20.0,-0.086
,2025-03-10 00:00:00+08:00,000572.XSHE,0.96,815.0,4.583,1240.0,6.973,-425.0,-2.39,33.0,0.186,-108.0,-0.607
,2025-03-11 00:00:00+08:00,000572.XSHE,-1.19,-2184.0,-14.522,-1725.0,-11.47,-459.0,-3.052,-146.0,-0.971,-81.0,-0.539
,2025-03-12 00:00:00+08:00,000572.XSHE,0.24,2154.0,12.746,2290.0,13.55,-136.0,-0.805,-256.0,-1.515,-6.0,-0.036
,2025-03-13 00:00:00+08:00,000572.XSHE,-3.84,-2067.0,-9.577,-1488.0,-6.894,-579.0,-2.683,-161.0,-0.746,9.0,0.042
,2025-03-14 00:00:00+08:00,000572.XSHE,2.0,315.0,2.039,372.0,2.408,-57.0,-0.369,-66.0,-0.427,-101.0,-0.654
,2025-03-17 00:00:00+08:00,000572.XSHE,1.71,199.0,1.248,428.0,2.685,-229.0,-1.436,-321.0,-2.013,-83.0,-0.521
,2025-03-18 00:00:00+08:00,000572.XSHE,-0.96,-930.0,-7.968,-639.0,-5.475,-291.0,-2.493,-104.0,-0.891,-37.0,-0.317
,2025-03-19 00:00:00+08:00,000572.XSHE,-0.24,-389.0,-3.272,-309.0,-2.599,-80.0,-0.673,-36.0,-0.303,-3.0,-0.025
,2025-03-20 00:00:00+08:00,000572.XSHE,2.43,5016.0,16.464,4295.0,14.097,721.0,2.366,-110.0,-0.361,-66.0,-0.217
,2025-03-21 00:00:00+08:00,000572.XSHE,0.0,234.0,0.644,643.0,1.77,-409.0,-1.126,76.0,0.209,-2.0,-0.006
,2025-03-24 00:00:00+08:00,000572.XSHE,-2.84,-2329.0,-6.69,-2207.0,-6.34,-122.0,-0.35,-326.0,-0.936,33.0,0.095
,2025-03-25 00:00:00+08:00,000572.XSHE,-2.2,-620.0,-4.069,-270.0,-1.772,-350.0,-2.297,-328.0,-2.152,36.0,0.236
,2025-03-26 00:00:00+08:00,000572.XSHE,1.25,1990.0,14.711,1874.0,13.854,116.0,0.858,-288.0,-2.129,71.0,0.525
,2025-03-27 00:00:00+08:00,000572.XSHE,-0.25,825.0,4.425,-72.0,-0.386,897.0,4.811,-114.0,-0.611,-9.0,-0.048
,2025-03-28 00:00:00+08:00,000572.XSHE,-0.74,-247.0,-1.793,-494.0,-3.585,247.0,1.793,-167.0,-1.212,1.0,0.007
,2025-03-31 00:00:00+08:00,000572.XSHE,-0.99,-1360.0,-9.765,19.0,0.136,-1379.0,-9.902,-181.0,-1.3,-30.0,-0.215
,2025-04-01 00:00:00+08:00,000572.XSHE,1.75,3175.0,14.682,3128.0,14.465,47.0,0.217,-45.0,-0.208,-61.0,-0.282
,2025-04-02 00:00:00+08:00,000572.XSHE,-0.74,-546.0,-3.656,-589.0,-3.944,43.0,0.288,72.0,0.482,-62.0,-0.415
,2025-04-03 00:00:00+08:00,000572.XSHE,-0.99,-767.0,-7.214,-616.0,-5.794,-151.0,-1.42,-124.0,-1.166,-45.0,-0.423
,2025-04-07 00:00:00+08:00,000572.XSHE,-10.03,-1730.0,-13.561,-1012.0,-7.933,-718.0,-5.628,-257.0,-2.015,-6.0,-0.047
,2025-04-08 00:00:00+08:00,000572.XSHE,-6.69,-795.0,-3.932,-437.0,-2.161,-358.0,-1.771,-287.0,-1.419,-25.0,-0.124
,2025-04-09 00:00:00+08:00,000572.XSHE,3.88,1523.0,7.854,329.0,1.697,1194.0,6.157,4.0,0.021,-51.0,-0.263
,2025-04-10 00:00:00+08:00,000572.XSHE,2.58,1976.0,11.667,2279.0,13.457,-303.0,-1.789,-138.0,-0.815,-10.0,-0.059
,2025-04-11 00:00:00+08:00,000572.XSHE,-0.28,527.0,6.078,114.0,1.315,413.0,4.764,192.0,2.215,2.0,0.023
,2025-04-14 00:00:00+08:00,000572.XSHE,10.08,5205.0,21.535,4131.0,17.091,1074.0,4.444,13.0,0.054,12.0,0.05
,2025-04-15 00:00:00+08:00,000572.XSHE,-4.07,3130.0,9.565,3808.0,11.637,-678.0,-2.072,-251.0,-0.767,42.0,0.128
,2025-04-16 00:00:00+08:00,000572.XSHE,-3.18,-792.0,-5.266,-432.0,-2.872,-360.0,-2.394,-122.0,-0.811,62.0,0.412
,2025-04-17 00:00:00+08:00,000572.XSHE,0.0,-209.0,-1.998,-363.0,-3.47,154.0,1.472,-25.0,-0.239,-36.0,-0.344
,2025-04-18 00:00:00+08:00,000572.XSHE,-1.37,-252.0,-3.539,-209.0,-2.935,-43.0,-0.604,16.0,0.225,-66.0,-0.927
,2025-04-21 00:00:00+08:00,000572.XSHE,0.0,446.0,5.999,710.0,9.549,-264.0,-3.551,-9.0,-0.121,-19.0,-0.256
,2025-04-22 00:00:00+08:00,000572.XSHE,1.39,527.0,3.667,1579.0,10.988,-1052.0,-7.321,36.0,0.251,-27.0,-0.188
,2025-04-23 00:00:00+08:00,000572.XSHE,1.92,773.0,6.504,222.0,1.868,551.0,4.636,-9.0,-0.076,16.0,0.135
,2025-04-24 00:00:00+08:00,000572.XSHE,-0.54,1186.0,9.341,975.0,7.679,211.0,1.662,-2.0,-0.016,-16.0,-0.126
,2025-04-25 00:00:00+08:00,000572.XSHE,2.43,4813.0,24.862,4105.0,21.205,708.0,3.657,282.0,1.457,-65.0,-0.336
,2025-04-28 00:00:00+08:00,000572.XSHE,-3.17,-2154.0,-15.939,-1536.0,-11.366,-618.0,-4.573,-24.0,-0.178,-22.0,-0.163
,2025-04-29 00:00:00+08:00,000572.XSHE,0.82,82.0,1.077,317.0,4.164,-235.0,-3.087,-74.0,-0.972,-48.0,-0.631
,2025-04-30 00:00:00+08:00,000572.XSHE,2.43,2886.0,21.157,2088.0,15.307,798.0,5.85,-75.0,-0.55,-48.0,-0.352
,2025-05-06 00:00:00+08:00,000572.XSHE,1.05,610.0,5.34,823.0,7.204,-213.0,-1.864,-195.0,-1.707,-42.0,-0.368
,2025-05-07 00:00:00+08:00,000572.XSHE,0.52,-373.0,-3.091,-517.0,-4.284,144.0,1.193,-61.0,-0.505,-105.0,-0.87
,2025-05-08 00:00:00+08:00,000572.XSHE,1.03,771.0,8.763,513.0,5.831,258.0,2.932,-299.0,-3.398,-84.0,-0.955
,2025-05-09 00:00:00+08:00,000572.XSHE,-1.53,-139.0,-1.736,-364.0,-4.546,225.0,2.81,-231.0,-2.885,-55.0,-0.687
,2025-05-12 00:00:00+08:00,000572.XSHE,1.56,400.0,4.985,689.0,8.587,-289.0,-3.602,38.0,0.474,-8.0,-0.1
,2025-05-13 00:00:00+08:00,000572.XSHE,-1.28,236.0,2.111,664.0,5.94,-428.0,-3.829,-55.0,-0.492,37.0,0.331
,2025-05-14 00:00:00+08:00,000572.XSHE,-0.78,35.0,0.442,-164.0,-2.071,199.0,2.513,115.0,1.452,-18.0,-0.227
,2025-05-15 00:00:00+08:00,000572.XSHE,-1.56,185.0,2.28,237.0,2.921,-52.0,-0.641,-52.0,-0.641,-34.0,-0.419
,2025-05-16 00:00:00+08:00,000572.XSHE,4.75,6551.0,26.488,5775.0,23.35,776.0,3.138,118.0,0.477,-15.0,-0.061
,2025-05-19 00:00:00+08:00,000572.XSHE,4.27,269.0,0.969,303.0,1.091,-34.0,-0.122,245.0,0.882,9.0,0.032
,2025-05-20 00:00:00+08:00,000572.XSHE,0.24,957.0,5.646,791.0,4.667,166.0,0.979,167.0,0.985,-36.0,-0.212
,2025-05-21 00:00:00+08:00,000572.XSHE,-0.24,-136.0,-0.896,-228.0,-1.502,92.0,0.606,76.0,0.501,-17.0,-0.112
,2025-05-22 00:00:00+08:00,000572.XSHE,-2.64,-939.0,-5.863,-638.0,-3.983,-301.0,-1.879,-129.0,-0.805,43.0,0.268
,2025-05-23 00:00:00+08:00,000572.XSHE,-0.49,420.0,1.59,1006.0,3.809,-586.0,-2.219,-137.0,-0.519,96.0,0.363
,2025-05-26 00:00:00+08:00,000572.XSHE,-2.71,313.0,2.069,488.0,3.226,-175.0,-1.157,43.0,0.284,53.0,0.35
,2025-05-27 00:00:00+08:00,000572.XSHE,2.03,1187.0,7.348,1725.0,10.679,-538.0,-3.331,78.0,0.483,-31.0,-0.192
,2025-05-28 00:00:00+08:00,000572.XSHE,-1.49,-664.0,-5.141,-609.0,-4.715,-55.0,-0.426,150.0,1.161,-9.0,-0.07
,2025-05-29 00:00:00+08:00,000572.XSHE,3.79,2656.0,9.143,1677.0,5.773,979.0,3.37,198.0,0.682,-33.0,-0.114
,2025-05-30 00:00:00+08:00,000572.XSHE,-2.68,-923.0,-5.798,-539.0,-3.386,-384.0,-2.412,-325.0,-2.042,84.0,0.528
,2025-06-03 00:00:00+08:00,000572.XSHE,1.0,2023.0,8.571,1773.0,7.512,250.0,1.059,57.0,0.242,90.0,0.381
,2025-06-04 00:00:00+08:00,000572.XSHE,2.96,7388.0,20.789,7107.0,19.998,281.0,0.791,-77.0,-0.217,-45.0,-0.127
,2025-06-05 00:00:00+08:00,000572.XSHE,-0.24,968.0,4.202,873.0,3.789,95.0,0.412,165.0,0.716,15.0,0.065
,2025-06-06 00:00:00+08:00,000572.XSHE,-0.24,1618.0,4.662,1977.0,5.697,-359.0,-1.034,-81.0,-0.233,-14.0,-0.04
,2025-06-09 00:00:00+08:00,000572.XSHE,-0.48,139.0,0.701,-8.0,-0.04,147.0,0.741,-94.0,-0.474,22.0,0.111
,2025-06-10 00:00:00+08:00,000572.XSHE,-1.93,-754.0,-4.086,-761.0,-4.124,7.0,0.038,-345.0,-1.87,-53.0,-0.287
,2025-06-11 00:00:00+08:00,000572.XSHE,0.74,2306.0,17.438,2048.0,15.487,258.0,1.951,-71.0,-0.537,-50.0,-0.378
,2025-06-12 00:00:00+08:00,000572.XSHE,0.98,1429.0,11.272,1740.0,13.726,-311.0,-2.453,-62.0,-0.489,-71.0,-0.56
,2025-06-13 00:00:00+08:00,000572.XSHE,-2.19,-1469.0,-10.127,-544.0,-3.75,-925.0,-6.377,-174.0,-1.2,37.0,0.255
,2025-06-16 00:00:00+08:00,000572.XSHE,-1.24,-290.0,-3.356,-370.0,-4.282,80.0,0.926,-444.0,-5.139,32.0,0.37
,2025-06-17 00:00:00+08:00,000572.XSHE,0.0,756.0,8.648,684.0,7.824,72.0,0.824,32.0,0.366,7.0,0.08
,2025-06-18 00:00:00+08:00,000572.XSHE,-1.01,722.0,9.352,747.0,9.676,-25.0,-0.324,9.0,0.117,-44.0,-0.57
,2025-06-19 00:00:00+08:00,000572.XSHE,-3.81,-1640.0,-12.141,-1228.0,-9.091,-412.0,-3.05,-18.0,-0.133,-17.0,-0.126
,2025-06-20 00:00:00+08:00,000572.XSHE,0.0,865.0,9.219,898.0,9.57,-33.0,-0.352,-198.0,-2.11,-39.0,-0.416
,2025-06-23 00:00:00+08:00,000572.XSHE,2.9,1241.0,11.495,1098.0,10.17,143.0,1.325,174.0,1.612,62.0,0.574
,2025-06-24 00:00:00+08:00,000572.XSHE,10.03,8634.0,28.948,8634.0,28.948,0.0,0.0,0.0,0.0,0.0,0.0
,2025-06-25 00:00:00+08:00,000572.XSHE,1.64,353.0,0.356,1126.0,1.134,-773.0,-0.779,-195.0,-0.196,36.0,0.036
,2025-06-26 00:00:00+08:00,000572.XSHE,-2.76,2591.0,4.831,2265.0,4.223,326.0,0.608,-333.0,-0.621,31.0,0.058
,2025-06-27 00:00:00+08:00,000572.XSHE,5.2,6974.0,10.499,6440.0,9.695,534.0,0.804,20.0,0.03,-102.0,-0.154
,2025-06-30 00:00:00+08:00,000572.XSHE,0.0,2372.0,5.153,2460.0,5.344,-88.0,-0.191,-35.0,-0.076,27.0,0.059
,2025-07-01 00:00:00+08:00,000572.XSHE,2.48,1888.0,4.115,2308.0,5.03,-420.0,-0.915,-259.0,-0.564,50.0,0.109
,2025-07-02 00:00:00+08:00,000572.XSHE,-1.32,1824.0,5.518,1647.0,4.982,177.0,0.535,-128.0,-0.387,18.0,0.054
,2025-07-03 00:00:00+08:00,000572.XSHE,2.0,1847.0,4.95,2486.0,6.662,-639.0,-1.712,-37.0,-0.099,-64.0,-0.172
,2025-07-04 00:00:00+08:00,000572.XSHE,-1.31,1031.0,2.629,823.0,2.098,208.0,0.53,-396.0,-1.01,-88.0,-0.224
,2025-07-07 00:00:00+08:00,000572.XSHE,2.21,1425.0,5.129,2136.0,7.688,-711.0,-2.559,-26.0,-0.094,-228.0,-0.821
,2025-07-08 00:00:00+08:00,000572.XSHE,0.86,1946.0,8.402,1434.0,6.191,512.0,2.211,5.0,0.022,-78.0,-0.337
,2025-07-09 00:00:00+08:00,000572.XSHE,-3.0,-409.0,-1.337,332.0,1.085,-741.0,-2.422,-380.0,-1.242,-74.0,-0.242
,2025-07-10 00:00:00+08:00,000572.XSHE,0.22,-71.0,-0.29,124.0,0.506,-195.0,-0.795,-296.0,-1.207,-1.0,-0.004
,2025-07-11 00:00:00+08:00,000572.XSHE,-2.2,-1430.0,-7.446,-567.0,-2.952,-863.0,-4.494,-447.0,-2.328,-56.0,-0.292
,2025-07-14 00:00:00+08:00,000572.XSHE,0.45,-83.0,-0.722,-214.0,-1.861,131.0,1.139,-305.0,-2.652,16.0,0.139
,2025-07-15 00:00:00+08:00,000572.XSHE,-0.45,-1115.0,-7.684,-590.0,-4.066,-525.0,-3.618,-184.0,-1.268,-96.0,-0.662
,2025-07-16 00:00:00+08:00,000572.XSHE,2.7,3149.0,12.069,3059.0,11.724,90.0,0.345,273.0,1.046,38.0,0.146
,2025-07-17 00:00:00+08:00,000572.XSHE,4.81,5027.0,11.599,4061.0,9.37,966.0,2.229,-260.0,-0.6,-18.0,-0.042
,2025-07-18 00:00:00+08:00,000572.XSHE,-0.63,845.0,3.716,522.0,2.296,323.0,1.42,-23.0,-0.101,-92.0,-0.405
,2025-07-21 00:00:00+08:00,000572.XSHE,0.84,488.0,1.324,1148.0,3.116,-660.0,-1.791,154.0,0.418,-50.0,-0.136
,2025-07-22 00:00:00+08:00,000572.XSHE,-0.42,-2775.0,-7.618,-3183.0,-8.738,408.0,1.12,-130.0,-0.357,83.0,0.228
,2025-07-23 00:00:00+08:00,000572.XSHE,-6.49,-8705.0,-13.804,-7224.0,-11.455,-1481.0,-2.348,-74.0,-0.117,18.0,0.029
,2025-07-24 00:00:00+08:00,000572.XSHE,10.07,12589.0,23.672,12196.0,22.933,393.0,0.739,-8.0,-0.015,-8.0,-0.015
,2025-07-25 00:00:00+08:00,000572.XSHE,-6.1,-7583.0,-11.213,-6704.0,-9.913,-879.0,-1.3,484.0,0.716,-40.0,-0.059
,2025-07-28 00:00:00+08:00,000572.XSHE,-1.52,261.0,0.856,250.0,0.82,11.0,0.036,-193.0,-0.633,-7.0,-0.023
,2025-07-29 00:00:00+08:00,000572.XSHE,0.0,35.0,0.157,561.0,2.518,-526.0,-2.36,-282.0,-1.265,-24.0,-0.108
,2025-07-30 00:00:00+08:00,000572.XSHE,0.89,-2109.0,-8.015,-1201.0,-4.564,-908.0,-3.451,-321.0,-1.22,99.0,0.376
,2025-07-31 00:00:00+08:00,000572.XSHE,-3.3,-599.0,-2.485,-225.0,-0.933,-374.0,-1.552,-531.0,-2.203,-63.0,-0.261
,2025-08-01 00:00:00+08:00,000572.XSHE,1.6,2514.0,11.772,2658.0,12.447,-144.0,-0.674,-302.0,-1.414,-34.0,-0.159
,2025-08-04 00:00:00+08:00,000572.XSHE,0.45,859.0,5.499,806.0,5.159,53.0,0.339,-283.0,-1.812,-42.0,-0.269
,2025-08-05 00:00:00+08:00,000572.XSHE,1.57,1688.0,7.185,1269.0,5.401,419.0,1.783,-285.0,-1.213,27.0,0.115
,2025-08-06 00:00:00+08:00,000572.XSHE,2.43,3767.0,12.127,3237.0,10.42,530.0,1.706,-280.0,-0.901,-198.0,-0.637
,2025-08-07 00:00:00+08:00,000572.XSHE,0.86,1522.0,4.228,1422.0,3.951,100.0,0.278,-118.0,-0.328,-77.0,-0.214
,2025-08-08 00:00:00+08:00,000572.XSHE,-0.43,598.0,2.592,1401.0,6.073,-803.0,-3.481,-294.0,-1.274,-216.0,-0.936
,2025-08-11 00:00:00+08:00,000572.XSHE,0.21,-690.0,-3.264,-224.0,-1.06,-466.0,-2.205,-324.0,-1.533,-82.0,-0.388
,2025-08-12 00:00:00+08:00,000572.XSHE,-1.07,-809.0,-4.614,-571.0,-3.257,-238.0,-1.358,-97.0,-0.553,-86.0,-0.491
,2025-08-13 00:00:00+08:00,000572.XSHE,-0.65,1681.0,7.58,1716.0,7.738,-35.0,-0.158,-213.0,-0.96,-7.0,-0.032
,2025-08-14 00:00:00+08:00,000572.XSHE,-3.25,-2466.0,-11.004,-1977.0,-8.822,-489.0,-2.182,-405.0,-1.807,-44.0,-0.196
,2025-08-15 00:00:00+08:00,000572.XSHE,0.67,1383.0,8.754,1351.0,8.552,32.0,0.203,-193.0,-1.222,-12.0,-0.076
,2025-08-18 00:00:00+08:00,000572.XSHE,0.44,-508.0,-2.864,-261.0,-1.471,-247.0,-1.392,-352.0,-1.984,40.0,0.225
,2025-08-19 00:00:00+08:00,000572.XSHE,0.22,778.0,4.268,447.0,2.452,331.0,1.816,-210.0,-1.152,-59.0,-0.324
,2025-08-20 00:00:00+08:00,000572.XSHE,1.11,1396.0,6.66,1364.0,6.507,32.0,0.153,-26.0,-0.124,122.0,0.582
,2025-08-21 00:00:00+08:00,000572.XSHE,0.66,1616.0,4.938,1983.0,6.059,-367.0,-1.121,200.0,0.611,82.0,0.251
,2025-08-22 00:00:00+08:00,000572.XSHE,-0.43,351.0,1.941,254.0,1.404,97.0,0.536,-65.0,-0.359,7.0,0.039
,2025-08-25 00:00:00+08:00,000572.XSHE,1.52,3393.0,8.596,3244.0,8.219,149.0,0.377,106.0,0.269,14.0,0.035
,2025-08-26 00:00:00+08:00,000572.XSHE,4.07,8852.0,14.153,8093.0,12.939,759.0,1.214,164.0,0.262,-29.0,-0.046
,2025-08-27 00:00:00+08:00,000572.XSHE,-3.08,814.0,1.9,1194.0,2.786,-380.0,-0.887,-321.0,-0.749,-19.0,-0.044
,2025-08-28 00:00:00+08:00,000572.XSHE,-2.32,-1467.0,-3.597,-1776.0,-4.355,309.0,0.758,-187.0,-0.459,9.0,0.022
,2025-08-29 00:00:00+08:00,000572.XSHE,0.0,-213.0,-0.72,-219.0,-0.741,6.0,0.02,28.0,0.095,-52.0,-0.176
,2025-09-01 00:00:00+08:00,000572.XSHE,5.38,7807.0,16.568,7068.0,15.0,739.0,1.568,-140.0,-0.297,-9.0,-0.019
,2025-09-02 00:00:00+08:00,000572.XSHE,-1.43,121.0,0.299,-136.0,-0.336,257.0,0.635,28.0,0.069,-59.0,-0.146
,2025-09-03 00:00:00+08:00,000572.XSHE,2.69,9206.0,13.257,9291.0,13.379,-85.0,-0.122,-209.0,-0.301,-35.0,-0.05
,2025-09-04 00:00:00+08:00,000572.XSHE,-2.02,-4297.0,-7.959,-2479.0,-4.592,-1818.0,-3.367,31.0,0.057,2.0,0.004
,2025-09-05 00:00:00+08:00,000572.XSHE,0.0,-1329.0,-3.688,-1510.0,-4.191,181.0,0.502,-107.0,-0.297,30.0,0.083
,2025-09-08 00:00:00+08:00,000572.XSHE,-0.41,-1472.0,-4.566,-1622.0,-5.032,150.0,0.465,75.0,0.233,-15.0,-0.047
,2025-09-09 00:00:00+08:00,000572.XSHE,0.41,1280.0,3.301,1518.0,3.915,-238.0,-0.614,-140.0,-0.361,62.0,0.16
,2025-09-10 00:00:00+08:00,000572.XSHE,-0.83,2284.0,5.363,3038.0,7.133,-754.0,-1.77,105.0,0.247,42.0,0.099
,2025-09-11 00:00:00+08:00,000572.XSHE,0.21,93.0,0.297,156.0,0.499,-63.0,-0.201,-79.0,-0.253,-37.0,-0.118
,2025-09-12 00:00:00+08:00,000572.XSHE,1.45,3663.0,7.431,4701.0,9.537,-1038.0,-2.106,125.0,0.254,-78.0,-0.158
,2025-09-15 00:00:00+08:00,000572.XSHE,9.98,9325.0,25.743,8877.0,24.506,448.0,1.237,15.0,0.041,0.0,0.0
,2025-09-16 00:00:00+08:00,000572.XSHE,-2.41,-3076.0,-3.632,-2944.0,-3.476,-132.0,-0.156,129.0,0.152,-106.0,-0.125
,2025-09-17 00:00:00+08:00,000572.XSHE,-0.57,-186.0,-0.343,-572.0,-1.056,386.0,0.712,-442.0,-0.816,-7.0,-0.013
,2025-09-18 00:00:00+08:00,000572.XSHE,-0.57,-194.0,-0.325,1364.0,2.288,-1558.0,-2.613,27.0,0.045,-31.0,-0.052
,2025-09-19 00:00:00+08:00,000572.XSHE,4.99,13439.0,12.332,14629.0,13.423,-1190.0,-1.092,-469.0,-0.43,-12.0,-0.011
,2025-09-22 00:00:00+08:00,000572.XSHE,5.31,2072.0,2.103,4334.0,4.398,-2262.0,-2.295,-196.0,-0.199,90.0,0.091
,2025-09-23 00:00:00+08:00,000572.XSHE,-1.4,-773.0,-1.077,-95.0,-0.132,-678.0,-0.944,69.0,0.096,-4.0,-0.006
,2025-09-24 00:00:00+08:00,000572.XSHE,-1.59,-2324.0,-4.538,-2103.0,-4.106,-221.0,-0.432,162.0,0.316,11.0,0.021
,2025-09-25 00:00:00+08:00,000572.XSHE,-0.72,-1262.0,-2.375,169.0,0.318,-1431.0,-2.693,-371.0,-0.698,11.0,0.021
,2025-09-26 00:00:00+08:00,000572.XSHE,-1.99,743.0,1.375,2143.0,3.965,-1400.0,-2.59,-64.0,-0.118,7.0,0.013
,2025-09-29 00:00:00+08:00,000572.XSHE,5.93,10897.0,13.079,12902.0,15.486,-2005.0,-2.407,-558.0,-0.67,-13.0,-0.016
,2025-09-30 00:00:00+08:00,000572.XSHE,2.27,-2025.0,-1.565,-317.0,-0.245,-1708.0,-1.32,-794.0,-0.613,78.0,0.06
,2025-10-09 00:00:00+08:00,000572.XSHE,-4.47,-2324.0,-2.574,-895.0,-0.991,-1429.0,-1.582,-308.0,-0.341,-32.0,-0.035
,2025-10-10 00:00:00+08:00,000572.XSHE,3.23,6266.0,8.555,5993.0,8.183,273.0,0.373,239.0,0.326,27.0,0.037
,2025-10-13 00:00:00+08:00,000572.XSHE,-2.62,-837.0,-1.712,-1032.0,-2.111,195.0,0.399,-255.0,-0.522,-3.0,-0.006
,2025-10-14 00:00:00+08:00,000572.XSHE,5.75,11306.0,9.326,12171.0,10.039,-865.0,-0.714,-53.0,-0.044,-24.0,-0.02
,2025-10-15 00:00:00+08:00,000572.XSHE,10.0,3501.0,2.996,3447.0,2.949,54.0,0.046,0.0,0.0,0.0,0.0
,2025-10-16 00:00:00+08:00,000572.XSHE,10.02,6652.0,3.043,5079.0,2.324,1573.0,0.72,-367.0,-0.168,2.0,0.001
,2025-10-17 00:00:00+08:00,000572.XSHE,-5.18,-10256.0,-3.996,-8861.0,-3.452,-1395.0,-0.543,-251.0,-0.098,96.0,0.037
,2025-10-20 00:00:00+08:00,000572.XSHE,-1.61,529.0,0.271,474.0,0.243,55.0,0.028,-544.0,-0.279,44.0,0.023
,2025-10-21 00:00:00+08:00,000572.XSHE,-1.2,-153.0,-0.103,-373.0,-0.252,220.0,0.149,-53.0,-0.036,-6.0,-0.004
,2025-10-22 00:00:00+08:00,000572.XSHE,-8.5,-22444.0,-15.256,-19646.0,-13.354,-2798.0,-1.902,451.0,0.307,35.0,0.024
,2025-10-23 00:00:00+08:00,000572.XSHE,-5.46,-7236.0,-6.757,-6662.0,-6.221,-574.0,-0.536,-359.0,-0.335,-14.0,-0.013
,2025-10-24 00:00:00+08:00,000572.XSHE,-0.53,1377.0,2.249,2032.0,3.318,-655.0,-1.07,39.0,0.064,-123.0,-0.201
,2025-10-27 00:00:00+08:00,000572.XSHE,1.23,1556.0,2.615,2843.0,4.778,-1287.0,-2.163,-151.0,-0.254,44.0,0.074
,2025-10-28 00:00:00+08:00,000572.XSHE,4.72,5502.0,4.842,9139.0,8.042,-3637.0,-3.201,-283.0,-0.249,44.0,0.039
,2025-10-29 00:00:00+08:00,000572.XSHE,2.51,6860.0,6.112,8814.0,7.852,-1954.0,-1.741,-125.0,-0.111,-3.0,-0.003
,2025-10-30 00:00:00+08:00,000572.XSHE,-1.8,1982.0,2.646,1034.0,1.38,948.0,1.266,-313.0,-0.418,-87.0,-0.116
,2025-10-31 00:00:00+08:00,000572.XSHE,10.0,22487.0,23.468,23126.0,24.135,-639.0,-0.667,-55.0,-0.057,0.0,0.0
,2025-11-03 00:00:00+08:00,000572.XSHE,10.0,5749.0,5.62,5765.0,5.636,-16.0,-0.016,0.0,0.0,0.0,0.0
,2025-11-04 00:00:00+08:00,000572.XSHE,10.06,7498.0,4.762,7497.0,4.762,1.0,0.001,0.0,0.0,0.0,0.0
,2025-11-05 00:00:00+08:00,000572.XSHE,10.01,18434.0,35.088,18434.0,35.088,0.0,0.0,0.0,0.0,0.0,0.0
,2025-11-06 00:00:00+08:00,000572.XSHE,1.71,-20245.0,-3.396,-19010.0,-3.189,-1235.0,-0.207,431.0,0.072,95.0,0.016
,2025-11-07 00:00:00+08:00,000572.XSHE,10.0,5479.0,1.212,5179.0,1.146,300.0,0.066,0.0,0.0,0.0,0.0
,2025-11-10 00:00:00+08:00,000572.XSHE,2.93,-18387.0,-2.661,-22431.0,-3.246,4044.0,0.585,26.0,0.004,0.0,0.0
,2025-11-11 00:00:00+08:00,000572.XSHE,-1.87,-13498.0,-2.557,-13042.0,-2.471,-456.0,-0.086,619.0,0.117,2.0,0.0
,2025-11-12 00:00:00+08:00,000572.XSHE,-7.84,-12065.0,-2.883,-11417.0,-2.728,-648.0,-0.155,-787.0,-0.188,-240.0,-0.057
,2025-11-13 00:00:00+08:00,000572.XSHE,9.97,55179.0,22.08,55179.0,22.08,0.0,0.0,0.0,0.0,0.0,0.0
,2025-11-14 00:00:00+08:00,000572.XSHE,9.46,-12004.0,-2.438,-12251.0,-2.488,247.0,0.05,0.0,0.0,0.0,0.0
,2025-11-17 00:00:00+08:00,000572.XSHE,0.09,-25729.0,-4.416,-25149.0,-4.317,-580.0,-0.1,394.0,0.068,9.0,0.002
,2025-11-18 00:00:00+08:00,000572.XSHE,4.84,4411.0,0.723,7009.0,1.149,-2598.0,-0.426,216.0,0.035,19.0,0.003
,2025-11-19 00:00:00+08:00,000572.XSHE,-10.0,-22610.0,-6.629,-23042.0,-6.755,432.0,0.127,-211.0,-0.062,-3.0,-0.001
,2025-11-20 00:00:00+08:00,000572.XSHE,1.64,10009.0,2.311,11833.0,2.732,-1824.0,-0.421,-240.0,-0.055,-38.0,-0.009
,2025-11-21 00:00:00+08:00,000572.XSHE,-10.0,-26088.0,-9.474,-26455.0,-9.608,367.0,0.133,-351.0,-0.127,35.0,0.013
,2025-11-24 00:00:00+08:00,000572.XSHE,-9.95,-2044.0,-0.702,5020.0,1.724,-7064.0,-2.426,7.0,0.002,-17.0,-0.006
,2025-11-25 00:00:00+08:00,000572.XSHE,5.41,5207.0,2.0,6421.0,2.467,-1214.0,-0.466,-274.0,-0.105,2.0,0.001
,2025-11-26 00:00:00+08:00,000572.XSHE,-2.01,-2635.0,-1.002,-1666.0,-0.633,-969.0,-0.368,-274.0,-0.104,28.0,0.011
,2025-11-27 00:00:00+08:00,000572.XSHE,-1.82,2935.0,1.574,2881.0,1.545,54.0,0.029,-519.0,-0.278,-44.0,-0.024
,2025-11-28 00:00:00+08:00,000572.XSHE,5.0,16403.0,8.07,16114.0,7.928,289.0,0.142,-348.0,-0.171,-46.0,-0.023
,2025-12-01 00:00:00+08:00,000572.XSHE,-1.0,-402.0,-0.232,479.0,0.277,-881.0,-0.509,382.0,0.221,-72.0,-0.042
,2025-12-02 00:00:00+08:00,000572.XSHE,9.96,26625.0,11.374,25337.0,10.823,1288.0,0.55,31.0,0.013,0.0,0.0
,2025-12-03 00:00:00+08:00,000572.XSHE,-2.34,-27291.0,-6.284,-27605.0,-6.357,314.0,0.072,157.0,0.036,37.0,0.009
,2025-12-04 00:00:00+08:00,000572.XSHE,-6.57,-14420.0,-5.798,-13201.0,-5.308,-1219.0,-0.49,-858.0,-0.345,40.0,0.016
,2025-12-05 00:00:00+08:00,000572.XSHE,3.13,9175.0,3.576,12421.0,4.841,-3246.0,-1.265,266.0,0.104,-5.0,-0.002
,2025-12-08 00:00:00+08:00,000572.XSHE,5.1,4466.0,1.713,2223.0,0.853,2243.0,0.86,-22.0,-0.008,-5.0,-0.002
,2025-12-09 00:00:00+08:00,000572.XSHE,-6.09,-19907.0,-9.417,-18078.0,-8.552,-1829.0,-0.865,-323.0,-0.153,4.0,0.002
,2025-12-10 00:00:00+08:00,000572.XSHE,10.0,31100.0,8.315,30334.0,8.11,766.0,0.205,-147.0,-0.039,1601.0,0.428
,2025-12-11 00:00:00+08:00,000572.XSHE,-4.6,-43696.0,-10.162,-44789.0,-10.417,1093.0,0.254,132.0,0.031,44.0,0.01
,2025-12-12 00:00:00+08:00,000572.XSHE,-3.78,-13644.0,-5.846,-12046.0,-5.162,-1598.0,-0.685,-126.0,-0.054,54.0,0.023
,2025-12-15 00:00:00+08:00,000572.XSHE,5.57,33006.0,9.672,35682.0,10.456,-2676.0,-0.784,220.0,0.064,1.0,0.0
,2025-12-16 00:00:00+08:00,000572.XSHE,1.24,-23443.0,-7.929,-21697.0,-7.339,-1746.0,-0.591,551.0,0.186,102.0,0.035
,2025-12-17 00:00:00+08:00,000572.XSHE,-6.76,-32318.0,-17.421,-30830.0,-16.619,-1488.0,-0.802,65.0,0.035,86.0,0.046
,2025-12-18 00:00:00+08:00,000572.XSHE,-9.34,-7259.0,-3.548,-5382.0,-2.63,-1877.0,-0.917,-69.0,-0.034,20.0,0.01
,2025-12-19 00:00:00+08:00,000572.XSHE,3.03,1163.0,0.513,399.0,0.176,764.0,0.337,434.0,0.192,-10.0,-0.004
,2025-12-22 00:00:00+08:00,000572.XSHE,9.99,52027.0,20.204,51426.0,19.97,601.0,0.233,0.0,0.0,0.0,0.0
,2025-12-23 00:00:00+08:00,000572.XSHE,-2.24,-22931.0,-5.316,-21546.0,-4.994,-1385.0,-0.321,-265.0,-0.061,24.0,0.006
,2025-12-24 00:00:00+08:00,000572.XSHE,-1.97,723.0,0.293,2029.0,0.821,-1306.0,-0.529,-556.0,-0.225,104.0,0.042
,2025-12-25 00:00:00+08:00,000572.XSHE,-3.01,-7192.0,-4.13,-6529.0,-3.749,-663.0,-0.381,-187.0,-0.107,19.0,0.011
,2025-01-02 00:00:00+08:00,000657.XSHE,-2.93,782.0,5.554,1213.0,8.615,-431.0,-3.061,-533.0,-3.786,11.0,0.078
,2025-01-03 00:00:00+08:00,000657.XSHE,-1.9,-1526.0,-9.077,-1223.0,-7.275,-303.0,-1.802,-195.0,-1.16,70.0,0.416
,2025-01-06 00:00:00+08:00,000657.XSHE,1.25,500.0,4.059,272.0,2.208,228.0,1.851,35.0,0.284,-55.0,-0.447
,2025-01-07 00:00:00+08:00,000657.XSHE,1.13,219.0,2.364,453.0,4.889,-234.0,-2.526,-6.0,-0.065,33.0,0.356
,2025-01-08 00:00:00+08:00,000657.XSHE,-1.67,-592.0,-4.561,-913.0,-7.034,321.0,2.473,71.0,0.547,-31.0,-0.239
,2025-01-09 00:00:00+08:00,000657.XSHE,6.35,7271.0,20.763,4978.0,14.215,2293.0,6.548,-225.0,-0.643,-11.0,-0.031
,2025-01-10 00:00:00+08:00,000657.XSHE,-2.99,-364.0,-2.007,-737.0,-4.064,373.0,2.057,-451.0,-2.487,-80.0,-0.441
,2025-01-13 00:00:00+08:00,000657.XSHE,-0.22,-220.0,-1.858,4.0,0.034,-224.0,-1.891,-172.0,-1.452,117.0,0.988
,2025-01-14 00:00:00+08:00,000657.XSHE,2.2,-559.0,-3.44,-48.0,-0.295,-511.0,-3.145,114.0,0.702,33.0,0.203
,2025-01-15 00:00:00+08:00,000657.XSHE,-0.97,-623.0,-5.8,184.0,1.713,-807.0,-7.513,-70.0,-0.652,40.0,0.372
,2025-01-16 00:00:00+08:00,000657.XSHE,0.87,-16.0,-0.139,-85.0,-0.74,69.0,0.6,-34.0,-0.296,-25.0,-0.218
,2025-01-17 00:00:00+08:00,000657.XSHE,2.92,898.0,3.118,1407.0,4.885,-509.0,-1.767,-512.0,-1.778,-115.0,-0.399
,2025-01-20 00:00:00+08:00,000657.XSHE,0.0,-8.0,-0.053,82.0,0.545,-90.0,-0.598,-84.0,-0.558,116.0,0.771
,2025-01-21 00:00:00+08:00,000657.XSHE,-1.36,-703.0,-6.661,0.0,0.0,-703.0,-6.661,117.0,1.109,-67.0,-0.635
,2025-01-22 00:00:00+08:00,000657.XSHE,-0.43,-465.0,-4.324,-348.0,-3.236,-117.0,-1.088,-332.0,-3.088,96.0,0.893
,2025-01-23 00:00:00+08:00,000657.XSHE,0.54,488.0,3.334,151.0,1.032,337.0,2.303,-66.0,-0.451,-33.0,-0.225
,2025-01-24 00:00:00+08:00,000657.XSHE,2.57,1897.0,10.838,1694.0,9.678,203.0,1.16,665.0,3.799,-19.0,-0.109
,2025-01-27 00:00:00+08:00,000657.XSHE,-0.94,-829.0,-7.44,-575.0,-5.161,-254.0,-2.28,43.0,0.386,-17.0,-0.153
,2025-02-05 00:00:00+08:00,000657.XSHE,2.11,409.0,2.506,-221.0,-1.354,630.0,3.86,140.0,0.858,0.0,0.0
,2025-02-06 00:00:00+08:00,000657.XSHE,1.24,673.0,4.151,734.0,4.527,-61.0,-0.376,235.0,1.449,85.0,0.524
,2025-02-07 00:00:00+08:00,000657.XSHE,0.41,-251.0,-1.393,295.0,1.637,-546.0,-3.03,252.0,1.398,64.0,0.355
,2025-02-10 00:00:00+08:00,000657.XSHE,-1.12,793.0,4.271,298.0,1.605,495.0,2.666,-380.0,-2.047,-7.0,-0.038
,2025-02-11 00:00:00+08:00,000657.XSHE,-0.93,-128.0,-1.065,-193.0,-1.606,65.0,0.541,-134.0,-1.115,-75.0,-0.624
,2025-02-12 00:00:00+08:00,000657.XSHE,0.21,-1830.0,-13.896,-1268.0,-9.629,-562.0,-4.268,-298.0,-2.263,6.0,0.046
,2025-02-13 00:00:00+08:00,000657.XSHE,-1.25,14.0,0.116,5.0,0.042,9.0,0.075,-167.0,-1.388,21.0,0.174
,2025-02-14 00:00:00+08:00,000657.XSHE,0.21,155.0,1.735,-86.0,-0.963,241.0,2.697,75.0,0.839,-40.0,-0.448
,2025-02-17 00:00:00+08:00,000657.XSHE,-1.36,384.0,2.586,-104.0,-0.7,488.0,3.287,-109.0,-0.734,83.0,0.559
,2025-02-18 00:00:00+08:00,000657.XSHE,-0.53,90.0,0.424,574.0,2.706,-484.0,-2.282,-50.0,-0.236,135.0,0.637
,2025-02-19 00:00:00+08:00,000657.XSHE,1.82,2810.0,15.34,1553.0,8.478,1257.0,6.862,-233.0,-1.272,-47.0,-0.257
,2025-02-20 00:00:00+08:00,000657.XSHE,0.42,1914.0,12.47,1330.0,8.665,584.0,3.805,53.0,0.345,-58.0,-0.378
,2025-02-21 00:00:00+08:00,000657.XSHE,0.84,-245.0,-1.256,780.0,3.998,-1025.0,-5.253,-362.0,-1.855,72.0,0.369
,2025-02-24 00:00:00+08:00,000657.XSHE,-1.04,-514.0,-3.765,-260.0,-1.905,-254.0,-1.861,-272.0,-1.993,-36.0,-0.264
,2025-02-25 00:00:00+08:00,000657.XSHE,-0.84,355.0,2.915,-39.0,-0.32,394.0,3.235,-77.0,-0.632,50.0,0.411
,2025-02-26 00:00:00+08:00,000657.XSHE,2.22,1925.0,10.929,1633.0,9.272,292.0,1.658,-138.0,-0.784,60.0,0.341
,2025-02-27 00:00:00+08:00,000657.XSHE,-2.27,-1446.0,-8.156,-292.0,-1.647,-1154.0,-6.509,-142.0,-0.801,134.0,0.756
,2025-02-28 00:00:00+08:00,000657.XSHE,-2.53,-1549.0,-12.065,-665.0,-5.18,-884.0,-6.885,-593.0,-4.619,76.0,0.592
,2025-03-03 00:00:00+08:00,000657.XSHE,2.06,2810.0,14.931,2017.0,10.717,793.0,4.214,-234.0,-1.243,-79.0,-0.42
,2025-03-04 00:00:00+08:00,000657.XSHE,1.38,783.0,6.398,551.0,4.502,232.0,1.896,-241.0,-1.969,-48.0,-0.392
,2025-03-05 00:00:00+08:00,000657.XSHE,-0.31,-794.0,-6.864,-668.0,-5.775,-126.0,-1.089,-150.0,-1.297,7.0,0.061
,2025-03-06 00:00:00+08:00,000657.XSHE,2.2,4017.0,16.781,3289.0,13.74,728.0,3.041,-43.0,-0.18,-2.0,-0.008
,2025-03-07 00:00:00+08:00,000657.XSHE,6.96,14172.0,14.922,13505.0,14.22,667.0,0.702,-416.0,-0.438,-67.0,-0.071
,2025-03-10 00:00:00+08:00,000657.XSHE,2.68,9015.0,9.579,8456.0,8.985,559.0,0.594,89.0,0.095,-91.0,-0.097
,2025-03-11 00:00:00+08:00,000657.XSHE,2.99,356.0,0.527,453.0,0.671,-97.0,-0.144,720.0,1.067,-58.0,-0.086
,2025-03-12 00:00:00+08:00,000657.XSHE,-2.36,2129.0,3.933,2720.0,5.025,-591.0,-1.092,-267.0,-0.493,15.0,0.028
,2025-03-13 00:00:00+08:00,000657.XSHE,-1.2,2222.0,5.984,1641.0,4.419,581.0,1.565,-623.0,-1.678,-64.0,-0.172
,2025-03-14 00:00:00+08:00,000657.XSHE,0.47,-1830.0,-3.874,-94.0,-0.199,-1736.0,-3.675,-275.0,-0.582,37.0,0.078
,2025-03-17 00:00:00+08:00,000657.XSHE,-2.42,-599.0,-1.696,-259.0,-0.733,-340.0,-0.963,-470.0,-1.331,15.0,0.042
,2025-03-18 00:00:00+08:00,000657.XSHE,0.1,2017.0,8.701,1694.0,7.308,323.0,1.393,-137.0,-0.591,-100.0,-0.431
,2025-03-19 00:00:00+08:00,000657.XSHE,-1.81,-510.0,-2.398,71.0,0.334,-581.0,-2.732,-63.0,-0.296,-109.0,-0.513
,2025-03-20 00:00:00+08:00,000657.XSHE,-0.78,-1374.0,-9.009,-323.0,-2.118,-1051.0,-6.891,127.0,0.833,14.0,0.092
,2025-03-21 00:00:00+08:00,000657.XSHE,-1.37,-1099.0,-5.547,-346.0,-1.747,-753.0,-3.801,-423.0,-2.135,-66.0,-0.333
,2025-03-24 00:00:00+08:00,000657.XSHE,0.69,1.0,0.004,143.0,0.556,-142.0,-0.552,204.0,0.793,-24.0,-0.093
,2025-03-25 00:00:00+08:00,000657.XSHE,0.59,888.0,3.524,822.0,3.262,66.0,0.262,324.0,1.286,2.0,0.008
,2025-03-26 00:00:00+08:00,000657.XSHE,-0.98,345.0,1.117,-836.0,-2.706,1181.0,3.823,141.0,0.456,50.0,0.162
,2025-03-27 00:00:00+08:00,000657.XSHE,-1.68,-637.0,-3.632,-394.0,-2.246,-243.0,-1.385,-25.0,-0.143,-68.0,-0.388
,2025-03-28 00:00:00+08:00,000657.XSHE,-0.7,-1153.0,-7.903,-593.0,-4.064,-560.0,-3.838,295.0,2.022,-29.0,-0.199
,2025-03-31 00:00:00+08:00,000657.XSHE,0.41,-819.0,-3.38,-923.0,-3.809,104.0,0.429,161.0,0.664,31.0,0.128
,2025-04-01 00:00:00+08:00,000657.XSHE,2.52,2859.0,11.648,2215.0,9.025,644.0,2.624,-285.0,-1.161,-1.0,-0.004
,2025-04-02 00:00:00+08:00,000657.XSHE,-0.69,1266.0,7.757,1074.0,6.58,192.0,1.176,120.0,0.735,34.0,0.208
,2025-04-03 00:00:00+08:00,000657.XSHE,-1.39,-1269.0,-7.301,-1184.0,-6.812,-85.0,-0.489,-230.0,-1.323,4.0,0.023
,2025-04-07 00:00:00+08:00,000657.XSHE,-9.95,-1754.0,-7.928,-361.0,-1.632,-1393.0,-6.296,38.0,0.172,-47.0,-0.212
,2025-04-08 00:00:00+08:00,000657.XSHE,0.22,-439.0,-1.504,309.0,1.059,-748.0,-2.562,-40.0,-0.137,49.0,0.168
,2025-04-09 00:00:00+08:00,000657.XSHE,1.0,-1035.0,-4.775,-98.0,-0.452,-937.0,-4.323,438.0,2.021,-27.0,-0.125
,2025-04-10 00:00:00+08:00,000657.XSHE,0.77,543.0,2.496,271.0,1.245,272.0,1.25,-191.0,-0.878,73.0,0.335
,2025-04-11 00:00:00+08:00,000657.XSHE,0.22,609.0,3.72,978.0,5.973,-369.0,-2.254,-232.0,-1.417,1.0,0.006
,2025-04-14 00:00:00+08:00,000657.XSHE,3.83,5301.0,20.63,3154.0,12.275,2147.0,8.356,91.0,0.354,-1.0,-0.004
,2025-04-15 00:00:00+08:00,000657.XSHE,-1.89,-911.0,-5.877,-174.0,-1.123,-737.0,-4.755,-82.0,-0.529,19.0,0.123
,2025-04-16 00:00:00+08:00,000657.XSHE,-1.4,-504.0,-4.015,-564.0,-4.493,60.0,0.478,137.0,1.091,-48.0,-0.382
,2025-04-17 00:00:00+08:00,000657.XSHE,-0.22,-382.0,-3.835,-213.0,-2.139,-169.0,-1.697,643.0,6.456,161.0,1.616
,2025-04-18 00:00:00+08:00,000657.XSHE,-0.11,-128.0,-1.321,-171.0,-1.765,43.0,0.444,-78.0,-0.805,-18.0,-0.186
,2025-04-21 00:00:00+08:00,000657.XSHE,4.06,2447.0,12.857,1311.0,6.888,1136.0,5.969,49.0,0.257,63.0,0.331
,2025-04-22 00:00:00+08:00,000657.XSHE,1.27,3364.0,17.251,2069.0,10.61,1295.0,6.641,-340.0,-1.744,5.0,0.026
,2025-04-23 00:00:00+08:00,000657.XSHE,1.15,192.0,0.956,479.0,2.385,-287.0,-1.429,-95.0,-0.473,-83.0,-0.413
,2025-04-24 00:00:00+08:00,000657.XSHE,-0.93,-872.0,-6.348,-455.0,-3.312,-417.0,-3.036,-243.0,-1.769,-70.0,-0.51
,2025-04-25 00:00:00+08:00,000657.XSHE,0.63,3784.0,13.395,3650.0,12.921,134.0,0.474,134.0,0.474,-56.0,-0.198
,2025-04-28 00:00:00+08:00,000657.XSHE,-1.14,-309.0,-1.92,-750.0,-4.66,441.0,2.74,271.0,1.684,-248.0,-1.541
,2025-04-29 00:00:00+08:00,000657.XSHE,0.21,303.0,2.679,88.0,0.778,215.0,1.901,375.0,3.316,61.0,0.539
,2025-04-30 00:00:00+08:00,000657.XSHE,0.0,-316.0,-2.402,-852.0,-6.476,536.0,4.074,327.0,2.485,-9.0,-0.068
,2025-05-06 00:00:00+08:00,000657.XSHE,3.87,4314.0,16.982,2452.0,9.652,1862.0,7.33,217.0,0.854,-45.0,-0.177
,2025-05-07 00:00:00+08:00,000657.XSHE,0.1,792.0,3.824,117.0,0.565,675.0,3.259,417.0,2.013,-92.0,-0.444
,2025-05-08 00:00:00+08:00,000657.XSHE,1.21,2839.0,10.682,1954.0,7.352,885.0,3.33,-251.0,-0.944,-19.0,-0.071
,2025-05-09 00:00:00+08:00,000657.XSHE,2.98,7707.0,11.691,6119.0,9.282,1588.0,2.409,-746.0,-1.132,-33.0,-0.05
,2025-05-12 00:00:00+08:00,000657.XSHE,1.83,3799.0,6.444,1978.0,3.355,1821.0,3.089,55.0,0.093,-71.0,-0.12
,2025-05-13 00:00:00+08:00,000657.XSHE,-1.89,58.0,0.141,-742.0,-1.799,800.0,1.94,-313.0,-0.759,-46.0,-0.112
,2025-05-14 00:00:00+08:00,000657.XSHE,2.7,5184.0,9.925,4446.0,8.512,738.0,1.413,-228.0,-0.437,-184.0,-0.352
,2025-05-15 00:00:00+08:00,000657.XSHE,0.85,2436.0,4.39,1661.0,2.993,775.0,1.397,-72.0,-0.13,-38.0,-0.068
,2025-05-16 00:00:00+08:00,000657.XSHE,7.37,23254.0,17.773,22090.0,16.883,1164.0,0.89,-320.0,-0.245,-41.0,-0.031
,2025-05-19 00:00:00+08:00,000657.XSHE,-3.21,-1050.0,-1.134,-2083.0,-2.25,1033.0,1.116,-1231.0,-1.33,-30.0,-0.032
,2025-05-20 00:00:00+08:00,000657.XSHE,0.27,-807.0,-1.384,-426.0,-0.731,-381.0,-0.653,-101.0,-0.173,64.0,0.11
,2025-05-21 00:00:00+08:00,000657.XSHE,-1.43,-2770.0,-5.367,-2157.0,-4.179,-613.0,-1.188,10.0,0.019,-60.0,-0.116
,2025-05-22 00:00:00+08:00,000657.XSHE,-3.35,-3138.0,-7.202,-3172.0,-7.28,34.0,0.078,-264.0,-0.606,-86.0,-0.197
,2025-05-23 00:00:00+08:00,000657.XSHE,0.09,495.0,1.665,200.0,0.673,295.0,0.992,6.0,0.02,-96.0,-0.323
,2025-05-26 00:00:00+08:00,000657.XSHE,-0.28,-1495.0,-5.997,-497.0,-1.994,-998.0,-4.004,-144.0,-0.578,-30.0,-0.12
,2025-05-27 00:00:00+08:00,000657.XSHE,-1.6,-856.0,-3.908,183.0,0.836,-1039.0,-4.744,-198.0,-0.904,16.0,0.073
,2025-05-28 00:00:00+08:00,000657.XSHE,2.57,3164.0,7.035,2122.0,4.718,1042.0,2.317,-8.0,-0.018,-55.0,-0.122
,2025-05-29 00:00:00+08:00,000657.XSHE,5.58,7560.0,11.914,6830.0,10.764,730.0,1.15,-748.0,-1.179,-12.0,-0.019
,2025-05-30 00:00:00+08:00,000657.XSHE,-0.35,2162.0,5.952,2469.0,6.797,-307.0,-0.845,-717.0,-1.974,-79.0,-0.217
,2025-06-03 00:00:00+08:00,000657.XSHE,2.92,3947.0,6.685,3258.0,5.518,689.0,1.167,984.0,1.667,-96.0,-0.163
,2025-06-04 00:00:00+08:00,000657.XSHE,3.96,8219.0,10.191,9694.0,12.02,-1475.0,-1.829,240.0,0.298,4.0,0.005
,2025-06-05 00:00:00+08:00,000657.XSHE,-1.16,-1077.0,-2.188,-869.0,-1.766,-208.0,-0.423,-224.0,-0.455,68.0,0.138
,2025-06-06 00:00:00+08:00,000657.XSHE,0.59,4067.0,7.964,4090.0,8.009,-23.0,-0.045,-17.0,-0.033,-33.0,-0.065
,2025-06-09 00:00:00+08:00,000657.XSHE,0.25,-503.0,-0.957,719.0,1.367,-1222.0,-2.324,-612.0,-1.164,62.0,0.118
,2025-06-10 00:00:00+08:00,000657.XSHE,-0.25,1499.0,3.206,1548.0,3.311,-49.0,-0.105,-429.0,-0.918,-76.0,-0.163
,2025-06-11 00:00:00+08:00,000657.XSHE,0.59,61.0,0.089,1078.0,1.581,-1017.0,-1.491,-58.0,-0.085,-38.0,-0.056
,2025-06-12 00:00:00+08:00,000657.XSHE,-0.91,-143.0,-0.251,-425.0,-0.747,282.0,0.496,-577.0,-1.015,-45.0,-0.079
,2025-06-13 00:00:00+08:00,000657.XSHE,0.76,3232.0,7.288,2804.0,6.323,428.0,0.965,5.0,0.011,-74.0,-0.167
,2025-06-16 00:00:00+08:00,000657.XSHE,0.58,-1053.0,-2.262,556.0,1.194,-1609.0,-3.456,-458.0,-0.984,364.0,0.782
,2025-06-17 00:00:00+08:00,000657.XSHE,-0.17,2929.0,5.348,3416.0,6.237,-487.0,-0.889,-640.0,-1.169,40.0,0.073
,2025-06-18 00:00:00+08:00,000657.XSHE,0.25,3127.0,8.588,1655.0,4.545,1472.0,4.043,-151.0,-0.415,4.0,0.011
,2025-06-19 00:00:00+08:00,000657.XSHE,-0.93,1096.0,3.102,588.0,1.664,508.0,1.438,16.0,0.045,-31.0,-0.088
,2025-06-20 00:00:00+08:00,000657.XSHE,-1.95,-2617.0,-7.103,-1292.0,-3.507,-1325.0,-3.596,-567.0,-1.539,11.0,0.03
,2025-06-23 00:00:00+08:00,000657.XSHE,0.52,-1135.0,-4.235,-1699.0,-6.339,564.0,2.104,-261.0,-0.974,27.0,0.101
,2025-06-24 00:00:00+08:00,000657.XSHE,-0.34,-959.0,-3.432,-1461.0,-5.229,502.0,1.797,-296.0,-1.059,18.0,0.064
,2025-06-25 00:00:00+08:00,000657.XSHE,-0.09,-1890.0,-5.502,-616.0,-1.793,-1274.0,-3.709,-8.0,-0.023,66.0,0.192
,2025-06-26 00:00:00+08:00,000657.XSHE,-0.95,48.0,0.129,511.0,1.378,-463.0,-1.249,-590.0,-1.591,74.0,0.2
,2025-06-27 00:00:00+08:00,000657.XSHE,1.05,3456.0,9.199,2172.0,5.781,1284.0,3.418,-636.0,-1.693,-67.0,-0.178
,2025-06-30 00:00:00+08:00,000657.XSHE,2.51,3647.0,7.718,3128.0,6.619,519.0,1.098,-400.0,-0.846,72.0,0.152
,2025-07-01 00:00:00+08:00,000657.XSHE,2.53,2991.0,5.726,2558.0,4.897,433.0,0.829,13.0,0.025,4.0,0.008
,2025-07-02 00:00:00+08:00,000657.XSHE,-0.33,-2829.0,-7.291,-1949.0,-5.023,-880.0,-2.268,149.0,0.384,20.0,0.052
,2025-07-03 00:00:00+08:00,000657.XSHE,-1.24,-352.0,-0.951,-1272.0,-3.437,920.0,2.486,-188.0,-0.508,-63.0,-0.17
,2025-07-04 00:00:00+08:00,000657.XSHE,0.58,4843.0,7.985,5568.0,9.181,-725.0,-1.195,-39.0,-0.064,198.0,0.326
,2025-07-07 00:00:00+08:00,000657.XSHE,-1.16,-3266.0,-10.355,-2207.0,-6.998,-1059.0,-3.358,-232.0,-0.736,33.0,0.105
,2025-07-08 00:00:00+08:00,000657.XSHE,0.58,-1018.0,-2.643,-326.0,-0.846,-692.0,-1.796,161.0,0.418,9.0,0.023
,2025-07-09 00:00:00+08:00,000657.XSHE,-0.99,-2316.0,-6.465,-2174.0,-6.069,-142.0,-0.396,120.0,0.335,-47.0,-0.131
,2025-07-10 00:00:00+08:00,000657.XSHE,1.09,1719.0,4.547,1714.0,4.533,5.0,0.013,98.0,0.259,-29.0,-0.077
,2025-07-11 00:00:00+08:00,000657.XSHE,3.15,7599.0,9.383,5502.0,6.794,2097.0,2.589,-201.0,-0.248,-104.0,-0.128
,2025-07-14 00:00:00+08:00,000657.XSHE,1.85,1168.0,1.738,-220.0,-0.327,1388.0,2.065,384.0,0.571,-4.0,-0.006
,2025-07-15 00:00:00+08:00,000657.XSHE,-1.03,2263.0,4.397,1103.0,2.143,1160.0,2.254,-284.0,-0.552,-94.0,-0.183
,2025-07-16 00:00:00+08:00,000657.XSHE,3.82,6522.0,8.223,6460.0,8.145,62.0,0.078,235.0,0.296,103.0,0.13
,2025-07-17 00:00:00+08:00,000657.XSHE,1.15,2808.0,4.473,3070.0,4.891,-262.0,-0.417,372.0,0.593,-35.0,-0.056
,2025-07-18 00:00:00+08:00,000657.XSHE,2.95,7587.0,8.497,6794.0,7.609,793.0,0.888,56.0,0.063,-71.0,-0.08
,2025-07-21 00:00:00+08:00,000657.XSHE,1.98,-1075.0,-1.328,-649.0,-0.802,-426.0,-0.526,311.0,0.384,15.0,0.019
,2025-07-22 00:00:00+08:00,000657.XSHE,10.02,18906.0,16.274,18823.0,16.202,83.0,0.071,-163.0,-0.14,8.0,0.007
,2025-07-23 00:00:00+08:00,000657.XSHE,6.36,-2618.0,-0.866,759.0,0.251,-3377.0,-1.117,27.0,0.009,16.0,0.005
,2025-07-24 00:00:00+08:00,000657.XSHE,10.01,1139.0,0.312,-153.0,-0.042,1292.0,0.353,542.0,0.148,16.0,0.004
,2025-07-25 00:00:00+08:00,000657.XSHE,6.74,28774.0,6.123,33450.0,7.118,-4676.0,-0.995,-98.0,-0.021,50.0,0.011
,2025-07-28 00:00:00+08:00,000657.XSHE,-5.61,-24960.0,-6.686,-26575.0,-7.119,1615.0,0.433,129.0,0.035,40.0,0.011
,2025-07-29 00:00:00+08:00,000657.XSHE,6.0,8653.0,2.182,8152.0,2.055,501.0,0.126,98.0,0.025,18.0,0.005
,2025-07-30 00:00:00+08:00,000657.XSHE,-10.0,-36445.0,-10.621,-35256.0,-10.275,-1189.0,-0.347,237.0,0.069,8.0,0.002
,2025-07-31 00:00:00+08:00,000657.XSHE,-5.67,4922.0,1.84,8794.0,3.287,-3872.0,-1.447,-945.0,-0.353,15.0,0.006
,2025-08-01 00:00:00+08:00,000657.XSHE,-1.86,8376.0,5.611,8560.0,5.734,-184.0,-0.123,-850.0,-0.569,-37.0,-0.025
,2025-08-04 00:00:00+08:00,000657.XSHE,-0.44,1079.0,1.073,945.0,0.94,134.0,0.133,-103.0,-0.102,-9.0,-0.009
,2025-08-05 00:00:00+08:00,000657.XSHE,0.32,-1855.0,-1.327,-843.0,-0.603,-1012.0,-0.724,100.0,0.072,110.0,0.079
,2025-08-06 00:00:00+08:00,000657.XSHE,2.15,-904.0,-0.519,-326.0,-0.187,-578.0,-0.332,14.0,0.008,-232.0,-0.133
,2025-08-07 00:00:00+08:00,000657.XSHE,0.56,-1843.0,-1.014,-965.0,-0.531,-878.0,-0.483,-52.0,-0.029,-6.0,-0.003
,2025-08-08 00:00:00+08:00,000657.XSHE,1.92,12555.0,6.249,13380.0,6.66,-825.0,-0.411,-315.0,-0.157,-38.0,-0.019
,2025-08-11 00:00:00+08:00,000657.XSHE,0.97,2624.0,1.689,3597.0,2.316,-973.0,-0.626,61.0,0.039,22.0,0.014
,2025-08-12 00:00:00+08:00,000657.XSHE,0.06,1218.0,0.88,1149.0,0.83,69.0,0.05,-901.0,-0.651,-22.0,-0.016
,2025-08-13 00:00:00+08:00,000657.XSHE,2.41,10939.0,6.123,12591.0,7.048,-1652.0,-0.925,-54.0,-0.03,-27.0,-0.015
,2025-08-14 00:00:00+08:00,000657.XSHE,1.3,683.0,0.327,1640.0,0.785,-957.0,-0.458,291.0,0.139,27.0,0.013
,2025-08-15 00:00:00+08:00,000657.XSHE,3.72,20708.0,12.143,18922.0,11.096,1786.0,1.047,-460.0,-0.27,29.0,0.017
,2025-08-18 00:00:00+08:00,000657.XSHE,1.51,-4664.0,-2.287,-5362.0,-2.629,698.0,0.342,-57.0,-0.028,-57.0,-0.028
,2025-08-19 00:00:00+08:00,000657.XSHE,5.47,25142.0,8.064,27032.0,8.67,-1890.0,-0.606,-468.0,-0.15,163.0,0.052
,2025-08-20 00:00:00+08:00,000657.XSHE,0.42,1898.0,0.637,3618.0,1.214,-1720.0,-0.577,-352.0,-0.118,23.0,0.008
,2025-08-21 00:00:00+08:00,000657.XSHE,-4.28,-4072.0,-1.349,2371.0,0.785,-6443.0,-2.134,-355.0,-0.118,33.0,0.011
,2025-08-22 00:00:00+08:00,000657.XSHE,2.91,20082.0,7.69,22299.0,8.539,-2217.0,-0.849,-335.0,-0.128,-25.0,-0.01
,2025-08-25 00:00:00+08:00,000657.XSHE,2.35,-7644.0,-2.753,-7921.0,-2.853,277.0,0.1,-325.0,-0.117,0.0,0.0
,2025-08-26 00:00:00+08:00,000657.XSHE,1.1,17906.0,8.199,19389.0,8.878,-1483.0,-0.679,-343.0,-0.157,-104.0,-0.048
,2025-08-27 00:00:00+08:00,000657.XSHE,1.39,15169.0,5.104,17331.0,5.832,-2162.0,-0.727,-627.0,-0.211,38.0,0.013
,2025-08-28 00:00:00+08:00,000657.XSHE,-0.15,-3005.0,-1.26,-2558.0,-1.073,-447.0,-0.187,-507.0,-0.213,-65.0,-0.027
,2025-08-29 00:00:00+08:00,000657.XSHE,5.35,34146.0,11.532,38506.0,13.004,-4360.0,-1.472,-473.0,-0.16,9.0,0.003
,2025-09-01 00:00:00+08:00,000657.XSHE,5.51,482.0,0.167,2702.0,0.939,-2220.0,-0.771,623.0,0.216,-8.0,-0.003
,2025-09-02 00:00:00+08:00,000657.XSHE,-2.29,-16342.0,-6.333,-10924.0,-4.233,-5418.0,-2.1,-304.0,-0.118,66.0,0.026
,2025-09-03 00:00:00+08:00,000657.XSHE,-6.37,-10707.0,-5.297,-5663.0,-2.801,-5044.0,-2.495,-47.0,-0.023,0.0,0.0
,2025-09-04 00:00:00+08:00,000657.XSHE,-6.1,-2333.0,-1.11,2159.0,1.027,-4492.0,-2.137,-874.0,-0.416,21.0,0.01
,2025-09-05 00:00:00+08:00,000657.XSHE,2.77,-227.0,-0.163,1052.0,0.754,-1279.0,-0.916,-32.0,-0.023,46.0,0.033
,2025-09-08 00:00:00+08:00,000657.XSHE,2.8,949.0,0.524,3384.0,1.87,-2435.0,-1.345,-229.0,-0.127,14.0,0.008
,2025-09-09 00:00:00+08:00,000657.XSHE,-2.12,-6648.0,-4.468,-3530.0,-2.372,-3118.0,-2.095,-277.0,-0.186,167.0,0.112
,2025-09-10 00:00:00+08:00,000657.XSHE,-2.74,-2505.0,-2.113,-2675.0,-2.256,170.0,0.143,-452.0,-0.381,1.0,0.001
,2025-09-11 00:00:00+08:00,000657.XSHE,3.88,15015.0,11.968,14312.0,11.407,703.0,0.56,-603.0,-0.481,25.0,0.02
,2025-09-12 00:00:00+08:00,000657.XSHE,1.33,-1003.0,-0.826,-238.0,-0.196,-765.0,-0.63,872.0,0.718,-105.0,-0.086
,2025-09-15 00:00:00+08:00,000657.XSHE,-3.39,-16783.0,-15.456,-13005.0,-11.977,-3778.0,-3.479,-185.0,-0.17,266.0,0.245
,2025-09-16 00:00:00+08:00,000657.XSHE,-3.14,-13397.0,-9.723,-9354.0,-6.789,-4043.0,-2.934,863.0,0.626,20.0,0.015
,2025-09-17 00:00:00+08:00,000657.XSHE,1.51,3669.0,4.411,3502.0,4.21,167.0,0.201,432.0,0.519,-10.0,-0.012
,2025-09-18 00:00:00+08:00,000657.XSHE,-3.56,-658.0,-0.639,600.0,0.583,-1258.0,-1.222,-455.0,-0.442,-6.0,-0.006
,2025-09-19 00:00:00+08:00,000657.XSHE,-0.72,-4490.0,-6.77,-2802.0,-4.225,-1688.0,-2.545,155.0,0.234,57.0,0.086
,2025-09-22 00:00:00+08:00,000657.XSHE,-0.28,-951.0,-1.443,1824.0,2.767,-2775.0,-4.21,-236.0,-0.358,10.0,0.015
,2025-09-23 00:00:00+08:00,000657.XSHE,-3.5,-4890.0,-6.58,-2118.0,-2.85,-2772.0,-3.73,-712.0,-0.958,112.0,0.151
,2025-09-24 00:00:00+08:00,000657.XSHE,0.69,-2700.0,-5.425,-2485.0,-4.993,-215.0,-0.432,-297.0,-0.597,42.0,0.084
,2025-09-25 00:00:00+08:00,000657.XSHE,1.83,434.0,0.556,-839.0,-1.075,1273.0,1.631,-409.0,-0.524,22.0,0.028
,2025-09-26 00:00:00+08:00,000657.XSHE,3.37,13730.0,8.977,13675.0,8.941,55.0,0.036,27.0,0.018,-52.0,-0.034
,2025-09-29 00:00:00+08:00,000657.XSHE,-0.43,-8915.0,-8.357,-6464.0,-6.059,-2451.0,-2.298,451.0,0.423,-16.0,-0.015
,2025-09-30 00:00:00+08:00,000657.XSHE,1.63,-276.0,-0.308,2451.0,2.734,-2727.0,-3.042,100.0,0.112,51.0,0.057
,2025-10-09 00:00:00+08:00,000657.XSHE,5.05,4093.0,3.426,4336.0,3.63,-243.0,-0.203,534.0,0.447,-18.0,-0.015
,2025-10-10 00:00:00+08:00,000657.XSHE,-4.8,-17691.0,-17.577,-13684.0,-13.596,-4007.0,-3.981,647.0,0.643,113.0,0.112
,2025-10-13 00:00:00+08:00,000657.XSHE,4.88,14874.0,11.928,14158.0,11.354,716.0,0.574,71.0,0.057,-57.0,-0.046
,2025-10-14 00:00:00+08:00,000657.XSHE,-3.07,-3430.0,-2.662,762.0,0.591,-4192.0,-3.253,-487.0,-0.378,113.0,0.088
,2025-10-15 00:00:00+08:00,000657.XSHE,-2.59,-4678.0,-6.15,-1532.0,-2.014,-3146.0,-4.136,339.0,0.446,-69.0,-0.091
,2025-10-16 00:00:00+08:00,000657.XSHE,-7.15,-29022.0,-16.07,-25403.0,-14.066,-3619.0,-2.004,-9.0,-0.005,145.0,0.08
,2025-10-17 00:00:00+08:00,000657.XSHE,-4.73,-5459.0,-5.666,-2874.0,-2.983,-2585.0,-2.683,-417.0,-0.433,77.0,0.08
,2025-10-20 00:00:00+08:00,000657.XSHE,2.02,5503.0,9.608,4965.0,8.669,538.0,0.939,-543.0,-0.948,-35.0,-0.061
,2025-10-21 00:00:00+08:00,000657.XSHE,5.23,23978.0,24.119,22542.0,22.674,1436.0,1.444,-234.0,-0.235,-164.0,-0.165
,2025-10-22 00:00:00+08:00,000657.XSHE,3.6,26474.0,17.883,24232.0,16.369,2242.0,1.514,-484.0,-0.327,-79.0,-0.053
,2025-10-23 00:00:00+08:00,000657.XSHE,2.54,13665.0,9.536,13380.0,9.337,285.0,0.199,-360.0,-0.251,-80.0,-0.056
,2025-10-24 00:00:00+08:00,000657.XSHE,1.99,10249.0,6.81,11037.0,7.334,-788.0,-0.524,-765.0,-0.508,19.0,0.013
,2025-10-27 00:00:00+08:00,000657.XSHE,8.02,67940.0,21.575,73731.0,23.414,-5791.0,-1.839,-379.0,-0.12,-82.0,-0.026
,2025-10-28 00:00:00+08:00,000657.XSHE,10.02,64282.0,19.914,65637.0,20.334,-1355.0,-0.42,59.0,0.018,0.0,0.0
,2025-10-29 00:00:00+08:00,000657.XSHE,10.0,23449.0,13.211,23449.0,13.211,0.0,0.0,0.0,0.0,0.0,0.0
,2025-10-30 00:00:00+08:00,000657.XSHE,4.44,-19768.0,-2.769,-15256.0,-2.137,-4512.0,-0.632,329.0,0.046,109.0,0.015
,2025-10-31 00:00:00+08:00,000657.XSHE,-10.0,-32472.0,-9.783,-31928.0,-9.619,-544.0,-0.164,13.0,0.004,-142.0,-0.043
,2025-11-03 00:00:00+08:00,000657.XSHE,-3.42,4684.0,1.27,5212.0,1.413,-528.0,-0.143,374.0,0.101,0.0,0.0
,2025-11-04 00:00:00+08:00,000657.XSHE,0.04,-15863.0,-6.04,-15264.0,-5.812,-599.0,-0.228,-28.0,-0.011,47.0,0.018
,2025-11-05 00:00:00+08:00,000657.XSHE,10.01,22085.0,5.298,21494.0,5.156,591.0,0.142,348.0,0.083,-1.0,0.0
,2025-11-06 00:00:00+08:00,000657.XSHE,0.52,-4798.0,-1.218,-4164.0,-1.057,-634.0,-0.161,-84.0,-0.021,-9.0,-0.002
,2025-11-07 00:00:00+08:00,000657.XSHE,-1.59,-16780.0,-5.94,-13323.0,-4.716,-3457.0,-1.224,956.0,0.338,5.0,0.002
,2025-11-10 00:00:00+08:00,000657.XSHE,-6.19,-26002.0,-8.841,-22439.0,-7.629,-3563.0,-1.211,76.0,0.026,59.0,0.02
,2025-11-11 00:00:00+08:00,000657.XSHE,-4.44,-21921.0,-9.023,-19532.0,-8.04,-2389.0,-0.983,222.0,0.091,-118.0,-0.049
,2025-11-12 00:00:00+08:00,000657.XSHE,2.06,10004.0,3.477,16106.0,5.597,-6102.0,-2.121,-239.0,-0.083,22.0,0.008
,2025-11-13 00:00:00+08:00,000657.XSHE,-0.97,-11826.0,-4.47,-13585.0,-5.135,1759.0,0.665,618.0,0.234,62.0,0.023
,2025-11-14 00:00:00+08:00,000657.XSHE,0.35,4429.0,1.862,2571.0,1.081,1858.0,0.781,-845.0,-0.355,-123.0,-0.052
,2025-11-17 00:00:00+08:00,000657.XSHE,1.02,8045.0,4.55,10531.0,5.957,-2486.0,-1.406,-29.0,-0.016,20.0,0.011
,2025-11-18 00:00:00+08:00,000657.XSHE,1.01,-13801.0,-4.597,-14223.0,-4.738,422.0,0.141,533.0,0.178,36.0,0.012
,2025-11-19 00:00:00+08:00,000657.XSHE,-3.47,-16641.0,-7.503,-11553.0,-5.209,-5088.0,-2.294,-221.0,-0.1,71.0,0.032
,2025-11-20 00:00:00+08:00,000657.XSHE,0.85,17576.0,11.403,17920.0,11.626,-344.0,-0.223,-1119.0,-0.726,-45.0,-0.029
,2025-11-21 00:00:00+08:00,000657.XSHE,-6.59,-12839.0,-7.589,-9250.0,-5.467,-3589.0,-2.121,321.0,0.19,-17.0,-0.01
,2025-11-24 00:00:00+08:00,000657.XSHE,3.24,12592.0,9.006,13518.0,9.668,-926.0,-0.662,-684.0,-0.489,-23.0,-0.016
,2025-11-25 00:00:00+08:00,000657.XSHE,1.66,1162.0,0.944,1824.0,1.483,-662.0,-0.538,-479.0,-0.389,40.0,0.033
,2025-11-26 00:00:00+08:00,000657.XSHE,0.09,-1953.0,-1.757,850.0,0.765,-2803.0,-2.521,163.0,0.147,-39.0,-0.035
,2025-11-27 00:00:00+08:00,000657.XSHE,-2.68,-10541.0,-8.289,-8633.0,-6.789,-1908.0,-1.5,-831.0,-0.654,74.0,0.058
,2025-11-28 00:00:00+08:00,000657.XSHE,3.64,15748.0,12.419,18196.0,14.35,-2448.0,-1.931,-336.0,-0.265,-13.0,-0.01
,2025-12-01 00:00:00+08:00,000657.XSHE,-0.72,-4658.0,-3.935,-3768.0,-3.184,-890.0,-0.752,259.0,0.219,94.0,0.079
,2025-12-02 00:00:00+08:00,000657.XSHE,0.41,3875.0,3.204,7215.0,5.965,-3340.0,-2.761,-10.0,-0.008,128.0,0.106
,2025-12-03 00:00:00+08:00,000657.XSHE,0.23,62.0,0.047,2765.0,2.112,-2703.0,-2.064,125.0,0.095,11.0,0.008
,2025-12-04 00:00:00+08:00,000657.XSHE,0.14,-7896.0,-4.756,-5481.0,-3.301,-2415.0,-1.455,147.0,0.089,44.0,0.027
,2025-12-05 00:00:00+08:00,000657.XSHE,4.08,19485.0,7.827,19891.0,7.99,-406.0,-0.163,-75.0,-0.03,88.0,0.035
,2025-12-08 00:00:00+08:00,000657.XSHE,3.92,8810.0,3.44,10545.0,4.118,-1735.0,-0.677,418.0,0.163,-35.0,-0.014
,2025-12-09 00:00:00+08:00,000657.XSHE,2.94,11670.0,4.423,12043.0,4.564,-373.0,-0.141,319.0,0.121,6.0,0.002
,2025-12-10 00:00:00+08:00,000657.XSHE,-0.44,-11769.0,-5.845,-9872.0,-4.903,-1897.0,-0.942,528.0,0.262,-777.0,-0.386
,2025-12-11 00:00:00+08:00,000657.XSHE,-1.62,-3388.0,-2.074,-2302.0,-1.409,-1086.0,-0.665,-461.0,-0.282,-88.0,-0.054
,2025-12-12 00:00:00+08:00,000657.XSHE,1.85,15581.0,6.985,15060.0,6.751,521.0,0.234,-605.0,-0.271,-68.0,-0.03
,2025-12-15 00:00:00+08:00,000657.XSHE,1.24,1806.0,0.965,2400.0,1.282,-594.0,-0.317,-250.0,-0.134,36.0,0.019
,2025-12-16 00:00:00+08:00,000657.XSHE,3.33,10741.0,4.036,16101.0,6.051,-5360.0,-2.014,259.0,0.097,18.0,0.007
,2025-12-17 00:00:00+08:00,000657.XSHE,9.02,53438.0,11.602,55477.0,12.045,-2039.0,-0.443,-381.0,-0.083,-39.0,-0.008
,2025-12-18 00:00:00+08:00,000657.XSHE,-4.67,-16182.0,-5.114,-12925.0,-4.084,-3257.0,-1.029,-382.0,-0.121,54.0,0.017
,2025-12-19 00:00:00+08:00,000657.XSHE,0.37,-1114.0,-0.556,2076.0,1.036,-3190.0,-1.591,413.0,0.206,-1.0,0.0
,2025-12-22 00:00:00+08:00,000657.XSHE,8.57,55341.0,14.559,55521.0,14.606,-180.0,-0.047,-894.0,-0.235,-22.0,-0.006
,2025-12-23 00:00:00+08:00,000657.XSHE,4.79,35253.0,7.861,34213.0,7.629,1040.0,0.232,-286.0,-0.064,-19.0,-0.004
,2025-12-24 00:00:00+08:00,000657.XSHE,-5.31,-60269.0,-14.889,-61025.0,-15.076,756.0,0.187,1089.0,0.269,109.0,0.027
,2025-12-25 00:00:00+08:00,000657.XSHE,-2.11,-10886.0,-4.448,-8801.0,-3.596,-2085.0,-0.852,332.0,0.136,-62.0,-0.025
,2025-01-02 00:00:00+08:00,000735.XSHE,-4.35,-406.0,-1.514,7.0,0.026,-413.0,-1.54,-101.0,-0.377,-46.0,-0.172
,2025-01-03 00:00:00+08:00,000735.XSHE,-6.58,-890.0,-4.078,-115.0,-0.527,-775.0,-3.551,-371.0,-1.7,-45.0,-0.206
,2025-01-06 00:00:00+08:00,000735.XSHE,-0.67,-680.0,-5.152,108.0,0.818,-788.0,-5.971,-83.0,-0.629,8.0,0.061
,2025-01-07 00:00:00+08:00,000735.XSHE,1.69,-70.0,-0.678,-155.0,-1.5,85.0,0.823,-90.0,-0.871,-6.0,-0.058
,2025-01-08 00:00:00+08:00,000735.XSHE,-1.66,-842.0,-5.695,-1234.0,-8.346,392.0,2.651,106.0,0.717,-22.0,-0.149
,2025-01-09 00:00:00+08:00,000735.XSHE,0.67,1116.0,9.25,911.0,7.551,205.0,1.699,-145.0,-1.202,-3.0,-0.025
,2025-01-10 00:00:00+08:00,000735.XSHE,-3.51,-873.0,-8.555,-123.0,-1.205,-750.0,-7.35,117.0,1.147,-60.0,-0.588
,2025-01-13 00:00:00+08:00,000735.XSHE,0.17,-43.0,-0.464,321.0,3.462,-364.0,-3.926,-213.0,-2.297,75.0,0.809
,2025-01-14 00:00:00+08:00,000735.XSHE,4.33,485.0,3.686,452.0,3.435,33.0,0.251,-119.0,-0.904,-62.0,-0.471
,2025-01-15 00:00:00+08:00,000735.XSHE,0.83,719.0,5.9,297.0,2.437,422.0,3.463,-3.0,-0.025,-18.0,-0.148
,2025-01-16 00:00:00+08:00,000735.XSHE,0.99,-295.0,-2.205,-116.0,-0.867,-179.0,-1.338,-24.0,-0.179,-14.0,-0.105
,2025-01-17 00:00:00+08:00,000735.XSHE,-0.49,590.0,7.214,133.0,1.626,457.0,5.588,-33.0,-0.404,-27.0,-0.33
,2025-01-20 00:00:00+08:00,000735.XSHE,0.33,130.0,1.441,467.0,5.177,-337.0,-3.736,-55.0,-0.61,-65.0,-0.721
,2025-01-21 00:00:00+08:00,000735.XSHE,0.0,-137.0,-1.287,472.0,4.432,-609.0,-5.719,58.0,0.545,-58.0,-0.545
,2025-01-22 00:00:00+08:00,000735.XSHE,-1.79,-469.0,-5.212,-3.0,-0.033,-466.0,-5.178,147.0,1.634,-17.0,-0.189
,2025-01-23 00:00:00+08:00,000735.XSHE,-0.17,163.0,1.408,-66.0,-0.57,229.0,1.978,-16.0,-0.138,21.0,0.181
,2025-01-24 00:00:00+08:00,000735.XSHE,0.33,-882.0,-9.484,-434.0,-4.667,-448.0,-4.817,-251.0,-2.699,86.0,0.925
,2025-01-27 00:00:00+08:00,000735.XSHE,1.66,1107.0,6.615,844.0,5.043,263.0,1.572,-74.0,-0.442,-26.0,-0.155
,2025-02-05 00:00:00+08:00,000735.XSHE,0.98,656.0,4.742,328.0,2.371,328.0,2.371,52.0,0.376,39.0,0.282
,2025-02-06 00:00:00+08:00,000735.XSHE,0.48,-1137.0,-7.896,-694.0,-4.819,-443.0,-3.076,-126.0,-0.875,-17.0,-0.118
,2025-02-07 00:00:00+08:00,000735.XSHE,1.61,792.0,3.757,454.0,2.153,338.0,1.603,-137.0,-0.65,-56.0,-0.266
,2025-02-10 00:00:00+08:00,000735.XSHE,-0.16,1613.0,10.845,554.0,3.725,1059.0,7.12,147.0,0.988,7.0,0.047
,2025-02-11 00:00:00+08:00,000735.XSHE,-1.89,-785.0,-6.326,-553.0,-4.456,-232.0,-1.869,6.0,0.048,23.0,0.185
,2025-02-12 00:00:00+08:00,000735.XSHE,0.48,149.0,1.309,243.0,2.135,-94.0,-0.826,-156.0,-1.371,40.0,0.351
,2025-02-13 00:00:00+08:00,000735.XSHE,0.48,-363.0,-1.685,-928.0,-4.309,565.0,2.623,122.0,0.566,45.0,0.209
,2025-02-14 00:00:00+08:00,000735.XSHE,-1.59,-401.0,-2.415,-1147.0,-6.907,746.0,4.492,-99.0,-0.596,53.0,0.319
,2025-02-17 00:00:00+08:00,000735.XSHE,0.32,717.0,4.903,43.0,0.294,674.0,4.609,254.0,1.737,-101.0,-0.691
,2025-02-18 00:00:00+08:00,000735.XSHE,-3.39,-965.0,-6.351,-192.0,-1.264,-773.0,-5.087,-406.0,-2.672,-29.0,-0.191
,2025-02-19 00:00:00+08:00,000735.XSHE,1.67,898.0,6.583,624.0,4.574,274.0,2.009,-88.0,-0.645,3.0,0.022
,2025-02-20 00:00:00+08:00,000735.XSHE,-0.82,659.0,5.08,1027.0,7.916,-368.0,-2.837,-145.0,-1.118,-3.0,-0.023
,2025-02-21 00:00:00+08:00,000735.XSHE,0.66,480.0,3.374,585.0,4.112,-105.0,-0.738,-88.0,-0.618,-30.0,-0.211
,2025-02-24 00:00:00+08:00,000735.XSHE,2.46,2011.0,6.342,2251.0,7.099,-240.0,-0.757,88.0,0.278,35.0,0.11
,2025-02-25 00:00:00+08:00,000735.XSHE,-3.05,-2800.0,-13.288,-1884.0,-8.941,-916.0,-4.347,-141.0,-0.669,80.0,0.38
,2025-02-26 00:00:00+08:00,000735.XSHE,0.33,172.0,1.351,176.0,1.382,-4.0,-0.031,4.0,0.031,-2.0,-0.016
,2025-02-27 00:00:00+08:00,000735.XSHE,4.78,7229.0,15.04,6687.0,13.912,542.0,1.128,-95.0,-0.198,54.0,0.112
,2025-02-28 00:00:00+08:00,000735.XSHE,-3.46,-1445.0,-5.551,-1486.0,-5.708,41.0,0.157,-13.0,-0.05,14.0,0.054
,2025-03-03 00:00:00+08:00,000735.XSHE,0.65,1862.0,8.436,1981.0,8.976,-119.0,-0.539,40.0,0.181,-41.0,-0.186
,2025-03-04 00:00:00+08:00,000735.XSHE,1.14,640.0,3.938,816.0,5.022,-176.0,-1.083,47.0,0.289,4.0,0.025
,2025-03-05 00:00:00+08:00,000735.XSHE,-0.64,-931.0,-6.02,-804.0,-5.198,-127.0,-0.821,-106.0,-0.685,10.0,0.065
,2025-03-06 00:00:00+08:00,000735.XSHE,2.59,6321.0,17.443,6384.0,17.617,-63.0,-0.174,-237.0,-0.654,-30.0,-0.083
,2025-03-07 00:00:00+08:00,000735.XSHE,-2.05,-3096.0,-15.122,-1825.0,-8.914,-1271.0,-6.208,-217.0,-1.06,35.0,0.171
,2025-03-10 00:00:00+08:00,000735.XSHE,4.84,6727.0,13.948,7191.0,14.91,-464.0,-0.962,-200.0,-0.415,-17.0,-0.035
,2025-03-11 00:00:00+08:00,000735.XSHE,0.0,-332.0,-1.006,39.0,0.118,-371.0,-1.124,215.0,0.651,126.0,0.382
,2025-03-12 00:00:00+08:00,000735.XSHE,-1.38,-175.0,-0.732,236.0,0.987,-411.0,-1.718,-108.0,-0.452,21.0,0.088
,2025-03-13 00:00:00+08:00,000735.XSHE,-1.25,-615.0,-3.527,-960.0,-5.506,345.0,1.979,-57.0,-0.327,-103.0,-0.591
,2025-03-14 00:00:00+08:00,000735.XSHE,1.26,-1241.0,-6.12,-1134.0,-5.592,-107.0,-0.528,69.0,0.34,10.0,0.049
,2025-03-17 00:00:00+08:00,000735.XSHE,3.74,2839.0,6.596,2314.0,5.376,525.0,1.22,-87.0,-0.202,-27.0,-0.063
,2025-03-18 00:00:00+08:00,000735.XSHE,-0.15,551.0,2.294,-129.0,-0.537,680.0,2.831,104.0,0.433,-74.0,-0.308
,2025-03-19 00:00:00+08:00,000735.XSHE,1.05,2805.0,10.36,2318.0,8.561,487.0,1.799,-14.0,-0.052,-57.0,-0.211
,2025-03-20 00:00:00+08:00,000735.XSHE,-1.04,-534.0,-2.369,-797.0,-3.535,263.0,1.167,-2.0,-0.009,-51.0,-0.226
,2025-03-21 00:00:00+08:00,000735.XSHE,-1.65,260.0,1.14,656.0,2.877,-396.0,-1.737,-87.0,-0.382,2.0,0.009
,2025-03-24 00:00:00+08:00,000735.XSHE,-3.2,-1968.0,-7.906,-992.0,-3.985,-976.0,-3.921,-284.0,-1.141,-73.0,-0.293
,2025-03-25 00:00:00+08:00,000735.XSHE,-0.94,247.0,2.032,-135.0,-1.11,382.0,3.142,-202.0,-1.661,-3.0,-0.025
,2025-03-26 00:00:00+08:00,000735.XSHE,0.63,590.0,3.5,384.0,2.278,206.0,1.222,59.0,0.35,-11.0,-0.065
,2025-03-27 00:00:00+08:00,000735.XSHE,-1.57,-231.0,-1.816,-260.0,-2.044,29.0,0.228,-175.0,-1.376,-75.0,-0.59
,2025-03-28 00:00:00+08:00,000735.XSHE,-1.92,-759.0,-5.388,322.0,2.286,-1081.0,-7.674,-139.0,-0.987,21.0,0.149
,2025-03-31 00:00:00+08:00,000735.XSHE,-1.63,-1149.0,-9.64,-652.0,-5.47,-497.0,-4.17,-186.0,-1.561,49.0,0.411
,2025-04-01 00:00:00+08:00,000735.XSHE,0.83,154.0,2.031,142.0,1.873,12.0,0.158,130.0,1.715,-5.0,-0.066
,2025-04-02 00:00:00+08:00,000735.XSHE,0.33,-37.0,-0.559,124.0,1.872,-161.0,-2.431,-127.0,-1.917,97.0,1.464
,2025-04-03 00:00:00+08:00,000735.XSHE,1.48,1182.0,7.69,506.0,3.292,676.0,4.398,132.0,0.859,7.0,0.046
,2025-04-07 00:00:00+08:00,000735.XSHE,-4.53,-3265.0,-5.241,-1169.0,-1.877,-2096.0,-3.365,172.0,0.276,64.0,0.103
,2025-04-08 00:00:00+08:00,000735.XSHE,10.0,7051.0,10.235,6468.0,9.389,583.0,0.846,-38.0,-0.055,23.0,0.033
,2025-04-09 00:00:00+08:00,000735.XSHE,5.39,2593.0,2.516,2036.0,1.975,557.0,0.54,226.0,0.219,-179.0,-0.174
,2025-04-10 00:00:00+08:00,000735.XSHE,-1.76,3884.0,4.77,4869.0,5.979,-985.0,-1.21,108.0,0.133,-15.0,-0.018
,2025-04-11 00:00:00+08:00,000735.XSHE,-1.79,-2160.0,-4.929,-1256.0,-2.866,-904.0,-2.063,212.0,0.484,-19.0,-0.043
,2025-04-14 00:00:00+08:00,000735.XSHE,4.56,-179.0,-0.248,234.0,0.325,-413.0,-0.573,141.0,0.196,41.0,0.057
,2025-04-15 00:00:00+08:00,000735.XSHE,-2.62,-1147.0,-2.712,858.0,2.029,-2005.0,-4.741,16.0,0.038,-10.0,-0.024
,2025-04-16 00:00:00+08:00,000735.XSHE,-2.69,-1834.0,-5.481,-867.0,-2.591,-967.0,-2.89,-242.0,-0.723,5.0,0.015
,2025-04-17 00:00:00+08:00,000735.XSHE,1.08,-310.0,-1.173,-339.0,-1.283,29.0,0.11,-311.0,-1.177,77.0,0.291
,2025-04-18 00:00:00+08:00,000735.XSHE,-1.83,130.0,0.609,275.0,1.288,-145.0,-0.679,67.0,0.314,-74.0,-0.347
,2025-04-21 00:00:00+08:00,000735.XSHE,0.0,-238.0,-1.035,-529.0,-2.3,291.0,1.265,-164.0,-0.713,-20.0,-0.087
,2025-04-22 00:00:00+08:00,000735.XSHE,-0.93,1189.0,4.88,1781.0,7.31,-592.0,-2.43,-226.0,-0.928,41.0,0.168
,2025-04-23 00:00:00+08:00,000735.XSHE,-1.72,-775.0,-3.662,-330.0,-1.559,-445.0,-2.103,-241.0,-1.139,-17.0,-0.08
,2025-04-24 00:00:00+08:00,000735.XSHE,-1.28,282.0,1.671,17.0,0.101,265.0,1.57,-169.0,-1.001,-28.0,-0.166
,2025-04-25 00:00:00+08:00,000735.XSHE,0.16,-543.0,-5.26,-473.0,-4.582,-70.0,-0.678,-197.0,-1.908,19.0,0.184
,2025-04-28 00:00:00+08:00,000735.XSHE,-4.04,-2183.0,-11.034,-1429.0,-7.223,-754.0,-3.811,-205.0,-1.036,-10.0,-0.051
,2025-04-29 00:00:00+08:00,000735.XSHE,0.0,-781.0,-7.794,-831.0,-8.293,50.0,0.499,-55.0,-0.549,-21.0,-0.21
,2025-04-30 00:00:00+08:00,000735.XSHE,-0.17,328.0,3.421,205.0,2.138,123.0,1.283,-186.0,-1.94,-40.0,-0.417
,2025-05-06 00:00:00+08:00,000735.XSHE,1.18,-25.0,-0.22,38.0,0.334,-63.0,-0.554,-55.0,-0.484,46.0,0.405
,2025-05-07 00:00:00+08:00,000735.XSHE,1.34,-246.0,-1.622,23.0,0.152,-269.0,-1.774,43.0,0.284,-61.0,-0.402
,2025-05-08 00:00:00+08:00,000735.XSHE,0.33,1.0,0.01,226.0,2.195,-225.0,-2.185,88.0,0.855,69.0,0.67
,2025-05-09 00:00:00+08:00,000735.XSHE,-0.99,-833.0,-9.641,-586.0,-6.782,-247.0,-2.859,-145.0,-1.678,-12.0,-0.139
,2025-05-12 00:00:00+08:00,000735.XSHE,-0.17,-299.0,-3.001,-31.0,-0.311,-268.0,-2.69,-33.0,-0.331,33.0,0.331
,2025-05-13 00:00:00+08:00,000735.XSHE,0.0,-203.0,-2.669,-30.0,-0.394,-173.0,-2.275,120.0,1.578,57.0,0.75
,2025-05-14 00:00:00+08:00,000735.XSHE,0.17,184.0,2.431,317.0,4.188,-133.0,-1.757,-168.0,-2.22,-44.0,-0.581
,2025-05-15 00:00:00+08:00,000735.XSHE,-0.66,-489.0,-8.859,-407.0,-7.373,-82.0,-1.486,-59.0,-1.069,51.0,0.924
,2025-05-16 00:00:00+08:00,000735.XSHE,-0.33,8.0,0.13,5.0,0.081,3.0,0.049,-14.0,-0.228,54.0,0.879
,2025-05-19 00:00:00+08:00,000735.XSHE,-0.17,-1074.0,-12.23,-560.0,-6.377,-514.0,-5.853,37.0,0.421,4.0,0.046
,2025-05-20 00:00:00+08:00,000735.XSHE,0.51,-1143.0,-9.447,917.0,7.579,-2060.0,-17.026,54.0,0.446,28.0,0.231
,2025-05-21 00:00:00+08:00,000735.XSHE,-0.84,-2238.0,-25.169,-1590.0,-17.881,-648.0,-7.287,-106.0,-1.192,73.0,0.821
,2025-05-22 00:00:00+08:00,000735.XSHE,-1.86,-1919.0,-14.42,-1262.0,-9.483,-657.0,-4.937,-199.0,-1.495,-47.0,-0.353
,2025-05-23 00:00:00+08:00,000735.XSHE,-0.52,-413.0,-5.958,-337.0,-4.862,-76.0,-1.096,-195.0,-2.813,25.0,0.361
,2025-05-26 00:00:00+08:00,000735.XSHE,-1.56,-1590.0,-12.968,-694.0,-5.66,-896.0,-7.308,-160.0,-1.305,-26.0,-0.212
,2025-05-27 00:00:00+08:00,000735.XSHE,-0.35,-548.0,-7.196,-348.0,-4.57,-200.0,-2.626,135.0,1.773,53.0,0.696
,2025-05-28 00:00:00+08:00,000735.XSHE,-2.12,-2971.0,-18.856,-1920.0,-12.186,-1051.0,-6.67,-108.0,-0.685,75.0,0.476
,2025-05-29 00:00:00+08:00,000735.XSHE,0.9,113.0,1.402,396.0,4.913,-283.0,-3.511,-175.0,-2.171,-30.0,-0.372
,2025-05-30 00:00:00+08:00,000735.XSHE,1.07,-680.0,-4.647,-157.0,-1.073,-523.0,-3.574,174.0,1.189,-38.0,-0.26
,2025-06-03 00:00:00+08:00,000735.XSHE,-0.18,540.0,6.542,399.0,4.834,141.0,1.708,86.0,1.042,81.0,0.981
,2025-06-04 00:00:00+08:00,000735.XSHE,0.35,699.0,8.278,585.0,6.928,114.0,1.35,-41.0,-0.486,-34.0,-0.403
,2025-06-05 00:00:00+08:00,000735.XSHE,-0.88,-730.0,-9.733,-535.0,-7.133,-195.0,-2.6,-23.0,-0.307,19.0,0.253
,2025-06-06 00:00:00+08:00,000735.XSHE,8.36,10676.0,14.232,10265.0,13.684,411.0,0.548,-365.0,-0.487,-55.0,-0.073
,2025-06-09 00:00:00+08:00,000735.XSHE,-3.12,-2527.0,-6.042,-2017.0,-4.823,-510.0,-1.219,-167.0,-0.399,173.0,0.414
,2025-06-10 00:00:00+08:00,000735.XSHE,0.51,-1098.0,-4.413,-505.0,-2.029,-593.0,-2.383,-87.0,-0.35,41.0,0.165
,2025-06-11 00:00:00+08:00,000735.XSHE,0.51,-499.0,-2.524,-38.0,-0.192,-461.0,-2.331,233.0,1.178,24.0,0.121
,2025-06-12 00:00:00+08:00,000735.XSHE,-0.51,37.0,0.262,-20.0,-0.142,57.0,0.404,-30.0,-0.212,-48.0,-0.34
,2025-06-13 00:00:00+08:00,000735.XSHE,1.69,4398.0,12.158,4388.0,12.13,10.0,0.028,-157.0,-0.434,-13.0,-0.036
,2025-06-16 00:00:00+08:00,000735.XSHE,1.0,939.0,4.537,838.0,4.049,101.0,0.488,108.0,0.522,54.0,0.261
,2025-06-17 00:00:00+08:00,000735.XSHE,0.5,152.0,0.808,-5.0,-0.027,157.0,0.834,106.0,0.563,27.0,0.144
,2025-06-18 00:00:00+08:00,000735.XSHE,-1.81,-527.0,-2.242,-561.0,-2.387,34.0,0.145,-308.0,-1.31,148.0,0.63
,2025-06-19 00:00:00+08:00,000735.XSHE,-2.0,110.0,0.809,222.0,1.633,-112.0,-0.824,12.0,0.088,-42.0,-0.309
,2025-06-20 00:00:00+08:00,000735.XSHE,0.34,-547.0,-4.538,43.0,0.357,-590.0,-4.895,92.0,0.763,54.0,0.448
,2025-06-23 00:00:00+08:00,000735.XSHE,0.51,142.0,1.525,30.0,0.322,112.0,1.203,-42.0,-0.451,-38.0,-0.408
,2025-06-24 00:00:00+08:00,000735.XSHE,1.19,-184.0,-1.715,376.0,3.505,-560.0,-5.22,-98.0,-0.914,13.0,0.121
,2025-06-25 00:00:00+08:00,000735.XSHE,1.01,1140.0,7.571,1366.0,9.072,-226.0,-1.501,78.0,0.518,-21.0,-0.139
,2025-06-26 00:00:00+08:00,000735.XSHE,1.33,3930.0,15.949,3159.0,12.82,771.0,3.129,54.0,0.219,-56.0,-0.227
,2025-06-27 00:00:00+08:00,000735.XSHE,-0.99,-1484.0,-10.326,-987.0,-6.868,-497.0,-3.458,222.0,1.545,-21.0,-0.146
,2025-06-30 00:00:00+08:00,000735.XSHE,2.49,5208.0,24.673,4823.0,22.849,385.0,1.824,181.0,0.857,23.0,0.109
,2025-07-01 00:00:00+08:00,000735.XSHE,-0.81,71.0,0.497,-481.0,-3.368,552.0,3.865,391.0,2.738,-8.0,-0.056
,2025-07-02 00:00:00+08:00,000735.XSHE,-0.49,-174.0,-1.398,202.0,1.623,-376.0,-3.022,-38.0,-0.305,-43.0,-0.346
,2025-07-03 00:00:00+08:00,000735.XSHE,0.16,-45.0,-0.371,-139.0,-1.146,94.0,0.775,-140.0,-1.155,70.0,0.577
,2025-07-04 00:00:00+08:00,000735.XSHE,0.98,2646.0,9.539,2963.0,10.682,-317.0,-1.143,210.0,0.757,-20.0,-0.072
,2025-07-07 00:00:00+08:00,000735.XSHE,-0.65,-170.0,-1.343,-373.0,-2.946,203.0,1.603,-178.0,-1.406,2.0,0.016
,2025-07-08 00:00:00+08:00,000735.XSHE,1.79,2541.0,13.885,1894.0,10.35,647.0,3.536,49.0,0.268,-33.0,-0.18
,2025-07-09 00:00:00+08:00,000735.XSHE,-0.64,143.0,1.058,-347.0,-2.568,490.0,3.626,-195.0,-1.443,-43.0,-0.318
,2025-07-10 00:00:00+08:00,000735.XSHE,0.48,-473.0,-3.695,-276.0,-2.156,-197.0,-1.539,-378.0,-2.953,-53.0,-0.414
,2025-07-11 00:00:00+08:00,000735.XSHE,-0.16,-1063.0,-6.121,-919.0,-5.292,-144.0,-0.829,-272.0,-1.566,25.0,0.144
,2025-07-14 00:00:00+08:00,000735.XSHE,-0.48,-47.0,-0.383,-346.0,-2.817,299.0,2.435,-199.0,-1.62,15.0,0.122
,2025-07-15 00:00:00+08:00,000735.XSHE,-3.07,-1479.0,-8.291,-1172.0,-6.57,-307.0,-1.721,-103.0,-0.577,-42.0,-0.235
,2025-07-16 00:00:00+08:00,000735.XSHE,3.49,7169.0,22.729,6341.0,20.104,828.0,2.625,-7.0,-0.022,-17.0,-0.054
,2025-07-17 00:00:00+08:00,000735.XSHE,1.93,3595.0,13.304,4401.0,16.287,-806.0,-2.983,49.0,0.181,35.0,0.13
,2025-07-18 00:00:00+08:00,000735.XSHE,1.42,2270.0,8.959,2199.0,8.679,71.0,0.28,233.0,0.92,-19.0,-0.075
,2025-07-21 00:00:00+08:00,000735.XSHE,2.96,2553.0,5.286,3061.0,6.338,-508.0,-1.052,-220.0,-0.455,-29.0,-0.06
,2025-07-22 00:00:00+08:00,000735.XSHE,3.33,343.0,0.527,-279.0,-0.429,622.0,0.956,-49.0,-0.075,84.0,0.129
,2025-07-23 00:00:00+08:00,000735.XSHE,-6.16,-6760.0,-8.915,-4708.0,-6.209,-2052.0,-2.706,25.0,0.033,2.0,0.003
,2025-07-24 00:00:00+08:00,000735.XSHE,10.0,8548.0,11.067,6520.0,8.442,2028.0,2.626,-227.0,-0.294,19.0,0.025
,2025-07-25 00:00:00+08:00,000735.XSHE,-5.54,-3923.0,-4.822,-5610.0,-6.895,1687.0,2.074,140.0,0.172,38.0,0.047
,2025-07-28 00:00:00+08:00,000735.XSHE,-1.5,-119.0,-0.357,543.0,1.63,-662.0,-1.988,-254.0,-0.763,18.0,0.054
,2025-07-29 00:00:00+08:00,000735.XSHE,-0.46,-506.0,-2.068,148.0,0.605,-654.0,-2.673,-17.0,-0.069,-20.0,-0.082
,2025-07-30 00:00:00+08:00,000735.XSHE,-0.61,-1702.0,-7.302,-1528.0,-6.555,-174.0,-0.746,-20.0,-0.086,10.0,0.043
,2025-07-31 00:00:00+08:00,000735.XSHE,-2.01,-2334.0,-9.965,-2269.0,-9.687,-65.0,-0.278,-134.0,-0.572,13.0,0.056
,2025-08-01 00:00:00+08:00,000735.XSHE,-0.32,-1652.0,-12.846,-1554.0,-12.084,-98.0,-0.762,-122.0,-0.949,-3.0,-0.023
,2025-08-04 00:00:00+08:00,000735.XSHE,0.16,-259.0,-2.344,339.0,3.068,-598.0,-5.411,-313.0,-2.832,41.0,0.371
,2025-08-05 00:00:00+08:00,000735.XSHE,0.32,-9.0,-0.071,-153.0,-1.205,144.0,1.134,-109.0,-0.858,-5.0,-0.039
,2025-08-06 00:00:00+08:00,000735.XSHE,0.16,-452.0,-3.611,42.0,0.336,-494.0,-3.947,-32.0,-0.256,-18.0,-0.144
,2025-08-07 00:00:00+08:00,000735.XSHE,-0.63,171.0,1.599,157.0,1.469,14.0,0.131,-228.0,-2.133,17.0,0.159
,2025-08-08 00:00:00+08:00,000735.XSHE,1.11,1455.0,8.293,1518.0,8.652,-63.0,-0.359,-271.0,-1.545,101.0,0.576
,2025-08-11 00:00:00+08:00,000735.XSHE,0.63,-455.0,-3.779,-384.0,-3.189,-71.0,-0.59,-212.0,-1.761,78.0,0.648
,2025-08-12 00:00:00+08:00,000735.XSHE,-0.16,-242.0,-2.169,175.0,1.568,-417.0,-3.737,-330.0,-2.957,45.0,0.403
,2025-08-13 00:00:00+08:00,000735.XSHE,-0.16,-660.0,-4.911,-140.0,-1.042,-520.0,-3.869,-264.0,-1.964,-102.0,-0.759
,2025-08-14 00:00:00+08:00,000735.XSHE,-1.88,-990.0,-6.137,-319.0,-1.977,-671.0,-4.159,-334.0,-2.07,11.0,0.068
,2025-08-15 00:00:00+08:00,000735.XSHE,0.64,-498.0,-4.913,-198.0,-1.953,-300.0,-2.959,-143.0,-1.411,6.0,0.059
,2025-08-18 00:00:00+08:00,000735.XSHE,0.95,415.0,2.435,666.0,3.908,-251.0,-1.473,-143.0,-0.839,-11.0,-0.065
,2025-08-19 00:00:00+08:00,000735.XSHE,0.0,166.0,1.005,161.0,0.975,5.0,0.03,-348.0,-2.108,44.0,0.267
,2025-08-20 00:00:00+08:00,000735.XSHE,0.0,83.0,0.688,126.0,1.044,-43.0,-0.356,-108.0,-0.895,21.0,0.174
,2025-08-21 00:00:00+08:00,000735.XSHE,0.78,-147.0,-0.745,-55.0,-0.279,-92.0,-0.466,32.0,0.162,69.0,0.35
,2025-08-22 00:00:00+08:00,000735.XSHE,0.16,-512.0,-3.182,314.0,1.952,-826.0,-5.134,-41.0,-0.255,6.0,0.037
,2025-08-25 00:00:00+08:00,000735.XSHE,0.16,362.0,1.936,722.0,3.861,-360.0,-1.925,-156.0,-0.834,3.0,0.016
,2025-08-26 00:00:00+08:00,000735.XSHE,0.78,697.0,2.984,904.0,3.87,-207.0,-0.886,50.0,0.214,-1.0,-0.004
,2025-08-27 00:00:00+08:00,000735.XSHE,-2.31,-1413.0,-6.759,-966.0,-4.621,-447.0,-2.138,84.0,0.402,-65.0,-0.311
,2025-08-28 00:00:00+08:00,000735.XSHE,-0.47,-744.0,-4.204,-136.0,-0.768,-608.0,-3.436,51.0,0.288,-37.0,-0.209
,2025-08-29 00:00:00+08:00,000735.XSHE,0.32,758.0,6.24,548.0,4.511,210.0,1.729,91.0,0.749,28.0,0.231
,2025-09-01 00:00:00+08:00,000735.XSHE,-0.32,394.0,4.101,234.0,2.435,160.0,1.665,167.0,1.738,-41.0,-0.427
,2025-09-02 00:00:00+08:00,000735.XSHE,-0.16,520.0,3.782,25.0,0.182,495.0,3.6,-41.0,-0.298,12.0,0.087
,2025-09-03 00:00:00+08:00,000735.XSHE,-2.23,-1371.0,-13.226,-893.0,-8.615,-478.0,-4.611,-205.0,-1.978,30.0,0.289
,2025-09-04 00:00:00+08:00,000735.XSHE,0.82,368.0,3.736,548.0,5.563,-180.0,-1.827,-352.0,-3.573,-20.0,-0.203
,2025-09-05 00:00:00+08:00,000735.XSHE,0.65,7.0,0.073,200.0,2.096,-193.0,-2.023,-249.0,-2.61,93.0,0.975
,2025-09-08 00:00:00+08:00,000735.XSHE,1.61,312.0,2.341,139.0,1.043,173.0,1.298,86.0,0.645,39.0,0.293
,2025-09-09 00:00:00+08:00,000735.XSHE,-0.79,-126.0,-1.582,206.0,2.587,-332.0,-4.169,-34.0,-0.427,4.0,0.05
,2025-09-10 00:00:00+08:00,000735.XSHE,1.92,2356.0,11.798,2538.0,12.709,-182.0,-0.911,-24.0,-0.12,39.0,0.195
,2025-09-11 00:00:00+08:00,000735.XSHE,0.31,1250.0,5.64,664.0,2.996,586.0,2.644,-181.0,-0.817,-23.0,-0.104
,2025-09-12 00:00:00+08:00,000735.XSHE,2.03,5736.0,15.773,5037.0,13.85,699.0,1.922,-10.0,-0.027,29.0,0.08
,2025-09-15 00:00:00+08:00,000735.XSHE,0.92,3087.0,11.801,3094.0,11.828,-7.0,-0.027,-87.0,-0.333,90.0,0.344
,2025-09-16 00:00:00+08:00,000735.XSHE,0.61,2543.0,10.363,1701.0,6.932,842.0,3.431,-144.0,-0.587,-96.0,-0.391
,2025-09-17 00:00:00+08:00,000735.XSHE,-1.66,182.0,1.263,230.0,1.596,-48.0,-0.333,-146.0,-1.013,-21.0,-0.146
,2025-09-18 00:00:00+08:00,000735.XSHE,-0.61,1071.0,5.574,1020.0,5.308,51.0,0.265,-15.0,-0.078,-48.0,-0.25
,2025-09-19 00:00:00+08:00,000735.XSHE,0.31,-1306.0,-9.555,-1071.0,-7.836,-235.0,-1.719,-327.0,-2.392,-6.0,-0.044
,2025-09-22 00:00:00+08:00,000735.XSHE,-1.39,-137.0,-1.214,-382.0,-3.385,245.0,2.171,-129.0,-1.143,48.0,0.425
,2025-09-23 00:00:00+08:00,000735.XSHE,-2.35,-931.0,-6.774,-482.0,-3.507,-449.0,-3.267,-35.0,-0.255,4.0,0.029
,2025-09-24 00:00:00+08:00,000735.XSHE,1.61,584.0,7.876,257.0,3.466,327.0,4.41,-90.0,-1.214,-56.0,-0.755
,2025-09-25 00:00:00+08:00,000735.XSHE,-0.79,-75.0,-0.958,80.0,1.022,-155.0,-1.981,70.0,0.894,42.0,0.537
,2025-09-26 00:00:00+08:00,000735.XSHE,0.16,892.0,10.45,769.0,9.009,123.0,1.441,-74.0,-0.867,7.0,0.082
,2025-09-29 00:00:00+08:00,000735.XSHE,1.11,17.0,0.149,-270.0,-2.371,287.0,2.52,68.0,0.597,32.0,0.281
,2025-09-30 00:00:00+08:00,000735.XSHE,0.63,-1525.0,-9.355,-1239.0,-7.6,-286.0,-1.754,-57.0,-0.35,-6.0,-0.037
,2025-10-09 00:00:00+08:00,000735.XSHE,-1.41,-2958.0,-17.262,-2654.0,-15.488,-304.0,-1.774,-145.0,-0.846,9.0,0.053
,2025-10-10 00:00:00+08:00,000735.XSHE,3.34,4188.0,16.404,3376.0,13.223,812.0,3.18,162.0,0.635,29.0,0.114
,2025-10-13 00:00:00+08:00,000735.XSHE,-0.15,128.0,0.708,-202.0,-1.118,330.0,1.826,-80.0,-0.443,-94.0,-0.52
,2025-10-14 00:00:00+08:00,000735.XSHE,1.7,3669.0,11.568,2630.0,8.292,1039.0,3.276,-103.0,-0.325,64.0,0.202
,2025-10-15 00:00:00+08:00,000735.XSHE,0.15,121.0,0.743,96.0,0.589,25.0,0.154,115.0,0.706,16.0,0.098
,2025-10-16 00:00:00+08:00,000735.XSHE,0.76,646.0,3.199,1340.0,6.636,-694.0,-3.437,-209.0,-1.035,129.0,0.639
,2025-10-17 00:00:00+08:00,000735.XSHE,-0.15,1595.0,4.439,2224.0,6.189,-629.0,-1.75,47.0,0.131,66.0,0.184
,2025-10-20 00:00:00+08:00,000735.XSHE,2.27,2747.0,8.103,2558.0,7.545,189.0,0.557,-437.0,-1.289,-23.0,-0.068
,2025-10-21 00:00:00+08:00,000735.XSHE,1.19,590.0,2.254,799.0,3.053,-209.0,-0.799,34.0,0.13,-10.0,-0.038
,2025-10-22 00:00:00+08:00,000735.XSHE,-2.34,-599.0,-2.871,-351.0,-1.682,-248.0,-1.189,-258.0,-1.236,34.0,0.163
,2025-10-23 00:00:00+08:00,000735.XSHE,0.6,751.0,4.749,545.0,3.447,206.0,1.303,-64.0,-0.405,22.0,0.139
,2025-10-24 00:00:00+08:00,000735.XSHE,0.45,1263.0,7.175,922.0,5.238,341.0,1.937,-94.0,-0.534,-12.0,-0.068
,2025-10-27 00:00:00+08:00,000735.XSHE,0.15,2164.0,10.903,1849.0,9.316,315.0,1.587,-156.0,-0.786,-31.0,-0.156
,2025-10-28 00:00:00+08:00,000735.XSHE,1.49,2126.0,11.344,1896.0,10.117,230.0,1.227,-38.0,-0.203,21.0,0.112
,2025-10-29 00:00:00+08:00,000735.XSHE,4.98,8182.0,16.857,6858.0,14.129,1324.0,2.728,-292.0,-0.602,-34.0,-0.07
,2025-10-30 00:00:00+08:00,000735.XSHE,0.0,4007.0,10.684,4025.0,10.732,-18.0,-0.048,234.0,0.624,28.0,0.075
,2025-10-31 00:00:00+08:00,000735.XSHE,2.37,1541.0,3.476,1846.0,4.163,-305.0,-0.688,-70.0,-0.158,-101.0,-0.228
,2025-11-03 00:00:00+08:00,000735.XSHE,9.96,16763.0,26.024,16238.0,25.209,525.0,0.815,-22.0,-0.034,18.0,0.028
,2025-11-04 00:00:00+08:00,000735.XSHE,1.61,8810.0,7.547,6594.0,5.649,2216.0,1.898,-658.0,-0.564,-10.0,-0.009
,2025-11-05 00:00:00+08:00,000735.XSHE,5.37,-1845.0,-1.443,-3018.0,-2.36,1173.0,0.917,-71.0,-0.056,12.0,0.009
,2025-11-06 00:00:00+08:00,000735.XSHE,-8.21,-449.0,-0.411,1679.0,1.537,-2128.0,-1.948,-85.0,-0.078,-58.0,-0.053
,2025-11-07 00:00:00+08:00,000735.XSHE,2.4,-4641.0,-5.254,-4540.0,-5.14,-101.0,-0.114,-215.0,-0.243,-23.0,-0.026
,2025-11-10 00:00:00+08:00,000735.XSHE,3.94,6355.0,6.846,5967.0,6.428,388.0,0.418,-324.0,-0.349,-12.0,-0.013
,2025-11-11 00:00:00+08:00,000735.XSHE,-1.78,-395.0,-0.721,-463.0,-0.845,68.0,0.124,-94.0,-0.172,-34.0,-0.062
,2025-11-12 00:00:00+08:00,000735.XSHE,-1.21,379.0,0.978,-189.0,-0.488,568.0,1.466,-286.0,-0.738,-57.0,-0.147
,2025-11-13 00:00:00+08:00,000735.XSHE,1.23,6421.0,13.345,5168.0,10.741,1253.0,2.604,-340.0,-0.707,-102.0,-0.212
,2025-11-14 00:00:00+08:00,000735.XSHE,2.67,4485.0,6.719,3512.0,5.261,973.0,1.458,-294.0,-0.44,30.0,0.045
,2025-11-17 00:00:00+08:00,000735.XSHE,1.66,4345.0,7.038,2649.0,4.291,1696.0,2.747,-325.0,-0.526,-79.0,-0.128
,2025-11-18 00:00:00+08:00,000735.XSHE,-1.63,-451.0,-0.806,-952.0,-1.702,501.0,0.896,-207.0,-0.37,6.0,0.011
,2025-11-19 00:00:00+08:00,000735.XSHE,-3.68,-2653.0,-5.169,-1626.0,-3.168,-1027.0,-2.001,-97.0,-0.189,-36.0,-0.07
,2025-11-20 00:00:00+08:00,000735.XSHE,7.15,14767.0,13.112,13822.0,12.273,945.0,0.839,-400.0,-0.355,-57.0,-0.051
,2025-11-21 00:00:00+08:00,000735.XSHE,-2.3,2336.0,2.012,402.0,0.346,1934.0,1.666,-1500.0,-1.292,67.0,0.058
,2025-11-24 00:00:00+08:00,000735.XSHE,-2.82,-2519.0,-3.384,-2261.0,-3.037,-258.0,-0.347,-254.0,-0.341,-106.0,-0.142
,2025-11-25 00:00:00+08:00,000735.XSHE,4.48,3438.0,4.189,3888.0,4.737,-450.0,-0.548,-137.0,-0.167,-59.0,-0.072
,2025-11-26 00:00:00+08:00,000735.XSHE,3.7,7617.0,5.676,8959.0,6.676,-1342.0,-1.0,-419.0,-0.312,-59.0,-0.044
,2025-11-27 00:00:00+08:00,000735.XSHE,-6.69,-6852.0,-7.656,-6935.0,-7.748,83.0,0.093,177.0,0.198,-113.0,-0.126
,2025-11-28 00:00:00+08:00,000735.XSHE,2.98,8093.0,10.05,6551.0,8.135,1542.0,1.915,-872.0,-1.083,-6.0,-0.007
,2025-12-01 00:00:00+08:00,000735.XSHE,-1.74,-676.0,-0.858,-2034.0,-2.582,1358.0,1.724,46.0,0.058,-114.0,-0.145
,2025-12-02 00:00:00+08:00,000735.XSHE,10.04,16545.0,16.801,15618.0,15.86,927.0,0.941,-16.0,-0.016,-148.0,-0.15
,2025-12-03 00:00:00+08:00,000735.XSHE,3.97,11947.0,4.776,13200.0,5.277,-1253.0,-0.501,-47.0,-0.019,22.0,0.009
,2025-12-04 00:00:00+08:00,000735.XSHE,-10.02,-34105.0,-19.698,-34534.0,-19.945,429.0,0.248,148.0,0.085,27.0,0.016
,2025-12-05 00:00:00+08:00,000735.XSHE,5.28,18714.0,13.029,19951.0,13.89,-1237.0,-0.861,-513.0,-0.357,-77.0,-0.054
,2025-12-08 00:00:00+08:00,000735.XSHE,3.16,3913.0,3.212,4934.0,4.05,-1021.0,-0.838,-118.0,-0.097,-62.0,-0.051
,2025-12-09 00:00:00+08:00,000735.XSHE,-5.91,-11349.0,-12.387,-11999.0,-13.097,650.0,0.709,-150.0,-0.164,-135.0,-0.147
,2025-12-10 00:00:00+08:00,000735.XSHE,10.01,27104.0,21.652,28027.0,22.39,-923.0,-0.737,40.0,0.032,1101.0,0.88
,2025-12-11 00:00:00+08:00,000735.XSHE,4.29,676.0,0.21,4352.0,1.354,-3676.0,-1.143,-98.0,-0.03,16.0,0.005
,2025-12-12 00:00:00+08:00,000735.XSHE,3.75,5907.0,2.26,6467.0,2.474,-560.0,-0.214,379.0,0.145,69.0,0.026
,2025-12-15 00:00:00+08:00,000735.XSHE,7.18,9178.0,3.331,8922.0,3.238,256.0,0.093,572.0,0.208,-7.0,-0.003
,2025-12-16 00:00:00+08:00,000735.XSHE,-1.88,-24602.0,-9.075,-24474.0,-9.028,-128.0,-0.047,338.0,0.125,112.0,0.041
,2025-12-17 00:00:00+08:00,000735.XSHE,-9.1,-13038.0,-6.445,-12064.0,-5.964,-974.0,-0.481,-42.0,-0.021,-25.0,-0.012
,2025-12-18 00:00:00+08:00,000735.XSHE,-9.92,-12275.0,-7.497,-10717.0,-6.545,-1558.0,-0.952,-221.0,-0.135,-46.0,-0.028
,2025-12-19 00:00:00+08:00,000735.XSHE,6.01,4859.0,2.655,3888.0,2.124,971.0,0.531,-208.0,-0.114,-48.0,-0.026
,2025-12-22 00:00:00+08:00,000735.XSHE,9.97,29191.0,13.289,27509.0,12.524,1682.0,0.766,-3.0,-0.001,7.0,0.003
,2025-12-23 00:00:00+08:00,000735.XSHE,-0.29,4708.0,1.552,8701.0,2.869,-3993.0,-1.317,-33.0,-0.011,-23.0,-0.008
,2025-12-24 00:00:00+08:00,000735.XSHE,-3.06,-345.0,-0.181,2310.0,1.209,-2655.0,-1.39,-270.0,-0.141,-65.0,-0.034
,2025-12-25 00:00:00+08:00,000735.XSHE,-3.65,-8028.0,-6.16,-7143.0,-5.481,-885.0,-0.679,-635.0,-0.487,71.0,0.054
,2025-01-02 00:00:00+08:00,000793.XSHE,-0.37,-625.0,-2.33,-308.0,-1.148,-317.0,-1.182,-127.0,-0.473,26.0,0.097
,2025-01-03 00:00:00+08:00,000793.XSHE,-9.33,975.0,3.315,728.0,2.475,247.0,0.84,24.0,0.082,-103.0,-0.35
,2025-01-06 00:00:00+08:00,000793.XSHE,-5.37,1705.0,5.927,1427.0,4.961,278.0,0.966,-83.0,-0.289,-23.0,-0.08
,2025-01-07 00:00:00+08:00,000793.XSHE,2.63,58.0,0.339,462.0,2.703,-404.0,-2.364,-224.0,-1.311,-12.0,-0.07
,2025-01-08 00:00:00+08:00,000793.XSHE,4.27,1527.0,6.042,319.0,1.262,1208.0,4.779,24.0,0.095,29.0,0.115
,2025-01-09 00:00:00+08:00,000793.XSHE,2.87,-1031.0,-3.905,-597.0,-2.261,-434.0,-1.644,-61.0,-0.231,-50.0,-0.189
,2025-01-10 00:00:00+08:00,000793.XSHE,-3.59,110.0,0.563,1046.0,5.356,-936.0,-4.793,-103.0,-0.527,-10.0,-0.051
,2025-01-13 00:00:00+08:00,000793.XSHE,-2.07,-151.0,-1.472,-91.0,-0.887,-60.0,-0.585,-2.0,-0.019,17.0,0.166
,2025-01-14 00:00:00+08:00,000793.XSHE,6.81,2782.0,13.609,2124.0,10.39,658.0,3.219,83.0,0.406,-112.0,-0.548
,2025-01-15 00:00:00+08:00,000793.XSHE,9.92,2069.0,4.437,2102.0,4.508,-33.0,-0.071,35.0,0.075,13.0,0.028
,2025-01-16 00:00:00+08:00,000793.XSHE,-1.08,-394.0,-0.834,805.0,1.704,-1199.0,-2.538,-221.0,-0.468,-2.0,-0.004
,2025-01-17 00:00:00+08:00,000793.XSHE,-3.66,-1076.0,-4.418,-730.0,-2.997,-346.0,-1.421,102.0,0.419,-36.0,-0.148
,2025-01-20 00:00:00+08:00,000793.XSHE,-0.76,53.0,0.326,354.0,2.18,-301.0,-1.854,-60.0,-0.37,24.0,0.148
,2025-01-21 00:00:00+08:00,000793.XSHE,1.15,-645.0,-2.872,-336.0,-1.496,-309.0,-1.376,-196.0,-0.873,-13.0,-0.058
,2025-01-22 00:00:00+08:00,000793.XSHE,-6.08,443.0,1.828,550.0,2.27,-107.0,-0.442,-122.0,-0.503,-136.0,-0.561
,2025-01-23 00:00:00+08:00,000793.XSHE,-2.02,-280.0,-1.609,59.0,0.339,-339.0,-1.948,-229.0,-1.316,-27.0,-0.155
,2025-01-24 00:00:00+08:00,000793.XSHE,0.41,1149.0,8.14,953.0,6.752,196.0,1.389,-119.0,-0.843,-73.0,-0.517
,2025-01-27 00:00:00+08:00,000793.XSHE,-2.88,-1246.0,-12.253,-888.0,-8.732,-358.0,-3.521,-128.0,-1.259,14.0,0.138
,2025-02-05 00:00:00+08:00,000793.XSHE,3.39,2347.0,15.159,2251.0,14.539,96.0,0.62,46.0,0.297,-33.0,-0.213
,2025-02-06 00:00:00+08:00,000793.XSHE,1.23,351.0,2.083,309.0,1.834,42.0,0.249,-39.0,-0.231,-22.0,-0.131
,2025-02-07 00:00:00+08:00,000793.XSHE,3.24,515.0,2.015,28.0,0.11,487.0,1.906,5.0,0.02,-71.0,-0.278
,2025-02-10 00:00:00+08:00,000793.XSHE,7.09,4627.0,12.191,4395.0,11.58,232.0,0.611,-198.0,-0.522,-11.0,-0.029
,2025-02-11 00:00:00+08:00,000793.XSHE,1.84,-108.0,-0.252,752.0,1.752,-860.0,-2.003,74.0,0.172,30.0,0.07
,2025-02-12 00:00:00+08:00,000793.XSHE,0.72,1905.0,7.116,1934.0,7.224,-29.0,-0.108,-144.0,-0.538,-43.0,-0.161
,2025-02-13 00:00:00+08:00,000793.XSHE,1.43,981.0,3.067,1017.0,3.179,-36.0,-0.113,-165.0,-0.516,89.0,0.278
,2025-02-14 00:00:00+08:00,000793.XSHE,-0.71,-93.0,-0.267,74.0,0.213,-167.0,-0.48,-141.0,-0.405,107.0,0.308
,2025-02-17 00:00:00+08:00,000793.XSHE,0.0,3371.0,12.288,2659.0,9.693,712.0,2.595,-308.0,-1.123,-45.0,-0.164
,2025-02-18 00:00:00+08:00,000793.XSHE,-4.64,-2192.0,-7.657,-2234.0,-7.804,42.0,0.147,119.0,0.416,5.0,0.017
,2025-02-19 00:00:00+08:00,000793.XSHE,10.11,4445.0,13.102,4369.0,12.878,76.0,0.224,19.0,0.056,0.0,0.0
,2025-02-20 00:00:00+08:00,000793.XSHE,-2.38,-492.0,-0.815,-1159.0,-1.919,667.0,1.105,41.0,0.068,49.0,0.081
,2025-02-21 00:00:00+08:00,000793.XSHE,4.9,4530.0,8.305,4127.0,7.566,403.0,0.739,-156.0,-0.286,43.0,0.079
,2025-02-24 00:00:00+08:00,000793.XSHE,-0.67,-431.0,-1.431,-686.0,-2.278,255.0,0.847,-274.0,-0.91,-30.0,-0.1
,2025-02-25 00:00:00+08:00,000793.XSHE,-2.69,-37.0,-0.16,112.0,0.485,-149.0,-0.645,-43.0,-0.186,14.0,0.061
,2025-02-26 00:00:00+08:00,000793.XSHE,3.11,1196.0,4.149,1976.0,6.855,-780.0,-2.706,-135.0,-0.468,32.0,0.111
,2025-02-27 00:00:00+08:00,000793.XSHE,5.05,4039.0,8.424,3785.0,7.894,254.0,0.53,-222.0,-0.463,21.0,0.044
,2025-02-28 00:00:00+08:00,000793.XSHE,-0.64,1456.0,3.734,1213.0,3.11,243.0,0.623,-371.0,-0.951,90.0,0.231
,2025-03-03 00:00:00+08:00,000793.XSHE,-2.91,470.0,1.816,81.0,0.313,389.0,1.503,22.0,0.085,44.0,0.17
,2025-03-04 00:00:00+08:00,000793.XSHE,-2.01,-89.0,-0.425,-276.0,-1.316,187.0,0.892,-321.0,-1.531,64.0,0.305
,2025-03-05 00:00:00+08:00,000793.XSHE,0.68,-34.0,-0.251,210.0,1.551,-244.0,-1.802,-273.0,-2.016,65.0,0.48
,2025-03-06 00:00:00+08:00,000793.XSHE,0.34,1187.0,6.265,1567.0,8.271,-380.0,-2.006,-208.0,-1.098,-103.0,-0.544
,2025-03-07 00:00:00+08:00,000793.XSHE,-2.37,-500.0,-2.519,-543.0,-2.736,43.0,0.217,-185.0,-0.932,11.0,0.055
,2025-03-10 00:00:00+08:00,000793.XSHE,2.09,764.0,2.443,625.0,1.998,139.0,0.444,-123.0,-0.393,42.0,0.134
,2025-03-11 00:00:00+08:00,000793.XSHE,0.68,1448.0,6.086,1637.0,6.88,-189.0,-0.794,-208.0,-0.874,-11.0,-0.046
,2025-03-12 00:00:00+08:00,000793.XSHE,-1.01,-192.0,-0.91,88.0,0.417,-280.0,-1.328,-208.0,-0.986,-39.0,-0.185
,2025-03-13 00:00:00+08:00,000793.XSHE,-2.4,-1257.0,-8.559,-1256.0,-8.552,-1.0,-0.007,-221.0,-1.505,38.0,0.259
,2025-03-14 00:00:00+08:00,000793.XSHE,0.35,1726.0,13.112,2028.0,15.406,-302.0,-2.294,-145.0,-1.101,-56.0,-0.425
,2025-03-18 00:00:00+08:00,000793.XSHE,-4.9,0.0,0.0,0.0,0.0,0.0,0.0,0.0,0.0,0.0,0.0
,2025-03-19 00:00:00+08:00,000793.XSHE,-5.15,0.0,0.0,0.0,0.0,0.0,0.0,0.0,0.0,0.0,0.0
,2025-03-20 00:00:00+08:00,000793.XSHE,-5.04,0.0,0.0,0.0,0.0,0.0,0.0,0.0,0.0,0.0,0.0
,2025-03-21 00:00:00+08:00,000793.XSHE,-4.9,0.0,0.0,0.0,0.0,0.0,0.0,0.0,0.0,0.0,0.0
,2025-03-24 00:00:00+08:00,000793.XSHE,-5.15,2137.0,5.576,1579.0,4.12,558.0,1.456,340.0,0.887,-71.0,-0.185
,2025-03-25 00:00:00+08:00,000793.XSHE,-4.98,-741.0,-7.845,-564.0,-5.971,-177.0,-1.874,9.0,0.095,1.0,0.011
,2025-03-26 00:00:00+08:00,000793.XSHE,5.24,499.0,2.15,100.0,0.431,399.0,1.719,171.0,0.737,6.0,0.026
,2025-03-27 00:00:00+08:00,000793.XSHE,4.98,-69.0,-0.525,-132.0,-1.005,63.0,0.48,103.0,0.784,14.0,0.107
,2025-03-28 00:00:00+08:00,000793.XSHE,0.86,-1711.0,-7.109,-1566.0,-6.507,-145.0,-0.602,52.0,0.216,5.0,0.021
,2025-03-31 00:00:00+08:00,000793.XSHE,-4.72,-227.0,-1.898,-483.0,-4.038,256.0,2.14,121.0,1.012,62.0,0.518
,2025-04-01 00:00:00+08:00,000793.XSHE,4.95,2713.0,22.597,2090.0,17.408,623.0,5.189,-47.0,-0.391,53.0,0.441
,2025-04-02 00:00:00+08:00,000793.XSHE,2.15,-117.0,-0.95,12.0,0.097,-129.0,-1.048,45.0,0.365,-18.0,-0.146
,2025-04-03 00:00:00+08:00,000793.XSHE,2.1,284.0,2.282,1085.0,8.719,-801.0,-6.437,-82.0,-0.659,-43.0,-0.346
,2025-04-07 00:00:00+08:00,000793.XSHE,-4.94,-12.0,-0.233,-106.0,-2.061,94.0,1.828,-34.0,-0.661,0.0,0.0
,2025-04-08 00:00:00+08:00,000793.XSHE,-5.19,-330.0,-5.108,0.0,0.0,-330.0,-5.108,6.0,0.093,15.0,0.232
,2025-04-09 00:00:00+08:00,000793.XSHE,-1.37,708.0,5.923,279.0,2.334,429.0,3.589,277.0,2.317,27.0,0.226
,2025-04-10 00:00:00+08:00,000793.XSHE,2.33,286.0,3.504,0.0,0.0,286.0,3.504,-202.0,-2.475,-35.0,-0.429
,2025-04-11 00:00:00+08:00,000793.XSHE,0.91,96.0,1.263,-6.0,-0.079,102.0,1.342,-78.0,-1.027,-28.0,-0.369
,2025-04-14 00:00:00+08:00,000793.XSHE,5.0,366.0,10.469,0.0,0.0,366.0,10.469,-1.0,-0.029,4.0,0.114
,2025-04-15 00:00:00+08:00,000793.XSHE,5.19,309.0,2.705,409.0,3.58,-100.0,-0.875,31.0,0.271,6.0,0.053
,2025-04-16 00:00:00+08:00,000793.XSHE,-0.82,-983.0,-5.927,-279.0,-1.682,-704.0,-4.245,96.0,0.579,-36.0,-0.217
,2025-04-17 00:00:00+08:00,000793.XSHE,4.55,3446.0,19.956,3183.0,18.433,263.0,1.523,66.0,0.382,-14.0,-0.081
,2025-04-18 00:00:00+08:00,000793.XSHE,-1.58,-646.0,-5.827,-194.0,-1.75,-452.0,-4.077,-61.0,-0.55,22.0,0.198
,2025-04-21 00:00:00+08:00,000793.XSHE,2.01,1163.0,14.014,888.0,10.7,275.0,3.314,-68.0,-0.819,35.0,0.422
,2025-04-22 00:00:00+08:00,000793.XSHE,-1.18,-178.0,-1.808,7.0,0.071,-185.0,-1.879,100.0,1.016,-24.0,-0.244
,2025-04-23 00:00:00+08:00,000793.XSHE,3.98,684.0,6.164,-72.0,-0.649,756.0,6.813,-249.0,-2.244,-74.0,-0.667
,2025-04-24 00:00:00+08:00,000793.XSHE,3.07,124.0,0.988,-233.0,-1.856,357.0,2.844,240.0,1.912,-13.0,-0.104
,2025-04-25 00:00:00+08:00,000793.XSHE,-4.81,717.0,4.509,283.0,1.78,434.0,2.729,15.0,0.094,-62.0,-0.39
,2025-04-28 00:00:00+08:00,000793.XSHE,-4.67,-286.0,-1.996,327.0,2.282,-613.0,-4.279,27.0,0.188,-21.0,-0.147
,2025-04-29 00:00:00+08:00,000793.XSHE,3.66,431.0,4.795,0.0,0.0,431.0,4.795,149.0,1.658,-14.0,-0.156
,2025-04-30 00:00:00+08:00,000793.XSHE,1.18,-435.0,-4.897,-424.0,-4.773,-11.0,-0.124,194.0,2.184,-16.0,-0.18
,2025-05-06 00:00:00+08:00,000793.XSHE,-0.78,-1149.0,-10.751,-777.0,-7.271,-372.0,-3.481,143.0,1.338,74.0,0.692
,2025-05-07 00:00:00+08:00,000793.XSHE,5.1,0.0,0.0,0.0,0.0,0.0,0.0,0.0,0.0,0.0,0.0
,2025-05-08 00:00:00+08:00,000793.XSHE,4.85,0.0,0.0,0.0,0.0,0.0,0.0,0.0,0.0,0.0,0.0
,2025-05-09 00:00:00+08:00,000793.XSHE,0.36,-2636.0,-9.431,-1490.0,-5.331,-1146.0,-4.1,-80.0,-0.286,72.0,0.258
,2025-05-12 00:00:00+08:00,000793.XSHE,-2.14,-659.0,-6.395,-115.0,-1.116,-544.0,-5.279,144.0,1.397,-5.0,-0.049
,2025-05-13 00:00:00+08:00,000793.XSHE,0.0,239.0,2.427,134.0,1.361,105.0,1.066,63.0,0.64,20.0,0.203
,2025-05-14 00:00:00+08:00,000793.XSHE,-1.09,-250.0,-3.892,-22.0,-0.342,-228.0,-3.549,42.0,0.654,-40.0,-0.623
,2025-05-15 00:00:00+08:00,000793.XSHE,-1.1,-673.0,-10.583,-396.0,-6.227,-277.0,-4.356,-135.0,-2.123,-40.0,-0.629
,2025-05-16 00:00:00+08:00,000793.XSHE,0.37,-290.0,-6.096,0.0,0.0,-290.0,-6.096,-213.0,-4.478,-61.0,-1.282
,2025-05-19 00:00:00+08:00,000793.XSHE,3.35,742.0,6.886,685.0,6.357,57.0,0.529,182.0,1.689,17.0,0.158
,2025-05-20 00:00:00+08:00,000793.XSHE,-0.72,558.0,8.395,292.0,4.393,266.0,4.002,51.0,0.767,39.0,0.587
,2025-05-21 00:00:00+08:00,000793.XSHE,-0.36,122.0,2.368,0.0,0.0,122.0,2.368,5.0,0.097,-17.0,-0.33
,2025-05-22 00:00:00+08:00,000793.XSHE,-1.81,-642.0,-13.284,-273.0,-5.649,-369.0,-7.635,-95.0,-1.966,-39.0,-0.807
,2025-05-23 00:00:00+08:00,000793.XSHE,-1.85,-694.0,-11.069,90.0,1.435,-784.0,-12.504,-190.0,-3.03,28.0,0.447
,2025-05-26 00:00:00+08:00,000793.XSHE,-0.75,-489.0,-9.879,-116.0,-2.343,-373.0,-7.535,50.0,1.01,14.0,0.283
,2025-05-27 00:00:00+08:00,000793.XSHE,2.28,435.0,7.066,0.0,0.0,435.0,7.066,27.0,0.439,16.0,0.26
,2025-05-28 00:00:00+08:00,000793.XSHE,-2.97,-679.0,-10.459,-152.0,-2.341,-527.0,-8.118,-143.0,-2.203,-8.0,-0.123
,2025-05-29 00:00:00+08:00,000793.XSHE,0.77,192.0,4.895,0.0,0.0,192.0,4.895,-67.0,-1.708,-24.0,-0.612
,2025-05-30 00:00:00+08:00,000793.XSHE,-0.76,-237.0,-6.832,0.0,0.0,-237.0,-6.832,-122.0,-3.517,-10.0,-0.288
,2025-06-03 00:00:00+08:00,000793.XSHE,0.38,-136.0,-3.532,0.0,0.0,-136.0,-3.532,57.0,1.48,-20.0,-0.519
,2025-06-04 00:00:00+08:00,000793.XSHE,0.76,541.0,12.437,560.0,12.874,-19.0,-0.437,22.0,0.506,-45.0,-1.034
,2025-06-05 00:00:00+08:00,000793.XSHE,0.0,-575.0,-13.11,-395.0,-9.006,-180.0,-4.104,-48.0,-1.094,26.0,0.593
,2025-06-06 00:00:00+08:00,000793.XSHE,0.75,-159.0,-2.22,97.0,1.354,-256.0,-3.574,-59.0,-0.824,-5.0,-0.07
,2025-06-09 00:00:00+08:00,000793.XSHE,-1.5,-865.0,-13.273,-339.0,-5.202,-526.0,-8.071,-149.0,-2.286,31.0,0.476
,2025-06-10 00:00:00+08:00,000793.XSHE,-0.76,-492.0,-11.907,-102.0,-2.469,-390.0,-9.439,-24.0,-0.581,-1.0,-0.024
,2025-06-11 00:00:00+08:00,000793.XSHE,-1.53,-578.0,-10.021,-130.0,-2.254,-448.0,-7.767,-96.0,-1.664,7.0,0.121
,2025-06-12 00:00:00+08:00,000793.XSHE,0.0,78.0,2.564,0.0,0.0,78.0,2.564,-34.0,-1.118,-35.0,-1.151
,2025-06-13 00:00:00+08:00,000793.XSHE,-1.17,-444.0,-11.578,-110.0,-2.868,-334.0,-8.709,-121.0,-3.155,-37.0,-0.965
,2025-06-16 00:00:00+08:00,000793.XSHE,5.12,-481.0,-5.644,-177.0,-2.077,-304.0,-3.567,-179.0,-2.1,17.0,0.199
,2025-06-17 00:00:00+08:00,000793.XSHE,0.37,455.0,3.427,207.0,1.559,248.0,1.868,-3.0,-0.023,-33.0,-0.249
,2025-06-18 00:00:00+08:00,000793.XSHE,1.12,312.0,3.679,225.0,2.653,87.0,1.026,-245.0,-2.889,-13.0,-0.153
,2025-06-19 00:00:00+08:00,000793.XSHE,-1.83,349.0,6.072,274.0,4.767,75.0,1.305,-54.0,-0.939,5.0,0.087
,2025-06-20 00:00:00+08:00,000793.XSHE,-0.37,77.0,2.4,133.0,4.145,-56.0,-1.745,-10.0,-0.312,14.0,0.436
,2025-06-23 00:00:00+08:00,000793.XSHE,-1.5,241.0,4.278,-79.0,-1.402,320.0,5.68,-71.0,-1.26,-11.0,-0.195
,2025-06-24 00:00:00+08:00,000793.XSHE,0.76,-351.0,-7.548,-1.0,-0.022,-350.0,-7.527,-46.0,-0.989,-11.0,-0.237
,2025-06-25 00:00:00+08:00,000793.XSHE,0.38,-1090.0,-14.586,-868.0,-11.615,-222.0,-2.971,-119.0,-1.592,-24.0,-0.321
,2025-06-26 00:00:00+08:00,000793.XSHE,-1.12,-318.0,-6.291,-36.0,-0.712,-282.0,-5.579,-69.0,-1.365,-22.0,-0.435
,2025-06-27 00:00:00+08:00,000793.XSHE,0.0,-649.0,-12.998,-409.0,-8.191,-240.0,-4.807,-131.0,-2.624,32.0,0.641
,2025-06-30 00:00:00+08:00,000793.XSHE,1.51,364.0,5.258,413.0,5.966,-49.0,-0.708,-191.0,-2.759,-56.0,-0.809
,2025-07-01 00:00:00+08:00,000793.XSHE,-0.74,49.0,1.099,1.0,0.022,48.0,1.077,-141.0,-3.163,7.0,0.157
,2025-07-02 00:00:00+08:00,000793.XSHE,0.37,-161.0,-4.282,15.0,0.399,-176.0,-4.681,122.0,3.245,20.0,0.532
,2025-07-03 00:00:00+08:00,000793.XSHE,-1.12,-288.0,-9.39,0.0,0.0,-288.0,-9.39,-11.0,-0.359,8.0,0.261
,2025-07-04 00:00:00+08:00,000793.XSHE,-0.38,-480.0,-12.582,0.0,0.0,-480.0,-12.582,38.0,0.996,6.0,0.157
,2025-07-07 00:00:00+08:00,000793.XSHE,-1.13,200.0,6.38,135.0,4.306,65.0,2.073,-16.0,-0.51,30.0,0.957
,2025-07-08 00:00:00+08:00,000793.XSHE,0.0,-306.0,-8.379,-27.0,-0.739,-279.0,-7.64,-57.0,-1.561,13.0,0.356
,2025-07-09 00:00:00+08:00,000793.XSHE,-0.38,70.0,2.408,0.0,0.0,70.0,2.408,32.0,1.101,30.0,1.032
,2025-07-10 00:00:00+08:00,000793.XSHE,-0.76,-384.0,-7.918,-110.0,-2.268,-274.0,-5.649,-82.0,-1.691,-22.0,-0.454
,2025-07-11 00:00:00+08:00,000793.XSHE,-1.15,-1192.0,-20.044,-145.0,-2.438,-1047.0,-17.606,-379.0,-6.373,21.0,0.353
,2025-07-14 00:00:00+08:00,000793.XSHE,-0.39,-196.0,-6.637,-109.0,-3.691,-87.0,-2.946,-42.0,-1.422,-31.0,-1.05
,2025-07-15 00:00:00+08:00,000793.XSHE,-1.56,-417.0,-10.136,-240.0,-5.834,-177.0,-4.302,-124.0,-3.014,-15.0,-0.365
,2025-07-16 00:00:00+08:00,000793.XSHE,1.57,-105.0,-3.017,128.0,3.678,-233.0,-6.695,26.0,0.747,-64.0,-1.839
,2025-07-17 00:00:00+08:00,000793.XSHE,-0.39,-465.0,-17.58,-180.0,-6.805,-285.0,-10.775,-232.0,-8.771,23.0,0.87
,2025-07-18 00:00:00+08:00,000793.XSHE,-0.39,-200.0,-6.161,-330.0,-10.166,130.0,4.005,-134.0,-4.128,-5.0,-0.154
,2025-07-21 00:00:00+08:00,000793.XSHE,3.52,798.0,7.392,338.0,3.131,460.0,4.261,64.0,0.593,-5.0,-0.046
,2025-07-22 00:00:00+08:00,000793.XSHE,0.38,-83.0,-1.184,37.0,0.528,-120.0,-1.712,43.0,0.613,5.0,0.071
,2025-07-23 00:00:00+08:00,000793.XSHE,-1.13,487.0,6.934,128.0,1.823,359.0,5.112,17.0,0.242,8.0,0.114
,2025-07-24 00:00:00+08:00,000793.XSHE,3.42,-1044.0,-5.996,-256.0,-1.47,-788.0,-4.525,-136.0,-0.781,28.0,0.161
,2025-07-25 00:00:00+08:00,000793.XSHE,-2.21,-285.0,-3.197,302.0,3.388,-587.0,-6.584,-29.0,-0.325,-32.0,-0.359
,2025-07-28 00:00:00+08:00,000793.XSHE,-1.14,-204.0,-3.5,0.0,0.0,-204.0,-3.5,15.0,0.257,40.0,0.686
,2025-07-29 00:00:00+08:00,000793.XSHE,-1.15,-432.0,-9.693,0.0,0.0,-432.0,-9.693,-24.0,-0.538,-11.0,-0.247
,2025-07-30 00:00:00+08:00,000793.XSHE,0.0,-170.0,-4.213,-7.0,-0.173,-163.0,-4.04,-130.0,-3.222,20.0,0.496
,2025-07-31 00:00:00+08:00,000793.XSHE,-0.77,153.0,3.728,115.0,2.802,38.0,0.926,-8.0,-0.195,-38.0,-0.926
,2025-08-01 00:00:00+08:00,000793.XSHE,1.54,54.0,1.134,199.0,4.18,-145.0,-3.046,124.0,2.604,-53.0,-1.113
,2025-08-04 00:00:00+08:00,000793.XSHE,-0.76,68.0,2.223,0.0,0.0,68.0,2.223,-59.0,-1.929,24.0,0.785
,2025-08-05 00:00:00+08:00,000793.XSHE,0.0,-382.0,-12.98,-106.0,-3.602,-276.0,-9.378,-72.0,-2.446,-58.0,-1.971
,2025-08-06 00:00:00+08:00,000793.XSHE,0.0,-9.0,-0.296,0.0,0.0,-9.0,-0.296,-181.0,-5.952,-12.0,-0.395
,2025-08-07 00:00:00+08:00,000793.XSHE,0.0,325.0,6.793,463.0,9.678,-138.0,-2.885,-60.0,-1.254,-44.0,-0.92
,2025-08-08 00:00:00+08:00,000793.XSHE,-0.38,-125.0,-4.339,0.0,0.0,-125.0,-4.339,-11.0,-0.382,6.0,0.208
,2025-08-11 00:00:00+08:00,000793.XSHE,0.38,-338.0,-7.056,132.0,2.756,-470.0,-9.812,-113.0,-2.359,-9.0,-0.188
,2025-08-12 00:00:00+08:00,000793.XSHE,0.76,-185.0,-1.968,-140.0,-1.489,-45.0,-0.479,85.0,0.904,-4.0,-0.043
,2025-08-13 00:00:00+08:00,000793.XSHE,-1.87,-1834.0,-18.175,-1497.0,-14.835,-337.0,-3.34,-233.0,-2.309,-27.0,-0.268
,2025-08-14 00:00:00+08:00,000793.XSHE,-1.15,-543.0,-9.148,-235.0,-3.959,-308.0,-5.189,-52.0,-0.876,-10.0,-0.168
,2025-08-15 00:00:00+08:00,000793.XSHE,0.78,-130.0,-3.513,0.0,0.0,-130.0,-3.513,-39.0,-1.054,8.0,0.216
,2025-08-18 00:00:00+08:00,000793.XSHE,0.0,-531.0,-8.061,-648.0,-9.838,117.0,1.776,-42.0,-0.638,-16.0,-0.243
,2025-08-19 00:00:00+08:00,000793.XSHE,-1.54,-357.0,-5.825,-119.0,-1.942,-238.0,-3.883,-95.0,-1.55,-23.0,-0.375
,2025-08-20 00:00:00+08:00,000793.XSHE,0.78,-335.0,-5.368,-238.0,-3.813,-97.0,-1.554,17.0,0.272,2.0,0.032
,2025-08-21 00:00:00+08:00,000793.XSHE,0.0,39.0,0.795,168.0,3.424,-129.0,-2.629,-263.0,-5.361,-43.0,-0.876
,2025-08-22 00:00:00+08:00,000793.XSHE,0.78,636.0,12.217,264.0,5.071,372.0,7.146,284.0,5.455,17.0,0.327
,2025-08-25 00:00:00+08:00,000793.XSHE,-0.77,-878.0,-13.209,-289.0,-4.348,-589.0,-8.861,-24.0,-0.361,-11.0,-0.165
,2025-08-26 00:00:00+08:00,000793.XSHE,0.0,-343.0,-6.1,-445.0,-7.914,102.0,1.814,87.0,1.547,-30.0,-0.534
,2025-08-27 00:00:00+08:00,000793.XSHE,-1.56,-541.0,-7.356,-256.0,-3.481,-285.0,-3.875,-195.0,-2.651,-2.0,-0.027
,2025-08-28 00:00:00+08:00,000793.XSHE,-1.59,-789.0,-10.056,-290.0,-3.696,-499.0,-6.36,-188.0,-2.396,0.0,0.0
,2025-08-29 00:00:00+08:00,000793.XSHE,4.86,136.0,1.359,0.0,0.0,136.0,1.359,114.0,1.14,-27.0,-0.27
,2025-09-01 00:00:00+08:00,000793.XSHE,-1.16,-1942.0,-20.5,-1837.0,-19.392,-105.0,-1.108,-157.0,-1.657,22.0,0.232
,2025-09-02 00:00:00+08:00,000793.XSHE,-0.39,-344.0,-5.724,-127.0,-2.113,-217.0,-3.611,-216.0,-3.594,-54.0,-0.899
,2025-09-03 00:00:00+08:00,000793.XSHE,0.78,129.0,1.817,182.0,2.563,-53.0,-0.746,90.0,1.268,-44.0,-0.62
,2025-09-04 00:00:00+08:00,000793.XSHE,-0.78,-222.0,-4.816,-127.0,-2.755,-95.0,-2.061,-120.0,-2.603,8.0,0.174
,2025-09-05 00:00:00+08:00,000793.XSHE,0.79,-368.0,-10.071,0.0,0.0,-368.0,-10.071,-88.0,-2.408,2.0,0.055
,2025-09-08 00:00:00+08:00,000793.XSHE,0.0,-184.0,-5.182,-135.0,-3.802,-49.0,-1.38,-64.0,-1.802,-21.0,-0.591
,2025-09-09 00:00:00+08:00,000793.XSHE,0.79,-72.0,-1.532,181.0,3.852,-253.0,-5.384,-74.0,-1.575,-22.0,-0.468
,2025-09-10 00:00:00+08:00,000793.XSHE,1.18,181.0,3.368,132.0,2.456,49.0,0.912,-124.0,-2.307,-8.0,-0.149
,2025-09-11 00:00:00+08:00,000793.XSHE,-1.16,-392.0,-7.159,-509.0,-9.295,117.0,2.137,-35.0,-0.639,-5.0,-0.091
,2025-09-12 00:00:00+08:00,000793.XSHE,0.39,-63.0,-1.679,119.0,3.172,-182.0,-4.851,-297.0,-7.916,-68.0,-1.812
,2025-09-15 00:00:00+08:00,000793.XSHE,-0.78,-991.0,-19.458,-639.0,-12.547,-352.0,-6.911,-103.0,-2.022,-19.0,-0.373
,2025-09-16 00:00:00+08:00,000793.XSHE,-0.79,-739.0,-18.042,-587.0,-14.331,-152.0,-3.711,-305.0,-7.446,-57.0,-1.392
,2025-09-17 00:00:00+08:00,000793.XSHE,-0.4,-245.0,-5.926,-100.0,-2.419,-145.0,-3.507,42.0,1.016,2.0,0.048
,2025-09-18 00:00:00+08:00,000793.XSHE,0.4,143.0,2.977,-100.0,-2.082,243.0,5.059,-70.0,-1.457,28.0,0.583
,2025-09-19 00:00:00+08:00,000793.XSHE,2.4,-91.0,-1.033,107.0,1.215,-198.0,-2.248,68.0,0.772,4.0,0.045
,2025-09-22 00:00:00+08:00,000793.XSHE,-1.17,267.0,3.894,242.0,3.529,25.0,0.365,34.0,0.496,13.0,0.19
,2025-09-23 00:00:00+08:00,000793.XSHE,0.79,452.0,5.598,302.0,3.74,150.0,1.858,3.0,0.037,-32.0,-0.396
,2025-09-24 00:00:00+08:00,000793.XSHE,0.78,-127.0,-2.57,167.0,3.38,-294.0,-5.95,-245.0,-4.959,-57.0,-1.154
,2025-09-25 00:00:00+08:00,000793.XSHE,-0.39,136.0,2.902,244.0,5.206,-108.0,-2.304,-156.0,-3.328,-8.0,-0.171
,2025-09-26 00:00:00+08:00,000793.XSHE,4.65,168.0,0.751,57.0,0.255,111.0,0.497,-33.0,-0.148,-38.0,-0.17
,2025-09-29 00:00:00+08:00,000793.XSHE,5.19,178.0,1.234,35.0,0.243,143.0,0.992,17.0,0.118,13.0,0.09
,2025-09-30 00:00:00+08:00,000793.XSHE,-0.35,-1751.0,-6.199,-1798.0,-6.365,47.0,0.166,52.0,0.184,24.0,0.085
,2025-10-09 00:00:00+08:00,000793.XSHE,4.93,1708.0,10.609,1811.0,11.249,-103.0,-0.64,77.0,0.478,23.0,0.143
,2025-10-10 00:00:00+08:00,000793.XSHE,1.01,8.0,0.028,108.0,0.381,-100.0,-0.353,9.0,0.032,-5.0,-0.018
,2025-10-13 00:00:00+08:00,000793.XSHE,1.33,140.0,0.906,36.0,0.233,104.0,0.673,186.0,1.204,-9.0,-0.058
,2025-10-14 00:00:00+08:00,000793.XSHE,-0.99,-525.0,-5.292,103.0,1.038,-628.0,-6.331,284.0,2.863,-54.0,-0.544
,2025-10-15 00:00:00+08:00,000793.XSHE,-3.01,-1079.0,-7.568,-734.0,-5.148,-345.0,-2.42,-212.0,-1.487,-15.0,-0.105
,2025-10-16 00:00:00+08:00,000793.XSHE,4.84,1040.0,7.104,1042.0,7.117,-2.0,-0.014,-173.0,-1.182,-62.0,-0.423
,2025-10-17 00:00:00+08:00,000793.XSHE,-0.33,-1398.0,-9.876,-1302.0,-9.198,-96.0,-0.678,70.0,0.494,-40.0,-0.283
,2025-10-20 00:00:00+08:00,000793.XSHE,-0.66,-93.0,-0.812,27.0,0.236,-120.0,-1.048,22.0,0.192,18.0,0.157
,2025-10-21 00:00:00+08:00,000793.XSHE,-0.33,-199.0,-2.579,-10.0,-0.13,-189.0,-2.449,-128.0,-1.659,-6.0,-0.078
,2025-10-22 00:00:00+08:00,000793.XSHE,1.66,-79.0,-0.487,91.0,0.561,-170.0,-1.049,-657.0,-4.053,10.0,0.062
,2025-10-23 00:00:00+08:00,000793.XSHE,1.31,525.0,4.766,727.0,6.599,-202.0,-1.834,-47.0,-0.427,-13.0,-0.118
,2025-10-24 00:00:00+08:00,000793.XSHE,4.19,1554.0,8.341,1107.0,5.942,447.0,2.399,-419.0,-2.249,-86.0,-0.462
,2025-10-27 00:00:00+08:00,000793.XSHE,-3.7,-2164.0,-10.157,-1149.0,-5.393,-1015.0,-4.764,130.0,0.61,72.0,0.338
,2025-10-28 00:00:00+08:00,000793.XSHE,-1.29,-1046.0,-9.094,-354.0,-3.078,-692.0,-6.016,-103.0,-0.895,31.0,0.27
,2025-10-29 00:00:00+08:00,000793.XSHE,-2.61,-1550.0,-12.253,-655.0,-5.178,-895.0,-7.075,-424.0,-3.352,8.0,0.063
,2025-10-30 00:00:00+08:00,000793.XSHE,1.0,-131.0,-2.015,-106.0,-1.631,-25.0,-0.385,-118.0,-1.815,13.0,0.2
,2025-10-31 00:00:00+08:00,000793.XSHE,2.66,426.0,4.878,-38.0,-0.435,464.0,5.313,-29.0,-0.332,46.0,0.527
,2025-11-03 00:00:00+08:00,000793.XSHE,1.62,332.0,3.923,156.0,1.843,176.0,2.08,-157.0,-1.855,-16.0,-0.189
,2025-11-04 00:00:00+08:00,000793.XSHE,5.11,2175.0,25.156,2191.0,25.341,-16.0,-0.185,9.0,0.104,0.0,0.0
,2025-11-05 00:00:00+08:00,000793.XSHE,-3.04,113.0,0.315,876.0,2.44,-763.0,-2.125,-221.0,-0.616,-5.0,-0.014
,2025-11-06 00:00:00+08:00,000793.XSHE,-3.76,-1243.0,-7.073,-857.0,-4.877,-386.0,-2.196,-285.0,-1.622,32.0,0.182
,2025-11-07 00:00:00+08:00,000793.XSHE,1.31,-672.0,-6.73,-579.0,-5.799,-93.0,-0.931,-74.0,-0.741,-51.0,-0.511
,2025-11-10 00:00:00+08:00,000793.XSHE,-1.61,-892.0,-8.98,-352.0,-3.544,-540.0,-5.436,-94.0,-0.946,-50.0,-0.503
,2025-11-11 00:00:00+08:00,000793.XSHE,-4.61,-2712.0,-15.449,-1344.0,-7.656,-1368.0,-7.793,-292.0,-1.663,-77.0,-0.439
,2025-11-12 00:00:00+08:00,000793.XSHE,1.03,-79.0,-0.489,39.0,0.241,-118.0,-0.73,-631.0,-3.902,-74.0,-0.458
,2025-11-13 00:00:00+08:00,000793.XSHE,3.75,1205.0,8.844,661.0,4.851,544.0,3.993,-2.0,-0.015,34.0,0.25
,2025-11-14 00:00:00+08:00,000793.XSHE,1.32,-771.0,-6.514,-238.0,-2.011,-533.0,-4.503,-96.0,-0.811,60.0,0.507
,2025-11-17 00:00:00+08:00,000793.XSHE,0.65,906.0,9.297,594.0,6.095,312.0,3.202,236.0,2.422,-28.0,-0.287
,2025-11-18 00:00:00+08:00,000793.XSHE,-1.62,-897.0,-10.262,-368.0,-4.21,-529.0,-6.052,2.0,0.023,-21.0,-0.24
,2025-11-19 00:00:00+08:00,000793.XSHE,-2.64,-1058.0,-11.563,-164.0,-1.792,-894.0,-9.77,-31.0,-0.339,-15.0,-0.164
,2025-11-20 00:00:00+08:00,000793.XSHE,0.68,-414.0,-6.477,-117.0,-1.83,-297.0,-4.646,-80.0,-1.252,-6.0,-0.094
,2025-11-21 00:00:00+08:00,000793.XSHE,-3.36,-976.0,-13.015,-729.0,-9.721,-247.0,-3.294,38.0,0.507,-41.0,-0.547
,2025-11-24 00:00:00+08:00,000793.XSHE,2.78,300.0,4.603,258.0,3.959,42.0,0.644,-32.0,-0.491,6.0,0.092
,2025-11-25 00:00:00+08:00,000793.XSHE,0.0,-98.0,-1.701,-4.0,-0.069,-94.0,-1.632,-82.0,-1.424,5.0,0.087
,2025-11-26 00:00:00+08:00,000793.XSHE,-1.35,-490.0,-11.205,-116.0,-2.653,-374.0,-8.552,-39.0,-0.892,7.0,0.16
,2025-11-27 00:00:00+08:00,000793.XSHE,0.34,-279.0,-5.333,-336.0,-6.422,57.0,1.089,-77.0,-1.472,11.0,0.21
,2025-11-28 00:00:00+08:00,000793.XSHE,0.0,-373.0,-8.545,-62.0,-1.42,-311.0,-7.125,-21.0,-0.481,9.0,0.206
,2025-12-01 00:00:00+08:00,000793.XSHE,1.03,-129.0,-1.918,32.0,0.476,-161.0,-2.393,42.0,0.624,-72.0,-1.07
,2025-12-02 00:00:00+08:00,000793.XSHE,3.74,1405.0,12.563,1268.0,11.338,137.0,1.225,-124.0,-1.109,-1.0,-0.009
,2025-12-03 00:00:00+08:00,000793.XSHE,-1.97,-958.0,-14.341,-560.0,-8.383,-398.0,-5.958,112.0,1.677,53.0,0.793
,2025-12-04 00:00:00+08:00,000793.XSHE,0.0,331.0,6.755,148.0,3.02,183.0,3.735,55.0,1.122,18.0,0.367
,2025-12-05 00:00:00+08:00,000793.XSHE,0.0,-80.0,-1.496,-166.0,-3.105,86.0,1.608,-168.0,-3.142,-21.0,-0.393
,2025-12-08 00:00:00+08:00,000793.XSHE,-0.34,-304.0,-4.676,30.0,0.461,-334.0,-5.138,-26.0,-0.4,-19.0,-0.292
,2025-12-09 00:00:00+08:00,000793.XSHE,-1.68,-1287.0,-17.937,-815.0,-11.359,-472.0,-6.578,46.0,0.641,-10.0,-0.139
,2025-12-10 00:00:00+08:00,000793.XSHE,0.34,-687.0,-8.542,25.0,0.311,-712.0,-8.852,16.0,0.199,-14.0,-0.174
,2025-12-11 00:00:00+08:00,000793.XSHE,-1.36,-212.0,-4.703,0.0,0.0,-212.0,-4.703,-133.0,-2.95,-43.0,-0.954
,2025-12-12 00:00:00+08:00,000793.XSHE,0.35,-302.0,-7.218,0.0,0.0,-302.0,-7.218,-83.0,-1.984,9.0,0.215
,2025-12-15 00:00:00+08:00,000793.XSHE,-2.08,-929.0,-12.821,-733.0,-10.116,-196.0,-2.705,-180.0,-2.484,8.0,0.11
,2025-12-16 00:00:00+08:00,000793.XSHE,-3.19,-1303.0,-21.67,-460.0,-7.65,-843.0,-14.02,-158.0,-2.628,53.0,0.881
,2025-12-17 00:00:00+08:00,000793.XSHE,2.56,-219.0,-4.117,0.0,0.0,-219.0,-4.117,-42.0,-0.79,22.0,0.414
,2025-12-18 00:00:00+08:00,000793.XSHE,-1.42,-196.0,-4.753,-127.0,-3.08,-69.0,-1.673,-21.0,-0.509,-3.0,-0.073
,2025-12-19 00:00:00+08:00,000793.XSHE,4.35,78.0,1.064,128.0,1.746,-50.0,-0.682,59.0,0.805,16.0,0.218
,2025-12-22 00:00:00+08:00,000793.XSHE,3.46,-1100.0,-7.118,-271.0,-1.754,-829.0,-5.364,-55.0,-0.356,-17.0,-0.11
,2025-12-23 00:00:00+08:00,000793.XSHE,-4.67,-969.0,-7.646,-294.0,-2.32,-675.0,-5.326,-156.0,-1.231,-55.0,-0.434
,2025-12-24 00:00:00+08:00,000793.XSHE,-1.05,-565.0,-10.125,0.0,0.0,-565.0,-10.125,-195.0,-3.495,-13.0,-0.233
,2025-12-25 00:00:00+08:00,000793.XSHE,0.35,228.0,5.994,0.0,0.0,228.0,5.994,-159.0,-4.18,-34.0,-0.894
,2025-01-02 00:00:00+08:00,000796.XSHE,-0.74,475.0,2.641,320.0,1.779,155.0,0.862,2.0,0.011,-135.0,-0.751
,2025-01-03 00:00:00+08:00,000796.XSHE,-7.44,-775.0,-3.548,515.0,2.358,-1290.0,-5.906,-167.0,-0.765,-89.0,-0.407
,2025-01-06 00:00:00+08:00,000796.XSHE,-2.41,649.0,5.281,221.0,1.798,428.0,3.483,-62.0,-0.505,-18.0,-0.146
,2025-01-07 00:00:00+08:00,000796.XSHE,3.57,1292.0,12.451,1351.0,13.019,-59.0,-0.569,-96.0,-0.925,19.0,0.183
,2025-01-08 00:00:00+08:00,000796.XSHE,0.27,-331.0,-3.249,-11.0,-0.108,-320.0,-3.141,-27.0,-0.265,-29.0,-0.285
,2025-01-09 00:00:00+08:00,000796.XSHE,-1.59,-543.0,-4.886,-273.0,-2.457,-270.0,-2.43,-253.0,-2.277,-100.0,-0.9
,2025-01-10 00:00:00+08:00,000796.XSHE,-2.69,-1129.0,-11.262,-55.0,-0.549,-1074.0,-10.713,48.0,0.479,-35.0,-0.349
,2025-01-13 00:00:00+08:00,000796.XSHE,1.66,665.0,8.166,278.0,3.414,387.0,4.752,13.0,0.16,-81.0,-0.995
,2025-01-14 00:00:00+08:00,000796.XSHE,4.35,-165.0,-0.998,48.0,0.29,-213.0,-1.288,-110.0,-0.665,1.0,0.006
,2025-01-15 00:00:00+08:00,000796.XSHE,1.56,411.0,2.692,503.0,3.295,-92.0,-0.603,125.0,0.819,-14.0,-0.092
,2025-01-16 00:00:00+08:00,000796.XSHE,-0.26,-328.0,-1.907,-623.0,-3.623,295.0,1.715,-190.0,-1.105,-11.0,-0.064
,2025-01-17 00:00:00+08:00,000796.XSHE,0.26,-1457.0,-10.492,-1172.0,-8.44,-285.0,-2.052,48.0,0.346,-13.0,-0.094
,2025-01-20 00:00:00+08:00,000796.XSHE,-0.51,510.0,2.585,1118.0,5.666,-608.0,-3.081,-86.0,-0.436,7.0,0.035
,2025-01-21 00:00:00+08:00,000796.XSHE,-2.58,-1025.0,-7.258,-795.0,-5.629,-230.0,-1.629,-159.0,-1.126,-87.0,-0.616
,2025-01-22 00:00:00+08:00,000796.XSHE,-2.65,-155.0,-2.051,16.0,0.212,-171.0,-2.263,-272.0,-3.6,-36.0,-0.476
,2025-01-23 00:00:00+08:00,000796.XSHE,-0.54,-270.0,-2.668,140.0,1.383,-410.0,-4.051,16.0,0.158,-79.0,-0.781
,2025-01-24 00:00:00+08:00,000796.XSHE,-0.55,-1019.0,-10.052,-395.0,-3.897,-624.0,-6.156,-308.0,-3.038,-44.0,-0.434
,2025-01-27 00:00:00+08:00,000796.XSHE,-2.2,-223.0,-1.869,-4.0,-0.034,-219.0,-1.836,53.0,0.444,6.0,0.05
,2025-02-05 00:00:00+08:00,000796.XSHE,-0.56,-76.0,-0.814,52.0,0.557,-128.0,-1.37,-125.0,-1.338,-53.0,-0.567
,2025-02-06 00:00:00+08:00,000796.XSHE,1.41,281.0,2.439,193.0,1.675,88.0,0.764,-208.0,-1.805,-93.0,-0.807
,2025-02-07 00:00:00+08:00,000796.XSHE,2.51,914.0,6.216,492.0,3.346,422.0,2.87,-15.0,-0.102,-55.0,-0.374
,2025-02-10 00:00:00+08:00,000796.XSHE,3.27,277.0,2.046,320.0,2.363,-43.0,-0.318,149.0,1.1,-33.0,-0.244
,2025-02-11 00:00:00+08:00,000796.XSHE,-1.84,-861.0,-8.808,-1018.0,-10.414,157.0,1.606,-250.0,-2.558,-62.0,-0.634
,2025-02-12 00:00:00+08:00,000796.XSHE,0.0,21.0,0.258,-37.0,-0.454,58.0,0.712,-83.0,-1.019,24.0,0.295
,2025-02-13 00:00:00+08:00,000796.XSHE,0.8,1014.0,8.772,1068.0,9.239,-54.0,-0.467,-67.0,-0.58,-26.0,-0.225
,2025-02-14 00:00:00+08:00,000796.XSHE,-2.38,-814.0,-7.302,-430.0,-3.858,-384.0,-3.445,-81.0,-0.727,-13.0,-0.117
,2025-02-17 00:00:00+08:00,000796.XSHE,4.07,936.0,4.9,736.0,3.853,200.0,1.047,44.0,0.23,-15.0,-0.079
,2025-02-18 00:00:00+08:00,000796.XSHE,-2.87,-453.0,-2.626,127.0,0.736,-580.0,-3.362,-139.0,-0.806,-14.0,-0.081
,2025-02-19 00:00:00+08:00,000796.XSHE,0.54,-587.0,-6.122,-74.0,-0.772,-513.0,-5.35,-164.0,-1.71,64.0,0.668
,2025-02-20 00:00:00+08:00,000796.XSHE,0.53,1022.0,8.98,820.0,7.205,202.0,1.775,57.0,0.501,-2.0,-0.018
,2025-02-21 00:00:00+08:00,000796.XSHE,-0.53,-1088.0,-9.829,-757.0,-6.839,-331.0,-2.99,-477.0,-4.309,-40.0,-0.361
,2025-02-24 00:00:00+08:00,000796.XSHE,0.53,222.0,1.516,278.0,1.899,-56.0,-0.383,-258.0,-1.762,-58.0,-0.396
,2025-02-25 00:00:00+08:00,000796.XSHE,-4.26,-643.0,-3.394,-442.0,-2.333,-201.0,-1.061,-150.0,-0.792,-17.0,-0.09
,2025-02-26 00:00:00+08:00,000796.XSHE,0.28,-62.0,-0.523,-288.0,-2.432,226.0,1.908,-162.0,-1.368,1.0,0.008
,2025-02-27 00:00:00+08:00,000796.XSHE,9.92,5966.0,16.635,5341.0,14.892,625.0,1.743,-6.0,-0.017,-14.0,-0.039
,2025-02-28 00:00:00+08:00,000796.XSHE,-4.01,29.0,0.064,-519.0,-1.143,548.0,1.207,11.0,0.024,-24.0,-0.053
,2025-03-03 00:00:00+08:00,000796.XSHE,2.08,1026.0,2.7,1931.0,5.081,-905.0,-2.381,104.0,0.274,-29.0,-0.076
,2025-03-04 00:00:00+08:00,000796.XSHE,0.51,221.0,1.13,697.0,3.565,-476.0,-2.435,-17.0,-0.087,21.0,0.107
,2025-03-05 00:00:00+08:00,000796.XSHE,-1.27,-12.0,-0.076,-243.0,-1.531,231.0,1.455,-293.0,-1.846,43.0,0.271
,2025-03-06 00:00:00+08:00,000796.XSHE,0.78,-595.0,-2.965,-524.0,-2.611,-71.0,-0.354,97.0,0.483,-42.0,-0.209
,2025-03-07 00:00:00+08:00,000796.XSHE,-0.77,319.0,1.941,570.0,3.468,-251.0,-1.527,-216.0,-1.314,-45.0,-0.274
,2025-03-10 00:00:00+08:00,000796.XSHE,0.0,883.0,6.857,750.0,5.824,133.0,1.033,65.0,0.505,-38.0,-0.295
,2025-03-11 00:00:00+08:00,000796.XSHE,1.55,19.0,0.109,925.0,5.298,-906.0,-5.19,-138.0,-0.79,13.0,0.074
,2025-03-12 00:00:00+08:00,000796.XSHE,-1.27,-1787.0,-10.267,-1169.0,-6.716,-618.0,-3.55,4.0,0.023,-57.0,-0.327
,2025-03-13 00:00:00+08:00,000796.XSHE,0.0,-279.0,-2.025,-93.0,-0.675,-186.0,-1.35,2.0,0.015,-16.0,-0.116
,2025-03-14 00:00:00+08:00,000796.XSHE,5.38,2929.0,6.617,3411.0,7.706,-482.0,-1.089,229.0,0.517,-200.0,-0.452
,2025-03-17 00:00:00+08:00,000796.XSHE,-0.73,2048.0,6.032,1029.0,3.031,1019.0,3.001,-322.0,-0.948,-254.0,-0.748
,2025-03-18 00:00:00+08:00,000796.XSHE,-0.73,-2443.0,-10.959,-1798.0,-8.066,-645.0,-2.893,-242.0,-1.086,13.0,0.058
,2025-03-19 00:00:00+08:00,000796.XSHE,-1.47,-1331.0,-8.434,-459.0,-2.909,-872.0,-5.526,-232.0,-1.47,-54.0,-0.342
,2025-03-20 00:00:00+08:00,000796.XSHE,1.5,2578.0,8.216,3614.0,11.518,-1036.0,-3.302,21.0,0.067,22.0,0.07
,2025-03-21 00:00:00+08:00,000796.XSHE,3.44,2475.0,4.537,2210.0,4.051,265.0,0.486,-15.0,-0.027,-13.0,-0.024
,2025-03-24 00:00:00+08:00,000796.XSHE,1.19,1849.0,1.988,2054.0,2.208,-205.0,-0.22,-533.0,-0.573,-25.0,-0.027
,2025-03-25 00:00:00+08:00,000796.XSHE,0.23,-262.0,-0.428,-196.0,-0.321,-66.0,-0.108,125.0,0.204,-11.0,-0.018
,2025-03-26 00:00:00+08:00,000796.XSHE,-1.87,-872.0,-2.369,-459.0,-1.247,-413.0,-1.122,-413.0,-1.122,46.0,0.125
,2025-03-27 00:00:00+08:00,000796.XSHE,-0.95,1177.0,2.816,1087.0,2.601,90.0,0.215,-434.0,-1.038,-58.0,-0.139
,2025-03-28 00:00:00+08:00,000796.XSHE,-3.86,-1687.0,-5.345,-541.0,-1.714,-1146.0,-3.631,-221.0,-0.7,-29.0,-0.092
,2025-03-31 00:00:00+08:00,000796.XSHE,-4.79,-1294.0,-4.797,142.0,0.526,-1436.0,-5.323,-233.0,-0.864,-24.0,-0.089
,2025-04-01 00:00:00+08:00,000796.XSHE,1.06,1039.0,6.369,750.0,4.597,289.0,1.771,-290.0,-1.778,-17.0,-0.104
,2025-04-02 00:00:00+08:00,000796.XSHE,0.78,1094.0,7.735,1028.0,7.268,66.0,0.467,-57.0,-0.403,42.0,0.297
,2025-04-03 00:00:00+08:00,000796.XSHE,2.59,1499.0,5.484,1121.0,4.101,378.0,1.383,-166.0,-0.607,-62.0,-0.227
,2025-04-07 00:00:00+08:00,000796.XSHE,-10.08,-2827.0,-10.732,-526.0,-1.997,-2301.0,-8.735,-43.0,-0.163,87.0,0.33
,2025-04-08 00:00:00+08:00,000796.XSHE,1.4,-905.0,-3.566,-595.0,-2.345,-310.0,-1.222,-404.0,-1.592,-59.0,-0.233
,2025-04-09 00:00:00+08:00,000796.XSHE,9.92,6919.0,13.606,6624.0,13.026,295.0,0.58,-36.0,-0.071,-31.0,-0.061
,2025-04-10 00:00:00+08:00,000796.XSHE,4.26,9009.0,10.195,9547.0,10.804,-538.0,-0.609,-72.0,-0.081,-133.0,-0.151
,2025-04-11 00:00:00+08:00,000796.XSHE,-1.92,2397.0,4.316,1354.0,2.438,1043.0,1.878,-240.0,-0.432,-45.0,-0.081
,2025-04-14 00:00:00+08:00,000796.XSHE,7.07,4364.0,4.658,4814.0,5.138,-450.0,-0.48,433.0,0.462,-116.0,-0.124
,2025-04-15 00:00:00+08:00,000796.XSHE,-3.88,67.0,0.124,599.0,1.108,-532.0,-0.984,-329.0,-0.609,-80.0,-0.148
,2025-04-16 00:00:00+08:00,000796.XSHE,-1.19,414.0,1.073,979.0,2.536,-565.0,-1.464,-335.0,-0.868,46.0,0.119
,2025-04-17 00:00:00+08:00,000796.XSHE,0.96,1059.0,2.255,1266.0,2.696,-207.0,-0.441,-146.0,-0.311,-14.0,-0.03
,2025-04-18 00:00:00+08:00,000796.XSHE,-3.8,-881.0,-2.224,-624.0,-1.575,-257.0,-0.649,-391.0,-0.987,-12.0,-0.03
,2025-04-21 00:00:00+08:00,000796.XSHE,-0.74,798.0,2.814,842.0,2.97,-44.0,-0.155,-74.0,-0.261,-61.0,-0.215
,2025-04-22 00:00:00+08:00,000796.XSHE,3.24,2298.0,5.086,3701.0,8.191,-1403.0,-3.105,17.0,0.038,-1.0,-0.002
,2025-04-23 00:00:00+08:00,000796.XSHE,-2.89,-745.0,-2.306,-589.0,-1.823,-156.0,-0.483,-75.0,-0.232,-21.0,-0.065
,2025-04-24 00:00:00+08:00,000796.XSHE,-3.72,-1022.0,-3.513,-703.0,-2.416,-319.0,-1.097,-81.0,-0.278,-10.0,-0.034
,2025-04-25 00:00:00+08:00,000796.XSHE,2.84,899.0,3.39,1721.0,6.49,-822.0,-3.1,161.0,0.607,-23.0,-0.087
,2025-04-28 00:00:00+08:00,000796.XSHE,0.0,600.0,1.93,589.0,1.895,11.0,0.035,-306.0,-0.984,-64.0,-0.206
,2025-04-29 00:00:00+08:00,000796.XSHE,-2.51,257.0,1.164,77.0,0.349,180.0,0.816,-272.0,-1.232,-6.0,-0.027
,2025-04-30 00:00:00+08:00,000796.XSHE,-0.51,344.0,2.159,1178.0,7.393,-834.0,-5.234,-146.0,-0.916,-23.0,-0.144
,2025-05-06 00:00:00+08:00,000796.XSHE,0.52,1174.0,6.158,1350.0,7.081,-176.0,-0.923,-139.0,-0.729,22.0,0.115
,2025-05-07 00:00:00+08:00,000796.XSHE,-1.03,195.0,1.146,249.0,1.464,-54.0,-0.317,-15.0,-0.088,-55.0,-0.323
,2025-05-08 00:00:00+08:00,000796.XSHE,-0.52,187.0,1.257,1053.0,7.08,-866.0,-5.823,-205.0,-1.378,-37.0,-0.249
,2025-05-09 00:00:00+08:00,000796.XSHE,-2.09,473.0,3.273,882.0,6.104,-409.0,-2.83,-358.0,-2.478,-9.0,-0.062
,2025-05-12 00:00:00+08:00,000796.XSHE,0.53,497.0,4.235,665.0,5.666,-168.0,-1.431,-157.0,-1.338,-52.0,-0.443
,2025-05-13 00:00:00+08:00,000796.XSHE,0.8,247.0,1.902,-95.0,-0.732,342.0,2.633,-26.0,-0.2,-95.0,-0.732
,2025-05-14 00:00:00+08:00,000796.XSHE,-1.06,96.0,0.831,418.0,3.617,-322.0,-2.787,127.0,1.099,-154.0,-1.333
,2025-05-15 00:00:00+08:00,000796.XSHE,-0.8,-1059.0,-10.098,-742.0,-7.075,-317.0,-3.023,-29.0,-0.277,-35.0,-0.334
,2025-05-16 00:00:00+08:00,000796.XSHE,1.88,617.0,4.881,1134.0,8.971,-517.0,-4.09,-67.0,-0.53,-11.0,-0.087
,2025-05-19 00:00:00+08:00,000796.XSHE,-0.53,-56.0,-0.536,94.0,0.9,-150.0,-1.437,66.0,0.632,12.0,0.115
,2025-05-20 00:00:00+08:00,000796.XSHE,1.32,1049.0,6.969,1150.0,7.64,-101.0,-0.671,103.0,0.684,-25.0,-0.166
,2025-05-21 00:00:00+08:00,000796.XSHE,-0.52,920.0,7.687,1306.0,10.912,-386.0,-3.225,-121.0,-1.011,9.0,0.075
,2025-05-22 00:00:00+08:00,000796.XSHE,-2.89,-2891.0,-20.599,-1817.0,-12.946,-1074.0,-7.652,-318.0,-2.266,37.0,0.264
,2025-05-23 00:00:00+08:00,000796.XSHE,-1.9,-192.0,-2.094,230.0,2.509,-422.0,-4.603,-376.0,-4.101,20.0,0.218
,2025-05-26 00:00:00+08:00,000796.XSHE,1.66,118.0,1.604,253.0,3.438,-135.0,-1.835,-23.0,-0.313,6.0,0.082
,2025-05-27 00:00:00+08:00,000796.XSHE,1.36,361.0,3.921,388.0,4.214,-27.0,-0.293,-33.0,-0.358,19.0,0.206
,2025-05-28 00:00:00+08:00,000796.XSHE,-1.34,-922.0,-10.547,-577.0,-6.6,-345.0,-3.946,-37.0,-0.423,-15.0,-0.172
,2025-05-29 00:00:00+08:00,000796.XSHE,0.82,317.0,3.872,577.0,7.049,-260.0,-3.176,-96.0,-1.173,-4.0,-0.049
,2025-05-30 00:00:00+08:00,000796.XSHE,-0.81,-723.0,-10.382,-620.0,-8.903,-103.0,-1.479,-261.0,-3.748,77.0,1.106
,2025-06-03 00:00:00+08:00,000796.XSHE,0.82,403.0,7.175,539.0,9.596,-136.0,-2.421,-78.0,-1.389,-34.0,-0.605
,2025-06-04 00:00:00+08:00,000796.XSHE,2.16,594.0,3.887,359.0,2.349,235.0,1.538,93.0,0.609,20.0,0.131
,2025-06-05 00:00:00+08:00,000796.XSHE,-1.06,-1372.0,-11.439,-1159.0,-9.663,-213.0,-1.776,-164.0,-1.367,12.0,0.1
,2025-06-06 00:00:00+08:00,000796.XSHE,2.41,3171.0,12.76,3636.0,14.631,-465.0,-1.871,-139.0,-0.559,-2.0,-0.008
,2025-06-09 00:00:00+08:00,000796.XSHE,1.57,2060.0,10.067,2036.0,9.95,24.0,0.117,361.0,1.764,-36.0,-0.176
,2025-06-10 00:00:00+08:00,000796.XSHE,0.0,-437.0,-1.797,-360.0,-1.48,-77.0,-0.317,-248.0,-1.02,-53.0,-0.218
,2025-06-11 00:00:00+08:00,000796.XSHE,-0.52,164.0,1.216,-194.0,-1.438,358.0,2.654,118.0,0.875,-42.0,-0.311
,2025-06-12 00:00:00+08:00,000796.XSHE,-0.78,-210.0,-1.884,-159.0,-1.427,-51.0,-0.458,-279.0,-2.504,-42.0,-0.377
,2025-06-13 00:00:00+08:00,000796.XSHE,-2.88,-1540.0,-11.295,-1105.0,-8.105,-435.0,-3.191,-456.0,-3.345,5.0,0.037
,2025-06-16 00:00:00+08:00,000796.XSHE,0.27,-537.0,-7.134,-738.0,-9.805,201.0,2.67,72.0,0.957,57.0,0.757
,2025-06-17 00:00:00+08:00,000796.XSHE,1.08,-613.0,-7.312,-540.0,-6.441,-73.0,-0.871,25.0,0.298,83.0,0.99
,2025-06-18 00:00:00+08:00,000796.XSHE,0.8,2796.0,20.623,2121.0,15.644,675.0,4.979,104.0,0.767,91.0,0.671
,2025-06-19 00:00:00+08:00,000796.XSHE,-2.37,-667.0,-5.998,-615.0,-5.531,-52.0,-0.468,80.0,0.719,126.0,1.133
,2025-06-20 00:00:00+08:00,000796.XSHE,0.0,380.0,3.42,390.0,3.51,-10.0,-0.09,89.0,0.801,30.0,0.27
,2025-06-23 00:00:00+08:00,000796.XSHE,1.35,1391.0,13.565,720.0,7.022,671.0,6.544,117.0,1.141,10.0,0.098
,2025-06-24 00:00:00+08:00,000796.XSHE,1.6,2178.0,17.613,1847.0,14.936,331.0,2.677,190.0,1.536,64.0,0.518
,2025-06-25 00:00:00+08:00,000796.XSHE,1.05,565.0,4.304,116.0,0.884,449.0,3.421,-54.0,-0.411,-7.0,-0.053
,2025-06-26 00:00:00+08:00,000796.XSHE,1.56,414.0,1.547,814.0,3.041,-400.0,-1.494,-15.0,-0.056,25.0,0.093
,2025-06-27 00:00:00+08:00,000796.XSHE,-0.77,-925.0,-6.219,-1108.0,-7.449,183.0,1.23,36.0,0.242,44.0,0.296
,2025-06-30 00:00:00+08:00,000796.XSHE,1.29,1358.0,9.858,1044.0,7.579,314.0,2.279,2.0,0.015,62.0,0.45
,2025-07-01 00:00:00+08:00,000796.XSHE,0.26,403.0,3.068,469.0,3.57,-66.0,-0.502,-196.0,-1.492,-45.0,-0.343
,2025-07-02 00:00:00+08:00,000796.XSHE,0.51,211.0,0.725,289.0,0.993,-78.0,-0.268,-63.0,-0.217,-12.0,-0.041
,2025-07-03 00:00:00+08:00,000796.XSHE,0.51,2447.0,15.459,1283.0,8.105,1164.0,7.354,-123.0,-0.777,-139.0,-0.878
,2025-07-04 00:00:00+08:00,000796.XSHE,-1.26,438.0,2.463,661.0,3.717,-223.0,-1.254,3.0,0.017,47.0,0.264
,2025-07-07 00:00:00+08:00,000796.XSHE,2.8,3582.0,18.839,2795.0,14.7,787.0,4.139,281.0,1.478,-18.0,-0.095
,2025-07-08 00:00:00+08:00,000796.XSHE,9.9,11059.0,17.147,11203.0,17.37,-144.0,-0.223,331.0,0.513,-28.0,-0.043
,2025-07-09 00:00:00+08:00,000796.XSHE,-1.35,-1354.0,-1.673,-2636.0,-3.257,1282.0,1.584,13.0,0.016,80.0,0.099
,2025-07-10 00:00:00+08:00,000796.XSHE,0.0,-1647.0,-2.736,-1917.0,-3.185,270.0,0.449,263.0,0.437,-77.0,-0.128
,2025-07-11 00:00:00+08:00,000796.XSHE,1.83,5138.0,8.577,4696.0,7.839,442.0,0.738,-203.0,-0.339,-45.0,-0.075
,2025-07-14 00:00:00+08:00,000796.XSHE,-2.24,-6574.0,-8.122,-3969.0,-4.903,-2605.0,-3.218,-106.0,-0.131,18.0,0.022
,2025-07-15 00:00:00+08:00,000796.XSHE,-5.29,920.0,1.707,1030.0,1.911,-110.0,-0.204,-254.0,-0.471,-43.0,-0.08
,2025-07-16 00:00:00+08:00,000796.XSHE,1.7,1687.0,4.875,2320.0,6.704,-633.0,-1.829,-14.0,-0.04,-100.0,-0.289
,2025-07-17 00:00:00+08:00,000796.XSHE,10.07,10538.0,26.513,10608.0,26.689,-70.0,-0.176,0.0,0.0,0.0,0.0
,2025-07-18 00:00:00+08:00,000796.XSHE,4.58,8350.0,6.705,8080.0,6.488,270.0,0.217,-526.0,-0.422,-14.0,-0.011
,2025-07-21 00:00:00+08:00,000796.XSHE,-2.47,1626.0,1.287,1900.0,1.503,-274.0,-0.217,41.0,0.032,3.0,0.002
,2025-07-22 00:00:00+08:00,000796.XSHE,10.11,14102.0,8.442,14866.0,8.9,-764.0,-0.457,-15.0,-0.009,32.0,0.019
,2025-07-23 00:00:00+08:00,000796.XSHE,-9.75,-9999.0,-6.543,-8251.0,-5.399,-1748.0,-1.144,135.0,0.088,39.0,0.026
,2025-07-24 00:00:00+08:00,000796.XSHE,9.98,17354.0,26.738,17081.0,26.318,273.0,0.421,0.0,0.0,0.0,0.0
,2025-07-25 00:00:00+08:00,000796.XSHE,4.25,-8966.0,-3.335,-4952.0,-1.842,-4014.0,-1.493,-188.0,-0.07,75.0,0.028
,2025-07-28 00:00:00+08:00,000796.XSHE,-6.86,-3962.0,-2.69,-2133.0,-1.448,-1829.0,-1.242,68.0,0.046,78.0,0.053
,2025-07-29 00:00:00+08:00,000796.XSHE,3.19,4135.0,3.402,3150.0,2.592,985.0,0.81,-599.0,-0.493,37.0,0.03
,2025-07-30 00:00:00+08:00,000796.XSHE,10.08,20116.0,18.835,21352.0,19.992,-1236.0,-1.157,-152.0,-0.142,7.0,0.007
,2025-07-31 00:00:00+08:00,000796.XSHE,-5.81,-10115.0,-7.503,-9625.0,-7.14,-490.0,-0.363,-550.0,-0.408,82.0,0.061
,2025-08-01 00:00:00+08:00,000796.XSHE,-2.43,-4865.0,-5.439,-4092.0,-4.575,-773.0,-0.864,70.0,0.078,-26.0,-0.029
,2025-08-04 00:00:00+08:00,000796.XSHE,2.31,-56.0,-0.074,1626.0,2.149,-1682.0,-2.223,110.0,0.145,-84.0,-0.111
,2025-08-05 00:00:00+08:00,000796.XSHE,2.44,5154.0,5.68,4537.0,5.0,617.0,0.68,-144.0,-0.159,37.0,0.041
,2025-08-06 00:00:00+08:00,000796.XSHE,-4.96,-2809.0,-3.113,-3151.0,-3.492,342.0,0.379,-334.0,-0.37,-4.0,-0.004
,2025-08-07 00:00:00+08:00,000796.XSHE,-2.9,-427.0,-0.641,361.0,0.542,-788.0,-1.183,-495.0,-0.743,50.0,0.075
,2025-08-08 00:00:00+08:00,000796.XSHE,0.4,-2486.0,-6.529,-1614.0,-4.239,-872.0,-2.29,87.0,0.228,46.0,0.121
,2025-08-11 00:00:00+08:00,000796.XSHE,-0.8,2316.0,6.71,2806.0,8.129,-490.0,-1.42,-169.0,-0.49,-13.0,-0.038
,2025-08-12 00:00:00+08:00,000796.XSHE,0.2,-345.0,-0.909,825.0,2.173,-1170.0,-3.081,-297.0,-0.782,16.0,0.042
,2025-08-13 00:00:00+08:00,000796.XSHE,-0.4,478.0,1.227,696.0,1.786,-218.0,-0.56,-281.0,-0.721,-66.0,-0.169
,2025-08-14 00:00:00+08:00,000796.XSHE,-4.61,140.0,0.258,657.0,1.212,-517.0,-0.954,-223.0,-0.412,-4.0,-0.007
,2025-08-15 00:00:00+08:00,000796.XSHE,1.05,1288.0,4.444,1528.0,5.272,-240.0,-0.828,-303.0,-1.045,14.0,0.048
,2025-08-18 00:00:00+08:00,000796.XSHE,10.0,16117.0,28.037,15600.0,27.138,517.0,0.899,-46.0,-0.08,0.0,0.0
,2025-08-19 00:00:00+08:00,000796.XSHE,2.46,7607.0,6.234,7116.0,5.832,491.0,0.402,-551.0,-0.452,-23.0,-0.019
,2025-08-20 00:00:00+08:00,000796.XSHE,0.93,-1574.0,-1.924,-905.0,-1.106,-669.0,-0.818,46.0,0.056,12.0,0.015
,2025-08-21 00:00:00+08:00,000796.XSHE,-1.65,-229.0,-0.362,807.0,1.277,-1036.0,-1.64,-220.0,-0.348,-109.0,-0.173
,2025-08-22 00:00:00+08:00,000796.XSHE,-1.3,49.0,0.109,1032.0,2.301,-983.0,-2.192,-76.0,-0.169,-72.0,-0.161
,2025-08-25 00:00:00+08:00,000796.XSHE,-0.57,-1238.0,-3.262,-556.0,-1.465,-682.0,-1.797,-203.0,-0.535,-17.0,-0.045
,2025-08-26 00:00:00+08:00,000796.XSHE,-1.52,-3612.0,-6.435,-2232.0,-3.976,-1380.0,-2.458,-223.0,-0.397,80.0,0.143
,2025-08-27 00:00:00+08:00,000796.XSHE,-1.54,-3288.0,-4.414,-2253.0,-3.025,-1035.0,-1.39,-293.0,-0.393,77.0,0.103
,2025-08-28 00:00:00+08:00,000796.XSHE,5.48,11268.0,8.899,11799.0,9.319,-531.0,-0.419,-67.0,-0.053,32.0,0.025
,2025-08-29 00:00:00+08:00,000796.XSHE,10.04,24260.0,24.415,24494.0,24.65,-234.0,-0.235,15.0,0.015,0.0,0.0
,2025-09-01 00:00:00+08:00,000796.XSHE,1.35,-3636.0,-2.103,-4995.0,-2.889,1359.0,0.786,62.0,0.036,-17.0,-0.01
,2025-09-02 00:00:00+08:00,000796.XSHE,-1.51,-293.0,-0.233,1048.0,0.833,-1341.0,-1.066,-305.0,-0.242,-44.0,-0.035
,2025-09-03 00:00:00+08:00,000796.XSHE,2.37,2961.0,2.126,4743.0,3.405,-1782.0,-1.279,363.0,0.261,-23.0,-0.017
,2025-09-04 00:00:00+08:00,000796.XSHE,4.96,4377.0,2.56,5074.0,2.968,-697.0,-0.408,-351.0,-0.205,68.0,0.04
,2025-09-05 00:00:00+08:00,000796.XSHE,-4.41,-8011.0,-5.562,-7856.0,-5.455,-155.0,-0.108,-387.0,-0.269,16.0,0.011
,2025-09-08 00:00:00+08:00,000796.XSHE,-3.13,2999.0,2.712,5164.0,4.67,-2165.0,-1.958,129.0,0.117,-104.0,-0.094
,2025-09-09 00:00:00+08:00,000796.XSHE,-1.87,-264.0,-0.354,-318.0,-0.427,54.0,0.072,-481.0,-0.645,91.0,0.122
,2025-09-10 00:00:00+08:00,000796.XSHE,10.05,23635.0,34.197,23540.0,34.06,95.0,0.137,-14.0,-0.02,0.0,0.0
,2025-09-11 00:00:00+08:00,000796.XSHE,0.63,732.0,0.425,1683.0,0.977,-951.0,-0.552,-317.0,-0.184,28.0,0.016
,2025-09-12 00:00:00+08:00,000796.XSHE,3.76,2331.0,1.364,2120.0,1.241,211.0,0.123,-142.0,-0.083,-5.0,-0.003
,2025-09-15 00:00:00+08:00,000796.XSHE,0.3,-3509.0,-2.384,36.0,0.024,-3545.0,-2.409,243.0,0.165,-256.0,-0.174
,2025-09-16 00:00:00+08:00,000796.XSHE,6.32,15294.0,7.703,14810.0,7.459,484.0,0.244,-255.0,-0.128,-42.0,-0.021
,2025-09-17 00:00:00+08:00,000796.XSHE,-2.67,-2017.0,-1.236,-880.0,-0.539,-1137.0,-0.697,71.0,0.044,-71.0,-0.044
,2025-09-18 00:00:00+08:00,000796.XSHE,2.17,-17.0,-0.01,944.0,0.574,-961.0,-0.585,13.0,0.008,63.0,0.038
,2025-09-19 00:00:00+08:00,000796.XSHE,-4.38,-6636.0,-5.157,-5530.0,-4.298,-1106.0,-0.86,-69.0,-0.054,44.0,0.034
,2025-09-22 00:00:00+08:00,000796.XSHE,-1.19,935.0,1.217,1611.0,2.097,-676.0,-0.88,-266.0,-0.346,28.0,0.036
,2025-09-23 00:00:00+08:00,000796.XSHE,-8.4,-6884.0,-6.684,-5334.0,-5.179,-1550.0,-1.505,-528.0,-0.513,77.0,0.075
,2025-09-24 00:00:00+08:00,000796.XSHE,0.33,-798.0,-1.258,-905.0,-1.427,107.0,0.169,-396.0,-0.624,14.0,0.022
,2025-09-25 00:00:00+08:00,000796.XSHE,6.21,6669.0,7.104,7574.0,8.068,-905.0,-0.964,-21.0,-0.022,36.0,0.038
,2025-09-26 00:00:00+08:00,000796.XSHE,-4.62,-5336.0,-8.352,-4526.0,-7.084,-810.0,-1.268,150.0,0.235,-11.0,-0.017
,2025-09-29 00:00:00+08:00,000796.XSHE,0.65,4876.0,7.369,3039.0,4.593,1837.0,2.776,-731.0,-1.105,-15.0,-0.023
,2025-09-30 00:00:00+08:00,000796.XSHE,1.93,3815.0,6.505,2999.0,5.114,816.0,1.391,144.0,0.246,-75.0,-0.128
,2025-10-09 00:00:00+08:00,000796.XSHE,-8.52,-5692.0,-7.368,-5076.0,-6.571,-616.0,-0.797,-209.0,-0.271,22.0,0.028
,2025-10-10 00:00:00+08:00,000796.XSHE,1.03,961.0,1.969,-216.0,-0.443,1177.0,2.411,-271.0,-0.555,-71.0,-0.145
,2025-10-13 00:00:00+08:00,000796.XSHE,-1.19,3304.0,8.624,2255.0,5.886,1049.0,2.738,-326.0,-0.851,-6.0,-0.016
,2025-10-14 00:00:00+08:00,000796.XSHE,2.42,3284.0,5.496,2878.0,4.816,406.0,0.679,99.0,0.166,-136.0,-0.228
,2025-10-15 00:00:00+08:00,000796.XSHE,1.69,-339.0,-0.803,831.0,1.969,-1170.0,-2.772,-254.0,-0.602,46.0,0.109
,2025-10-16 00:00:00+08:00,000796.XSHE,3.65,3504.0,4.812,4794.0,6.583,-1290.0,-1.771,117.0,0.161,9.0,0.012
,2025-10-17 00:00:00+08:00,000796.XSHE,0.16,1864.0,2.081,3208.0,3.581,-1344.0,-1.5,-66.0,-0.074,31.0,0.035
,2025-10-20 00:00:00+08:00,000796.XSHE,7.05,22848.0,14.616,23290.0,14.898,-442.0,-0.283,-762.0,-0.487,67.0,0.043
,2025-10-21 00:00:00+08:00,000796.XSHE,-2.54,773.0,0.676,-1313.0,-1.148,2086.0,1.823,-240.0,-0.21,-87.0,-0.076
,2025-10-22 00:00:00+08:00,000796.XSHE,-4.45,-2852.0,-3.754,-3066.0,-4.035,214.0,0.282,-361.0,-0.475,-52.0,-0.068
,2025-10-23 00:00:00+08:00,000796.XSHE,-0.48,-1349.0,-2.431,-433.0,-0.78,-916.0,-1.651,-124.0,-0.223,-33.0,-0.059
,2025-10-24 00:00:00+08:00,000796.XSHE,-1.62,2075.0,4.3,2009.0,4.163,66.0,0.137,-469.0,-0.972,3.0,0.006
,2025-10-27 00:00:00+08:00,000796.XSHE,0.99,3348.0,7.351,3525.0,7.74,-177.0,-0.389,-268.0,-0.588,-4.0,-0.009
,2025-10-28 00:00:00+08:00,000796.XSHE,1.47,3093.0,4.27,3146.0,4.343,-53.0,-0.073,30.0,0.041,-79.0,-0.109
,2025-10-29 00:00:00+08:00,000796.XSHE,3.53,11085.0,10.466,11364.0,10.729,-279.0,-0.263,-226.0,-0.213,-56.0,-0.053
,2025-10-30 00:00:00+08:00,000796.XSHE,-5.28,-6783.0,-8.915,-6342.0,-8.335,-441.0,-0.58,-387.0,-0.509,93.0,0.122
,2025-10-31 00:00:00+08:00,000796.XSHE,7.72,23258.0,17.625,24412.0,18.499,-1154.0,-0.874,-212.0,-0.161,147.0,0.111
,2025-11-03 00:00:00+08:00,000796.XSHE,1.98,-2531.0,-2.163,-3965.0,-3.389,1434.0,1.226,-10.0,-0.009,-19.0,-0.016
,2025-11-04 00:00:00+08:00,000796.XSHE,1.5,2613.0,2.479,415.0,0.394,2198.0,2.086,-201.0,-0.191,-90.0,-0.085
,2025-11-05 00:00:00+08:00,000796.XSHE,10.01,20600.0,17.969,20138.0,17.566,462.0,0.403,10.0,0.009,0.0,0.0
,2025-11-06 00:00:00+08:00,000796.XSHE,-9.37,-28310.0,-13.878,-26655.0,-13.067,-1655.0,-0.811,80.0,0.039,80.0,0.039
,2025-11-07 00:00:00+08:00,000796.XSHE,6.5,9983.0,4.233,11868.0,5.032,-1885.0,-0.799,50.0,0.021,52.0,0.022
,2025-11-10 00:00:00+08:00,000796.XSHE,2.91,-341.0,-0.161,-2187.0,-1.03,1846.0,0.869,-126.0,-0.059,77.0,0.036
,2025-11-11 00:00:00+08:00,000796.XSHE,-0.54,236.0,0.168,2277.0,1.618,-2041.0,-1.45,153.0,0.109,0.0,0.0
,2025-11-12 00:00:00+08:00,000796.XSHE,2.44,8799.0,5.499,10719.0,6.699,-1920.0,-1.2,-694.0,-0.434,-3.0,-0.002
,2025-11-13 00:00:00+08:00,000796.XSHE,-1.59,-16.0,-0.012,-104.0,-0.075,88.0,0.064,-372.0,-0.27,101.0,0.073
,2025-11-14 00:00:00+08:00,000796.XSHE,3.49,14294.0,8.019,16272.0,9.129,-1978.0,-1.11,-241.0,-0.135,-9.0,-0.005
,2025-11-17 00:00:00+08:00,000796.XSHE,6.1,11974.0,6.368,12549.0,6.674,-575.0,-0.306,-147.0,-0.078,-8.0,-0.004
,2025-11-18 00:00:00+08:00,000796.XSHE,-3.43,-11718.0,-6.146,-10075.0,-5.284,-1643.0,-0.862,343.0,0.18,129.0,0.068
,2025-11-19 00:00:00+08:00,000796.XSHE,-9.0,-6678.0,-4.771,-5460.0,-3.901,-1218.0,-0.87,-199.0,-0.142,20.0,0.014
,2025-11-20 00:00:00+08:00,000796.XSHE,2.93,1405.0,1.321,812.0,0.764,593.0,0.558,132.0,0.124,-18.0,-0.017
,2025-11-21 00:00:00+08:00,000796.XSHE,-2.84,-6354.0,-6.396,-6110.0,-6.15,-244.0,-0.246,21.0,0.021,64.0,0.064
,2025-11-24 00:00:00+08:00,000796.XSHE,-6.56,-9607.0,-9.937,-6811.0,-7.045,-2796.0,-2.892,-255.0,-0.264,36.0,0.037
,2025-11-25 00:00:00+08:00,000796.XSHE,3.74,2824.0,3.541,2213.0,2.775,611.0,0.766,-555.0,-0.696,32.0,0.04
,2025-11-26 00:00:00+08:00,000796.XSHE,-1.59,327.0,0.397,35.0,0.042,292.0,0.355,-234.0,-0.284,-47.0,-0.057
,2025-11-27 00:00:00+08:00,000796.XSHE,-1.91,1246.0,1.998,1657.0,2.657,-411.0,-0.659,-746.0,-1.196,93.0,0.149
,2025-11-28 00:00:00+08:00,000796.XSHE,3.74,7244.0,10.83,6830.0,10.211,414.0,0.619,452.0,0.676,12.0,0.018
,2025-12-01 00:00:00+08:00,000796.XSHE,2.6,3342.0,4.538,3788.0,5.143,-446.0,-0.606,-96.0,-0.13,-60.0,-0.081
,2025-12-02 00:00:00+08:00,000796.XSHE,1.41,-1754.0,-2.182,-1785.0,-2.221,31.0,0.039,343.0,0.427,45.0,0.056
,2025-12-03 00:00:00+08:00,000796.XSHE,-3.47,-4630.0,-6.13,-4568.0,-6.048,-62.0,-0.082,-512.0,-0.678,18.0,0.024
,2025-12-04 00:00:00+08:00,000796.XSHE,-3.74,-2680.0,-4.834,-1689.0,-3.047,-991.0,-1.788,-509.0,-0.918,46.0,0.083
,2025-12-05 00:00:00+08:00,000796.XSHE,0.75,330.0,0.706,175.0,0.374,155.0,0.331,6.0,0.013,-6.0,-0.013
,2025-12-08 00:00:00+08:00,000796.XSHE,5.19,10542.0,12.59,10360.0,12.373,182.0,0.217,178.0,0.213,-128.0,-0.153
,2025-12-09 00:00:00+08:00,000796.XSHE,-2.12,279.0,0.429,427.0,0.656,-148.0,-0.227,-176.0,-0.27,-38.0,-0.058
,2025-12-10 00:00:00+08:00,000796.XSHE,7.93,18837.0,11.459,18180.0,11.06,657.0,0.4,-722.0,-0.439,-30.0,-0.018
,2025-12-11 00:00:00+08:00,000796.XSHE,-5.07,-5903.0,-5.129,-5436.0,-4.723,-467.0,-0.406,-460.0,-0.4,18.0,0.016
,2025-12-12 00:00:00+08:00,000796.XSHE,-3.23,-2015.0,-2.68,-622.0,-0.827,-1393.0,-1.853,-452.0,-0.601,98.0,0.13
,2025-12-15 00:00:00+08:00,000796.XSHE,1.01,-3843.0,-5.904,-4342.0,-6.671,499.0,0.767,83.0,0.128,-11.0,-0.017
,2025-12-16 00:00:00+08:00,000796.XSHE,-3.02,-4274.0,-6.934,-3329.0,-5.401,-945.0,-1.533,-507.0,-0.823,27.0,0.044
,2025-12-17 00:00:00+08:00,000796.XSHE,-5.63,-4372.0,-6.375,-3003.0,-4.379,-1369.0,-1.996,-436.0,-0.636,-9.0,-0.013
,2025-12-18 00:00:00+08:00,000796.XSHE,-4.24,-2868.0,-4.39,-1435.0,-2.196,-1433.0,-2.193,-37.0,-0.057,-12.0,-0.018
,2025-12-19 00:00:00+08:00,000796.XSHE,5.75,3665.0,3.455,3880.0,3.658,-215.0,-0.203,16.0,0.015,22.0,0.021
,2025-12-22 00:00:00+08:00,000796.XSHE,9.95,23787.0,21.155,24013.0,21.356,-226.0,-0.201,0.0,0.0,0.0,0.0
,2025-12-23 00:00:00+08:00,000796.XSHE,0.71,2952.0,1.135,4627.0,1.78,-1675.0,-0.644,-412.0,-0.158,76.0,0.029
,2025-12-24 00:00:00+08:00,000796.XSHE,9.96,35694.0,12.331,35387.0,12.225,307.0,0.106,-316.0,-0.109,82.0,0.028
,2025-12-25 00:00:00+08:00,000796.XSHE,-5.87,-8170.0,-3.622,-6845.0,-3.034,-1325.0,-0.587,84.0,0.037,-17.0,-0.008
,2025-01-02 00:00:00+08:00,000886.XSHE,-10.04,-5068.0,-11.575,-3170.0,-7.24,-1898.0,-4.335,-382.0,-0.872,1.0,0.002
,2025-01-03 00:00:00+08:00,000886.XSHE,-9.59,529.0,1.422,1109.0,2.981,-580.0,-1.559,-252.0,-0.677,-59.0,-0.159
,2025-01-06 00:00:00+08:00,000886.XSHE,-3.96,-2261.0,-9.9,-1280.0,-5.604,-981.0,-4.295,-188.0,-0.823,44.0,0.193
,2025-01-07 00:00:00+08:00,000886.XSHE,1.48,-592.0,-4.691,-81.0,-0.642,-511.0,-4.049,-126.0,-0.998,47.0,0.372
,2025-01-08 00:00:00+08:00,000886.XSHE,-0.97,-1169.0,-5.901,-817.0,-4.124,-352.0,-1.777,-103.0,-0.52,-58.0,-0.293
,2025-01-09 00:00:00+08:00,000886.XSHE,-0.66,-391.0,-3.747,-235.0,-2.252,-156.0,-1.495,60.0,0.575,-45.0,-0.431
,2025-01-10 00:00:00+08:00,000886.XSHE,-4.48,-1374.0,-9.168,-455.0,-3.036,-919.0,-6.132,-206.0,-1.375,-19.0,-0.127
,2025-01-13 00:00:00+08:00,000886.XSHE,0.52,310.0,2.876,323.0,2.996,-13.0,-0.121,-289.0,-2.681,16.0,0.148
,2025-01-14 00:00:00+08:00,000886.XSHE,4.84,-112.0,-0.814,188.0,1.366,-300.0,-2.18,17.0,0.124,-30.0,-0.218
,2025-01-15 00:00:00+08:00,000886.XSHE,0.66,-406.0,-2.708,-28.0,-0.187,-378.0,-2.522,17.0,0.113,29.0,0.193
,2025-01-16 00:00:00+08:00,000886.XSHE,3.44,567.0,2.967,558.0,2.92,9.0,0.047,170.0,0.89,-1.0,-0.005
,2025-01-17 00:00:00+08:00,000886.XSHE,-2.06,-871.0,-6.024,-527.0,-3.645,-344.0,-2.379,-119.0,-0.823,69.0,0.477
,2025-01-20 00:00:00+08:00,000886.XSHE,0.16,494.0,4.429,662.0,5.935,-168.0,-1.506,-340.0,-3.048,-58.0,-0.52
,2025-01-21 00:00:00+08:00,000886.XSHE,0.16,-1119.0,-11.959,-382.0,-4.083,-737.0,-7.876,-224.0,-2.394,6.0,0.064
,2025-01-22 00:00:00+08:00,000886.XSHE,-2.26,-273.0,-2.72,-181.0,-1.804,-92.0,-0.917,-349.0,-3.477,-7.0,-0.07
,2025-01-23 00:00:00+08:00,000886.XSHE,0.33,168.0,1.578,-36.0,-0.338,204.0,1.916,-33.0,-0.31,-69.0,-0.648
,2025-01-24 00:00:00+08:00,000886.XSHE,2.31,1377.0,9.499,1715.0,11.831,-338.0,-2.332,86.0,0.593,-78.0,-0.538
,2025-01-27 00:00:00+08:00,000886.XSHE,0.97,1347.0,10.156,919.0,6.929,428.0,3.227,-86.0,-0.648,-63.0,-0.475
,2025-02-05 00:00:00+08:00,000886.XSHE,-0.32,35.0,0.327,93.0,0.868,-58.0,-0.541,-10.0,-0.093,-29.0,-0.271
,2025-02-06 00:00:00+08:00,000886.XSHE,0.48,-479.0,-3.233,92.0,0.621,-571.0,-3.853,-330.0,-2.227,-59.0,-0.398
,2025-02-07 00:00:00+08:00,000886.XSHE,2.07,-155.0,-0.658,-177.0,-0.751,22.0,0.093,-215.0,-0.913,-33.0,-0.14
,2025-02-10 00:00:00+08:00,000886.XSHE,2.19,774.0,5.142,744.0,4.943,30.0,0.199,158.0,1.05,-107.0,-0.711
,2025-02-11 00:00:00+08:00,000886.XSHE,0.31,-239.0,-1.356,-114.0,-0.647,-125.0,-0.709,-86.0,-0.488,-66.0,-0.374
,2025-02-12 00:00:00+08:00,000886.XSHE,1.83,1274.0,6.571,1904.0,9.821,-630.0,-3.25,-93.0,-0.48,-15.0,-0.077
,2025-02-13 00:00:00+08:00,000886.XSHE,-1.2,-750.0,-5.31,-167.0,-1.182,-583.0,-4.127,-63.0,-0.446,25.0,0.177
,2025-02-14 00:00:00+08:00,000886.XSHE,-2.11,-647.0,-4.602,6.0,0.043,-653.0,-4.645,-218.0,-1.551,2.0,0.014
,2025-02-17 00:00:00+08:00,000886.XSHE,1.23,-854.0,-6.71,-400.0,-3.143,-454.0,-3.567,-171.0,-1.344,41.0,0.322
,2025-02-18 00:00:00+08:00,000886.XSHE,-4.11,-1450.0,-9.906,-666.0,-4.55,-784.0,-5.356,-284.0,-1.94,-2.0,-0.014
,2025-02-19 00:00:00+08:00,000886.XSHE,10.0,0.0,0.0,0.0,0.0,0.0,0.0,0.0,0.0,0.0,0.0
,2025-02-20 00:00:00+08:00,000886.XSHE,1.01,837.0,1.289,2293.0,3.532,-1456.0,-2.242,-345.0,-0.531,-45.0,-0.069
,2025-02-21 00:00:00+08:00,000886.XSHE,-0.43,1014.0,2.487,1181.0,2.897,-167.0,-0.41,-167.0,-0.41,28.0,0.069
,2025-02-24 00:00:00+08:00,000886.XSHE,0.14,-242.0,-0.719,-116.0,-0.345,-126.0,-0.375,-177.0,-0.526,7.0,0.021
,2025-02-25 00:00:00+08:00,000886.XSHE,-1.58,-140.0,-0.588,859.0,3.61,-999.0,-4.198,211.0,0.887,37.0,0.155
,2025-02-26 00:00:00+08:00,000886.XSHE,2.77,2899.0,11.577,2152.0,8.594,747.0,2.983,-409.0,-1.633,-34.0,-0.136
,2025-02-27 00:00:00+08:00,000886.XSHE,8.63,8314.0,11.926,7232.0,10.374,1082.0,1.552,-153.0,-0.219,-147.0,-0.211
,2025-02-28 00:00:00+08:00,000886.XSHE,-4.97,1560.0,3.528,537.0,1.214,1023.0,2.314,-312.0,-0.706,-8.0,-0.018
,2025-03-03 00:00:00+08:00,000886.XSHE,-3.58,-2250.0,-8.726,-940.0,-3.646,-1310.0,-5.08,-430.0,-1.668,47.0,0.182
,2025-03-04 00:00:00+08:00,000886.XSHE,0.0,-1353.0,-8.966,-864.0,-5.725,-489.0,-3.24,25.0,0.166,68.0,0.451
,2025-03-05 00:00:00+08:00,000886.XSHE,1.57,-1729.0,-5.537,-1122.0,-3.593,-607.0,-1.944,164.0,0.525,-10.0,-0.032
,2025-03-06 00:00:00+08:00,000886.XSHE,1.97,3465.0,11.876,3902.0,13.374,-437.0,-1.498,-206.0,-0.706,-81.0,-0.278
,2025-03-07 00:00:00+08:00,000886.XSHE,-3.17,-1551.0,-6.434,-1176.0,-4.878,-375.0,-1.556,-99.0,-0.411,-24.0,-0.1
,2025-03-10 00:00:00+08:00,000886.XSHE,1.14,164.0,0.714,41.0,0.178,123.0,0.535,-103.0,-0.448,32.0,0.139
,2025-03-11 00:00:00+08:00,000886.XSHE,-1.55,-2214.0,-15.425,-1622.0,-11.301,-592.0,-4.125,-147.0,-1.024,76.0,0.53
,2025-03-12 00:00:00+08:00,000886.XSHE,-0.72,-463.0,-2.885,-609.0,-3.794,146.0,0.91,-107.0,-0.667,175.0,1.09
,2025-03-13 00:00:00+08:00,000886.XSHE,-0.72,-896.0,-5.594,-166.0,-1.036,-730.0,-4.557,-426.0,-2.66,-19.0,-0.119
,2025-03-14 00:00:00+08:00,000886.XSHE,5.82,9145.0,19.69,8573.0,18.458,572.0,1.232,-177.0,-0.381,-140.0,-0.301
,2025-03-17 00:00:00+08:00,000886.XSHE,4.81,5474.0,9.27,5576.0,9.443,-102.0,-0.173,-245.0,-0.415,6.0,0.01
,2025-03-18 00:00:00+08:00,000886.XSHE,-1.45,-281.0,-0.728,-104.0,-0.269,-177.0,-0.459,-91.0,-0.236,6.0,0.016
,2025-03-19 00:00:00+08:00,000886.XSHE,-1.2,602.0,2.979,934.0,4.621,-332.0,-1.643,-470.0,-2.325,81.0,0.401
,2025-03-20 00:00:00+08:00,000886.XSHE,0.94,1416.0,5.758,1329.0,5.405,87.0,0.354,-238.0,-0.968,5.0,0.02
,2025-03-21 00:00:00+08:00,000886.XSHE,1.47,5452.0,9.305,5656.0,9.653,-204.0,-0.348,-271.0,-0.463,-47.0,-0.08
,2025-03-24 00:00:00+08:00,000886.XSHE,-0.66,1954.0,3.576,3206.0,5.867,-1252.0,-2.291,-555.0,-1.016,59.0,0.108
,2025-03-25 00:00:00+08:00,000886.XSHE,-9.52,-4802.0,-10.282,-2712.0,-5.807,-2090.0,-4.475,-426.0,-0.912,-27.0,-0.058
,2025-03-26 00:00:00+08:00,000886.XSHE,-1.76,-5578.0,-15.535,-4034.0,-11.235,-1544.0,-4.3,-440.0,-1.225,22.0,0.061
,2025-03-27 00:00:00+08:00,000886.XSHE,-1.95,9.0,0.051,144.0,0.823,-135.0,-0.772,16.0,0.091,-85.0,-0.486
,2025-03-28 00:00:00+08:00,000886.XSHE,-0.61,-717.0,-5.565,-380.0,-2.949,-337.0,-2.615,107.0,0.83,-33.0,-0.256
,2025-03-31 00:00:00+08:00,000886.XSHE,-4.78,-1943.0,-8.618,-709.0,-3.145,-1234.0,-5.473,-639.0,-2.834,125.0,0.554
,2025-04-01 00:00:00+08:00,000886.XSHE,-0.16,-1303.0,-9.685,-527.0,-3.917,-776.0,-5.768,-104.0,-0.773,-62.0,-0.461
,2025-04-02 00:00:00+08:00,000886.XSHE,-0.16,-2128.0,-15.035,-1136.0,-8.026,-992.0,-7.009,-60.0,-0.424,13.0,0.092
,2025-04-03 00:00:00+08:00,000886.XSHE,1.15,592.0,4.611,1131.0,8.809,-539.0,-4.198,136.0,1.059,-82.0,-0.639
,2025-04-07 00:00:00+08:00,000886.XSHE,-10.02,-2589.0,-14.989,-1851.0,-10.716,-738.0,-4.273,-84.0,-0.486,2.0,0.012
,2025-04-08 00:00:00+08:00,000886.XSHE,0.54,-884.0,-4.462,42.0,0.212,-926.0,-4.674,247.0,1.247,22.0,0.111
,2025-04-09 00:00:00+08:00,000886.XSHE,10.0,5649.0,17.506,3939.0,12.207,1710.0,5.299,-18.0,-0.056,-14.0,-0.043
,2025-04-10 00:00:00+08:00,000886.XSHE,1.62,2669.0,7.924,1668.0,4.952,1001.0,2.972,-56.0,-0.166,5.0,0.015
,2025-04-11 00:00:00+08:00,000886.XSHE,3.84,4389.0,13.567,2613.0,8.077,1776.0,5.49,-234.0,-0.723,-79.0,-0.244
,2025-04-14 00:00:00+08:00,000886.XSHE,4.94,607.0,1.326,781.0,1.706,-174.0,-0.38,-80.0,-0.175,-8.0,-0.017
,2025-04-15 00:00:00+08:00,000886.XSHE,-5.74,-903.0,-2.993,-370.0,-1.226,-533.0,-1.767,124.0,0.411,-87.0,-0.288
,2025-04-16 00:00:00+08:00,000886.XSHE,-1.72,-309.0,-2.02,-229.0,-1.497,-80.0,-0.523,-127.0,-0.83,18.0,0.118
,2025-04-17 00:00:00+08:00,000886.XSHE,-1.11,-2079.0,-16.849,-652.0,-5.284,-1427.0,-11.565,36.0,0.292,28.0,0.227
,2025-04-18 00:00:00+08:00,000886.XSHE,-0.16,215.0,2.046,130.0,1.237,85.0,0.809,-171.0,-1.627,29.0,0.276
,2025-04-21 00:00:00+08:00,000886.XSHE,0.48,143.0,1.629,298.0,3.394,-155.0,-1.765,-324.0,-3.69,-67.0,-0.763
,2025-04-22 00:00:00+08:00,000886.XSHE,1.28,-24.0,-0.143,435.0,2.599,-459.0,-2.743,-221.0,-1.321,46.0,0.275
,2025-04-23 00:00:00+08:00,000886.XSHE,-1.11,-65.0,-0.679,-150.0,-1.568,85.0,0.888,-127.0,-1.327,-42.0,-0.439
,2025-04-24 00:00:00+08:00,000886.XSHE,-1.12,-173.0,-2.094,62.0,0.75,-235.0,-2.844,9.0,0.109,-17.0,-0.206
,2025-04-25 00:00:00+08:00,000886.XSHE,0.16,-501.0,-6.172,-644.0,-7.934,143.0,1.762,-182.0,-2.242,-31.0,-0.382
,2025-04-28 00:00:00+08:00,000886.XSHE,-1.14,-987.0,-10.005,-327.0,-3.315,-660.0,-6.69,-319.0,-3.234,-18.0,-0.182
,2025-04-29 00:00:00+08:00,000886.XSHE,0.66,631.0,10.321,480.0,7.851,151.0,2.47,-40.0,-0.654,14.0,0.229
,2025-04-30 00:00:00+08:00,000886.XSHE,1.15,1228.0,15.228,904.0,11.21,324.0,4.018,-2.0,-0.025,-53.0,-0.657
,2025-05-06 00:00:00+08:00,000886.XSHE,2.11,1279.0,12.415,875.0,8.493,404.0,3.922,97.0,0.942,-17.0,-0.165
,2025-05-07 00:00:00+08:00,000886.XSHE,0.0,378.0,3.867,468.0,4.788,-90.0,-0.921,-67.0,-0.685,-3.0,-0.031
,2025-05-08 00:00:00+08:00,000886.XSHE,0.63,803.0,9.757,489.0,5.942,314.0,3.815,-7.0,-0.085,-34.0,-0.413
,2025-05-09 00:00:00+08:00,000886.XSHE,-1.74,-790.0,-10.145,-355.0,-4.559,-435.0,-5.586,-162.0,-2.08,-25.0,-0.321
,2025-05-12 00:00:00+08:00,000886.XSHE,0.64,287.0,3.856,117.0,1.572,170.0,2.284,-40.0,-0.537,-31.0,-0.417
,2025-05-13 00:00:00+08:00,000886.XSHE,-0.8,-931.0,-12.968,-484.0,-6.742,-447.0,-6.226,67.0,0.933,-28.0,-0.39
,2025-05-14 00:00:00+08:00,000886.XSHE,-0.96,-635.0,-6.468,-227.0,-2.312,-408.0,-4.156,-130.0,-1.324,-22.0,-0.224
,2025-05-15 00:00:00+08:00,000886.XSHE,0.32,724.0,6.879,616.0,5.853,108.0,1.026,-75.0,-0.713,-14.0,-0.133
,2025-05-16 00:00:00+08:00,000886.XSHE,0.97,887.0,12.493,451.0,6.352,436.0,6.141,-41.0,-0.577,19.0,0.268
,2025-05-19 00:00:00+08:00,000886.XSHE,-0.8,-1487.0,-16.084,-297.0,-3.213,-1190.0,-12.872,-90.0,-0.973,-5.0,-0.054
,2025-05-20 00:00:00+08:00,000886.XSHE,-0.81,-1953.0,-20.47,-587.0,-6.152,-1366.0,-14.317,15.0,0.157,-14.0,-0.147
,2025-05-21 00:00:00+08:00,000886.XSHE,-0.81,-420.0,-4.467,520.0,5.531,-940.0,-9.998,-215.0,-2.287,1.0,0.011
,2025-05-22 00:00:00+08:00,000886.XSHE,-1.15,-1077.0,-11.186,-657.0,-6.824,-420.0,-4.362,-51.0,-0.53,38.0,0.395
,2025-05-23 00:00:00+08:00,000886.XSHE,-1.5,-1220.0,-15.516,-467.0,-5.939,-753.0,-9.576,-179.0,-2.276,-36.0,-0.458
,2025-05-26 00:00:00+08:00,000886.XSHE,-1.19,-2294.0,-23.37,-1715.0,-17.471,-579.0,-5.899,-104.0,-1.059,-10.0,-0.102
,2025-05-27 00:00:00+08:00,000886.XSHE,0.69,335.0,5.224,159.0,2.479,176.0,2.744,-66.0,-1.029,-24.0,-0.374
,2025-05-28 00:00:00+08:00,000886.XSHE,0.34,-170.0,-3.73,184.0,4.037,-354.0,-7.767,-134.0,-2.94,84.0,1.843
,2025-05-29 00:00:00+08:00,000886.XSHE,1.2,135.0,1.766,335.0,4.383,-200.0,-2.616,-112.0,-1.465,90.0,1.177
,2025-05-30 00:00:00+08:00,000886.XSHE,2.87,-994.0,-5.847,494.0,2.906,-1488.0,-8.753,-54.0,-0.318,145.0,0.853
,2025-06-03 00:00:00+08:00,000886.XSHE,-1.81,-63.0,-0.559,17.0,0.151,-80.0,-0.709,-184.0,-1.631,41.0,0.364
,2025-06-04 00:00:00+08:00,000886.XSHE,1.17,1713.0,15.225,1598.0,14.203,115.0,1.022,-15.0,-0.133,-58.0,-0.516
,2025-06-05 00:00:00+08:00,000886.XSHE,-0.83,-364.0,-4.277,-139.0,-1.633,-225.0,-2.644,41.0,0.482,-17.0,-0.2
,2025-06-06 00:00:00+08:00,000886.XSHE,5.5,3868.0,7.569,4516.0,8.837,-648.0,-1.268,161.0,0.315,-21.0,-0.041
,2025-06-09 00:00:00+08:00,000886.XSHE,-1.74,-2080.0,-6.466,-2051.0,-6.376,-29.0,-0.09,-427.0,-1.327,123.0,0.382
,2025-06-10 00:00:00+08:00,000886.XSHE,1.29,2648.0,10.09,2212.0,8.429,436.0,1.661,272.0,1.036,-32.0,-0.122
,2025-06-11 00:00:00+08:00,000886.XSHE,1.75,2153.0,11.242,1718.0,8.97,435.0,2.271,249.0,1.3,-63.0,-0.329
,2025-06-12 00:00:00+08:00,000886.XSHE,-2.19,-1761.0,-13.941,-1261.0,-9.983,-500.0,-3.958,-92.0,-0.728,-76.0,-0.602
,2025-06-13 00:00:00+08:00,000886.XSHE,-0.8,498.0,2.832,692.0,3.935,-194.0,-1.103,-398.0,-2.263,-103.0,-0.586
,2025-06-16 00:00:00+08:00,000886.XSHE,0.48,778.0,8.519,341.0,3.734,437.0,4.785,238.0,2.606,-47.0,-0.515
,2025-06-17 00:00:00+08:00,000886.XSHE,0.16,1270.0,13.99,147.0,1.619,1123.0,12.371,55.0,0.606,42.0,0.463
,2025-06-18 00:00:00+08:00,000886.XSHE,1.93,4372.0,16.044,3636.0,13.343,736.0,2.701,242.0,0.888,-83.0,-0.305
,2025-06-19 00:00:00+08:00,000886.XSHE,-2.36,-1707.0,-9.561,-910.0,-5.097,-797.0,-4.464,-31.0,-0.174,-52.0,-0.291
,2025-06-20 00:00:00+08:00,000886.XSHE,0.81,2828.0,15.229,2952.0,15.897,-124.0,-0.668,-24.0,-0.129,-73.0,-0.393
,2025-06-23 00:00:00+08:00,000886.XSHE,2.56,5054.0,21.303,3549.0,14.96,1505.0,6.344,65.0,0.274,-58.0,-0.244
,2025-06-24 00:00:00+08:00,000886.XSHE,1.56,1493.0,7.304,598.0,2.925,895.0,4.378,106.0,0.519,35.0,0.171
,2025-06-25 00:00:00+08:00,000886.XSHE,1.07,1259.0,6.336,1139.0,5.732,120.0,0.604,231.0,1.162,-36.0,-0.181
,2025-06-26 00:00:00+08:00,000886.XSHE,0.61,2038.0,9.026,1448.0,6.413,590.0,2.613,-128.0,-0.567,-41.0,-0.182
,2025-06-27 00:00:00+08:00,000886.XSHE,-0.6,-618.0,-3.497,-743.0,-4.205,125.0,0.707,-156.0,-0.883,35.0,0.198
,2025-06-30 00:00:00+08:00,000886.XSHE,1.97,2416.0,14.771,2402.0,14.686,14.0,0.086,223.0,1.363,-31.0,-0.19
,2025-07-01 00:00:00+08:00,000886.XSHE,0.89,1604.0,9.648,1276.0,7.675,328.0,1.973,-185.0,-1.113,-28.0,-0.168
,2025-07-02 00:00:00+08:00,000886.XSHE,-0.74,-924.0,-5.77,-1056.0,-6.594,132.0,0.824,-78.0,-0.487,39.0,0.244
,2025-07-03 00:00:00+08:00,000886.XSHE,1.04,-1923.0,-3.809,-1414.0,-2.801,-509.0,-1.008,103.0,0.204,-61.0,-0.121
,2025-07-04 00:00:00+08:00,000886.XSHE,-1.17,-745.0,-1.618,529.0,1.149,-1274.0,-2.766,-172.0,-0.373,55.0,0.119
,2025-07-07 00:00:00+08:00,000886.XSHE,-0.6,-417.0,-1.467,-794.0,-2.793,377.0,1.326,-185.0,-0.651,-26.0,-0.091
,2025-07-08 00:00:00+08:00,000886.XSHE,2.55,5093.0,19.874,3584.0,13.986,1509.0,5.889,-117.0,-0.457,-50.0,-0.195
,2025-07-09 00:00:00+08:00,000886.XSHE,-1.02,656.0,3.621,589.0,3.251,67.0,0.37,112.0,0.618,8.0,0.044
,2025-07-10 00:00:00+08:00,000886.XSHE,0.0,-413.0,-2.881,-40.0,-0.279,-373.0,-2.602,-57.0,-0.398,11.0,0.077
,2025-07-11 00:00:00+08:00,000886.XSHE,0.44,3653.0,18.57,3259.0,16.567,394.0,2.003,57.0,0.29,-135.0,-0.686
,2025-07-14 00:00:00+08:00,000886.XSHE,1.32,389.0,2.006,756.0,3.9,-367.0,-1.893,88.0,0.454,-62.0,-0.32
,2025-07-15 00:00:00+08:00,000886.XSHE,-2.32,-2181.0,-12.737,-1186.0,-6.926,-995.0,-5.811,-191.0,-1.115,-57.0,-0.333
,2025-07-16 00:00:00+08:00,000886.XSHE,2.52,5668.0,17.864,5582.0,17.593,86.0,0.271,105.0,0.331,-114.0,-0.359
,2025-07-17 00:00:00+08:00,000886.XSHE,4.03,7118.0,17.425,5069.0,12.409,2049.0,5.016,232.0,0.568,-97.0,-0.237
,2025-07-18 00:00:00+08:00,000886.XSHE,0.83,47.0,0.171,-716.0,-2.609,763.0,2.78,207.0,0.754,6.0,0.022
,2025-07-21 00:00:00+08:00,000886.XSHE,-0.14,4174.0,5.146,5374.0,6.626,-1200.0,-1.48,-239.0,-0.295,-2.0,-0.002
,2025-07-22 00:00:00+08:00,000886.XSHE,1.37,-4765.0,-6.625,-4071.0,-5.66,-694.0,-0.965,-61.0,-0.085,99.0,0.138
,2025-07-23 00:00:00+08:00,000886.XSHE,-7.99,-13799.0,-14.083,-9758.0,-9.959,-4041.0,-4.124,-76.0,-0.078,144.0,0.147
,2025-07-24 00:00:00+08:00,000886.XSHE,10.01,18127.0,26.222,18422.0,26.649,-295.0,-0.427,-26.0,-0.038,4.0,0.006
,2025-07-25 00:00:00+08:00,000886.XSHE,-3.88,-6849.0,-6.937,-5674.0,-5.747,-1175.0,-1.19,38.0,0.038,7.0,0.007
,2025-07-28 00:00:00+08:00,000886.XSHE,-3.06,-856.0,-2.029,-130.0,-0.308,-726.0,-1.721,-229.0,-0.543,31.0,0.073
,2025-07-29 00:00:00+08:00,000886.XSHE,-0.86,-1604.0,-5.315,-913.0,-3.025,-691.0,-2.29,-225.0,-0.746,-36.0,-0.119
,2025-07-30 00:00:00+08:00,000886.XSHE,-0.87,-990.0,-3.586,-293.0,-1.061,-697.0,-2.525,-125.0,-0.453,-64.0,-0.232
,2025-07-31 00:00:00+08:00,000886.XSHE,-2.05,-392.0,-1.727,-490.0,-2.158,98.0,0.432,-367.0,-1.616,-12.0,-0.053
,2025-08-01 00:00:00+08:00,000886.XSHE,-0.6,-1119.0,-7.528,-1278.0,-8.598,159.0,1.07,131.0,0.881,-39.0,-0.262
,2025-08-04 00:00:00+08:00,000886.XSHE,0.75,83.0,0.647,264.0,2.058,-181.0,-1.411,-165.0,-1.286,1.0,0.008
,2025-08-05 00:00:00+08:00,000886.XSHE,0.45,66.0,0.562,88.0,0.749,-22.0,-0.187,101.0,0.86,-26.0,-0.221
,2025-08-06 00:00:00+08:00,000886.XSHE,-0.59,-751.0,-6.45,-649.0,-5.574,-102.0,-0.876,-128.0,-1.099,-88.0,-0.756
,2025-08-07 00:00:00+08:00,000886.XSHE,0.0,-306.0,-2.53,-18.0,-0.149,-288.0,-2.382,-97.0,-0.802,55.0,0.455
,2025-08-08 00:00:00+08:00,000886.XSHE,0.45,564.0,4.474,659.0,5.227,-95.0,-0.754,212.0,1.682,-18.0,-0.143
,2025-08-11 00:00:00+08:00,000886.XSHE,0.15,-1157.0,-8.864,-439.0,-3.363,-718.0,-5.501,-127.0,-0.973,20.0,0.153
,2025-08-12 00:00:00+08:00,000886.XSHE,-0.74,-797.0,-7.506,-640.0,-6.028,-157.0,-1.479,35.0,0.33,-72.0,-0.678
,2025-08-13 00:00:00+08:00,000886.XSHE,-0.3,281.0,2.293,458.0,3.738,-177.0,-1.445,-327.0,-2.669,7.0,0.057
,2025-08-14 00:00:00+08:00,000886.XSHE,-2.1,-1527.0,-8.939,-1127.0,-6.597,-400.0,-2.342,-221.0,-1.294,13.0,0.076
,2025-08-15 00:00:00+08:00,000886.XSHE,0.92,607.0,6.372,604.0,6.341,3.0,0.031,-391.0,-4.105,68.0,0.714
,2025-08-18 00:00:00+08:00,000886.XSHE,1.67,228.0,1.376,134.0,0.809,94.0,0.567,-66.0,-0.398,-28.0,-0.169
,2025-08-19 00:00:00+08:00,000886.XSHE,0.75,2734.0,15.908,2294.0,13.348,440.0,2.56,-289.0,-1.682,-76.0,-0.442
,2025-08-20 00:00:00+08:00,000886.XSHE,-0.45,-530.0,-4.204,-428.0,-3.395,-102.0,-0.809,40.0,0.317,-10.0,-0.079
,2025-08-21 00:00:00+08:00,000886.XSHE,0.3,2160.0,11.371,1934.0,10.182,226.0,1.19,64.0,0.337,-45.0,-0.237
,2025-08-22 00:00:00+08:00,000886.XSHE,-0.74,-1850.0,-12.592,-1270.0,-8.644,-580.0,-3.948,-125.0,-0.851,4.0,0.027
,2025-08-25 00:00:00+08:00,000886.XSHE,0.15,-885.0,-4.962,-640.0,-3.588,-245.0,-1.374,-166.0,-0.931,34.0,0.191
,2025-08-26 00:00:00+08:00,000886.XSHE,0.15,2540.0,10.316,2385.0,9.687,155.0,0.63,8.0,0.032,-16.0,-0.065
,2025-08-27 00:00:00+08:00,000886.XSHE,-2.4,-3239.0,-16.462,-2420.0,-12.299,-819.0,-4.162,-435.0,-2.211,-14.0,-0.071
,2025-08-28 00:00:00+08:00,000886.XSHE,-1.08,-1623.0,-9.732,-990.0,-5.936,-633.0,-3.796,-102.0,-0.612,-29.0,-0.174
,2025-08-29 00:00:00+08:00,000886.XSHE,-0.47,-1004.0,-9.913,-521.0,-5.144,-483.0,-4.769,-115.0,-1.135,-21.0,-0.207
,2025-09-01 00:00:00+08:00,000886.XSHE,0.16,275.0,2.94,-113.0,-1.208,388.0,4.148,-26.0,-0.278,-9.0,-0.096
,2025-09-02 00:00:00+08:00,000886.XSHE,-1.25,-989.0,-7.878,-892.0,-7.105,-97.0,-0.773,-238.0,-1.896,0.0,0.0
,2025-09-03 00:00:00+08:00,000886.XSHE,-1.58,-711.0,-7.842,-563.0,-6.209,-148.0,-1.632,-128.0,-1.412,-41.0,-0.452
,2025-09-04 00:00:00+08:00,000886.XSHE,0.64,882.0,7.79,367.0,3.241,515.0,4.549,60.0,0.53,-49.0,-0.433
,2025-09-05 00:00:00+08:00,000886.XSHE,2.56,1943.0,13.041,1310.0,8.793,633.0,4.249,276.0,1.852,-19.0,-0.128
,2025-09-08 00:00:00+08:00,000886.XSHE,-0.47,-376.0,-4.115,-442.0,-4.837,66.0,0.722,-96.0,-1.051,-53.0,-0.58
,2025-09-09 00:00:00+08:00,000886.XSHE,-0.47,-52.0,-0.673,-39.0,-0.505,-13.0,-0.168,-45.0,-0.582,-17.0,-0.22
,2025-09-10 00:00:00+08:00,000886.XSHE,1.41,1484.0,13.237,1137.0,10.142,347.0,3.095,-4.0,-0.036,-7.0,-0.062
,2025-09-11 00:00:00+08:00,000886.XSHE,0.31,208.0,2.051,-67.0,-0.661,275.0,2.712,-163.0,-1.607,70.0,0.69
,2025-09-12 00:00:00+08:00,000886.XSHE,2.47,3328.0,12.495,3063.0,11.5,265.0,0.995,36.0,0.135,-10.0,-0.038
,2025-09-15 00:00:00+08:00,000886.XSHE,0.0,126.0,1.182,444.0,4.164,-318.0,-2.982,-33.0,-0.309,70.0,0.656
,2025-09-16 00:00:00+08:00,000886.XSHE,1.96,3155.0,15.911,3140.0,15.835,15.0,0.076,35.0,0.177,-42.0,-0.212
,2025-09-17 00:00:00+08:00,000886.XSHE,-1.03,-1363.0,-10.055,-1288.0,-9.501,-75.0,-0.553,-239.0,-1.763,-90.0,-0.664
,2025-09-18 00:00:00+08:00,000886.XSHE,-0.9,1396.0,6.943,1496.0,7.44,-100.0,-0.497,-176.0,-0.875,-20.0,-0.099
,2025-09-19 00:00:00+08:00,000886.XSHE,-0.6,384.0,3.58,388.0,3.617,-4.0,-0.037,-221.0,-2.06,25.0,0.233
,2025-09-22 00:00:00+08:00,000886.XSHE,-1.06,-883.0,-10.01,-393.0,-4.455,-490.0,-5.555,-117.0,-1.326,-13.0,-0.147
,2025-09-23 00:00:00+08:00,000886.XSHE,-2.6,-1347.0,-10.13,-851.0,-6.4,-496.0,-3.73,-206.0,-1.549,-1.0,-0.008
,2025-09-24 00:00:00+08:00,000886.XSHE,2.19,1181.0,10.056,997.0,8.489,184.0,1.567,12.0,0.102,-9.0,-0.077
,2025-09-25 00:00:00+08:00,000886.XSHE,-0.31,-391.0,-4.084,-236.0,-2.465,-155.0,-1.619,-63.0,-0.658,-3.0,-0.031
,2025-09-26 00:00:00+08:00,000886.XSHE,0.92,1254.0,11.387,960.0,8.717,294.0,2.67,-69.0,-0.627,-6.0,-0.054
,2025-09-29 00:00:00+08:00,000886.XSHE,1.68,1535.0,11.743,1583.0,12.11,-48.0,-0.367,130.0,0.994,-51.0,-0.39
,2025-09-30 00:00:00+08:00,000886.XSHE,1.35,2181.0,10.456,2234.0,10.711,-53.0,-0.254,62.0,0.297,17.0,0.082
,2025-10-09 00:00:00+08:00,000886.XSHE,-1.93,-2749.0,-17.233,-1650.0,-10.344,-1099.0,-6.889,20.0,0.125,44.0,0.276
,2025-10-10 00:00:00+08:00,000886.XSHE,1.66,2819.0,15.887,2398.0,13.514,421.0,2.373,139.0,0.783,-113.0,-0.637
,2025-10-13 00:00:00+08:00,000886.XSHE,-0.74,-295.0,-2.319,-357.0,-2.806,62.0,0.487,-48.0,-0.377,-27.0,-0.212
,2025-10-14 00:00:00+08:00,000886.XSHE,2.1,4753.0,12.113,4742.0,12.085,11.0,0.028,-176.0,-0.449,53.0,0.135
,2025-10-15 00:00:00+08:00,000886.XSHE,0.29,-115.0,-0.736,71.0,0.454,-186.0,-1.191,-13.0,-0.083,36.0,0.23
,2025-10-16 00:00:00+08:00,000886.XSHE,3.22,4256.0,9.635,4059.0,9.189,197.0,0.446,182.0,0.412,-23.0,-0.052
,2025-10-17 00:00:00+08:00,000886.XSHE,0.57,2378.0,3.792,2626.0,4.187,-248.0,-0.395,48.0,0.077,30.0,0.048
,2025-10-20 00:00:00+08:00,000886.XSHE,1.55,-841.0,-1.393,-333.0,-0.552,-508.0,-0.842,-458.0,-0.759,-82.0,-0.136
,2025-10-21 00:00:00+08:00,000886.XSHE,1.53,6653.0,13.113,4586.0,9.039,2067.0,4.074,-190.0,-0.374,-91.0,-0.179
,2025-10-22 00:00:00+08:00,000886.XSHE,-2.19,634.0,1.853,351.0,1.026,283.0,0.827,101.0,0.295,-155.0,-0.453
,2025-10-23 00:00:00+08:00,000886.XSHE,0.7,738.0,3.242,824.0,3.62,-86.0,-0.378,-383.0,-1.682,-60.0,-0.264
,2025-10-24 00:00:00+08:00,000886.XSHE,-1.25,715.0,3.152,479.0,2.111,236.0,1.04,-353.0,-1.556,-3.0,-0.013
,2025-10-27 00:00:00+08:00,000886.XSHE,-1.27,851.0,3.931,36.0,0.166,815.0,3.765,-461.0,-2.13,8.0,0.037
,2025-10-28 00:00:00+08:00,000886.XSHE,1.71,2292.0,9.311,1871.0,7.601,421.0,1.71,-85.0,-0.345,-6.0,-0.024
,2025-10-29 00:00:00+08:00,000886.XSHE,4.2,7335.0,11.897,8291.0,13.447,-956.0,-1.551,-262.0,-0.425,-73.0,-0.118
,2025-10-30 00:00:00+08:00,000886.XSHE,-2.28,527.0,1.727,-713.0,-2.336,1240.0,4.063,271.0,0.888,-42.0,-0.138
,2025-10-31 00:00:00+08:00,000886.XSHE,2.06,3225.0,9.024,3658.0,10.235,-433.0,-1.212,265.0,0.741,-28.0,-0.078
,2025-11-03 00:00:00+08:00,000886.XSHE,3.91,2819.0,4.529,1971.0,3.166,848.0,1.362,-10.0,-0.016,-43.0,-0.069
,2025-11-04 00:00:00+08:00,000886.XSHE,0.91,2006.0,3.836,2301.0,4.4,-295.0,-0.564,158.0,0.302,-7.0,-0.013
,2025-11-05 00:00:00+08:00,000886.XSHE,2.06,2646.0,2.964,2785.0,3.12,-139.0,-0.156,178.0,0.199,-55.0,-0.062
,2025-11-06 00:00:00+08:00,000886.XSHE,-5.42,-2039.0,-2.749,-1876.0,-2.529,-163.0,-0.22,-218.0,-0.294,-16.0,-0.022
,2025-11-07 00:00:00+08:00,000886.XSHE,0.67,-4894.0,-8.435,-4543.0,-7.83,-351.0,-0.605,85.0,0.147,-52.0,-0.09
,2025-11-10 00:00:00+08:00,000886.XSHE,0.27,1352.0,3.147,1710.0,3.98,-358.0,-0.833,-189.0,-0.44,14.0,0.033
,2025-11-11 00:00:00+08:00,000886.XSHE,0.13,2451.0,9.446,1549.0,5.97,902.0,3.476,202.0,0.778,-83.0,-0.32
,2025-11-12 00:00:00+08:00,000886.XSHE,-0.79,-967.0,-4.558,-1259.0,-5.934,292.0,1.376,-369.0,-1.739,-56.0,-0.264
,2025-11-13 00:00:00+08:00,000886.XSHE,2.14,5459.0,15.929,4354.0,12.705,1105.0,3.224,-318.0,-0.928,-92.0,-0.268
,2025-11-14 00:00:00+08:00,000886.XSHE,3.13,3475.0,5.766,3282.0,5.446,193.0,0.32,-284.0,-0.471,69.0,0.114
,2025-11-17 00:00:00+08:00,000886.XSHE,0.13,-773.0,-1.99,-1037.0,-2.67,264.0,0.68,-156.0,-0.402,38.0,0.098
,2025-11-18 00:00:00+08:00,000886.XSHE,0.51,1857.0,3.835,867.0,1.79,990.0,2.044,37.0,0.076,-71.0,-0.147
,2025-11-19 00:00:00+08:00,000886.XSHE,-4.27,-4440.0,-10.928,-2969.0,-7.307,-1471.0,-3.62,-94.0,-0.231,-22.0,-0.054
,2025-11-20 00:00:00+08:00,000886.XSHE,0.26,2300.0,6.798,1406.0,4.155,894.0,2.642,116.0,0.343,-75.0,-0.222
,2025-11-21 00:00:00+08:00,000886.XSHE,-2.89,3734.0,9.722,4032.0,10.498,-298.0,-0.776,-71.0,-0.185,-59.0,-0.154
,2025-11-24 00:00:00+08:00,000886.XSHE,0.54,2040.0,4.446,825.0,1.798,1215.0,2.648,3.0,0.007,-61.0,-0.133
,2025-11-25 00:00:00+08:00,000886.XSHE,0.67,-81.0,-0.217,282.0,0.756,-363.0,-0.973,-209.0,-0.56,-18.0,-0.048
,2025-11-26 00:00:00+08:00,000886.XSHE,-0.4,3032.0,7.203,3198.0,7.597,-166.0,-0.394,-518.0,-1.231,-46.0,-0.109
,2025-11-27 00:00:00+08:00,000886.XSHE,-2.96,-3067.0,-9.931,-3686.0,-11.935,619.0,2.004,180.0,0.583,-69.0,-0.223
,2025-11-28 00:00:00+08:00,000886.XSHE,7.51,16155.0,22.47,16936.0,23.557,-781.0,-1.086,-323.0,-0.449,-92.0,-0.128
,2025-12-01 00:00:00+08:00,000886.XSHE,-0.26,-837.0,-2.263,-643.0,-1.739,-194.0,-0.525,-285.0,-0.771,-14.0,-0.038
,2025-12-02 00:00:00+08:00,000886.XSHE,0.91,159.0,0.479,407.0,1.225,-248.0,-0.747,371.0,1.117,40.0,0.12
,2025-12-03 00:00:00+08:00,000886.XSHE,-0.39,1430.0,3.354,1151.0,2.699,279.0,0.654,-15.0,-0.035,-68.0,-0.159
,2025-12-04 00:00:00+08:00,000886.XSHE,-5.54,-5372.0,-14.037,-3762.0,-9.83,-1610.0,-4.207,179.0,0.468,-35.0,-0.091
,2025-12-05 00:00:00+08:00,000886.XSHE,0.55,192.0,0.573,-230.0,-0.686,422.0,1.259,115.0,0.343,-10.0,-0.03
,2025-12-08 00:00:00+08:00,000886.XSHE,5.14,13296.0,20.956,13651.0,21.516,-355.0,-0.56,-131.0,-0.206,-12.0,-0.019
,2025-12-09 00:00:00+08:00,000886.XSHE,-4.76,-5592.0,-9.922,-4400.0,-7.807,-1192.0,-2.115,557.0,0.988,4.0,0.007
,2025-12-10 00:00:00+08:00,000886.XSHE,9.97,19170.0,13.903,20207.0,14.655,-1037.0,-0.752,-6.0,-0.004,120.0,0.087
,2025-12-11 00:00:00+08:00,000886.XSHE,-4.17,1285.0,1.08,1191.0,1.001,94.0,0.079,-280.0,-0.235,-119.0,-0.1
,2025-12-12 00:00:00+08:00,000886.XSHE,-4.35,-6663.0,-9.641,-4949.0,-7.161,-1714.0,-2.48,-592.0,-0.857,43.0,0.062
,2025-12-15 00:00:00+08:00,000886.XSHE,-1.34,-4022.0,-7.89,-2006.0,-3.935,-2016.0,-3.955,238.0,0.467,-57.0,-0.112
,2025-12-16 00:00:00+08:00,000886.XSHE,-6.11,-8885.0,-14.945,-6254.0,-10.519,-2631.0,-4.425,-127.0,-0.214,134.0,0.225
,2025-12-17 00:00:00+08:00,000886.XSHE,-4.78,-3894.0,-9.684,-1658.0,-4.123,-2236.0,-5.561,-38.0,-0.095,56.0,0.139
,2025-12-18 00:00:00+08:00,000886.XSHE,-4.71,-4064.0,-11.255,-2518.0,-6.973,-1546.0,-4.281,-274.0,-0.759,14.0,0.039
,2025-12-19 00:00:00+08:00,000886.XSHE,6.37,2226.0,4.13,2767.0,5.134,-541.0,-1.004,165.0,0.306,25.0,0.046
,2025-12-22 00:00:00+08:00,000886.XSHE,10.03,10903.0,16.264,9708.0,14.482,1195.0,1.783,-47.0,-0.07,11.0,0.016
,2025-12-23 00:00:00+08:00,000886.XSHE,1.77,4283.0,3.325,5485.0,4.259,-1202.0,-0.933,83.0,0.064,-7.0,-0.005
,2025-12-24 00:00:00+08:00,000886.XSHE,-1.08,6824.0,9.539,4779.0,6.681,2045.0,2.859,77.0,0.108,-32.0,-0.045
,2025-12-25 00:00:00+08:00,000886.XSHE,-3.81,-1161.0,-2.478,-1275.0,-2.722,114.0,0.243,-223.0,-0.476,-37.0,-0.079
,2025-01-02 00:00:00+08:00,000955.XSHE,0.24,261.0,3.263,256.0,3.201,5.0,0.063,127.0,1.588,12.0,0.15
,2025-01-03 00:00:00+08:00,000955.XSHE,-6.27,-393.0,-5.196,-203.0,-2.684,-190.0,-2.512,-114.0,-1.507,-98.0,-1.296
,2025-01-06 00:00:00+08:00,000955.XSHE,-1.03,149.0,3.223,0.0,0.0,149.0,3.223,9.0,0.195,-14.0,-0.303
,2025-01-07 00:00:00+08:00,000955.XSHE,3.37,16.0,0.337,162.0,3.414,-146.0,-3.077,10.0,0.211,-21.0,-0.443
,2025-01-08 00:00:00+08:00,000955.XSHE,0.5,314.0,6.096,77.0,1.495,237.0,4.601,-75.0,-1.456,43.0,0.835
,2025-01-09 00:00:00+08:00,000955.XSHE,0.25,49.0,1.397,0.0,0.0,49.0,1.397,-22.0,-0.627,-23.0,-0.656
,2025-01-10 00:00:00+08:00,000955.XSHE,-5.24,-186.0,-4.23,0.0,0.0,-186.0,-4.23,-22.0,-0.5,-64.0,-1.456
,2025-01-13 00:00:00+08:00,000955.XSHE,0.0,276.0,5.817,159.0,3.351,117.0,2.466,8.0,0.169,4.0,0.084
,2025-01-14 00:00:00+08:00,000955.XSHE,6.27,297.0,4.334,-31.0,-0.452,328.0,4.786,50.0,0.73,-14.0,-0.204
,2025-01-15 00:00:00+08:00,000955.XSHE,1.47,72.0,1.377,-12.0,-0.229,84.0,1.606,145.0,2.772,34.0,0.65
,2025-01-16 00:00:00+08:00,000955.XSHE,2.65,244.0,4.703,187.0,3.604,57.0,1.099,53.0,1.022,-24.0,-0.463
,2025-01-17 00:00:00+08:00,000955.XSHE,-4.0,-576.0,-10.665,0.0,0.0,-576.0,-10.665,-268.0,-4.962,-46.0,-0.852
,2025-01-20 00:00:00+08:00,000955.XSHE,1.72,283.0,7.093,146.0,3.659,137.0,3.434,-41.0,-1.028,-3.0,-0.075
,2025-01-21 00:00:00+08:00,000955.XSHE,-2.17,-473.0,-12.941,0.0,0.0,-473.0,-12.941,-49.0,-1.341,16.0,0.438
,2025-01-22 00:00:00+08:00,000955.XSHE,-1.97,-124.0,-4.756,0.0,0.0,-124.0,-4.756,13.0,0.499,-21.0,-0.806
,2025-01-23 00:00:00+08:00,000955.XSHE,0.5,74.0,2.003,152.0,4.115,-78.0,-2.112,114.0,3.086,7.0,0.189
,2025-01-24 00:00:00+08:00,000955.XSHE,-0.25,-98.0,-2.638,142.0,3.822,-240.0,-6.46,-215.0,-5.787,10.0,0.269
,2025-01-27 00:00:00+08:00,000955.XSHE,0.25,-197.0,-5.366,-106.0,-2.887,-91.0,-2.479,-27.0,-0.735,-7.0,-0.191
,2025-02-05 00:00:00+08:00,000955.XSHE,2.0,400.0,9.66,282.0,6.81,118.0,2.85,-35.0,-0.845,-34.0,-0.821
,2025-02-06 00:00:00+08:00,000955.XSHE,0.49,-277.0,-6.779,-6.0,-0.147,-271.0,-6.632,-112.0,-2.741,-50.0,-1.224
,2025-02-07 00:00:00+08:00,000955.XSHE,3.87,377.0,4.055,361.0,3.883,16.0,0.172,141.0,1.516,10.0,0.108
,2025-02-10 00:00:00+08:00,000955.XSHE,2.8,185.0,2.548,7.0,0.096,178.0,2.451,73.0,1.005,-41.0,-0.565
,2025-02-11 00:00:00+08:00,000955.XSHE,0.23,188.0,3.938,-116.0,-2.43,304.0,6.368,-90.0,-1.885,-33.0,-0.691
,2025-02-12 00:00:00+08:00,000955.XSHE,-0.68,-526.0,-11.946,0.0,0.0,-526.0,-11.946,-106.0,-2.407,26.0,0.591
,2025-02-13 00:00:00+08:00,000955.XSHE,-0.46,117.0,2.745,116.0,2.722,1.0,0.023,44.0,1.032,16.0,0.375
,2025-02-14 00:00:00+08:00,000955.XSHE,-1.14,53.0,1.349,326.0,8.295,-273.0,-6.947,-76.0,-1.934,-6.0,-0.153
,2025-02-17 00:00:00+08:00,000955.XSHE,1.62,-118.0,-2.073,0.0,0.0,-118.0,-2.073,82.0,1.441,-4.0,-0.07
,2025-02-18 00:00:00+08:00,000955.XSHE,-5.69,-935.0,-15.664,-456.0,-7.639,-479.0,-8.025,-112.0,-1.876,28.0,0.469
,2025-02-19 00:00:00+08:00,000955.XSHE,3.13,207.0,4.028,-116.0,-2.257,323.0,6.285,33.0,0.642,75.0,1.459
,2025-02-20 00:00:00+08:00,000955.XSHE,-0.94,-164.0,-4.557,0.0,0.0,-164.0,-4.557,37.0,1.028,-43.0,-1.195
,2025-02-21 00:00:00+08:00,000955.XSHE,-1.18,-521.0,-10.902,0.0,0.0,-521.0,-10.902,-265.0,-5.545,7.0,0.146
,2025-02-24 00:00:00+08:00,000955.XSHE,1.92,548.0,10.167,161.0,2.987,387.0,7.18,57.0,1.058,33.0,0.612
,2025-02-25 00:00:00+08:00,000955.XSHE,0.0,-3.0,-0.063,-116.0,-2.423,113.0,2.361,121.0,2.528,-3.0,-0.063
,2025-02-26 00:00:00+08:00,000955.XSHE,1.18,63.0,1.423,128.0,2.891,-65.0,-1.468,130.0,2.936,13.0,0.294
,2025-02-27 00:00:00+08:00,000955.XSHE,2.56,796.0,7.396,699.0,6.495,97.0,0.901,44.0,0.409,17.0,0.158
,2025-02-28 00:00:00+08:00,000955.XSHE,-4.32,-551.0,-9.188,-207.0,-3.452,-344.0,-5.736,-117.0,-1.951,-22.0,-0.367
,2025-03-03 00:00:00+08:00,000955.XSHE,5.7,1139.0,9.556,591.0,4.958,548.0,4.598,260.0,2.181,-82.0,-0.688
,2025-03-04 00:00:00+08:00,000955.XSHE,4.05,550.0,3.731,14.0,0.095,536.0,3.636,-28.0,-0.19,38.0,0.258
,2025-03-05 00:00:00+08:00,000955.XSHE,-0.87,497.0,6.185,134.0,1.668,363.0,4.518,-161.0,-2.004,1.0,0.012
,2025-03-06 00:00:00+08:00,000955.XSHE,-0.22,326.0,4.107,325.0,4.095,1.0,0.013,-40.0,-0.504,-42.0,-0.529
,2025-03-07 00:00:00+08:00,000955.XSHE,-2.84,-247.0,-3.466,-126.0,-1.768,-121.0,-1.698,-216.0,-3.031,38.0,0.533
,2025-03-10 00:00:00+08:00,000955.XSHE,0.9,-87.0,-2.036,111.0,2.597,-198.0,-4.633,22.0,0.515,-25.0,-0.585
,2025-03-11 00:00:00+08:00,000955.XSHE,0.89,46.0,1.191,146.0,3.779,-100.0,-2.589,38.0,0.984,-7.0,-0.181
,2025-03-12 00:00:00+08:00,000955.XSHE,-1.33,-861.0,-19.816,-559.0,-12.865,-302.0,-6.951,-129.0,-2.969,-71.0,-1.634
,2025-03-13 00:00:00+08:00,000955.XSHE,-1.8,-317.0,-6.708,0.0,0.0,-317.0,-6.708,-259.0,-5.48,0.0,0.0
,2025-03-14 00:00:00+08:00,000955.XSHE,4.35,191.0,2.765,0.0,0.0,191.0,2.765,-20.0,-0.29,-9.0,-0.13
,2025-03-17 00:00:00+08:00,000955.XSHE,0.66,486.0,8.414,298.0,5.159,188.0,3.255,173.0,2.995,-16.0,-0.277
,2025-03-18 00:00:00+08:00,000955.XSHE,-0.22,341.0,7.05,382.0,7.897,-41.0,-0.848,14.0,0.289,-31.0,-0.641
,2025-03-19 00:00:00+08:00,000955.XSHE,-1.96,215.0,4.851,144.0,3.249,71.0,1.602,62.0,1.399,16.0,0.361
,2025-03-20 00:00:00+08:00,000955.XSHE,0.44,183.0,5.869,128.0,4.105,55.0,1.764,-9.0,-0.289,-18.0,-0.577
,2025-03-21 00:00:00+08:00,000955.XSHE,1.99,1207.0,6.839,1133.0,6.419,74.0,0.419,202.0,1.144,56.0,0.317
,2025-03-24 00:00:00+08:00,000955.XSHE,-5.63,-605.0,-6.112,-235.0,-2.374,-370.0,-3.738,169.0,1.707,-5.0,-0.051
,2025-03-25 00:00:00+08:00,000955.XSHE,-0.92,9.0,0.153,104.0,1.773,-95.0,-1.62,-143.0,-2.438,-65.0,-1.108
,2025-03-26 00:00:00+08:00,000955.XSHE,1.86,-115.0,-2.046,196.0,3.486,-311.0,-5.532,118.0,2.099,-36.0,-0.64
,2025-03-27 00:00:00+08:00,000955.XSHE,0.91,289.0,4.086,100.0,1.414,189.0,2.672,62.0,0.877,5.0,0.071
,2025-03-28 00:00:00+08:00,000955.XSHE,-4.08,-125.0,-2.786,0.0,0.0,-125.0,-2.786,-95.0,-2.118,20.0,0.446
,2025-03-31 00:00:00+08:00,000955.XSHE,-4.5,-614.0,-11.767,0.0,0.0,-614.0,-11.767,-57.0,-1.092,20.0,0.383
,2025-04-01 00:00:00+08:00,000955.XSHE,2.23,62.0,1.212,0.0,0.0,62.0,1.212,97.0,1.896,-45.0,-0.88
,2025-04-02 00:00:00+08:00,000955.XSHE,0.0,414.0,10.852,418.0,10.957,-4.0,-0.105,0.0,0.0,-29.0,-0.76
,2025-04-03 00:00:00+08:00,000955.XSHE,1.46,1058.0,17.459,676.0,11.155,382.0,6.304,-49.0,-0.809,-42.0,-0.693
,2025-04-07 00:00:00+08:00,000955.XSHE,-10.05,-494.0,-11.299,0.0,0.0,-494.0,-11.299,-206.0,-4.712,-23.0,-0.526
,2025-04-08 00:00:00+08:00,000955.XSHE,-4.26,-427.0,-7.607,0.0,0.0,-427.0,-7.607,198.0,3.528,4.0,0.071
,2025-04-09 00:00:00+08:00,000955.XSHE,5.82,839.0,7.846,279.0,2.609,560.0,5.237,28.0,0.262,67.0,0.627
,2025-04-10 00:00:00+08:00,000955.XSHE,0.52,-650.0,-10.084,0.0,0.0,-650.0,-10.084,172.0,2.668,6.0,0.093
,2025-04-11 00:00:00+08:00,000955.XSHE,0.78,243.0,6.425,109.0,2.882,134.0,3.543,64.0,1.692,-40.0,-1.058
,2025-04-14 00:00:00+08:00,000955.XSHE,4.9,189.0,2.675,333.0,4.713,-144.0,-2.038,-67.0,-0.948,-20.0,-0.283
,2025-04-15 00:00:00+08:00,000955.XSHE,-0.74,-340.0,-7.274,-105.0,-2.246,-235.0,-5.028,-6.0,-0.128,-48.0,-1.027
,2025-04-16 00:00:00+08:00,000955.XSHE,-2.21,-161.0,-4.055,0.0,0.0,-161.0,-4.055,-57.0,-1.436,-10.0,-0.252
,2025-04-17 00:00:00+08:00,000955.XSHE,1.26,-64.0,-1.986,0.0,0.0,-64.0,-1.986,4.0,0.124,0.0,0.0
,2025-04-18 00:00:00+08:00,000955.XSHE,-0.5,-110.0,-2.597,291.0,6.871,-401.0,-9.469,-20.0,-0.472,1.0,0.024
,2025-04-21 00:00:00+08:00,000955.XSHE,2.24,-82.0,-2.078,-46.0,-1.165,-36.0,-0.912,-127.0,-3.218,-32.0,-0.811
,2025-04-22 00:00:00+08:00,000955.XSHE,1.22,76.0,2.456,160.0,5.17,-84.0,-2.714,26.0,0.84,33.0,1.066
,2025-04-23 00:00:00+08:00,000955.XSHE,0.72,158.0,5.15,141.0,4.596,17.0,0.554,-107.0,-3.488,-84.0,-2.738
,2025-04-24 00:00:00+08:00,000955.XSHE,1.44,194.0,4.826,0.0,0.0,194.0,4.826,-29.0,-0.721,-36.0,-0.896
,2025-04-25 00:00:00+08:00,000955.XSHE,-2.6,-1313.0,-25.357,-312.0,-6.025,-1001.0,-19.332,-89.0,-1.719,12.0,0.232
,2025-04-28 00:00:00+08:00,000955.XSHE,-1.21,17.0,0.493,135.0,3.914,-118.0,-3.421,21.0,0.609,35.0,1.015
,2025-04-29 00:00:00+08:00,000955.XSHE,0.49,-12.0,-0.409,-164.0,-5.592,152.0,5.182,-42.0,-1.432,-7.0,-0.239
,2025-04-30 00:00:00+08:00,000955.XSHE,2.2,360.0,11.465,0.0,0.0,360.0,11.465,-77.0,-2.452,-32.0,-1.019
,2025-05-06 00:00:00+08:00,000955.XSHE,2.63,136.0,3.739,0.0,0.0,136.0,3.739,34.0,0.935,-16.0,-0.44
,2025-05-07 00:00:00+08:00,000955.XSHE,1.16,591.0,12.398,121.0,2.538,470.0,9.859,2.0,0.042,22.0,0.462
,2025-05-08 00:00:00+08:00,000955.XSHE,2.29,514.0,12.183,230.0,5.452,284.0,6.731,133.0,3.152,35.0,0.83
,2025-05-09 00:00:00+08:00,000955.XSHE,5.62,2828.0,16.406,1889.0,10.958,939.0,5.447,87.0,0.505,-39.0,-0.226
,2025-05-12 00:00:00+08:00,000955.XSHE,-4.47,-1296.0,-9.85,-642.0,-4.879,-654.0,-4.97,80.0,0.608,93.0,0.707
,2025-05-13 00:00:00+08:00,000955.XSHE,-0.67,438.0,5.061,0.0,0.0,438.0,5.061,15.0,0.173,-105.0,-1.213
,2025-05-14 00:00:00+08:00,000955.XSHE,-0.45,-20.0,-0.296,-107.0,-1.582,87.0,1.286,170.0,2.514,-138.0,-2.041
,2025-05-15 00:00:00+08:00,000955.XSHE,0.45,-63.0,-1.167,0.0,0.0,-63.0,-1.167,-236.0,-4.372,-47.0,-0.871
,2025-05-16 00:00:00+08:00,000955.XSHE,-0.22,20.0,0.491,-107.0,-2.628,127.0,3.119,-153.0,-3.757,-48.0,-1.179
,2025-05-19 00:00:00+08:00,000955.XSHE,4.05,1397.0,16.406,770.0,9.043,627.0,7.363,-17.0,-0.2,0.0,0.0
,2025-05-20 00:00:00+08:00,000955.XSHE,2.16,1121.0,12.747,709.0,8.062,412.0,4.685,167.0,1.899,-21.0,-0.239
,2025-05-21 00:00:00+08:00,000955.XSHE,-1.69,-305.0,-6.745,0.0,0.0,-305.0,-6.745,-26.0,-0.575,-33.0,-0.73
,2025-05-22 00:00:00+08:00,000955.XSHE,1.71,1408.0,22.651,791.0,12.725,617.0,9.926,-9.0,-0.145,14.0,0.225
,2025-05-23 00:00:00+08:00,000955.XSHE,-3.8,-130.0,-3.088,0.0,0.0,-130.0,-3.088,-217.0,-5.154,4.0,0.095
,2025-05-26 00:00:00+08:00,000955.XSHE,-0.66,207.0,6.758,113.0,3.689,94.0,3.069,-51.0,-1.665,41.0,1.339
,2025-05-27 00:00:00+08:00,000955.XSHE,0.88,43.0,1.415,0.0,0.0,43.0,1.415,9.0,0.296,-30.0,-0.987
,2025-05-28 00:00:00+08:00,000955.XSHE,-1.09,-66.0,-2.394,0.0,0.0,-66.0,-2.394,-72.0,-2.612,14.0,0.508
,2025-05-29 00:00:00+08:00,000955.XSHE,2.43,377.0,9.063,150.0,3.606,227.0,5.457,-44.0,-1.058,-50.0,-1.202
,2025-05-30 00:00:00+08:00,000955.XSHE,0.65,603.0,14.053,0.0,0.0,603.0,14.053,-62.0,-1.445,-3.0,-0.07
,2025-06-03 00:00:00+08:00,000955.XSHE,-0.43,89.0,2.314,0.0,0.0,89.0,2.314,13.0,0.338,-60.0,-1.56
,2025-06-04 00:00:00+08:00,000955.XSHE,1.94,479.0,10.661,209.0,4.652,270.0,6.009,-21.0,-0.467,-20.0,-0.445
,2025-06-05 00:00:00+08:00,000955.XSHE,-1.48,-501.0,-11.595,-115.0,-2.661,-386.0,-8.933,80.0,1.851,16.0,0.37
,2025-06-06 00:00:00+08:00,000955.XSHE,2.59,2262.0,16.003,1062.0,7.513,1200.0,8.49,-44.0,-0.311,17.0,0.12
,2025-06-09 00:00:00+08:00,000955.XSHE,-0.21,46.0,0.49,108.0,1.151,-62.0,-0.661,92.0,0.98,-73.0,-0.778
,2025-06-10 00:00:00+08:00,000955.XSHE,-0.21,407.0,6.483,296.0,4.715,111.0,1.768,-30.0,-0.478,10.0,0.159
,2025-06-11 00:00:00+08:00,000955.XSHE,-1.69,-240.0,-5.375,122.0,2.732,-362.0,-8.108,-29.0,-0.649,13.0,0.291
,2025-06-12 00:00:00+08:00,000955.XSHE,-1.51,-343.0,-6.306,-128.0,-2.353,-215.0,-3.953,-183.0,-3.365,26.0,0.478
,2025-06-13 00:00:00+08:00,000955.XSHE,-2.4,-232.0,-4.597,6.0,0.119,-238.0,-4.716,-94.0,-1.862,-23.0,-0.456
,2025-06-16 00:00:00+08:00,000955.XSHE,0.0,146.0,4.41,100.0,3.02,46.0,1.389,-51.0,-1.54,18.0,0.544
,2025-06-17 00:00:00+08:00,000955.XSHE,0.45,-99.0,-3.223,0.0,0.0,-99.0,-3.223,67.0,2.181,57.0,1.855
,2025-06-18 00:00:00+08:00,000955.XSHE,0.22,753.0,12.51,454.0,7.543,299.0,4.968,89.0,1.479,44.0,0.731
,2025-06-19 00:00:00+08:00,000955.XSHE,-2.9,-36.0,-0.836,0.0,0.0,-36.0,-0.836,55.0,1.278,73.0,1.696
,2025-06-20 00:00:00+08:00,000955.XSHE,-0.23,-182.0,-7.234,0.0,0.0,-182.0,-7.234,83.0,3.299,46.0,1.828
,2025-06-23 00:00:00+08:00,000955.XSHE,1.62,-201.0,-5.005,-103.0,-2.565,-98.0,-2.44,79.0,1.967,68.0,1.693
,2025-06-24 00:00:00+08:00,000955.XSHE,2.71,301.0,8.657,0.0,0.0,301.0,8.657,4.0,0.115,11.0,0.316
,2025-06-25 00:00:00+08:00,000955.XSHE,0.88,-31.0,-0.85,0.0,0.0,-31.0,-0.85,130.0,3.567,12.0,0.329
,2025-06-26 00:00:00+08:00,000955.XSHE,0.65,-69.0,-1.527,55.0,1.217,-124.0,-2.745,39.0,0.863,-37.0,-0.819
,2025-06-27 00:00:00+08:00,000955.XSHE,-0.22,-175.0,-6.23,0.0,0.0,-175.0,-6.23,36.0,1.282,-13.0,-0.463
,2025-06-30 00:00:00+08:00,000955.XSHE,0.86,-27.0,-0.797,0.0,0.0,-27.0,-0.797,-31.0,-0.916,-8.0,-0.236
,2025-07-01 00:00:00+08:00,000955.XSHE,0.43,141.0,3.441,-6.0,-0.146,147.0,3.587,112.0,2.733,-17.0,-0.415
,2025-07-02 00:00:00+08:00,000955.XSHE,-1.06,161.0,4.264,173.0,4.582,-12.0,-0.318,-70.0,-1.854,12.0,0.318
,2025-07-03 00:00:00+08:00,000955.XSHE,0.21,-184.0,-5.539,0.0,0.0,-184.0,-5.539,-100.0,-3.01,3.0,0.09
,2025-07-04 00:00:00+08:00,000955.XSHE,0.43,176.0,3.361,120.0,2.292,56.0,1.07,214.0,4.087,-26.0,-0.497
,2025-07-07 00:00:00+08:00,000955.XSHE,1.91,5.0,0.067,-326.0,-4.359,331.0,4.426,52.0,0.695,-44.0,-0.588
,2025-07-08 00:00:00+08:00,000955.XSHE,1.46,542.0,9.484,477.0,8.346,65.0,1.137,124.0,2.17,-19.0,-0.332
,2025-07-09 00:00:00+08:00,000955.XSHE,1.44,1599.0,12.526,864.0,6.769,735.0,5.758,-81.0,-0.635,-24.0,-0.188
,2025-07-10 00:00:00+08:00,000955.XSHE,1.01,-90.0,-1.252,-341.0,-4.743,251.0,3.491,48.0,0.668,1.0,0.014
,2025-07-11 00:00:00+08:00,000955.XSHE,-0.2,-326.0,-5.458,-181.0,-3.03,-145.0,-2.428,-153.0,-2.562,-34.0,-0.569
,2025-07-14 00:00:00+08:00,000955.XSHE,4.43,2136.0,19.255,1925.0,17.353,211.0,1.902,275.0,2.479,-37.0,-0.334
,2025-07-15 00:00:00+08:00,000955.XSHE,-2.89,13.0,0.127,-108.0,-1.056,121.0,1.183,48.0,0.469,-53.0,-0.518
,2025-07-16 00:00:00+08:00,000955.XSHE,3.95,2644.0,14.473,1601.0,8.764,1043.0,5.709,47.0,0.257,-88.0,-0.482
,2025-07-17 00:00:00+08:00,000955.XSHE,0.57,199.0,2.318,372.0,4.333,-173.0,-2.015,200.0,2.33,15.0,0.175
,2025-07-18 00:00:00+08:00,000955.XSHE,1.51,1866.0,17.459,1065.0,9.964,801.0,7.494,177.0,1.656,0.0,0.0
,2025-07-21 00:00:00+08:00,000955.XSHE,0.37,405.0,3.275,836.0,6.761,-431.0,-3.486,89.0,0.72,-6.0,-0.049
,2025-07-22 00:00:00+08:00,000955.XSHE,1.3,910.0,6.271,1202.0,8.283,-292.0,-2.012,-250.0,-1.723,33.0,0.227
,2025-07-23 00:00:00+08:00,000955.XSHE,-5.87,-1551.0,-9.616,-986.0,-6.113,-565.0,-3.503,-69.0,-0.428,37.0,0.229
,2025-07-24 00:00:00+08:00,000955.XSHE,9.92,2533.0,9.882,1551.0,6.051,982.0,3.831,184.0,0.718,-2.0,-0.008
,2025-07-25 00:00:00+08:00,000955.XSHE,-9.38,-4046.0,-10.357,-2417.0,-6.187,-1629.0,-4.17,-451.0,-1.154,21.0,0.054
,2025-07-28 00:00:00+08:00,000955.XSHE,-3.31,556.0,2.739,342.0,1.685,214.0,1.054,31.0,0.153,-67.0,-0.33
,2025-07-29 00:00:00+08:00,000955.XSHE,-1.41,-442.0,-2.474,1421.0,7.953,-1863.0,-10.426,-172.0,-0.963,93.0,0.52
,2025-07-30 00:00:00+08:00,000955.XSHE,0.61,-273.0,-2.077,-128.0,-0.974,-145.0,-1.103,-87.0,-0.662,-17.0,-0.129
,2025-07-31 00:00:00+08:00,000955.XSHE,-2.03,-116.0,-1.066,430.0,3.951,-546.0,-5.017,-254.0,-2.334,-65.0,-0.597
,2025-08-01 00:00:00+08:00,000955.XSHE,0.21,-237.0,-3.555,257.0,3.855,-494.0,-7.411,-50.0,-0.75,-73.0,-1.095
,2025-08-04 00:00:00+08:00,000955.XSHE,0.21,-528.0,-8.91,0.0,0.0,-528.0,-8.91,-13.0,-0.219,-12.0,-0.202
,2025-08-05 00:00:00+08:00,000955.XSHE,1.03,246.0,3.189,620.0,8.038,-374.0,-4.849,-88.0,-1.141,-12.0,-0.156
,2025-08-06 00:00:00+08:00,000955.XSHE,0.41,115.0,1.724,205.0,3.073,-90.0,-1.349,-151.0,-2.264,-62.0,-0.929
,2025-08-07 00:00:00+08:00,000955.XSHE,-0.61,49.0,0.911,395.0,7.347,-346.0,-6.436,-106.0,-1.972,-59.0,-1.097
,2025-08-08 00:00:00+08:00,000955.XSHE,2.88,1218.0,13.89,703.0,8.017,515.0,5.873,91.0,1.038,0.0,0.0
,2025-08-11 00:00:00+08:00,000955.XSHE,2.59,1797.0,14.748,1412.0,11.588,385.0,3.16,104.0,0.854,17.0,0.14
,2025-08-12 00:00:00+08:00,000955.XSHE,0.78,620.0,7.388,635.0,7.567,-15.0,-0.179,-12.0,-0.143,-39.0,-0.465
,2025-08-13 00:00:00+08:00,000955.XSHE,-0.39,248.0,4.151,330.0,5.523,-82.0,-1.372,82.0,1.372,-1.0,-0.017
,2025-08-14 00:00:00+08:00,000955.XSHE,-3.69,-452.0,-5.139,-148.0,-1.683,-304.0,-3.457,-359.0,-4.082,29.0,0.33
,2025-08-15 00:00:00+08:00,000955.XSHE,0.2,-385.0,-6.341,85.0,1.4,-470.0,-7.74,-261.0,-4.298,-18.0,-0.296
,2025-08-18 00:00:00+08:00,000955.XSHE,-0.4,128.0,1.517,174.0,2.063,-46.0,-0.545,-10.0,-0.119,-10.0,-0.119
,2025-08-19 00:00:00+08:00,000955.XSHE,0.4,488.0,6.701,160.0,2.197,328.0,4.504,-199.0,-2.733,15.0,0.206
,2025-08-20 00:00:00+08:00,000955.XSHE,0.2,119.0,2.1,102.0,1.8,17.0,0.3,-23.0,-0.406,-1.0,-0.018
,2025-08-21 00:00:00+08:00,000955.XSHE,0.2,469.0,6.051,141.0,1.819,328.0,4.232,-110.0,-1.419,25.0,0.323
,2025-08-22 00:00:00+08:00,000955.XSHE,-0.4,-343.0,-3.617,-153.0,-1.613,-190.0,-2.004,-33.0,-0.348,23.0,0.243
,2025-08-25 00:00:00+08:00,000955.XSHE,-0.6,-637.0,-7.686,-246.0,-2.968,-391.0,-4.718,-57.0,-0.688,0.0,0.0
,2025-08-26 00:00:00+08:00,000955.XSHE,1.82,1370.0,14.66,1196.0,12.798,174.0,1.862,0.0,0.0,-3.0,-0.032
,2025-08-27 00:00:00+08:00,000955.XSHE,-3.18,-447.0,-5.254,-149.0,-1.751,-298.0,-3.503,-67.0,-0.788,14.0,0.165
,2025-08-28 00:00:00+08:00,000955.XSHE,-0.82,-228.0,-2.95,-251.0,-3.247,23.0,0.298,107.0,1.384,2.0,0.026
,2025-08-29 00:00:00+08:00,000955.XSHE,-1.24,138.0,2.585,267.0,5.001,-129.0,-2.416,2.0,0.037,14.0,0.262
,2025-09-01 00:00:00+08:00,000955.XSHE,1.26,328.0,6.157,159.0,2.985,169.0,3.173,-93.0,-1.746,45.0,0.845
,2025-09-02 00:00:00+08:00,000955.XSHE,-0.83,-392.0,-7.164,-150.0,-2.741,-242.0,-4.423,25.0,0.457,-71.0,-1.298
,2025-09-03 00:00:00+08:00,000955.XSHE,-1.67,-89.0,-1.791,0.0,0.0,-89.0,-1.791,-67.0,-1.348,-22.0,-0.443
,2025-09-04 00:00:00+08:00,000955.XSHE,0.42,-335.0,-4.763,38.0,0.54,-373.0,-5.303,-38.0,-0.54,-49.0,-0.697
,2025-09-05 00:00:00+08:00,000955.XSHE,1.06,99.0,2.026,-7.0,-0.143,106.0,2.169,-21.0,-0.43,30.0,0.614
,2025-09-08 00:00:00+08:00,000955.XSHE,0.84,-386.0,-8.886,0.0,0.0,-386.0,-8.886,-109.0,-2.509,-53.0,-1.22
,2025-09-09 00:00:00+08:00,000955.XSHE,-0.83,-51.0,-1.342,0.0,0.0,-51.0,-1.342,-101.0,-2.659,-23.0,-0.605
,2025-09-10 00:00:00+08:00,000955.XSHE,0.83,57.0,1.155,-78.0,-1.581,135.0,2.736,-40.0,-0.811,-14.0,-0.284
,2025-09-11 00:00:00+08:00,000955.XSHE,-0.41,-168.0,-2.819,-119.0,-1.997,-49.0,-0.822,-107.0,-1.796,24.0,0.403
,2025-09-12 00:00:00+08:00,000955.XSHE,1.66,1169.0,17.728,445.0,6.749,724.0,10.98,15.0,0.227,-34.0,-0.516
,2025-09-15 00:00:00+08:00,000955.XSHE,-0.2,378.0,8.607,306.0,6.967,72.0,1.639,-108.0,-2.459,18.0,0.41
,2025-09-16 00:00:00+08:00,000955.XSHE,3.25,1743.0,18.043,1711.0,17.712,32.0,0.331,124.0,1.284,-17.0,-0.176
,2025-09-17 00:00:00+08:00,000955.XSHE,-0.2,-23.0,-0.272,-435.0,-5.144,412.0,4.872,-38.0,-0.449,3.0,0.035
,2025-09-18 00:00:00+08:00,000955.XSHE,-0.59,426.0,4.557,665.0,7.114,-239.0,-2.557,-48.0,-0.513,18.0,0.193
,2025-09-19 00:00:00+08:00,000955.XSHE,-0.99,608.0,11.263,432.0,8.003,176.0,3.26,107.0,1.982,-26.0,-0.482
,2025-09-22 00:00:00+08:00,000955.XSHE,-0.6,115.0,3.054,299.0,7.942,-184.0,-4.887,-3.0,-0.08,16.0,0.425
,2025-09-23 00:00:00+08:00,000955.XSHE,-1.81,-95.0,-1.944,0.0,0.0,-95.0,-1.944,-67.0,-1.371,-70.0,-1.433
,2025-09-24 00:00:00+08:00,000955.XSHE,4.29,3272.0,31.401,2908.0,27.908,364.0,3.493,17.0,0.163,6.0,0.058
,2025-09-25 00:00:00+08:00,000955.XSHE,0.0,1545.0,16.81,903.0,9.825,642.0,6.985,124.0,1.349,63.0,0.685
,2025-09-26 00:00:00+08:00,000955.XSHE,2.73,2406.0,14.341,1969.0,11.736,437.0,2.605,105.0,0.626,-12.0,-0.072
,2025-09-29 00:00:00+08:00,000955.XSHE,3.23,1390.0,9.24,1474.0,9.798,-84.0,-0.558,292.0,1.941,-42.0,-0.279
,2025-09-30 00:00:00+08:00,000955.XSHE,1.47,1066.0,9.227,1158.0,10.023,-92.0,-0.796,-9.0,-0.078,33.0,0.286
,2025-10-09 00:00:00+08:00,000955.XSHE,-3.63,-345.0,-3.521,53.0,0.541,-398.0,-4.062,33.0,0.337,-35.0,-0.357
,2025-10-10 00:00:00+08:00,000955.XSHE,2.82,1112.0,8.888,487.0,3.893,625.0,4.996,-167.0,-1.335,17.0,0.136
,2025-10-13 00:00:00+08:00,000955.XSHE,-0.36,1013.0,9.24,634.0,5.783,379.0,3.457,-103.0,-0.94,-53.0,-0.483
,2025-10-14 00:00:00+08:00,000955.XSHE,-0.73,-146.0,-1.487,161.0,1.64,-307.0,-3.128,52.0,0.53,-22.0,-0.224
,2025-10-15 00:00:00+08:00,000955.XSHE,0.37,-44.0,-0.73,0.0,0.0,-44.0,-0.73,-94.0,-1.559,-41.0,-0.68
,2025-10-16 00:00:00+08:00,000955.XSHE,1.84,498.0,3.898,356.0,2.787,142.0,1.112,-63.0,-0.493,-35.0,-0.274
,2025-10-17 00:00:00+08:00,000955.XSHE,-0.54,1049.0,6.816,1086.0,7.056,-37.0,-0.24,179.0,1.163,-17.0,-0.11
,2025-10-20 00:00:00+08:00,000955.XSHE,5.42,1771.0,7.879,697.0,3.101,1074.0,4.778,-281.0,-1.25,-22.0,-0.098
,2025-10-21 00:00:00+08:00,000955.XSHE,0.52,418.0,2.41,1089.0,6.28,-671.0,-3.869,53.0,0.306,23.0,0.133
,2025-10-22 00:00:00+08:00,000955.XSHE,-3.77,64.0,0.481,-54.0,-0.406,118.0,0.887,27.0,0.203,-104.0,-0.782
,2025-10-23 00:00:00+08:00,000955.XSHE,0.18,98.0,0.947,450.0,4.348,-352.0,-3.401,-187.0,-1.807,-14.0,-0.135
,2025-10-24 00:00:00+08:00,000955.XSHE,-2.32,-371.0,-3.997,-14.0,-0.151,-357.0,-3.846,-195.0,-2.101,16.0,0.172
,2025-10-27 00:00:00+08:00,000955.XSHE,-0.36,616.0,6.787,217.0,2.391,399.0,4.396,24.0,0.264,49.0,0.54
,2025-10-28 00:00:00+08:00,000955.XSHE,1.84,1092.0,9.645,905.0,7.993,187.0,1.652,-29.0,-0.256,-56.0,-0.495
,2025-10-29 00:00:00+08:00,000955.XSHE,2.16,1593.0,10.033,538.0,3.388,1055.0,6.644,52.0,0.327,-17.0,-0.107
,2025-10-30 00:00:00+08:00,000955.XSHE,-0.18,785.0,6.721,138.0,1.182,647.0,5.54,51.0,0.437,-79.0,-0.676
,2025-10-31 00:00:00+08:00,000955.XSHE,9.93,5319.0,28.229,4315.0,22.901,1004.0,5.329,-89.0,-0.472,0.0,0.0
,2025-11-03 00:00:00+08:00,000955.XSHE,10.0,1825.0,5.375,829.0,2.441,996.0,2.933,-29.0,-0.085,0.0,0.0
,2025-11-04 00:00:00+08:00,000955.XSHE,3.81,-1731.0,-1.553,35.0,0.031,-1766.0,-1.585,-391.0,-0.351,51.0,0.046
,2025-11-05 00:00:00+08:00,000955.XSHE,-0.57,1858.0,1.914,2328.0,2.398,-470.0,-0.484,-37.0,-0.038,39.0,0.04
,2025-11-06 00:00:00+08:00,000955.XSHE,-5.26,7137.0,10.599,7971.0,11.837,-834.0,-1.239,-363.0,-0.539,-41.0,-0.061
,2025-11-07 00:00:00+08:00,000955.XSHE,0.3,-8532.0,-14.627,-5816.0,-9.971,-2716.0,-4.656,380.0,0.651,-5.0,-0.009
,2025-11-10 00:00:00+08:00,000955.XSHE,-2.25,-617.0,-1.241,180.0,0.362,-797.0,-1.603,170.0,0.342,-38.0,-0.076
,2025-11-11 00:00:00+08:00,000955.XSHE,5.99,6810.0,11.325,7183.0,11.945,-373.0,-0.62,274.0,0.456,-61.0,-0.101
,2025-11-12 00:00:00+08:00,000955.XSHE,-2.17,51.0,0.149,-149.0,-0.436,200.0,0.585,-474.0,-1.387,37.0,0.108
,2025-11-13 00:00:00+08:00,000955.XSHE,-0.3,2365.0,8.809,1884.0,7.017,481.0,1.792,-55.0,-0.205,19.0,0.071
,2025-11-14 00:00:00+08:00,000955.XSHE,9.99,3971.0,16.231,3630.0,14.838,341.0,1.394,0.0,0.0,0.0,0.0
,2025-11-17 00:00:00+08:00,000955.XSHE,3.66,-6464.0,-5.225,-3325.0,-2.687,-3139.0,-2.537,-442.0,-0.357,83.0,0.067
,2025-11-18 00:00:00+08:00,000955.XSHE,10.07,10542.0,10.606,11330.0,11.398,-788.0,-0.793,-311.0,-0.313,46.0,0.046
,2025-11-19 00:00:00+08:00,000955.XSHE,-6.65,-3312.0,-2.964,-786.0,-0.703,-2526.0,-2.26,-90.0,-0.081,51.0,0.046
,2025-11-20 00:00:00+08:00,000955.XSHE,0.51,61.0,0.072,950.0,1.118,-889.0,-1.046,152.0,0.179,-65.0,-0.076
,2025-11-21 00:00:00+08:00,000955.XSHE,-4.32,-647.0,-1.059,286.0,0.468,-933.0,-1.526,-67.0,-0.11,-113.0,-0.185
,2025-11-24 00:00:00+08:00,000955.XSHE,-6.0,-1322.0,-2.712,924.0,1.896,-2246.0,-4.608,95.0,0.195,-51.0,-0.105
,2025-11-25 00:00:00+08:00,000955.XSHE,3.69,2573.0,5.484,2220.0,4.732,353.0,0.752,-375.0,-0.799,-6.0,-0.013
,2025-11-26 00:00:00+08:00,000955.XSHE,-2.88,-905.0,-1.789,232.0,0.459,-1137.0,-2.247,-300.0,-0.593,-84.0,-0.166
,2025-11-27 00:00:00+08:00,000955.XSHE,-4.81,-459.0,-1.101,363.0,0.871,-822.0,-1.972,-107.0,-0.257,-128.0,-0.307
,2025-11-28 00:00:00+08:00,000955.XSHE,4.9,5388.0,14.755,3515.0,9.626,1873.0,5.129,78.0,0.214,-96.0,-0.263
,2025-12-01 00:00:00+08:00,000955.XSHE,-2.41,-650.0,-2.592,-156.0,-0.622,-494.0,-1.97,-180.0,-0.718,-16.0,-0.064
,2025-12-02 00:00:00+08:00,000955.XSHE,4.06,3913.0,9.921,2678.0,6.79,1235.0,3.131,-182.0,-0.461,-93.0,-0.236
,2025-12-03 00:00:00+08:00,000955.XSHE,-1.12,-372.0,-0.778,-43.0,-0.09,-329.0,-0.688,-62.0,-0.13,-72.0,-0.151
,2025-12-04 00:00:00+08:00,000955.XSHE,-3.39,-1283.0,-3.944,-766.0,-2.355,-517.0,-1.589,-37.0,-0.114,-69.0,-0.212
,2025-12-05 00:00:00+08:00,000955.XSHE,-0.44,147.0,0.47,791.0,2.53,-644.0,-2.06,-138.0,-0.441,43.0,0.138
,2025-12-08 00:00:00+08:00,000955.XSHE,4.55,4888.0,14.5,2817.0,8.356,2071.0,6.143,-94.0,-0.279,-44.0,-0.131
,2025-12-09 00:00:00+08:00,000955.XSHE,-7.46,-5089.0,-14.18,-3264.0,-9.095,-1825.0,-5.085,-169.0,-0.471,1.0,0.003
,2025-12-10 00:00:00+08:00,000955.XSHE,10.06,12127.0,22.236,11766.0,21.574,361.0,0.662,-118.0,-0.216,-72.0,-0.132
,2025-12-11 00:00:00+08:00,000955.XSHE,-3.6,-1872.0,-3.314,42.0,0.074,-1914.0,-3.389,-289.0,-0.512,5.0,0.009
,2025-12-12 00:00:00+08:00,000955.XSHE,-4.3,-3269.0,-8.589,-2345.0,-6.161,-924.0,-2.428,-354.0,-0.93,87.0,0.229
,2025-12-15 00:00:00+08:00,000955.XSHE,-1.2,-66.0,-0.25,-228.0,-0.863,162.0,0.614,243.0,0.92,-67.0,-0.254
,2025-12-16 00:00:00+08:00,000955.XSHE,-5.03,-1971.0,-6.817,349.0,1.207,-2320.0,-8.025,-345.0,-1.193,35.0,0.121
,2025-12-17 00:00:00+08:00,000955.XSHE,-4.51,-1006.0,-4.457,203.0,0.899,-1209.0,-5.356,-103.0,-0.456,-105.0,-0.465
,2025-12-18 00:00:00+08:00,000955.XSHE,-3.04,-1388.0,-7.957,-86.0,-0.493,-1302.0,-7.464,-307.0,-1.76,-18.0,-0.103
,2025-12-19 00:00:00+08:00,000955.XSHE,5.57,1100.0,3.541,1886.0,6.072,-786.0,-2.53,-17.0,-0.055,69.0,0.222
,2025-12-22 00:00:00+08:00,000955.XSHE,10.05,6259.0,26.267,5950.0,24.971,309.0,1.297,-193.0,-0.81,8.0,0.034
,2025-12-23 00:00:00+08:00,000955.XSHE,0.3,1299.0,1.956,1086.0,1.635,213.0,0.321,-134.0,-0.202,-57.0,-0.086
,2025-12-24 00:00:00+08:00,000955.XSHE,0.3,3837.0,8.847,2666.0,6.147,1171.0,2.7,-120.0,-0.277,-69.0,-0.159
,2025-12-25 00:00:00+08:00,000955.XSHE,-0.74,649.0,2.469,241.0,0.917,408.0,1.552,-340.0,-1.293,-61.0,-0.232
,2025-01-02 00:00:00+08:00,002320.XSHE,-4.89,-120.0,-0.573,-143.0,-0.683,23.0,0.11,-248.0,-1.185,21.0,0.1
,2025-01-03 00:00:00+08:00,002320.XSHE,-4.33,-1122.0,-6.402,-899.0,-5.129,-223.0,-1.272,-282.0,-1.609,54.0,0.308
,2025-01-06 00:00:00+08:00,002320.XSHE,-0.67,-15.0,-0.154,106.0,1.086,-121.0,-1.239,-213.0,-2.182,-3.0,-0.031
,2025-01-07 00:00:00+08:00,002320.XSHE,1.01,-302.0,-3.517,26.0,0.303,-328.0,-3.82,367.0,4.274,11.0,0.128
,2025-01-08 00:00:00+08:00,002320.XSHE,-1.34,25.0,0.201,-388.0,-3.121,413.0,3.322,-182.0,-1.464,10.0,0.08
,2025-01-09 00:00:00+08:00,002320.XSHE,-0.51,-63.0,-0.939,145.0,2.162,-208.0,-3.101,61.0,0.909,3.0,0.045
,2025-01-10 00:00:00+08:00,002320.XSHE,-1.37,337.0,3.588,266.0,2.832,71.0,0.756,-180.0,-1.917,-69.0,-0.735
,2025-01-13 00:00:00+08:00,002320.XSHE,0.17,-734.0,-8.448,-667.0,-7.677,-67.0,-0.771,-21.0,-0.242,22.0,0.253
,2025-01-14 00:00:00+08:00,002320.XSHE,7.41,4241.0,22.063,2918.0,15.181,1323.0,6.883,21.0,0.109,-82.0,-0.427
,2025-01-15 00:00:00+08:00,002320.XSHE,-1.93,-422.0,-3.91,-312.0,-2.891,-110.0,-1.019,229.0,2.122,10.0,0.093
,2025-01-16 00:00:00+08:00,002320.XSHE,0.0,-1183.0,-10.796,-986.0,-8.998,-197.0,-1.798,123.0,1.122,-1.0,-0.009
,2025-01-17 00:00:00+08:00,002320.XSHE,0.98,1641.0,15.897,1306.0,12.651,335.0,3.245,-101.0,-0.978,-51.0,-0.494
,2025-01-20 00:00:00+08:00,002320.XSHE,0.32,1418.0,11.015,1301.0,10.106,117.0,0.909,-13.0,-0.101,-6.0,-0.047
,2025-01-21 00:00:00+08:00,002320.XSHE,-0.48,-1144.0,-11.227,-684.0,-6.712,-460.0,-4.514,-148.0,-1.452,8.0,0.079
,2025-01-22 00:00:00+08:00,002320.XSHE,-0.97,-566.0,-9.04,-287.0,-4.584,-279.0,-4.456,39.0,0.623,-28.0,-0.447
,2025-01-23 00:00:00+08:00,002320.XSHE,3.28,2319.0,13.709,1464.0,8.655,855.0,5.054,187.0,1.105,-17.0,-0.1
,2025-01-24 00:00:00+08:00,002320.XSHE,-0.48,-2376.0,-17.862,-2062.0,-15.501,-314.0,-2.361,-44.0,-0.331,-4.0,-0.03
,2025-01-27 00:00:00+08:00,002320.XSHE,0.64,1618.0,14.311,1350.0,11.941,268.0,2.37,-149.0,-1.318,-58.0,-0.513
,2025-02-05 00:00:00+08:00,002320.XSHE,-0.79,59.0,0.582,157.0,1.549,-98.0,-0.967,-3.0,-0.03,-17.0,-0.168
,2025-02-06 00:00:00+08:00,002320.XSHE,-0.16,-1182.0,-12.278,-577.0,-5.994,-605.0,-6.284,57.0,0.592,-7.0,-0.073
,2025-02-07 00:00:00+08:00,002320.XSHE,2.56,3431.0,16.235,2904.0,13.741,527.0,2.494,-217.0,-1.027,-18.0,-0.085
,2025-02-10 00:00:00+08:00,002320.XSHE,-0.31,-234.0,-1.93,-694.0,-5.723,460.0,3.793,358.0,2.952,38.0,0.313
,2025-02-11 00:00:00+08:00,002320.XSHE,0.0,426.0,5.007,168.0,1.975,258.0,3.032,344.0,4.043,38.0,0.447
,2025-02-12 00:00:00+08:00,002320.XSHE,-0.16,-1266.0,-11.674,-1186.0,-10.936,-80.0,-0.738,82.0,0.756,38.0,0.35
,2025-02-13 00:00:00+08:00,002320.XSHE,-1.26,685.0,6.557,822.0,7.868,-137.0,-1.311,112.0,1.072,46.0,0.44
,2025-02-14 00:00:00+08:00,002320.XSHE,-1.59,-326.0,-3.27,113.0,1.134,-439.0,-4.404,-204.0,-2.047,38.0,0.381
,2025-02-17 00:00:00+08:00,002320.XSHE,0.0,1603.0,17.531,1075.0,11.756,528.0,5.774,-82.0,-0.897,-78.0,-0.853
,2025-02-18 00:00:00+08:00,002320.XSHE,-1.13,79.0,0.726,188.0,1.727,-109.0,-1.001,-128.0,-1.175,-16.0,-0.147
,2025-02-19 00:00:00+08:00,002320.XSHE,1.31,46.0,0.462,59.0,0.593,-13.0,-0.131,-31.0,-0.311,9.0,0.09
,2025-02-20 00:00:00+08:00,002320.XSHE,0.16,1358.0,10.597,857.0,6.687,501.0,3.909,362.0,2.825,-58.0,-0.453
,2025-02-21 00:00:00+08:00,002320.XSHE,-0.48,-230.0,-2.348,252.0,2.573,-482.0,-4.921,-142.0,-1.45,40.0,0.408
,2025-02-24 00:00:00+08:00,002320.XSHE,1.94,2623.0,17.026,1527.0,9.912,1096.0,7.114,190.0,1.233,25.0,0.162
,2025-02-25 00:00:00+08:00,002320.XSHE,0.64,1404.0,8.726,888.0,5.519,516.0,3.207,224.0,1.392,34.0,0.211
,2025-02-26 00:00:00+08:00,002320.XSHE,0.79,973.0,6.786,54.0,0.377,919.0,6.41,177.0,1.234,-16.0,-0.112
,2025-02-27 00:00:00+08:00,002320.XSHE,4.38,2716.0,7.963,2291.0,6.717,425.0,1.246,40.0,0.117,-48.0,-0.141
,2025-02-28 00:00:00+08:00,002320.XSHE,-2.4,-270.0,-1.266,-757.0,-3.551,487.0,2.284,-22.0,-0.103,5.0,0.023
,2025-03-03 00:00:00+08:00,002320.XSHE,-2.31,-1429.0,-9.359,-717.0,-4.696,-712.0,-4.663,11.0,0.072,74.0,0.485
,2025-03-04 00:00:00+08:00,002320.XSHE,1.73,625.0,5.792,672.0,6.228,-47.0,-0.436,-39.0,-0.361,16.0,0.148
,2025-03-05 00:00:00+08:00,002320.XSHE,1.39,467.0,4.904,490.0,5.145,-23.0,-0.242,161.0,1.691,-38.0,-0.399
,2025-03-06 00:00:00+08:00,002320.XSHE,1.37,2050.0,12.818,1310.0,8.191,740.0,4.627,138.0,0.863,-73.0,-0.456
,2025-03-07 00:00:00+08:00,002320.XSHE,-2.41,-2018.0,-15.674,-1581.0,-12.28,-437.0,-3.394,-211.0,-1.639,-56.0,-0.435
,2025-03-10 00:00:00+08:00,002320.XSHE,1.23,1983.0,17.47,586.0,5.163,1397.0,12.307,-1.0,-0.009,-53.0,-0.467
,2025-03-11 00:00:00+08:00,002320.XSHE,0.76,874.0,7.364,1078.0,9.083,-204.0,-1.719,24.0,0.202,-34.0,-0.286
,2025-03-12 00:00:00+08:00,002320.XSHE,-0.45,479.0,4.374,68.0,0.621,411.0,3.753,71.0,0.648,-26.0,-0.237
,2025-03-13 00:00:00+08:00,002320.XSHE,-1.67,-917.0,-9.048,-665.0,-6.561,-252.0,-2.486,-25.0,-0.247,25.0,0.247
,2025-03-14 00:00:00+08:00,002320.XSHE,2.15,1370.0,11.341,930.0,7.699,440.0,3.642,-105.0,-0.869,-53.0,-0.439
,2025-03-17 00:00:00+08:00,002320.XSHE,1.2,2088.0,11.956,2594.0,14.853,-506.0,-2.897,299.0,1.712,21.0,0.12
,2025-03-18 00:00:00+08:00,002320.XSHE,2.53,2742.0,11.691,2467.0,10.519,275.0,1.173,-133.0,-0.567,-17.0,-0.072
,2025-03-19 00:00:00+08:00,002320.XSHE,-0.87,324.0,2.291,378.0,2.673,-54.0,-0.382,-14.0,-0.099,-42.0,-0.297
,2025-03-20 00:00:00+08:00,002320.XSHE,1.89,2796.0,13.79,2123.0,10.471,673.0,3.319,17.0,0.084,13.0,0.064
,2025-03-21 00:00:00+08:00,002320.XSHE,-0.57,44.0,0.14,764.0,2.425,-720.0,-2.285,8.0,0.025,57.0,0.181
,2025-03-24 00:00:00+08:00,002320.XSHE,-2.72,-7910.0,-8.398,-5107.0,-5.422,-2803.0,-2.976,-256.0,-0.272,26.0,0.028
,2025-03-25 00:00:00+08:00,002320.XSHE,-5.6,336.0,0.847,131.0,0.33,205.0,0.517,-196.0,-0.494,32.0,0.081
,2025-03-26 00:00:00+08:00,002320.XSHE,0.94,1717.0,9.293,1830.0,9.904,-113.0,-0.612,32.0,0.173,-26.0,-0.141
,2025-03-27 00:00:00+08:00,002320.XSHE,-2.79,524.0,2.281,181.0,0.788,343.0,1.493,-248.0,-1.079,29.0,0.126
,2025-03-28 00:00:00+08:00,002320.XSHE,-2.71,-1305.0,-7.041,-492.0,-2.654,-813.0,-4.386,121.0,0.653,-47.0,-0.254
,2025-03-31 00:00:00+08:00,002320.XSHE,-1.31,-1023.0,-6.146,-502.0,-3.016,-521.0,-3.13,-217.0,-1.304,16.0,0.096
,2025-04-01 00:00:00+08:00,002320.XSHE,0.17,-686.0,-5.972,249.0,2.168,-935.0,-8.14,36.0,0.313,47.0,0.409
,2025-04-02 00:00:00+08:00,002320.XSHE,1.16,665.0,5.572,649.0,5.438,16.0,0.134,258.0,2.162,35.0,0.293
,2025-04-03 00:00:00+08:00,002320.XSHE,1.31,1097.0,7.597,633.0,4.384,464.0,3.213,198.0,1.371,-20.0,-0.139
,2025-04-07 00:00:00+08:00,002320.XSHE,-10.0,-1026.0,-5.122,-894.0,-4.463,-132.0,-0.659,-357.0,-1.782,-5.0,-0.025
,2025-04-08 00:00:00+08:00,002320.XSHE,3.23,105.0,0.578,356.0,1.961,-251.0,-1.382,-192.0,-1.057,30.0,0.165
,2025-04-09 00:00:00+08:00,002320.XSHE,7.28,3694.0,11.96,1723.0,5.579,1971.0,6.382,7.0,0.023,21.0,0.068
,2025-04-10 00:00:00+08:00,002320.XSHE,1.13,1762.0,5.556,2274.0,7.171,-512.0,-1.615,-40.0,-0.126,-11.0,-0.035
,2025-04-11 00:00:00+08:00,002320.XSHE,3.19,2435.0,7.59,3226.0,10.055,-791.0,-2.465,-86.0,-0.268,1.0,0.003
,2025-04-14 00:00:00+08:00,002320.XSHE,0.77,-1743.0,-3.208,-2377.0,-4.374,634.0,1.167,115.0,0.212,-22.0,-0.04
,2025-04-15 00:00:00+08:00,002320.XSHE,-5.21,-1683.0,-5.619,-1836.0,-6.129,153.0,0.511,-283.0,-0.945,-33.0,-0.11
,2025-04-16 00:00:00+08:00,002320.XSHE,-1.94,-697.0,-3.604,-589.0,-3.045,-108.0,-0.558,59.0,0.305,-55.0,-0.284
,2025-04-17 00:00:00+08:00,002320.XSHE,-0.99,-917.0,-7.964,-453.0,-3.934,-464.0,-4.03,86.0,0.747,-37.0,-0.321
,2025-04-18 00:00:00+08:00,002320.XSHE,-0.84,-499.0,-6.121,-273.0,-3.349,-226.0,-2.772,-233.0,-2.858,18.0,0.221
,2025-04-21 00:00:00+08:00,002320.XSHE,0.84,-429.0,-5.385,-50.0,-0.628,-379.0,-4.757,4.0,0.05,40.0,0.502
,2025-04-22 00:00:00+08:00,002320.XSHE,1.51,-1043.0,-7.789,183.0,1.367,-1226.0,-9.156,-265.0,-1.979,-25.0,-0.187
,2025-04-23 00:00:00+08:00,002320.XSHE,-1.15,-373.0,-3.417,-561.0,-5.139,188.0,1.722,92.0,0.843,-18.0,-0.165
,2025-04-24 00:00:00+08:00,002320.XSHE,-1.34,-279.0,-3.69,-148.0,-1.957,-131.0,-1.733,-191.0,-2.526,1.0,0.013
,2025-04-25 00:00:00+08:00,002320.XSHE,0.85,671.0,10.921,521.0,8.48,150.0,2.441,-198.0,-3.223,-22.0,-0.358
,2025-04-28 00:00:00+08:00,002320.XSHE,-0.5,-47.0,-0.486,91.0,0.941,-138.0,-1.427,-8.0,-0.083,-30.0,-0.31
,2025-04-29 00:00:00+08:00,002320.XSHE,0.85,1072.0,15.86,939.0,13.893,133.0,1.968,-185.0,-2.737,-90.0,-1.332
,2025-04-30 00:00:00+08:00,002320.XSHE,0.0,-505.0,-4.742,-449.0,-4.216,-56.0,-0.526,37.0,0.347,-32.0,-0.3
,2025-05-06 00:00:00+08:00,002320.XSHE,1.86,1226.0,13.201,1361.0,14.655,-135.0,-1.454,-226.0,-2.434,-83.0,-0.894
,2025-05-07 00:00:00+08:00,002320.XSHE,-0.17,-564.0,-5.486,-665.0,-6.469,101.0,0.982,-91.0,-0.885,-4.0,-0.039
,2025-05-08 00:00:00+08:00,002320.XSHE,0.17,146.0,1.714,39.0,0.458,107.0,1.256,65.0,0.763,-12.0,-0.141
,2025-05-09 00:00:00+08:00,002320.XSHE,-1.16,-476.0,-6.401,-456.0,-6.132,-20.0,-0.269,2.0,0.027,58.0,0.78
,2025-05-12 00:00:00+08:00,002320.XSHE,0.34,-25.0,-0.399,557.0,8.899,-582.0,-9.299,-3.0,-0.048,6.0,0.096
,2025-05-13 00:00:00+08:00,002320.XSHE,1.01,77.0,0.745,25.0,0.242,52.0,0.503,56.0,0.542,-11.0,-0.106
,2025-05-14 00:00:00+08:00,002320.XSHE,2.0,139.0,0.731,451.0,2.372,-312.0,-1.641,52.0,0.273,50.0,0.263
,2025-05-15 00:00:00+08:00,002320.XSHE,-0.82,479.0,3.507,-124.0,-0.908,603.0,4.415,-322.0,-2.358,-68.0,-0.498
,2025-05-16 00:00:00+08:00,002320.XSHE,-0.33,712.0,9.021,324.0,4.105,388.0,4.916,0.0,0.0,-82.0,-1.039
,2025-05-19 00:00:00+08:00,002320.XSHE,1.49,811.0,8.436,124.0,1.29,687.0,7.147,150.0,1.56,-12.0,-0.125
,2025-05-20 00:00:00+08:00,002320.XSHE,-0.98,-382.0,-3.826,-220.0,-2.204,-162.0,-1.623,-4.0,-0.04,28.0,0.28
,2025-05-21 00:00:00+08:00,002320.XSHE,-0.17,765.0,13.932,187.0,3.406,578.0,10.526,-95.0,-1.73,-21.0,-0.382
,2025-05-22 00:00:00+08:00,002320.XSHE,-1.49,-354.0,-4.637,-567.0,-7.427,213.0,2.79,32.0,0.419,0.0,0.0
,2025-05-23 00:00:00+08:00,002320.XSHE,-1.34,-738.0,-10.453,-311.0,-4.405,-427.0,-6.048,-145.0,-2.054,-55.0,-0.779
,2025-05-26 00:00:00+08:00,002320.XSHE,0.51,-145.0,-3.663,0.0,0.0,-145.0,-3.663,-172.0,-4.345,65.0,1.642
,2025-05-27 00:00:00+08:00,002320.XSHE,0.34,132.0,2.424,107.0,1.965,25.0,0.459,-33.0,-0.606,9.0,0.165
,2025-05-28 00:00:00+08:00,002320.XSHE,-0.84,-272.0,-6.6,0.0,0.0,-272.0,-6.6,-66.0,-1.602,12.0,0.291
,2025-05-29 00:00:00+08:00,002320.XSHE,0.68,384.0,7.611,318.0,6.303,66.0,1.308,-35.0,-0.694,-6.0,-0.119
,2025-05-30 00:00:00+08:00,002320.XSHE,0.17,414.0,7.582,276.0,5.055,138.0,2.527,55.0,1.007,18.0,0.33
,2025-06-03 00:00:00+08:00,002320.XSHE,-0.34,-808.0,-17.603,-467.0,-10.174,-341.0,-7.429,-26.0,-0.566,-13.0,-0.283
,2025-06-04 00:00:00+08:00,002320.XSHE,1.53,723.0,10.854,527.0,7.912,196.0,2.943,-48.0,-0.721,23.0,0.345
,2025-06-05 00:00:00+08:00,002320.XSHE,-0.84,-36.0,-0.63,-72.0,-1.26,36.0,0.63,-193.0,-3.377,-2.0,-0.035
,2025-06-06 00:00:00+08:00,002320.XSHE,2.2,2364.0,11.814,2087.0,10.429,277.0,1.384,51.0,0.255,-23.0,-0.115
,2025-06-09 00:00:00+08:00,002320.XSHE,0.17,474.0,4.72,276.0,2.748,198.0,1.972,269.0,2.679,91.0,0.906
,2025-06-10 00:00:00+08:00,002320.XSHE,0.83,1234.0,9.506,993.0,7.65,241.0,1.857,47.0,0.362,-49.0,-0.377
,2025-06-11 00:00:00+08:00,002320.XSHE,-0.49,-166.0,-1.687,-282.0,-2.866,116.0,1.179,-171.0,-1.738,-8.0,-0.081
,2025-06-12 00:00:00+08:00,002320.XSHE,-0.49,77.0,1.229,81.0,1.293,-4.0,-0.064,-117.0,-1.867,-6.0,-0.096
,2025-06-13 00:00:00+08:00,002320.XSHE,-0.33,-977.0,-11.015,-596.0,-6.719,-381.0,-4.295,-112.0,-1.263,-5.0,-0.056
,2025-06-16 00:00:00+08:00,002320.XSHE,-0.83,-993.0,-16.419,-556.0,-9.193,-437.0,-7.226,-100.0,-1.653,-36.0,-0.595
,2025-06-17 00:00:00+08:00,002320.XSHE,1.01,991.0,15.708,520.0,8.242,471.0,7.466,-233.0,-3.693,-35.0,-0.555
,2025-06-18 00:00:00+08:00,002320.XSHE,1.99,1941.0,9.065,1601.0,7.477,340.0,1.588,189.0,0.883,83.0,0.388
,2025-06-19 00:00:00+08:00,002320.XSHE,-2.61,-1291.0,-10.325,-833.0,-6.662,-458.0,-3.663,-324.0,-2.591,-16.0,-0.128
,2025-06-20 00:00:00+08:00,002320.XSHE,2.84,4973.0,18.368,4860.0,17.951,113.0,0.417,-62.0,-0.229,-11.0,-0.041
,2025-06-23 00:00:00+08:00,002320.XSHE,1.46,-1262.0,-6.083,-598.0,-2.882,-664.0,-3.201,310.0,1.494,113.0,0.545
,2025-06-24 00:00:00+08:00,002320.XSHE,-0.32,-243.0,-1.336,-388.0,-2.133,145.0,0.797,84.0,0.462,-24.0,-0.132
,2025-06-25 00:00:00+08:00,002320.XSHE,1.28,2145.0,10.837,1923.0,9.715,222.0,1.122,55.0,0.278,-38.0,-0.192
,2025-06-26 00:00:00+08:00,002320.XSHE,2.06,2830.0,12.474,2617.0,11.535,213.0,0.939,65.0,0.287,-21.0,-0.093
,2025-06-27 00:00:00+08:00,002320.XSHE,-1.86,-834.0,-5.516,-355.0,-2.348,-479.0,-3.168,182.0,1.204,-39.0,-0.258
,2025-06-30 00:00:00+08:00,002320.XSHE,3.64,3274.0,17.75,1873.0,10.155,1401.0,7.596,174.0,0.943,-193.0,-1.046
,2025-07-01 00:00:00+08:00,002320.XSHE,-0.61,862.0,6.114,397.0,2.816,465.0,3.298,-67.0,-0.475,-66.0,-0.468
,2025-07-02 00:00:00+08:00,002320.XSHE,-0.15,172.0,1.3,33.0,0.249,139.0,1.051,37.0,0.28,24.0,0.181
,2025-07-03 00:00:00+08:00,002320.XSHE,-0.46,201.0,1.259,483.0,3.025,-282.0,-1.766,-244.0,-1.528,-38.0,-0.238
,2025-07-04 00:00:00+08:00,002320.XSHE,1.4,2874.0,15.216,1342.0,7.105,1532.0,8.111,-13.0,-0.069,-60.0,-0.318
,2025-07-07 00:00:00+08:00,002320.XSHE,-1.22,-169.0,-2.172,-27.0,-0.347,-142.0,-1.825,-293.0,-3.765,-17.0,-0.218
,2025-07-08 00:00:00+08:00,002320.XSHE,2.47,2624.0,11.402,2263.0,9.834,361.0,1.569,-296.0,-1.286,-106.0,-0.461
,2025-07-09 00:00:00+08:00,002320.XSHE,-0.9,53.0,0.305,399.0,2.295,-346.0,-1.99,-103.0,-0.592,-267.0,-1.536
,2025-07-10 00:00:00+08:00,002320.XSHE,0.46,-969.0,-11.74,-96.0,-1.163,-873.0,-10.577,-268.0,-3.247,-125.0,-1.514
,2025-07-11 00:00:00+08:00,002320.XSHE,-1.06,-1083.0,-7.634,-346.0,-2.439,-737.0,-5.195,-358.0,-2.524,-53.0,-0.374
,2025-07-14 00:00:00+08:00,002320.XSHE,0.92,-63.0,-0.511,23.0,0.187,-86.0,-0.698,-289.0,-2.344,-8.0,-0.065
,2025-07-15 00:00:00+08:00,002320.XSHE,-0.76,232.0,2.386,599.0,6.161,-367.0,-3.775,-6.0,-0.062,-32.0,-0.329
,2025-07-16 00:00:00+08:00,002320.XSHE,1.22,17.0,0.096,162.0,0.915,-145.0,-0.819,-4.0,-0.023,-6.0,-0.034
,2025-07-17 00:00:00+08:00,002320.XSHE,4.97,8480.0,22.646,7684.0,20.52,796.0,2.126,346.0,0.924,-34.0,-0.091
,2025-07-18 00:00:00+08:00,002320.XSHE,2.44,3850.0,11.825,3439.0,10.563,411.0,1.262,-65.0,-0.2,54.0,0.166
,2025-07-21 00:00:00+08:00,002320.XSHE,5.73,12923.0,10.623,11966.0,9.836,957.0,0.787,-91.0,-0.075,-58.0,-0.048
,2025-07-22 00:00:00+08:00,002320.XSHE,8.2,1964.0,1.417,1541.0,1.112,423.0,0.305,300.0,0.216,73.0,0.053
,2025-07-23 00:00:00+08:00,002320.XSHE,-9.41,-7357.0,-5.658,-7092.0,-5.454,-265.0,-0.204,-119.0,-0.092,20.0,0.015
,2025-07-24 00:00:00+08:00,002320.XSHE,9.99,14236.0,17.501,13943.0,17.141,293.0,0.36,0.0,0.0,0.0,0.0
,2025-07-25 00:00:00+08:00,002320.XSHE,0.37,-24921.0,-13.181,-22670.0,-11.991,-2251.0,-1.191,-253.0,-0.134,17.0,0.009
,2025-07-28 00:00:00+08:00,002320.XSHE,-2.2,-1133.0,-1.2,-1604.0,-1.698,471.0,0.499,-131.0,-0.139,5.0,0.005
,2025-07-29 00:00:00+08:00,002320.XSHE,4.25,13374.0,13.399,11837.0,11.86,1537.0,1.54,-563.0,-0.564,5.0,0.005
,2025-07-30 00:00:00+08:00,002320.XSHE,3.96,2516.0,2.399,3374.0,3.218,-858.0,-0.818,249.0,0.237,53.0,0.051
,2025-07-31 00:00:00+08:00,002320.XSHE,-6.12,-4179.0,-5.653,-4463.0,-6.038,284.0,0.384,-345.0,-0.467,-15.0,-0.02
,2025-08-01 00:00:00+08:00,002320.XSHE,-3.32,-2308.0,-4.684,-1144.0,-2.321,-1164.0,-2.362,-220.0,-0.446,61.0,0.124
,2025-08-04 00:00:00+08:00,002320.XSHE,-1.15,661.0,1.896,798.0,2.289,-137.0,-0.393,109.0,0.313,-162.0,-0.465
,2025-08-05 00:00:00+08:00,002320.XSHE,-0.64,680.0,2.07,700.0,2.131,-20.0,-0.061,-57.0,-0.174,1.0,0.003
,2025-08-06 00:00:00+08:00,002320.XSHE,-0.39,132.0,0.515,310.0,1.21,-178.0,-0.695,-135.0,-0.527,-128.0,-0.5
,2025-08-07 00:00:00+08:00,002320.XSHE,0.52,140.0,0.476,356.0,1.21,-216.0,-0.734,-50.0,-0.17,11.0,0.037
,2025-08-08 00:00:00+08:00,002320.XSHE,2.07,286.0,0.785,531.0,1.457,-245.0,-0.672,157.0,0.431,-89.0,-0.244
,2025-08-11 00:00:00+08:00,002320.XSHE,2.15,-245.0,-0.692,-36.0,-0.102,-209.0,-0.59,-263.0,-0.743,-63.0,-0.178
,2025-08-12 00:00:00+08:00,002320.XSHE,0.0,-58.0,-0.226,-35.0,-0.137,-23.0,-0.09,-628.0,-2.449,-72.0,-0.281
,2025-08-13 00:00:00+08:00,002320.XSHE,0.12,-131.0,-0.418,317.0,1.01,-448.0,-1.428,-691.0,-2.203,-114.0,-0.363
,2025-08-14 00:00:00+08:00,002320.XSHE,-2.0,-190.0,-0.633,-325.0,-1.082,135.0,0.45,-767.0,-2.555,-300.0,-0.999
,2025-08-15 00:00:00+08:00,002320.XSHE,0.38,-1732.0,-8.068,-342.0,-1.593,-1390.0,-6.475,-181.0,-0.843,-44.0,-0.205
,2025-08-18 00:00:00+08:00,002320.XSHE,5.2,3845.0,6.567,2806.0,4.793,1039.0,1.775,-43.0,-0.073,10.0,0.017
,2025-08-19 00:00:00+08:00,002320.XSHE,1.69,6420.0,10.459,6272.0,10.218,148.0,0.241,-367.0,-0.598,-74.0,-0.121
,2025-08-20 00:00:00+08:00,002320.XSHE,0.36,1250.0,3.6,1275.0,3.672,-25.0,-0.072,-361.0,-1.04,-140.0,-0.403
,2025-08-21 00:00:00+08:00,002320.XSHE,-1.3,-2062.0,-6.926,-1141.0,-3.832,-921.0,-3.094,-418.0,-1.404,-210.0,-0.705
,2025-08-22 00:00:00+08:00,002320.XSHE,-0.96,-609.0,-2.441,-172.0,-0.689,-437.0,-1.752,-680.0,-2.725,-90.0,-0.361
,2025-08-25 00:00:00+08:00,002320.XSHE,0.24,-306.0,-0.983,-369.0,-1.185,63.0,0.202,-229.0,-0.736,-84.0,-0.27
,2025-08-26 00:00:00+08:00,002320.XSHE,2.29,2399.0,5.047,2777.0,5.843,-378.0,-0.795,-156.0,-0.328,-38.0,-0.08
,2025-08-27 00:00:00+08:00,002320.XSHE,-2.12,2016.0,5.864,1067.0,3.103,949.0,2.76,-54.0,-0.157,-5.0,-0.015
,2025-08-28 00:00:00+08:00,002320.XSHE,1.69,-1494.0,-4.04,-1094.0,-2.958,-400.0,-1.082,303.0,0.819,-48.0,-0.13
,2025-08-29 00:00:00+08:00,002320.XSHE,-0.83,2932.0,6.973,3388.0,8.057,-456.0,-1.084,77.0,0.183,-125.0,-0.297
,2025-09-01 00:00:00+08:00,002320.XSHE,-0.6,1330.0,4.467,1037.0,3.483,293.0,0.984,349.0,1.172,-66.0,-0.222
,2025-09-02 00:00:00+08:00,002320.XSHE,-2.65,-3503.0,-10.47,-2596.0,-7.759,-907.0,-2.711,-314.0,-0.938,24.0,0.072
,2025-09-03 00:00:00+08:00,002320.XSHE,-2.1,-439.0,-2.203,-5.0,-0.025,-434.0,-2.178,-302.0,-1.515,-37.0,-0.186
,2025-09-04 00:00:00+08:00,002320.XSHE,0.38,291.0,1.131,639.0,2.483,-348.0,-1.352,-134.0,-0.521,19.0,0.074
,2025-09-05 00:00:00+08:00,002320.XSHE,1.63,41.0,0.169,363.0,1.497,-322.0,-1.328,-183.0,-0.755,-99.0,-0.408
,2025-09-08 00:00:00+08:00,002320.XSHE,0.12,351.0,1.548,558.0,2.461,-207.0,-0.913,382.0,1.685,13.0,0.057
,2025-09-09 00:00:00+08:00,002320.XSHE,-0.99,-471.0,-2.919,79.0,0.49,-550.0,-3.408,336.0,2.082,8.0,0.05
,2025-09-10 00:00:00+08:00,002320.XSHE,0.5,46.0,0.168,556.0,2.033,-510.0,-1.865,151.0,0.552,126.0,0.461
,2025-09-11 00:00:00+08:00,002320.XSHE,5.33,8468.0,11.533,10356.0,14.105,-1888.0,-2.571,-98.0,-0.133,-20.0,-0.027
,2025-09-12 00:00:00+08:00,002320.XSHE,-0.12,4784.0,8.91,3677.0,6.848,1107.0,2.062,248.0,0.462,-122.0,-0.227
,2025-09-15 00:00:00+08:00,002320.XSHE,-1.18,-486.0,-1.671,-762.0,-2.62,276.0,0.949,349.0,1.2,52.0,0.179
,2025-09-16 00:00:00+08:00,002320.XSHE,9.4,18060.0,18.747,17401.0,18.063,659.0,0.684,-211.0,-0.219,-55.0,-0.057
,2025-09-17 00:00:00+08:00,002320.XSHE,-3.38,-3083.0,-4.752,-2910.0,-4.485,-173.0,-0.267,-191.0,-0.294,19.0,0.029
,2025-09-18 00:00:00+08:00,002320.XSHE,5.64,15079.0,14.729,14061.0,13.735,1018.0,0.994,-457.0,-0.446,-19.0,-0.019
,2025-09-19 00:00:00+08:00,002320.XSHE,-0.32,-2609.0,-4.17,-1949.0,-3.115,-660.0,-1.055,-84.0,-0.134,54.0,0.086
,2025-09-22 00:00:00+08:00,002320.XSHE,0.21,-714.0,-1.464,-1074.0,-2.203,360.0,0.738,-253.0,-0.519,-71.0,-0.146
,2025-09-23 00:00:00+08:00,002320.XSHE,-5.23,-9218.0,-15.086,-7264.0,-11.888,-1954.0,-3.198,-262.0,-0.429,-9.0,-0.015
,2025-09-24 00:00:00+08:00,002320.XSHE,1.35,-331.0,-0.984,558.0,1.658,-889.0,-2.642,-267.0,-0.793,-17.0,-0.051
,2025-09-25 00:00:00+08:00,002320.XSHE,-2.0,1417.0,4.535,1674.0,5.358,-257.0,-0.823,-79.0,-0.253,-46.0,-0.147
,2025-09-26 00:00:00+08:00,002320.XSHE,3.51,6446.0,12.992,6315.0,12.728,131.0,0.264,134.0,0.27,-31.0,-0.062
,2025-09-29 00:00:00+08:00,002320.XSHE,3.17,3010.0,6.049,3791.0,7.619,-781.0,-1.57,272.0,0.547,-67.0,-0.135
,2025-09-30 00:00:00+08:00,002320.XSHE,8.16,12757.0,15.68,12690.0,15.598,67.0,0.082,-115.0,-0.141,-128.0,-0.157
,2025-10-09 00:00:00+08:00,002320.XSHE,-0.29,-2777.0,-4.407,-1321.0,-2.096,-1456.0,-2.311,47.0,0.075,120.0,0.19
,2025-10-10 00:00:00+08:00,002320.XSHE,5.6,3429.0,4.13,1646.0,1.983,1783.0,2.148,-143.0,-0.172,-17.0,-0.02
,2025-10-13 00:00:00+08:00,002320.XSHE,4.57,2544.0,2.611,3481.0,3.572,-937.0,-0.961,310.0,0.318,136.0,0.14
,2025-10-14 00:00:00+08:00,002320.XSHE,2.58,3069.0,2.164,2584.0,1.822,485.0,0.342,-341.0,-0.24,7.0,0.005
,2025-10-15 00:00:00+08:00,002320.XSHE,0.17,-2993.0,-3.65,-2215.0,-2.701,-778.0,-0.949,-157.0,-0.191,-21.0,-0.026
,2025-10-16 00:00:00+08:00,002320.XSHE,10.03,34683.0,19.189,34873.0,19.294,-190.0,-0.105,-250.0,-0.138,-3.0,-0.002
,2025-10-17 00:00:00+08:00,002320.XSHE,9.98,17387.0,8.002,16896.0,7.776,491.0,0.226,377.0,0.174,33.0,0.015
,2025-10-20 00:00:00+08:00,002320.XSHE,2.29,-10665.0,-3.172,-6072.0,-1.806,-4593.0,-1.366,-327.0,-0.097,47.0,0.014
,2025-10-21 00:00:00+08:00,002320.XSHE,2.73,822.0,0.291,3089.0,1.093,-2267.0,-0.802,-737.0,-0.261,-31.0,-0.011
,2025-10-22 00:00:00+08:00,002320.XSHE,-7.41,-12649.0,-5.63,-10855.0,-4.831,-1794.0,-0.798,-495.0,-0.22,-41.0,-0.018
,2025-10-23 00:00:00+08:00,002320.XSHE,-2.65,-10142.0,-5.945,-8860.0,-5.194,-1282.0,-0.752,-59.0,-0.035,60.0,0.035
,2025-10-24 00:00:00+08:00,002320.XSHE,2.12,15984.0,10.219,16913.0,10.813,-929.0,-0.594,-263.0,-0.168,-93.0,-0.059
,2025-10-27 00:00:00+08:00,002320.XSHE,-4.0,-21533.0,-12.924,-20229.0,-12.141,-1304.0,-0.783,-332.0,-0.199,109.0,0.065
,2025-10-28 00:00:00+08:00,002320.XSHE,4.25,12369.0,8.33,13177.0,8.874,-808.0,-0.544,-305.0,-0.205,-114.0,-0.077
,2025-10-29 00:00:00+08:00,002320.XSHE,4.31,8670.0,4.292,9539.0,4.722,-869.0,-0.43,-182.0,-0.09,-52.0,-0.026
,2025-10-30 00:00:00+08:00,002320.XSHE,-3.92,-6249.0,-4.846,-4864.0,-3.772,-1385.0,-1.074,215.0,0.167,-169.0,-0.131
,2025-10-31 00:00:00+08:00,002320.XSHE,0.52,-9419.0,-7.52,-5872.0,-4.688,-3547.0,-2.832,469.0,0.374,58.0,0.046
,2025-11-03 00:00:00+08:00,002320.XSHE,6.22,24151.0,11.863,23815.0,11.698,336.0,0.165,-360.0,-0.177,-110.0,-0.054
,2025-11-04 00:00:00+08:00,002320.XSHE,-2.58,-20408.0,-11.488,-19556.0,-11.008,-852.0,-0.48,254.0,0.143,154.0,0.087
,2025-11-05 00:00:00+08:00,002320.XSHE,10.0,20947.0,21.477,20947.0,21.477,0.0,0.0,0.0,0.0,0.0,0.0
,2025-11-06 00:00:00+08:00,002320.XSHE,-7.66,-38136.0,-13.752,-34712.0,-12.517,-3424.0,-1.235,326.0,0.118,126.0,0.045
,2025-11-07 00:00:00+08:00,002320.XSHE,4.43,-889.0,-0.407,-988.0,-0.452,99.0,0.045,-454.0,-0.208,-58.0,-0.027
,2025-11-10 00:00:00+08:00,002320.XSHE,-1.55,-9099.0,-5.001,-8814.0,-4.844,-285.0,-0.157,-93.0,-0.051,89.0,0.049
,2025-11-11 00:00:00+08:00,002320.XSHE,-5.89,-14509.0,-10.24,-12455.0,-8.79,-2054.0,-1.45,-299.0,-0.211,87.0,0.061
,2025-11-12 00:00:00+08:00,002320.XSHE,-4.15,428.0,0.428,799.0,0.799,-371.0,-0.371,-749.0,-0.749,-325.0,-0.325
,2025-11-13 00:00:00+08:00,002320.XSHE,0.38,-157.0,-0.215,36.0,0.049,-193.0,-0.264,80.0,0.109,-67.0,-0.092
,2025-11-14 00:00:00+08:00,002320.XSHE,6.5,18664.0,11.85,17061.0,10.832,1603.0,1.018,55.0,0.035,-76.0,-0.048
,2025-11-17 00:00:00+08:00,002320.XSHE,0.99,528.0,0.38,1806.0,1.3,-1278.0,-0.92,69.0,0.05,-71.0,-0.051
,2025-11-18 00:00:00+08:00,002320.XSHE,-0.77,-4531.0,-3.703,-3770.0,-3.081,-761.0,-0.622,-386.0,-0.315,-36.0,-0.029
,2025-11-19 00:00:00+08:00,002320.XSHE,-6.09,-11512.0,-11.676,-9642.0,-9.779,-1870.0,-1.897,-276.0,-0.28,-42.0,-0.043
,2025-11-20 00:00:00+08:00,002320.XSHE,2.03,7087.0,8.58,7135.0,8.638,-48.0,-0.058,-274.0,-0.332,-88.0,-0.107
,2025-11-21 00:00:00+08:00,002320.XSHE,-3.92,-5519.0,-6.72,-3223.0,-3.925,-2296.0,-2.796,-523.0,-0.637,42.0,0.051
,2025-11-24 00:00:00+08:00,002320.XSHE,-5.0,-3196.0,-3.31,-2356.0,-2.44,-840.0,-0.87,-181.0,-0.187,42.0,0.043
,2025-11-25 00:00:00+08:00,002320.XSHE,1.54,5288.0,7.712,4357.0,6.354,931.0,1.358,-334.0,-0.487,-56.0,-0.082
,2025-11-26 00:00:00+08:00,002320.XSHE,0.8,6091.0,8.421,5527.0,7.641,564.0,0.78,-302.0,-0.418,-93.0,-0.129
,2025-11-27 00:00:00+08:00,002320.XSHE,-2.54,-2628.0,-4.859,-1651.0,-3.053,-977.0,-1.807,-443.0,-0.819,-121.0,-0.224
,2025-11-28 00:00:00+08:00,002320.XSHE,3.01,7499.0,13.663,7223.0,13.16,276.0,0.503,-304.0,-0.554,73.0,0.133
,2025-12-01 00:00:00+08:00,002320.XSHE,1.5,2854.0,5.292,2705.0,5.016,149.0,0.276,-108.0,-0.2,8.0,0.015
,2025-12-02 00:00:00+08:00,002320.XSHE,1.71,3419.0,3.926,1521.0,1.746,1898.0,2.179,-194.0,-0.223,9.0,0.01
,2025-12-03 00:00:00+08:00,002320.XSHE,-2.83,-3854.0,-5.655,-2786.0,-4.088,-1068.0,-1.567,-702.0,-1.03,60.0,0.088
,2025-12-04 00:00:00+08:00,002320.XSHE,-2.68,45.0,0.089,780.0,1.546,-735.0,-1.457,-12.0,-0.024,-55.0,-0.109
,2025-12-05 00:00:00+08:00,002320.XSHE,1.05,-147.0,-0.337,783.0,1.794,-930.0,-2.131,-59.0,-0.135,6.0,0.014
,2025-12-08 00:00:00+08:00,002320.XSHE,5.45,17004.0,18.973,17715.0,19.766,-711.0,-0.793,-63.0,-0.07,-100.0,-0.112
,2025-12-09 00:00:00+08:00,002320.XSHE,-5.69,-15843.0,-19.721,-15302.0,-19.048,-541.0,-0.673,-17.0,-0.021,9.0,0.011
,2025-12-10 00:00:00+08:00,002320.XSHE,7.8,22582.0,15.715,23549.0,16.388,-967.0,-0.673,-242.0,-0.168,1912.0,1.331
,2025-12-11 00:00:00+08:00,002320.XSHE,-4.4,-15300.0,-13.338,-15056.0,-13.125,-244.0,-0.213,-523.0,-0.456,117.0,0.102
,2025-12-12 00:00:00+08:00,002320.XSHE,-2.34,-3131.0,-5.096,-2555.0,-4.159,-576.0,-0.938,-212.0,-0.345,-50.0,-0.081
,2025-12-15 00:00:00+08:00,002320.XSHE,0.64,-2160.0,-4.342,-2002.0,-4.024,-158.0,-0.318,38.0,0.076,18.0,0.036
,2025-12-16 00:00:00+08:00,002320.XSHE,-2.06,-3218.0,-6.513,-1112.0,-2.25,-2106.0,-4.262,-39.0,-0.079,35.0,0.071
,2025-12-17 00:00:00+08:00,002320.XSHE,-7.77,-8003.0,-9.305,-3485.0,-4.052,-4518.0,-5.253,-3.0,-0.003,73.0,0.085
,2025-12-18 00:00:00+08:00,002320.XSHE,-7.29,-6173.0,-7.473,-2408.0,-2.915,-3765.0,-4.558,-305.0,-0.369,0.0,0.0
,2025-12-19 00:00:00+08:00,002320.XSHE,8.42,7362.0,6.149,8241.0,6.883,-879.0,-0.734,447.0,0.373,-13.0,-0.011
,2025-12-22 00:00:00+08:00,002320.XSHE,10.03,21801.0,25.913,21797.0,25.908,4.0,0.005,15.0,0.018,0.0,0.0
,2025-12-23 00:00:00+08:00,002320.XSHE,6.5,11147.0,3.909,10196.0,3.575,951.0,0.333,-587.0,-0.206,-42.0,-0.015
,2025-12-24 00:00:00+08:00,002320.XSHE,-1.49,4648.0,2.506,4002.0,2.158,646.0,0.348,-655.0,-0.353,-118.0,-0.064
,2025-12-25 00:00:00+08:00,002320.XSHE,-4.92,-16347.0,-13.007,-16321.0,-12.986,-26.0,-0.021,-401.0,-0.319,41.0,0.033
,2025-01-02 00:00:00+08:00,002596.XSHE,-4.24,1350.0,5.932,1023.0,4.495,327.0,1.437,64.0,0.281,-49.0,-0.215
,2025-01-03 00:00:00+08:00,002596.XSHE,-7.08,-721.0,-3.327,-638.0,-2.944,-83.0,-0.383,-13.0,-0.06,-40.0,-0.185
,2025-01-06 00:00:00+08:00,002596.XSHE,-3.82,-519.0,-4.273,-309.0,-2.544,-210.0,-1.729,-215.0,-1.77,-24.0,-0.198
,2025-01-07 00:00:00+08:00,002596.XSHE,2.64,-523.0,-4.693,-126.0,-1.131,-397.0,-3.562,-172.0,-1.543,25.0,0.224
,2025-01-08 00:00:00+08:00,002596.XSHE,-1.6,-866.0,-7.917,-462.0,-4.223,-404.0,-3.693,-61.0,-0.558,-28.0,-0.256
,2025-01-09 00:00:00+08:00,002596.XSHE,-0.65,63.0,0.927,81.0,1.191,-18.0,-0.265,-53.0,-0.78,-9.0,-0.132
,2025-01-10 00:00:00+08:00,002596.XSHE,-4.61,-295.0,-2.566,-140.0,-1.218,-155.0,-1.348,-310.0,-2.697,22.0,0.191
,2025-01-13 00:00:00+08:00,002596.XSHE,-2.76,603.0,7.78,321.0,4.141,282.0,3.638,-114.0,-1.471,-32.0,-0.413
,2025-01-14 00:00:00+08:00,002596.XSHE,7.45,1407.0,12.886,1073.0,9.827,334.0,3.059,-138.0,-1.264,-5.0,-0.046
,2025-01-15 00:00:00+08:00,002596.XSHE,3.63,-313.0,-2.008,-5.0,-0.032,-308.0,-1.976,-213.0,-1.366,-26.0,-0.167
,2025-01-16 00:00:00+08:00,002596.XSHE,1.27,864.0,6.208,546.0,3.923,318.0,2.285,14.0,0.101,-57.0,-0.41
,2025-01-17 00:00:00+08:00,002596.XSHE,-1.89,-766.0,-9.964,-104.0,-1.353,-662.0,-8.611,24.0,0.312,-22.0,-0.286
,2025-01-20 00:00:00+08:00,002596.XSHE,0.0,-125.0,-2.175,0.0,0.0,-125.0,-2.175,-30.0,-0.522,-72.0,-1.253
,2025-01-21 00:00:00+08:00,002596.XSHE,-1.28,-436.0,-8.258,-114.0,-2.159,-322.0,-6.098,-260.0,-4.924,-1.0,-0.019
,2025-01-22 00:00:00+08:00,002596.XSHE,-1.95,-108.0,-2.405,0.0,0.0,-108.0,-2.405,23.0,0.512,-13.0,-0.29
,2025-01-23 00:00:00+08:00,002596.XSHE,-0.33,-362.0,-5.936,120.0,1.968,-482.0,-7.904,16.0,0.262,37.0,0.607
,2025-01-24 00:00:00+08:00,002596.XSHE,1.66,1275.0,18.711,1359.0,19.944,-84.0,-1.233,67.0,0.983,32.0,0.47
,2025-01-27 00:00:00+08:00,002596.XSHE,2.3,533.0,5.182,329.0,3.199,204.0,1.983,55.0,0.535,87.0,0.846
,2025-02-05 00:00:00+08:00,002596.XSHE,-0.96,795.0,8.432,424.0,4.497,371.0,3.935,284.0,3.012,0.0,0.0
,2025-02-06 00:00:00+08:00,002596.XSHE,0.0,-262.0,-2.484,-339.0,-3.214,77.0,0.73,62.0,0.588,-9.0,-0.085
,2025-02-07 00:00:00+08:00,002596.XSHE,10.03,1593.0,10.695,1196.0,8.03,397.0,2.665,87.0,0.584,-11.0,-0.074
,2025-02-10 00:00:00+08:00,002596.XSHE,0.88,1003.0,4.445,1217.0,5.393,-214.0,-0.948,217.0,0.962,-80.0,-0.355
,2025-02-11 00:00:00+08:00,002596.XSHE,0.29,-159.0,-0.952,97.0,0.581,-256.0,-1.533,-79.0,-0.473,22.0,0.132
,2025-02-12 00:00:00+08:00,002596.XSHE,1.74,261.0,1.349,943.0,4.875,-682.0,-3.526,56.0,0.29,0.0,0.0
,2025-02-13 00:00:00+08:00,002596.XSHE,0.29,2407.0,14.829,1523.0,9.383,884.0,5.446,-19.0,-0.117,-3.0,-0.018
,2025-02-14 00:00:00+08:00,002596.XSHE,-3.69,-280.0,-1.799,184.0,1.182,-464.0,-2.982,-324.0,-2.082,-81.0,-0.521
,2025-02-17 00:00:00+08:00,002596.XSHE,1.78,713.0,6.078,781.0,6.658,-68.0,-0.58,-112.0,-0.955,-65.0,-0.554
,2025-02-18 00:00:00+08:00,002596.XSHE,-1.74,-419.0,-2.575,-13.0,-0.08,-406.0,-2.495,-37.0,-0.227,-15.0,-0.092
,2025-02-19 00:00:00+08:00,002596.XSHE,1.78,-1024.0,-7.119,-584.0,-4.06,-440.0,-3.059,149.0,1.036,61.0,0.424
,2025-02-20 00:00:00+08:00,002596.XSHE,0.0,1080.0,7.116,886.0,5.837,194.0,1.278,-223.0,-1.469,-40.0,-0.264
,2025-02-21 00:00:00+08:00,002596.XSHE,0.58,1640.0,12.547,1784.0,13.649,-144.0,-1.102,-33.0,-0.252,15.0,0.115
,2025-02-24 00:00:00+08:00,002596.XSHE,0.0,-55.0,-0.342,669.0,4.161,-724.0,-4.504,44.0,0.274,-21.0,-0.131
,2025-02-25 00:00:00+08:00,002596.XSHE,-1.44,45.0,0.348,517.0,3.995,-472.0,-3.647,-179.0,-1.383,-100.0,-0.773
,2025-02-26 00:00:00+08:00,002596.XSHE,2.64,2200.0,13.082,2385.0,14.182,-185.0,-1.1,-86.0,-0.511,-68.0,-0.404
,2025-02-27 00:00:00+08:00,002596.XSHE,10.0,3133.0,9.831,2448.0,7.682,685.0,2.15,49.0,0.154,0.0,0.0
,2025-02-28 00:00:00+08:00,002596.XSHE,-6.49,-113.0,-0.277,-324.0,-0.794,211.0,0.517,609.0,1.493,103.0,0.252
,2025-03-03 00:00:00+08:00,002596.XSHE,-0.28,586.0,2.655,554.0,2.51,32.0,0.145,113.0,0.512,-19.0,-0.086
,2025-03-04 00:00:00+08:00,002596.XSHE,-0.28,-150.0,-1.113,-87.0,-0.646,-63.0,-0.467,-110.0,-0.816,-28.0,-0.208
,2025-03-05 00:00:00+08:00,002596.XSHE,3.1,1796.0,8.491,1216.0,5.749,580.0,2.742,-100.0,-0.473,-47.0,-0.222
,2025-03-06 00:00:00+08:00,002596.XSHE,1.1,1101.0,4.269,993.0,3.85,108.0,0.419,42.0,0.163,-32.0,-0.124
,2025-03-07 00:00:00+08:00,002596.XSHE,-2.16,-256.0,-1.678,-546.0,-3.578,290.0,1.9,-194.0,-1.271,-6.0,-0.039
,2025-03-10 00:00:00+08:00,002596.XSHE,3.05,2426.0,8.905,3492.0,12.818,-1066.0,-3.913,-9.0,-0.033,127.0,0.466
,2025-03-11 00:00:00+08:00,002596.XSHE,0.27,1401.0,7.893,876.0,4.935,525.0,2.958,43.0,0.242,-80.0,-0.451
,2025-03-12 00:00:00+08:00,002596.XSHE,0.27,633.0,4.313,927.0,6.316,-294.0,-2.003,60.0,0.409,9.0,0.061
,2025-03-13 00:00:00+08:00,002596.XSHE,-2.41,-183.0,-1.046,-78.0,-0.446,-105.0,-0.6,130.0,0.743,-31.0,-0.177
,2025-03-14 00:00:00+08:00,002596.XSHE,3.02,2016.0,7.33,1512.0,5.497,504.0,1.832,-132.0,-0.48,25.0,0.091
,2025-03-17 00:00:00+08:00,002596.XSHE,4.0,2909.0,8.628,2348.0,6.964,561.0,1.664,-173.0,-0.513,-26.0,-0.077
,2025-03-18 00:00:00+08:00,002596.XSHE,0.77,148.0,0.991,-144.0,-0.964,292.0,1.954,-26.0,-0.174,-20.0,-0.134
,2025-03-19 00:00:00+08:00,002596.XSHE,0.51,-336.0,-1.928,-13.0,-0.075,-323.0,-1.853,-76.0,-0.436,-34.0,-0.195
,2025-03-20 00:00:00+08:00,002596.XSHE,2.29,1213.0,5.046,697.0,2.899,516.0,2.146,322.0,1.339,18.0,0.075
,2025-03-21 00:00:00+08:00,002596.XSHE,-2.49,-88.0,-0.322,144.0,0.527,-232.0,-0.849,-236.0,-0.863,-19.0,-0.07
,2025-03-24 00:00:00+08:00,002596.XSHE,-9.97,-1636.0,-4.762,-1011.0,-2.943,-625.0,-1.819,-426.0,-1.24,70.0,0.204
,2025-03-25 00:00:00+08:00,002596.XSHE,-1.7,-788.0,-4.873,-638.0,-3.945,-150.0,-0.928,-283.0,-1.75,21.0,0.13
,2025-03-26 00:00:00+08:00,002596.XSHE,3.76,963.0,5.669,758.0,4.462,205.0,1.207,84.0,0.494,-43.0,-0.253
,2025-03-27 00:00:00+08:00,002596.XSHE,-1.12,1559.0,12.78,1255.0,10.288,304.0,2.492,-25.0,-0.205,-37.0,-0.303
,2025-03-28 00:00:00+08:00,002596.XSHE,-1.69,-78.0,-1.162,-207.0,-3.084,129.0,1.922,81.0,1.207,10.0,0.149
,2025-03-31 00:00:00+08:00,002596.XSHE,-4.29,-1657.0,-10.81,-1226.0,-7.998,-431.0,-2.812,-375.0,-2.446,35.0,0.228
,2025-04-01 00:00:00+08:00,002596.XSHE,2.99,-84.0,-0.669,-46.0,-0.367,-38.0,-0.303,132.0,1.052,15.0,0.12
,2025-04-02 00:00:00+08:00,002596.XSHE,-0.58,89.0,1.544,289.0,5.013,-200.0,-3.469,-124.0,-2.151,24.0,0.416
,2025-04-03 00:00:00+08:00,002596.XSHE,1.47,145.0,1.594,307.0,3.374,-162.0,-1.781,-193.0,-2.121,-31.0,-0.341
,2025-04-07 00:00:00+08:00,002596.XSHE,-10.09,-404.0,-4.219,-277.0,-2.893,-127.0,-1.326,-136.0,-1.42,13.0,0.136
,2025-04-08 00:00:00+08:00,002596.XSHE,0.96,1032.0,7.47,249.0,1.802,783.0,5.668,-80.0,-0.579,30.0,0.217
,2025-04-09 00:00:00+08:00,002596.XSHE,2.87,-57.0,-0.339,-334.0,-1.988,277.0,1.649,272.0,1.619,18.0,0.107
,2025-04-10 00:00:00+08:00,002596.XSHE,0.62,-622.0,-4.562,277.0,2.032,-899.0,-6.594,-53.0,-0.389,-22.0,-0.161
,2025-04-11 00:00:00+08:00,002596.XSHE,1.85,882.0,6.82,1187.0,9.178,-305.0,-2.358,43.0,0.332,2.0,0.015
,2025-04-14 00:00:00+08:00,002596.XSHE,4.86,904.0,4.4,1249.0,6.079,-345.0,-1.679,-102.0,-0.496,56.0,0.273
,2025-04-15 00:00:00+08:00,002596.XSHE,-2.61,739.0,5.903,57.0,0.455,682.0,5.447,116.0,0.927,-16.0,-0.128
,2025-04-16 00:00:00+08:00,002596.XSHE,-2.08,42.0,0.474,-378.0,-4.268,420.0,4.742,43.0,0.485,18.0,0.203
,2025-04-17 00:00:00+08:00,002596.XSHE,2.74,1060.0,12.29,708.0,8.209,352.0,4.081,195.0,2.261,-5.0,-0.058
,2025-04-18 00:00:00+08:00,002596.XSHE,-0.89,-700.0,-13.677,-394.0,-7.698,-306.0,-5.979,-42.0,-0.821,-30.0,-0.586
,2025-04-21 00:00:00+08:00,002596.XSHE,2.71,515.0,5.826,304.0,3.439,211.0,2.387,4.0,0.045,-36.0,-0.407
,2025-04-22 00:00:00+08:00,002596.XSHE,1.17,304.0,3.381,415.0,4.615,-111.0,-1.234,43.0,0.478,-12.0,-0.133
,2025-04-23 00:00:00+08:00,002596.XSHE,-0.87,-83.0,-1.313,-232.0,-3.67,149.0,2.357,-8.0,-0.127,-54.0,-0.854
,2025-04-24 00:00:00+08:00,002596.XSHE,1.76,730.0,7.062,426.0,4.121,304.0,2.941,62.0,0.6,-27.0,-0.261
,2025-04-25 00:00:00+08:00,002596.XSHE,-1.45,-661.0,-12.583,-455.0,-8.662,-206.0,-3.922,-133.0,-2.532,43.0,0.819
,2025-04-28 00:00:00+08:00,002596.XSHE,1.17,734.0,8.783,1003.0,12.002,-269.0,-3.219,-3.0,-0.036,-6.0,-0.072
,2025-04-29 00:00:00+08:00,002596.XSHE,1.16,731.0,10.979,556.0,8.351,175.0,2.628,15.0,0.225,9.0,0.135
,2025-04-30 00:00:00+08:00,002596.XSHE,2.59,1234.0,9.812,1143.0,9.089,91.0,0.724,168.0,1.336,20.0,0.159
,2025-05-06 00:00:00+08:00,002596.XSHE,3.92,1820.0,14.416,1491.0,11.81,329.0,2.606,-18.0,-0.143,15.0,0.119
,2025-05-07 00:00:00+08:00,002596.XSHE,-0.54,510.0,4.019,-79.0,-0.622,589.0,4.641,-288.0,-2.269,-83.0,-0.654
,2025-05-08 00:00:00+08:00,002596.XSHE,-0.27,-82.0,-1.106,132.0,1.781,-214.0,-2.887,-163.0,-2.199,-73.0,-0.985
,2025-05-09 00:00:00+08:00,002596.XSHE,1.35,682.0,7.093,392.0,4.077,290.0,3.016,148.0,1.539,-12.0,-0.125
,2025-05-12 00:00:00+08:00,002596.XSHE,-1.86,-543.0,-5.225,-371.0,-3.57,-172.0,-1.655,-225.0,-2.165,-54.0,-0.52
,2025-05-13 00:00:00+08:00,002596.XSHE,-1.08,-43.0,-0.552,-274.0,-3.516,231.0,2.965,-208.0,-2.669,16.0,0.205
,2025-05-14 00:00:00+08:00,002596.XSHE,0.55,-36.0,-0.662,3.0,0.055,-39.0,-0.718,-280.0,-5.152,9.0,0.166
,2025-05-15 00:00:00+08:00,002596.XSHE,0.27,1158.0,23.725,734.0,15.038,424.0,8.687,-37.0,-0.758,-62.0,-1.27
,2025-05-16 00:00:00+08:00,002596.XSHE,-0.27,-271.0,-4.566,-297.0,-5.004,26.0,0.438,-5.0,-0.084,-11.0,-0.185
,2025-05-19 00:00:00+08:00,002596.XSHE,1.37,288.0,5.207,293.0,5.297,-5.0,-0.09,-24.0,-0.434,64.0,1.157
,2025-05-20 00:00:00+08:00,002596.XSHE,0.81,-536.0,-7.02,356.0,4.663,-892.0,-11.683,149.0,1.952,-51.0,-0.668
,2025-05-21 00:00:00+08:00,002596.XSHE,-0.53,-651.0,-12.717,-727.0,-14.202,76.0,1.485,-176.0,-3.438,-42.0,-0.82
,2025-05-22 00:00:00+08:00,002596.XSHE,-0.81,197.0,3.207,392.0,6.381,-195.0,-3.174,3.0,0.049,-2.0,-0.033
,2025-05-23 00:00:00+08:00,002596.XSHE,-1.9,-1029.0,-11.728,-192.0,-2.188,-837.0,-9.54,52.0,0.593,16.0,0.182
,2025-05-26 00:00:00+08:00,002596.XSHE,-3.33,-3396.0,-18.894,-2701.0,-15.027,-695.0,-3.867,-177.0,-0.985,98.0,0.545
,2025-05-27 00:00:00+08:00,002596.XSHE,-0.29,756.0,9.266,968.0,11.864,-212.0,-2.598,-228.0,-2.794,-26.0,-0.319
,2025-05-28 00:00:00+08:00,002596.XSHE,-0.58,31.0,0.411,-52.0,-0.689,83.0,1.1,9.0,0.119,37.0,0.49
,2025-05-29 00:00:00+08:00,002596.XSHE,0.58,49.0,0.6,125.0,1.531,-76.0,-0.931,-72.0,-0.882,105.0,1.286
,2025-05-30 00:00:00+08:00,002596.XSHE,-2.61,-594.0,-11.345,-574.0,-10.963,-20.0,-0.382,-126.0,-2.406,21.0,0.401
,2025-06-03 00:00:00+08:00,002596.XSHE,0.6,232.0,5.451,-197.0,-4.629,429.0,10.08,87.0,2.044,-4.0,-0.094
,2025-06-04 00:00:00+08:00,002596.XSHE,6.51,3205.0,18.611,2735.0,15.882,470.0,2.729,-45.0,-0.261,1.0,0.006
,2025-06-05 00:00:00+08:00,002596.XSHE,-3.34,-222.0,-2.071,-331.0,-3.087,109.0,1.017,39.0,0.364,31.0,0.289
,2025-06-06 00:00:00+08:00,002596.XSHE,7.2,4148.0,8.218,4084.0,8.091,64.0,0.127,-29.0,-0.057,-104.0,-0.206
,2025-06-09 00:00:00+08:00,002596.XSHE,-1.88,819.0,2.296,-578.0,-1.62,1397.0,3.916,177.0,0.496,48.0,0.135
,2025-06-10 00:00:00+08:00,002596.XSHE,-1.36,-796.0,-4.488,-1200.0,-6.766,404.0,2.278,-83.0,-0.468,-18.0,-0.101
,2025-06-11 00:00:00+08:00,002596.XSHE,0.28,1764.0,11.862,1093.0,7.35,671.0,4.512,174.0,1.17,45.0,0.303
,2025-06-12 00:00:00+08:00,002596.XSHE,-0.82,324.0,3.249,152.0,1.524,172.0,1.725,-75.0,-0.752,6.0,0.06
,2025-06-13 00:00:00+08:00,002596.XSHE,0.55,1555.0,11.038,1312.0,9.313,243.0,1.725,-99.0,-0.703,-33.0,-0.234
,2025-06-16 00:00:00+08:00,002596.XSHE,0.28,2168.0,21.97,1428.0,14.471,740.0,7.499,424.0,4.297,14.0,0.142
,2025-06-17 00:00:00+08:00,002596.XSHE,2.47,1856.0,12.992,1847.0,12.929,9.0,0.063,25.0,0.175,42.0,0.294
,2025-06-18 00:00:00+08:00,002596.XSHE,-0.54,-1147.0,-7.905,-859.0,-5.92,-288.0,-1.985,96.0,0.662,175.0,1.206
,2025-06-19 00:00:00+08:00,002596.XSHE,-2.97,-225.0,-2.208,-427.0,-4.191,202.0,1.983,-14.0,-0.137,-10.0,-0.098
,2025-06-20 00:00:00+08:00,002596.XSHE,-0.84,402.0,4.395,1157.0,12.65,-755.0,-8.255,75.0,0.82,96.0,1.05
,2025-06-23 00:00:00+08:00,002596.XSHE,1.97,1318.0,13.984,901.0,9.56,417.0,4.424,57.0,0.605,-73.0,-0.775
,2025-06-24 00:00:00+08:00,002596.XSHE,0.55,148.0,1.95,671.0,8.842,-523.0,-6.892,-79.0,-1.041,-46.0,-0.606
,2025-06-25 00:00:00+08:00,002596.XSHE,1.65,471.0,3.738,906.0,7.189,-435.0,-3.452,-125.0,-0.992,-45.0,-0.357
,2025-06-26 00:00:00+08:00,002596.XSHE,2.44,2413.0,11.207,2213.0,10.278,200.0,0.929,-34.0,-0.158,-104.0,-0.483
,2025-06-27 00:00:00+08:00,002596.XSHE,-0.53,255.0,3.301,237.0,3.068,18.0,0.233,66.0,0.854,-58.0,-0.751
,2025-06-30 00:00:00+08:00,002596.XSHE,2.4,418.0,3.565,249.0,2.123,169.0,1.441,-90.0,-0.768,-93.0,-0.793
,2025-07-01 00:00:00+08:00,002596.XSHE,-1.3,436.0,3.536,-11.0,-0.089,447.0,3.626,-167.0,-1.355,12.0,0.097
,2025-07-02 00:00:00+08:00,002596.XSHE,-1.05,140.0,1.455,-39.0,-0.405,179.0,1.86,-437.0,-4.54,-59.0,-0.613
,2025-07-03 00:00:00+08:00,002596.XSHE,0.26,-49.0,-0.57,483.0,5.621,-532.0,-6.191,-84.0,-0.978,-31.0,-0.361
,2025-07-04 00:00:00+08:00,002596.XSHE,1.06,1290.0,10.317,1617.0,12.932,-327.0,-2.615,21.0,0.168,4.0,0.032
,2025-07-07 00:00:00+08:00,002596.XSHE,-2.09,66.0,0.747,35.0,0.396,31.0,0.351,-59.0,-0.668,-27.0,-0.306
,2025-07-08 00:00:00+08:00,002596.XSHE,2.13,1672.0,13.674,1182.0,9.666,490.0,4.007,-51.0,-0.417,-25.0,-0.204
,2025-07-09 00:00:00+08:00,002596.XSHE,0.52,849.0,6.726,1271.0,10.07,-422.0,-3.343,-158.0,-1.252,-40.0,-0.317
,2025-07-10 00:00:00+08:00,002596.XSHE,1.04,1595.0,11.116,1550.0,10.802,45.0,0.314,-200.0,-1.394,-60.0,-0.418
,2025-07-11 00:00:00+08:00,002596.XSHE,-1.81,-1834.0,-12.223,-1605.0,-10.696,-229.0,-1.526,-62.0,-0.413,-18.0,-0.12
,2025-07-14 00:00:00+08:00,002596.XSHE,3.16,3084.0,17.158,2829.0,15.739,255.0,1.419,-201.0,-1.118,-22.0,-0.122
,2025-07-15 00:00:00+08:00,002596.XSHE,-2.54,-1335.0,-8.748,-1324.0,-8.676,-11.0,-0.072,195.0,1.278,-2.0,-0.013
,2025-07-16 00:00:00+08:00,002596.XSHE,4.7,5184.0,9.403,5180.0,9.395,4.0,0.007,-52.0,-0.094,28.0,0.051
,2025-07-17 00:00:00+08:00,002596.XSHE,6.73,11179.0,14.31,11554.0,14.79,-375.0,-0.48,66.0,0.084,-48.0,-0.061
,2025-07-18 00:00:00+08:00,002596.XSHE,1.4,3539.0,6.063,2658.0,4.553,881.0,1.509,340.0,0.582,16.0,0.027
,2025-07-21 00:00:00+08:00,002596.XSHE,8.31,10490.0,7.973,11579.0,8.8,-1089.0,-0.828,24.0,0.018,129.0,0.098
,2025-07-22 00:00:00+08:00,002596.XSHE,4.9,-6014.0,-4.315,-5432.0,-3.897,-582.0,-0.418,123.0,0.088,90.0,0.065
,2025-07-23 00:00:00+08:00,002596.XSHE,-9.94,-3356.0,-3.063,-104.0,-0.095,-3252.0,-2.968,119.0,0.109,29.0,0.026
,2025-07-24 00:00:00+08:00,002596.XSHE,9.91,17499.0,16.225,16674.0,15.46,825.0,0.765,160.0,0.148,0.0,0.0
,2025-07-25 00:00:00+08:00,002596.XSHE,-8.2,-6512.0,-6.098,-4375.0,-4.097,-2137.0,-2.001,-1.0,-0.001,21.0,0.02
,2025-07-28 00:00:00+08:00,002596.XSHE,-5.84,1723.0,2.74,3081.0,4.899,-1358.0,-2.16,91.0,0.145,-22.0,-0.035
,2025-07-29 00:00:00+08:00,002596.XSHE,-2.62,-315.0,-0.795,173.0,0.437,-488.0,-1.232,7.0,0.018,-48.0,-0.121
,2025-07-30 00:00:00+08:00,002596.XSHE,-0.98,-1593.0,-4.851,-553.0,-1.684,-1040.0,-3.167,-103.0,-0.314,-86.0,-0.262
,2025-07-31 00:00:00+08:00,002596.XSHE,-3.21,70.0,0.207,-216.0,-0.64,286.0,0.847,-155.0,-0.459,-85.0,-0.252
,2025-08-01 00:00:00+08:00,002596.XSHE,-0.76,702.0,4.433,621.0,3.921,81.0,0.511,-207.0,-1.307,-92.0,-0.581
,2025-08-04 00:00:00+08:00,002596.XSHE,0.0,-1181.0,-7.449,-117.0,-0.738,-1064.0,-6.711,-246.0,-1.552,59.0,0.372
,2025-08-05 00:00:00+08:00,002596.XSHE,0.0,-1658.0,-11.301,-1346.0,-9.175,-312.0,-2.127,-257.0,-1.752,-2.0,-0.014
,2025-08-06 00:00:00+08:00,002596.XSHE,-0.77,223.0,1.42,56.0,0.356,167.0,1.063,-239.0,-1.521,11.0,0.07
,2025-08-07 00:00:00+08:00,002596.XSHE,1.04,401.0,2.758,-14.0,-0.096,415.0,2.854,27.0,0.186,-7.0,-0.048
,2025-08-08 00:00:00+08:00,002596.XSHE,1.03,-426.0,-2.352,-580.0,-3.202,154.0,0.85,347.0,1.916,-64.0,-0.353
,2025-08-11 00:00:00+08:00,002596.XSHE,0.51,432.0,2.316,1097.0,5.882,-665.0,-3.565,-223.0,-1.196,-31.0,-0.166
,2025-08-12 00:00:00+08:00,002596.XSHE,-1.77,-401.0,-2.533,-142.0,-0.897,-259.0,-1.636,-87.0,-0.55,-31.0,-0.196
,2025-08-13 00:00:00+08:00,002596.XSHE,-1.8,-2285.0,-11.49,-434.0,-2.182,-1851.0,-9.308,-354.0,-1.78,32.0,0.161
,2025-08-14 00:00:00+08:00,002596.XSHE,-3.4,1448.0,6.337,1335.0,5.842,113.0,0.495,-472.0,-2.066,-58.0,-0.254
,2025-08-15 00:00:00+08:00,002596.XSHE,0.54,2194.0,16.509,2356.0,17.728,-162.0,-1.219,-170.0,-1.279,-47.0,-0.354
,2025-08-18 00:00:00+08:00,002596.XSHE,1.62,-834.0,-5.386,-594.0,-3.836,-240.0,-1.55,-60.0,-0.387,-23.0,-0.149
,2025-08-19 00:00:00+08:00,002596.XSHE,-0.27,-883.0,-6.833,-1124.0,-8.698,241.0,1.865,-84.0,-0.65,-29.0,-0.224
,2025-08-20 00:00:00+08:00,002596.XSHE,0.53,958.0,7.626,449.0,3.574,509.0,4.052,-110.0,-0.876,22.0,0.175
,2025-08-21 00:00:00+08:00,002596.XSHE,-0.53,-4.0,-0.029,278.0,2.008,-282.0,-2.037,-58.0,-0.419,-49.0,-0.354
,2025-08-22 00:00:00+08:00,002596.XSHE,0.8,647.0,4.536,1018.0,7.137,-371.0,-2.601,-278.0,-1.949,92.0,0.645
,2025-08-25 00:00:00+08:00,002596.XSHE,1.6,1978.0,8.395,1924.0,8.166,54.0,0.229,90.0,0.382,-48.0,-0.204
,2025-08-26 00:00:00+08:00,002596.XSHE,-0.79,-1059.0,-5.43,-329.0,-1.687,-730.0,-3.743,27.0,0.138,18.0,0.092
,2025-08-27 00:00:00+08:00,002596.XSHE,-2.89,-3651.0,-15.665,-2986.0,-12.812,-665.0,-2.853,-382.0,-1.639,-12.0,-0.051
,2025-08-28 00:00:00+08:00,002596.XSHE,-0.82,9.0,0.066,164.0,1.197,-155.0,-1.131,-172.0,-1.255,-54.0,-0.394
,2025-08-29 00:00:00+08:00,002596.XSHE,-0.55,282.0,3.058,318.0,3.449,-36.0,-0.39,-101.0,-1.095,-9.0,-0.098
,2025-09-01 00:00:00+08:00,002596.XSHE,-0.83,-272.0,-2.439,-191.0,-1.713,-81.0,-0.726,-162.0,-1.453,-19.0,-0.17
,2025-09-02 00:00:00+08:00,002596.XSHE,-1.39,-28.0,-0.241,-134.0,-1.151,106.0,0.911,-81.0,-0.696,-99.0,-0.85
,2025-09-03 00:00:00+08:00,002596.XSHE,-2.54,-227.0,-2.322,199.0,2.035,-426.0,-4.357,-222.0,-2.271,-43.0,-0.44
,2025-09-04 00:00:00+08:00,002596.XSHE,3.47,796.0,3.778,834.0,3.958,-38.0,-0.18,5.0,0.024,-15.0,-0.071
,2025-09-05 00:00:00+08:00,002596.XSHE,1.12,271.0,2.287,52.0,0.439,219.0,1.848,26.0,0.219,8.0,0.068
,2025-09-08 00:00:00+08:00,002596.XSHE,-0.28,26.0,0.266,22.0,0.225,4.0,0.041,-37.0,-0.378,-25.0,-0.255
,2025-09-09 00:00:00+08:00,002596.XSHE,-0.83,-552.0,-8.149,-387.0,-5.713,-165.0,-2.436,-65.0,-0.96,0.0,0.0
,2025-09-10 00:00:00+08:00,002596.XSHE,3.07,1996.0,9.935,1505.0,7.491,491.0,2.444,-111.0,-0.553,-31.0,-0.154
,2025-09-11 00:00:00+08:00,002596.XSHE,0.27,-919.0,-5.617,-91.0,-0.556,-828.0,-5.061,-179.0,-1.094,94.0,0.575
,2025-09-12 00:00:00+08:00,002596.XSHE,1.08,2108.0,10.454,1528.0,7.578,580.0,2.876,-7.0,-0.035,4.0,0.02
,2025-09-15 00:00:00+08:00,002596.XSHE,0.0,606.0,4.704,-92.0,-0.714,698.0,5.418,219.0,1.7,-71.0,-0.551
,2025-09-16 00:00:00+08:00,002596.XSHE,2.13,4546.0,22.886,4419.0,22.246,127.0,0.639,-57.0,-0.287,-69.0,-0.347
,2025-09-17 00:00:00+08:00,002596.XSHE,-2.35,-1743.0,-12.277,-1334.0,-9.396,-409.0,-2.881,-30.0,-0.211,-120.0,-0.845
,2025-09-18 00:00:00+08:00,002596.XSHE,-0.8,1023.0,5.872,1504.0,8.633,-481.0,-2.761,-314.0,-1.802,37.0,0.212
,2025-09-19 00:00:00+08:00,002596.XSHE,-0.27,605.0,5.69,814.0,7.656,-209.0,-1.966,74.0,0.696,-47.0,-0.442
,2025-09-22 00:00:00+08:00,002596.XSHE,-0.81,-488.0,-5.731,-574.0,-6.741,86.0,1.01,-196.0,-2.302,-108.0,-1.268
,2025-09-23 00:00:00+08:00,002596.XSHE,-1.09,-434.0,-3.502,149.0,1.202,-583.0,-4.704,121.0,0.976,22.0,0.178
,2025-09-24 00:00:00+08:00,002596.XSHE,1.1,1084.0,11.298,1332.0,13.882,-248.0,-2.585,133.0,1.386,13.0,0.135
,2025-09-25 00:00:00+08:00,002596.XSHE,-0.81,-251.0,-2.341,292.0,2.723,-543.0,-5.064,-74.0,-0.69,58.0,0.541
,2025-09-26 00:00:00+08:00,002596.XSHE,4.92,5016.0,13.465,3863.0,10.37,1153.0,3.095,404.0,1.085,-1.0,-0.003
,2025-09-29 00:00:00+08:00,002596.XSHE,2.34,1855.0,6.596,1374.0,4.886,481.0,1.71,158.0,0.562,1.0,0.004
,2025-09-30 00:00:00+08:00,002596.XSHE,-0.25,-464.0,-2.157,-1003.0,-4.662,539.0,2.505,-143.0,-0.665,-33.0,-0.153
,2025-10-09 00:00:00+08:00,002596.XSHE,-2.54,-1667.0,-9.091,-1126.0,-6.141,-541.0,-2.95,-235.0,-1.282,4.0,0.022
,2025-10-10 00:00:00+08:00,002596.XSHE,2.08,750.0,2.643,1803.0,6.354,-1053.0,-3.711,-126.0,-0.444,18.0,0.063
,2025-10-13 00:00:00+08:00,002596.XSHE,-1.78,309.0,1.972,-143.0,-0.913,452.0,2.885,-64.0,-0.409,-53.0,-0.338
,2025-10-14 00:00:00+08:00,002596.XSHE,0.78,1844.0,9.933,950.0,5.117,894.0,4.816,-94.0,-0.506,-4.0,-0.022
,2025-10-15 00:00:00+08:00,002596.XSHE,1.29,784.0,7.258,427.0,3.953,357.0,3.305,-133.0,-1.231,-17.0,-0.157
,2025-10-16 00:00:00+08:00,002596.XSHE,2.28,3207.0,8.861,3413.0,9.43,-206.0,-0.569,29.0,0.08,-6.0,-0.017
,2025-10-17 00:00:00+08:00,002596.XSHE,0.0,-468.0,-1.097,217.0,0.508,-685.0,-1.605,-151.0,-0.354,46.0,0.108
,2025-10-20 00:00:00+08:00,002596.XSHE,0.99,1808.0,3.82,2331.0,4.925,-523.0,-1.105,-1021.0,-2.157,116.0,0.245
,2025-10-21 00:00:00+08:00,002596.XSHE,2.21,3478.0,8.47,2257.0,5.496,1221.0,2.973,50.0,0.122,-147.0,-0.358
,2025-10-22 00:00:00+08:00,002596.XSHE,-2.16,418.0,1.504,343.0,1.234,75.0,0.27,-17.0,-0.061,-118.0,-0.424
,2025-10-23 00:00:00+08:00,002596.XSHE,1.23,130.0,0.612,250.0,1.176,-120.0,-0.565,-288.0,-1.355,18.0,0.085
,2025-10-24 00:00:00+08:00,002596.XSHE,-2.92,953.0,3.75,827.0,3.254,126.0,0.496,-339.0,-1.334,-7.0,-0.028
,2025-10-27 00:00:00+08:00,002596.XSHE,-2.26,884.0,3.97,1426.0,6.404,-542.0,-2.434,-156.0,-0.701,-58.0,-0.26
,2025-10-28 00:00:00+08:00,002596.XSHE,0.77,1622.0,9.505,1388.0,8.134,234.0,1.371,30.0,0.176,-86.0,-0.504
,2025-10-29 00:00:00+08:00,002596.XSHE,3.56,3494.0,9.086,3603.0,9.369,-109.0,-0.283,-55.0,-0.143,16.0,0.042
,2025-10-30 00:00:00+08:00,002596.XSHE,3.45,7634.0,16.152,7280.0,15.403,354.0,0.749,206.0,0.436,-70.0,-0.148
,2025-10-31 00:00:00+08:00,002596.XSHE,2.14,-1654.0,-3.864,-1647.0,-3.847,-7.0,-0.016,329.0,0.769,-28.0,-0.065
,2025-11-03 00:00:00+08:00,002596.XSHE,5.12,743.0,1.26,2627.0,4.455,-1884.0,-3.195,-23.0,-0.039,21.0,0.036
,2025-11-04 00:00:00+08:00,002596.XSHE,-0.22,3140.0,6.423,2074.0,4.242,1066.0,2.18,84.0,0.172,-52.0,-0.106
,2025-11-05 00:00:00+08:00,002596.XSHE,2.45,-974.0,-1.395,-590.0,-0.845,-384.0,-0.55,-259.0,-0.371,29.0,0.042
,2025-11-06 00:00:00+08:00,002596.XSHE,-6.06,-1503.0,-2.253,-1096.0,-1.643,-407.0,-0.61,-847.0,-1.27,-57.0,-0.085
,2025-11-07 00:00:00+08:00,002596.XSHE,1.84,-382.0,-0.609,6.0,0.01,-388.0,-0.618,326.0,0.52,-68.0,-0.108
,2025-11-10 00:00:00+08:00,002596.XSHE,0.23,-1003.0,-1.761,432.0,0.759,-1435.0,-2.52,-227.0,-0.399,8.0,0.014
,2025-11-11 00:00:00+08:00,002596.XSHE,2.03,4384.0,10.596,4621.0,11.169,-237.0,-0.573,-122.0,-0.295,130.0,0.314
,2025-11-12 00:00:00+08:00,002596.XSHE,0.44,1962.0,6.016,1472.0,4.514,490.0,1.502,-228.0,-0.699,-44.0,-0.135
,2025-11-13 00:00:00+08:00,002596.XSHE,0.66,2016.0,4.553,3052.0,6.893,-1036.0,-2.34,202.0,0.456,-88.0,-0.199
,2025-11-14 00:00:00+08:00,002596.XSHE,5.48,6108.0,8.535,6569.0,9.179,-461.0,-0.644,-117.0,-0.163,-70.0,-0.098
,2025-11-17 00:00:00+08:00,002596.XSHE,5.83,674.0,0.768,2061.0,2.348,-1387.0,-1.58,-146.0,-0.166,-10.0,-0.011
,2025-11-18 00:00:00+08:00,002596.XSHE,2.36,-328.0,-0.359,43.0,0.047,-371.0,-0.406,-26.0,-0.028,19.0,0.021
,2025-11-19 00:00:00+08:00,002596.XSHE,-8.65,-7329.0,-10.561,-5717.0,-8.238,-1612.0,-2.323,-347.0,-0.5,-54.0,-0.078
,2025-11-20 00:00:00+08:00,002596.XSHE,3.16,-1640.0,-3.037,-539.0,-0.998,-1101.0,-2.039,-98.0,-0.181,98.0,0.181
,2025-11-21 00:00:00+08:00,002596.XSHE,5.71,10183.0,8.358,12365.0,10.149,-2182.0,-1.791,-86.0,-0.071,25.0,0.021
,2025-11-24 00:00:00+08:00,002596.XSHE,-5.78,-6307.0,-7.493,-4945.0,-5.875,-1362.0,-1.618,-251.0,-0.298,-8.0,-0.01
,2025-11-25 00:00:00+08:00,002596.XSHE,10.02,6219.0,8.003,6328.0,8.144,-109.0,-0.14,-537.0,-0.691,79.0,0.102
,2025-11-26 00:00:00+08:00,002596.XSHE,10.04,3850.0,5.869,3850.0,5.869,0.0,0.0,0.0,0.0,0.0,0.0
,2025-11-27 00:00:00+08:00,002596.XSHE,-2.53,1086.0,0.644,2083.0,1.235,-997.0,-0.591,-533.0,-0.316,-35.0,-0.021
,2025-11-28 00:00:00+08:00,002596.XSHE,10.07,18049.0,13.041,17658.0,12.758,391.0,0.283,73.0,0.053,-45.0,-0.033
,2025-12-01 00:00:00+08:00,002596.XSHE,8.2,4544.0,2.099,7748.0,3.58,-3204.0,-1.48,223.0,0.103,1.0,0.0
,2025-12-02 00:00:00+08:00,002596.XSHE,-2.09,-17206.0,-11.216,-18553.0,-12.095,1347.0,0.878,206.0,0.134,81.0,0.053
,2025-12-03 00:00:00+08:00,002596.XSHE,-2.43,-138.0,-0.087,2147.0,1.36,-2285.0,-1.447,-13.0,-0.008,12.0,0.008
,2025-12-04 00:00:00+08:00,002596.XSHE,-10.0,-3250.0,-2.625,-2671.0,-2.158,-579.0,-0.468,-149.0,-0.12,48.0,0.039
,2025-12-05 00:00:00+08:00,002596.XSHE,6.25,10943.0,9.428,12055.0,10.386,-1112.0,-0.958,-335.0,-0.289,-56.0,-0.048
,2025-12-08 00:00:00+08:00,002596.XSHE,3.27,-1382.0,-1.231,-1074.0,-0.957,-308.0,-0.274,-119.0,-0.106,32.0,0.029
,2025-12-09 00:00:00+08:00,002596.XSHE,-5.71,-1772.0,-2.152,699.0,0.849,-2471.0,-3.001,125.0,0.152,-97.0,-0.118
,2025-12-10 00:00:00+08:00,002596.XSHE,9.95,18001.0,17.057,18948.0,17.954,-947.0,-0.897,20.0,0.019,261.0,0.247
,2025-12-11 00:00:00+08:00,002596.XSHE,-0.15,-3389.0,-1.888,-3241.0,-1.806,-148.0,-0.082,-137.0,-0.076,-533.0,-0.297
,2025-12-12 00:00:00+08:00,002596.XSHE,-2.77,-6851.0,-6.589,-4753.0,-4.571,-2098.0,-2.018,144.0,0.138,41.0,0.039
,2025-12-15 00:00:00+08:00,002596.XSHE,-2.69,-3229.0,-3.778,-3648.0,-4.269,419.0,0.49,-313.0,-0.366,-17.0,-0.02
,2025-12-16 00:00:00+08:00,002596.XSHE,-6.0,-11483.0,-10.924,-10153.0,-9.659,-1330.0,-1.265,-206.0,-0.196,146.0,0.139
,2025-12-17 00:00:00+08:00,002596.XSHE,-10.0,-4003.0,-5.867,-1625.0,-2.382,-2378.0,-3.485,-4.0,-0.006,82.0,0.12
,2025-12-18 00:00:00+08:00,002596.XSHE,-6.9,580.0,0.773,898.0,1.197,-318.0,-0.424,-529.0,-0.705,5.0,0.007
,2025-12-19 00:00:00+08:00,002596.XSHE,10.08,10020.0,9.198,9241.0,8.483,779.0,0.715,408.0,0.375,19.0,0.017
,2025-12-22 00:00:00+08:00,002596.XSHE,10.09,9459.0,10.002,9842.0,10.407,-383.0,-0.405,0.0,0.0,0.0,0.0
,2025-12-23 00:00:00+08:00,002596.XSHE,10.02,-2287.0,-1.922,-2287.0,-1.922,0.0,0.0,0.0,0.0,0.0,0.0
,2025-12-24 00:00:00+08:00,002596.XSHE,-4.17,-7522.0,-2.991,-4632.0,-1.842,-2890.0,-1.149,409.0,0.163,94.0,0.037
,2025-12-25 00:00:00+08:00,002596.XSHE,-6.91,-6677.0,-3.8,-3228.0,-1.837,-3449.0,-1.963,113.0,0.064,49.0,0.028
,2025-01-02 00:00:00+08:00,002693.XSHE,9.98,926.0,0.675,2937.0,2.14,-2011.0,-1.466,723.0,0.527,110.0,0.08
,2025-01-03 00:00:00+08:00,002693.XSHE,-10.02,-14575.0,-16.969,-13244.0,-15.419,-1331.0,-1.55,514.0,0.598,-23.0,-0.027
,2025-01-06 00:00:00+08:00,002693.XSHE,-9.98,-2449.0,-4.184,-2033.0,-3.473,-416.0,-0.711,-125.0,-0.214,45.0,0.077
,2025-01-07 00:00:00+08:00,002693.XSHE,-0.31,3132.0,4.728,1681.0,2.538,1451.0,2.19,-580.0,-0.876,-222.0,-0.335
,2025-01-08 00:00:00+08:00,002693.XSHE,0.37,539.0,0.92,-250.0,-0.427,789.0,1.346,-697.0,-1.189,-51.0,-0.087
,2025-01-09 00:00:00+08:00,002693.XSHE,-1.71,-395.0,-1.004,279.0,0.709,-674.0,-1.712,-385.0,-0.978,-82.0,-0.208
,2025-01-10 00:00:00+08:00,002693.XSHE,-5.41,-502.0,-1.556,-163.0,-0.505,-339.0,-1.051,-543.0,-1.683,-137.0,-0.425
,2025-01-13 00:00:00+08:00,002693.XSHE,3.16,3933.0,9.196,3027.0,7.078,906.0,2.118,50.0,0.117,-34.0,-0.08
,2025-01-14 00:00:00+08:00,002693.XSHE,5.41,4852.0,9.952,4161.0,8.535,691.0,1.417,-144.0,-0.295,-24.0,-0.049
,2025-01-15 00:00:00+08:00,002693.XSHE,-3.56,-2620.0,-7.597,-404.0,-1.171,-2216.0,-6.426,-502.0,-1.456,109.0,0.316
,2025-01-16 00:00:00+08:00,002693.XSHE,0.75,972.0,3.975,857.0,3.505,115.0,0.47,-294.0,-1.202,-120.0,-0.491
,2025-01-17 00:00:00+08:00,002693.XSHE,-1.06,-716.0,-3.792,270.0,1.43,-986.0,-5.222,-227.0,-1.202,22.0,0.117
,2025-01-20 00:00:00+08:00,002693.XSHE,-6.4,-2810.0,-4.603,-905.0,-1.483,-1905.0,-3.121,-183.0,-0.3,88.0,0.144
,2025-01-21 00:00:00+08:00,002693.XSHE,-4.63,269.0,0.663,239.0,0.589,30.0,0.074,-575.0,-1.418,-128.0,-0.316
,2025-01-22 00:00:00+08:00,002693.XSHE,-4.84,-870.0,-3.182,-643.0,-2.352,-227.0,-0.83,-421.0,-1.54,-129.0,-0.472
,2025-01-23 00:00:00+08:00,002693.XSHE,0.0,911.0,3.277,858.0,3.087,53.0,0.191,-128.0,-0.46,-62.0,-0.223
,2025-01-24 00:00:00+08:00,002693.XSHE,-2.28,-90.0,-0.383,399.0,1.697,-489.0,-2.079,-50.0,-0.213,-98.0,-0.417
,2025-01-27 00:00:00+08:00,002693.XSHE,-1.73,-265.0,-1.621,242.0,1.48,-507.0,-3.101,-133.0,-0.813,-92.0,-0.563
,2025-02-05 00:00:00+08:00,002693.XSHE,2.45,1849.0,10.711,1389.0,8.046,460.0,2.665,41.0,0.238,-95.0,-0.55
,2025-02-06 00:00:00+08:00,002693.XSHE,3.43,1233.0,4.657,1140.0,4.306,93.0,0.351,-147.0,-0.555,-60.0,-0.227
,2025-02-07 00:00:00+08:00,002693.XSHE,2.45,1296.0,4.169,886.0,2.85,410.0,1.319,46.0,0.148,59.0,0.19
,2025-02-10 00:00:00+08:00,002693.XSHE,10.0,4351.0,8.114,4321.0,8.058,30.0,0.056,298.0,0.556,77.0,0.144
,2025-02-11 00:00:00+08:00,002693.XSHE,-2.18,-7364.0,-7.607,-3619.0,-3.738,-3745.0,-3.868,118.0,0.122,125.0,0.129
,2025-02-12 00:00:00+08:00,002693.XSHE,3.34,2199.0,3.895,2640.0,4.676,-441.0,-0.781,-219.0,-0.388,-40.0,-0.071
,2025-02-13 00:00:00+08:00,002693.XSHE,10.0,11897.0,12.904,10804.0,11.718,1093.0,1.186,-217.0,-0.235,0.0,0.0
,2025-02-14 00:00:00+08:00,002693.XSHE,-1.84,-1683.0,-1.196,7.0,0.005,-1690.0,-1.201,-347.0,-0.247,148.0,0.105
,2025-02-17 00:00:00+08:00,002693.XSHE,-2.34,50.0,0.068,566.0,0.766,-516.0,-0.698,-857.0,-1.16,117.0,0.158
,2025-02-18 00:00:00+08:00,002693.XSHE,-6.96,-1496.0,-2.572,460.0,0.791,-1956.0,-3.363,-667.0,-1.147,-113.0,-0.194
,2025-02-19 00:00:00+08:00,002693.XSHE,1.03,1040.0,3.073,841.0,2.485,199.0,0.588,-102.0,-0.301,-21.0,-0.062
,2025-02-20 00:00:00+08:00,002693.XSHE,0.96,-2321.0,-6.722,-1565.0,-4.533,-756.0,-2.19,-87.0,-0.252,66.0,0.191
,2025-02-21 00:00:00+08:00,002693.XSHE,-2.66,1422.0,3.356,1530.0,3.611,-108.0,-0.255,-667.0,-1.574,-47.0,-0.111
,2025-02-24 00:00:00+08:00,002693.XSHE,-1.04,25.0,0.086,440.0,1.507,-415.0,-1.422,-191.0,-0.654,-92.0,-0.315
,2025-02-25 00:00:00+08:00,002693.XSHE,4.33,4231.0,6.16,5960.0,8.677,-1729.0,-2.517,239.0,0.348,64.0,0.093
,2025-02-26 00:00:00+08:00,002693.XSHE,-5.03,-5901.0,-8.728,-3768.0,-5.573,-2133.0,-3.155,151.0,0.223,67.0,0.099
,2025-02-27 00:00:00+08:00,002693.XSHE,-4.97,-2860.0,-5.918,-1932.0,-3.998,-928.0,-1.92,-313.0,-0.648,-51.0,-0.106
,2025-02-28 00:00:00+08:00,002693.XSHE,-1.6,842.0,2.488,267.0,0.789,575.0,1.699,-449.0,-1.327,-93.0,-0.275
,2025-03-03 00:00:00+08:00,002693.XSHE,-1.63,2152.0,7.193,1715.0,5.732,437.0,1.461,-340.0,-1.136,14.0,0.047
,2025-03-04 00:00:00+08:00,002693.XSHE,0.65,420.0,2.296,-405.0,-2.214,825.0,4.509,-264.0,-1.443,-82.0,-0.448
,2025-03-05 00:00:00+08:00,002693.XSHE,-1.93,57.0,0.283,-191.0,-0.95,248.0,1.233,-568.0,-2.824,-120.0,-0.597
,2025-03-06 00:00:00+08:00,002693.XSHE,1.89,1898.0,8.005,1336.0,5.635,562.0,2.37,53.0,0.224,-16.0,-0.067
,2025-03-07 00:00:00+08:00,002693.XSHE,-3.29,-3797.0,-16.09,-1943.0,-8.233,-1854.0,-7.856,-391.0,-1.657,-48.0,-0.203
,2025-03-10 00:00:00+08:00,002693.XSHE,2.07,1911.0,9.457,1481.0,7.329,430.0,2.128,-65.0,-0.322,-30.0,-0.148
,2025-03-11 00:00:00+08:00,002693.XSHE,-9.99,0.0,0.0,0.0,0.0,0.0,0.0,0.0,0.0,0.0,0.0
,2025-03-12 00:00:00+08:00,002693.XSHE,-9.98,0.0,0.0,0.0,0.0,0.0,0.0,0.0,0.0,0.0,0.0
,2025-03-13 00:00:00+08:00,002693.XSHE,7.15,1223.0,1.234,727.0,0.733,496.0,0.5,258.0,0.26,-42.0,-0.042
,2025-03-14 00:00:00+08:00,002693.XSHE,-5.92,3084.0,4.421,2999.0,4.299,85.0,0.122,0.0,0.0,107.0,0.153
,2025-03-17 00:00:00+08:00,002693.XSHE,2.66,750.0,0.987,224.0,0.295,526.0,0.692,2.0,0.003,23.0,0.03
,2025-03-18 00:00:00+08:00,002693.XSHE,-2.59,-11211.0,-22.951,-9599.0,-19.651,-1612.0,-3.3,-91.0,-0.186,125.0,0.256
,2025-03-19 00:00:00+08:00,002693.XSHE,-4.52,-7334.0,-18.034,-5536.0,-13.613,-1798.0,-4.421,-236.0,-0.58,2.0,0.005
,2025-03-20 00:00:00+08:00,002693.XSHE,-3.71,490.0,1.457,1163.0,3.457,-673.0,-2.001,-598.0,-1.778,-65.0,-0.193
,2025-03-21 00:00:00+08:00,002693.XSHE,-3.56,-526.0,-2.216,-355.0,-1.495,-171.0,-0.72,-217.0,-0.914,-111.0,-0.468
,2025-03-24 00:00:00+08:00,002693.XSHE,-6.19,922.0,2.901,1227.0,3.86,-305.0,-0.96,-394.0,-1.24,-65.0,-0.205
,2025-03-25 00:00:00+08:00,002693.XSHE,0.43,-605.0,-3.222,-283.0,-1.507,-322.0,-1.715,-76.0,-0.405,39.0,0.208
,2025-03-26 00:00:00+08:00,002693.XSHE,-1.48,586.0,4.211,550.0,3.952,36.0,0.259,-270.0,-1.94,-167.0,-1.2
,2025-03-27 00:00:00+08:00,002693.XSHE,-1.51,136.0,0.928,296.0,2.02,-160.0,-1.092,-160.0,-1.092,-57.0,-0.389
,2025-03-28 00:00:00+08:00,002693.XSHE,1.53,-660.0,-2.307,664.0,2.321,-1324.0,-4.627,-214.0,-0.748,72.0,0.252
,2025-03-31 00:00:00+08:00,002693.XSHE,-7.53,-2078.0,-6.474,-717.0,-2.234,-1361.0,-4.24,-134.0,-0.417,-120.0,-0.374
,2025-04-01 00:00:00+08:00,002693.XSHE,1.4,1211.0,6.364,537.0,2.822,674.0,3.542,-109.0,-0.573,-43.0,-0.226
,2025-04-02 00:00:00+08:00,002693.XSHE,-0.92,708.0,5.208,371.0,2.729,337.0,2.479,-463.0,-3.406,-49.0,-0.36
,2025-04-03 00:00:00+08:00,002693.XSHE,-1.05,-268.0,-2.915,-119.0,-1.294,-149.0,-1.62,-88.0,-0.957,-37.0,-0.402
,2025-04-07 00:00:00+08:00,002693.XSHE,-10.0,-537.0,-9.464,-185.0,-3.26,-352.0,-6.204,-206.0,-3.631,8.0,0.141
,2025-04-08 00:00:00+08:00,002693.XSHE,-8.37,-798.0,-3.941,-242.0,-1.195,-556.0,-2.746,-159.0,-0.785,-72.0,-0.356
,2025-04-09 00:00:00+08:00,002693.XSHE,3.14,-40.0,-0.203,343.0,1.741,-383.0,-1.944,-321.0,-1.63,25.0,0.127
,2025-04-10 00:00:00+08:00,002693.XSHE,9.99,2622.0,17.685,2612.0,17.618,10.0,0.067,91.0,0.614,20.0,0.135
,2025-04-11 00:00:00+08:00,002693.XSHE,5.8,-817.0,-1.925,-80.0,-0.189,-737.0,-1.737,-162.0,-0.382,32.0,0.075
,2025-04-14 00:00:00+08:00,002693.XSHE,10.01,4240.0,9.441,3074.0,6.844,1166.0,2.596,212.0,0.472,6.0,0.013
,2025-04-15 00:00:00+08:00,002693.XSHE,9.97,5073.0,7.227,4041.0,5.757,1032.0,1.47,109.0,0.155,42.0,0.06
,2025-04-16 00:00:00+08:00,002693.XSHE,10.05,3150.0,5.216,2719.0,4.502,431.0,0.714,292.0,0.483,14.0,0.023
,2025-04-17 00:00:00+08:00,002693.XSHE,10.03,4550.0,10.95,3811.0,9.172,739.0,1.778,0.0,0.0,0.0,0.0
,2025-04-18 00:00:00+08:00,002693.XSHE,6.43,-4017.0,-2.862,-3240.0,-2.309,-777.0,-0.554,438.0,0.312,-8.0,-0.006
,2025-04-21 00:00:00+08:00,002693.XSHE,-9.98,0.0,0.0,0.0,0.0,0.0,0.0,0.0,0.0,0.0,0.0
,2025-04-22 00:00:00+08:00,002693.XSHE,-9.99,0.0,0.0,0.0,0.0,0.0,0.0,0.0,0.0,0.0,0.0
,2025-04-23 00:00:00+08:00,002693.XSHE,-9.97,0.0,0.0,0.0,0.0,0.0,0.0,0.0,0.0,0.0,0.0
,2025-04-24 00:00:00+08:00,002693.XSHE,10.03,24909.0,26.628,23907.0,25.557,1002.0,1.071,-474.0,-0.507,92.0,0.098
,2025-04-25 00:00:00+08:00,002693.XSHE,-9.97,-4785.0,-6.402,-3222.0,-4.311,-1563.0,-2.091,-38.0,-0.051,64.0,0.086
,2025-04-28 00:00:00+08:00,002693.XSHE,-10.02,-53.0,-0.124,1046.0,2.453,-1099.0,-2.577,-224.0,-0.525,36.0,0.084
,2025-04-30 00:00:00+08:00,002693.XSHE,-5.04,0.0,0.0,0.0,0.0,0.0,0.0,0.0,0.0,0.0,0.0
,2025-05-06 00:00:00+08:00,002693.XSHE,-4.94,0.0,0.0,0.0,0.0,0.0,0.0,0.0,0.0,0.0,0.0
,2025-05-07 00:00:00+08:00,002693.XSHE,-4.94,0.0,0.0,0.0,0.0,0.0,0.0,0.0,0.0,0.0,0.0
,2025-05-08 00:00:00+08:00,002693.XSHE,-0.55,2039.0,3.416,2386.0,3.997,-347.0,-0.581,311.0,0.521,55.0,0.092
,2025-05-09 00:00:00+08:00,002693.XSHE,-4.95,2.0,0.004,140.0,0.315,-138.0,-0.31,295.0,0.663,-35.0,-0.079
,2025-05-12 00:00:00+08:00,002693.XSHE,5.05,3277.0,8.081,3523.0,8.687,-246.0,-0.607,-94.0,-0.232,76.0,0.187
,2025-05-13 00:00:00+08:00,002693.XSHE,-4.68,-2063.0,-6.115,-780.0,-2.312,-1283.0,-3.803,86.0,0.255,-3.0,-0.009
,2025-05-14 00:00:00+08:00,002693.XSHE,-4.93,-395.0,-1.644,-8.0,-0.033,-387.0,-1.61,-61.0,-0.254,10.0,0.042
,2025-05-15 00:00:00+08:00,002693.XSHE,5.03,0.0,0.0,0.0,0.0,0.0,0.0,0.0,0.0,0.0,0.0
,2025-05-16 00:00:00+08:00,002693.XSHE,2.47,633.0,1.922,1200.0,3.643,-567.0,-1.721,100.0,0.304,-40.0,-0.121
,2025-05-19 00:00:00+08:00,002693.XSHE,4.96,0.0,0.0,0.0,0.0,0.0,0.0,0.0,0.0,0.0,0.0
,2025-05-20 00:00:00+08:00,002693.XSHE,4.99,0.0,0.0,0.0,0.0,0.0,0.0,0.0,0.0,0.0,0.0
,2025-05-21 00:00:00+08:00,002693.XSHE,5.01,1031.0,4.667,1051.0,4.758,-20.0,-0.091,-14.0,-0.063,0.0,0.0
,2025-05-22 00:00:00+08:00,002693.XSHE,5.02,2287.0,4.194,2331.0,4.275,-44.0,-0.081,-78.0,-0.143,-1.0,-0.002
,2025-05-23 00:00:00+08:00,002693.XSHE,-5.01,-3923.0,-9.265,-3114.0,-7.355,-809.0,-1.911,-77.0,-0.182,-34.0,-0.08
,2025-05-26 00:00:00+08:00,002693.XSHE,5.03,2989.0,20.822,2437.0,16.977,552.0,3.845,-10.0,-0.07,0.0,0.0
,2025-05-27 00:00:00+08:00,002693.XSHE,5.02,604.0,6.7,552.0,6.123,52.0,0.577,0.0,0.0,0.0,0.0
,2025-05-28 00:00:00+08:00,002693.XSHE,0.89,-2883.0,-6.18,-688.0,-1.475,-2195.0,-4.705,247.0,0.529,19.0,0.041
,2025-05-29 00:00:00+08:00,002693.XSHE,-3.87,-1644.0,-4.224,-373.0,-0.958,-1271.0,-3.266,-564.0,-1.449,-1.0,-0.003
,2025-05-30 00:00:00+08:00,002693.XSHE,-2.99,-155.0,-0.702,285.0,1.29,-440.0,-1.992,111.0,0.502,-93.0,-0.421
,2025-06-03 00:00:00+08:00,002693.XSHE,-2.96,-652.0,-2.984,-240.0,-1.098,-412.0,-1.886,-310.0,-1.419,-20.0,-0.092
,2025-06-04 00:00:00+08:00,002693.XSHE,4.15,1170.0,3.68,1525.0,4.796,-355.0,-1.117,-231.0,-0.727,57.0,0.179
,2025-06-05 00:00:00+08:00,002693.XSHE,-4.81,-2498.0,-9.764,-1084.0,-4.237,-1414.0,-5.527,-322.0,-1.259,30.0,0.117
,2025-06-06 00:00:00+08:00,002693.XSHE,1.35,1834.0,11.6,895.0,5.661,939.0,5.939,22.0,0.139,-11.0,-0.07
,2025-06-09 00:00:00+08:00,002693.XSHE,2.07,331.0,2.197,121.0,0.803,210.0,1.394,53.0,0.352,31.0,0.206
,2025-06-10 00:00:00+08:00,002693.XSHE,-1.31,-1087.0,-5.563,-239.0,-1.223,-848.0,-4.34,-355.0,-1.817,-24.0,-0.123
,2025-06-11 00:00:00+08:00,002693.XSHE,-2.42,-1337.0,-7.792,-540.0,-3.147,-797.0,-4.645,-300.0,-1.748,9.0,0.052
,2025-06-12 00:00:00+08:00,002693.XSHE,-2.84,-1526.0,-10.285,-728.0,-4.907,-798.0,-5.378,-149.0,-1.004,-73.0,-0.492
,2025-06-13 00:00:00+08:00,002693.XSHE,-4.71,-723.0,-4.706,120.0,0.781,-843.0,-5.487,-256.0,-1.666,-51.0,-0.332
,2025-06-16 00:00:00+08:00,002693.XSHE,1.87,732.0,6.476,285.0,2.521,447.0,3.954,147.0,1.3,-31.0,-0.274
,2025-06-17 00:00:00+08:00,002693.XSHE,-2.63,-524.0,-5.03,-305.0,-2.928,-219.0,-2.102,-38.0,-0.365,-44.0,-0.422
,2025-06-18 00:00:00+08:00,002693.XSHE,0.4,-302.0,-3.151,380.0,3.965,-682.0,-7.115,-81.0,-0.845,5.0,0.052
,2025-06-19 00:00:00+08:00,002693.XSHE,-1.35,360.0,3.448,332.0,3.179,28.0,0.268,106.0,1.015,-100.0,-0.958
,2025-06-20 00:00:00+08:00,002693.XSHE,-3.14,-406.0,-4.588,-391.0,-4.418,-15.0,-0.169,-136.0,-1.537,-51.0,-0.576
,2025-06-23 00:00:00+08:00,002693.XSHE,3.81,1050.0,11.125,442.0,4.683,608.0,6.442,51.0,0.54,-42.0,-0.445
,2025-06-24 00:00:00+08:00,002693.XSHE,0.14,-211.0,-2.507,388.0,4.61,-599.0,-7.117,4.0,0.048,-29.0,-0.345
,2025-06-25 00:00:00+08:00,002693.XSHE,-0.54,-175.0,-1.931,-24.0,-0.265,-151.0,-1.666,-142.0,-1.567,23.0,0.254
,2025-06-26 00:00:00+08:00,002693.XSHE,1.23,1158.0,10.283,900.0,7.992,258.0,2.291,-164.0,-1.456,68.0,0.604
,2025-06-27 00:00:00+08:00,002693.XSHE,-2.15,-2348.0,-23.626,-1674.0,-16.844,-674.0,-6.782,-9.0,-0.091,71.0,0.714
,2025-06-30 00:00:00+08:00,002693.XSHE,1.1,242.0,3.161,3.0,0.039,239.0,3.122,-99.0,-1.293,-2.0,-0.026
,2025-07-01 00:00:00+08:00,002693.XSHE,2.17,1143.0,9.227,698.0,5.635,445.0,3.592,0.0,0.0,8.0,0.065
,2025-07-02 00:00:00+08:00,002693.XSHE,-2.26,-821.0,-9.263,-296.0,-3.34,-525.0,-5.924,-203.0,-2.29,65.0,0.733
,2025-07-03 00:00:00+08:00,002693.XSHE,5.03,2206.0,23.304,1288.0,13.607,918.0,9.698,142.0,1.5,-22.0,-0.232
,2025-07-04 00:00:00+08:00,002693.XSHE,0.13,-729.0,-3.463,-346.0,-1.643,-383.0,-1.819,-107.0,-0.508,-63.0,-0.299
,2025-07-07 00:00:00+08:00,002693.XSHE,-4.14,-1682.0,-12.079,-998.0,-7.167,-684.0,-4.912,-311.0,-2.233,4.0,0.029
,2025-07-08 00:00:00+08:00,002693.XSHE,0.13,-18.0,-0.215,29.0,0.347,-47.0,-0.562,78.0,0.933,-22.0,-0.263
,2025-07-09 00:00:00+08:00,002693.XSHE,-0.54,-341.0,-4.202,109.0,1.343,-450.0,-5.545,-129.0,-1.589,31.0,0.382
,2025-07-10 00:00:00+08:00,002693.XSHE,3.12,1162.0,8.472,371.0,2.705,791.0,5.767,-99.0,-0.722,-35.0,-0.255
,2025-07-11 00:00:00+08:00,002693.XSHE,1.97,7.0,0.045,29.0,0.185,-22.0,-0.14,-235.0,-1.499,80.0,0.51
,2025-07-14 00:00:00+08:00,002693.XSHE,1.03,223.0,1.693,-175.0,-1.329,398.0,3.022,98.0,0.744,-87.0,-0.66
,2025-07-15 00:00:00+08:00,002693.XSHE,-4.83,-1683.0,-9.187,-1709.0,-9.329,26.0,0.142,-89.0,-0.486,-3.0,-0.016
,2025-07-16 00:00:00+08:00,002693.XSHE,1.61,-206.0,-2.486,-819.0,-9.884,613.0,7.398,-123.0,-1.484,0.0,0.0
,2025-07-17 00:00:00+08:00,002693.XSHE,0.26,-68.0,-0.889,-292.0,-3.817,224.0,2.928,-104.0,-1.36,9.0,0.118
,2025-07-18 00:00:00+08:00,002693.XSHE,1.18,708.0,6.694,640.0,6.051,68.0,0.643,-59.0,-0.558,-12.0,-0.113
,2025-07-21 00:00:00+08:00,002693.XSHE,0.26,81.0,0.844,-258.0,-2.689,339.0,3.533,91.0,0.948,41.0,0.427
,2025-07-22 00:00:00+08:00,002693.XSHE,0.91,931.0,10.01,715.0,7.687,216.0,2.322,-21.0,-0.226,-14.0,-0.151
,2025-07-23 00:00:00+08:00,002693.XSHE,-2.95,-990.0,-10.311,-385.0,-4.01,-605.0,-6.301,-105.0,-1.094,-9.0,-0.094
,2025-07-24 00:00:00+08:00,002693.XSHE,5.03,2302.0,9.013,2111.0,8.265,191.0,0.748,-84.0,-0.329,-41.0,-0.161
,2025-07-25 00:00:00+08:00,002693.XSHE,-3.02,-1768.0,-10.354,-948.0,-5.552,-820.0,-4.802,-50.0,-0.293,22.0,0.129
,2025-07-28 00:00:00+08:00,002693.XSHE,1.56,1048.0,9.773,189.0,1.763,859.0,8.011,-11.0,-0.103,-15.0,-0.14
,2025-07-29 00:00:00+08:00,002693.XSHE,2.17,541.0,4.593,696.0,5.909,-155.0,-1.316,234.0,1.987,22.0,0.187
,2025-07-30 00:00:00+08:00,002693.XSHE,-0.75,-1022.0,-7.022,-466.0,-3.202,-556.0,-3.82,-55.0,-0.378,7.0,0.048
,2025-07-31 00:00:00+08:00,002693.XSHE,4.53,1499.0,6.261,784.0,3.275,715.0,2.986,37.0,0.155,8.0,0.033
,2025-08-01 00:00:00+08:00,002693.XSHE,5.06,-509.0,-2.463,-360.0,-1.742,-149.0,-0.721,158.0,0.764,34.0,0.164
,2025-08-04 00:00:00+08:00,002693.XSHE,5.05,-212.0,-2.404,-313.0,-3.549,101.0,1.145,-6.0,-0.068,0.0,0.0
,2025-08-05 00:00:00+08:00,002693.XSHE,-4.15,-3993.0,-9.777,-2890.0,-7.077,-1103.0,-2.701,-234.0,-0.573,-100.0,-0.245
,2025-08-06 00:00:00+08:00,002693.XSHE,-4.0,-2255.0,-8.372,-559.0,-2.075,-1696.0,-6.297,-314.0,-1.166,0.0,0.0
,2025-08-07 00:00:00+08:00,002693.XSHE,-0.12,679.0,4.296,635.0,4.018,44.0,0.278,-85.0,-0.538,34.0,0.215
,2025-08-08 00:00:00+08:00,002693.XSHE,-2.26,-1326.0,-9.502,-328.0,-2.35,-998.0,-7.152,-45.0,-0.322,-10.0,-0.072
,2025-08-11 00:00:00+08:00,002693.XSHE,-0.37,-356.0,-3.337,429.0,4.022,-785.0,-7.359,181.0,1.697,-34.0,-0.319
,2025-08-12 00:00:00+08:00,002693.XSHE,1.35,-242.0,-1.855,0.0,0.0,-242.0,-1.855,101.0,0.774,62.0,0.475
,2025-08-13 00:00:00+08:00,002693.XSHE,-1.09,-911.0,-7.733,-425.0,-3.608,-486.0,-4.126,-42.0,-0.357,-2.0,-0.017
,2025-08-14 00:00:00+08:00,002693.XSHE,-1.71,-661.0,-6.833,-270.0,-2.791,-391.0,-4.042,-161.0,-1.664,-91.0,-0.941
,2025-08-15 00:00:00+08:00,002693.XSHE,1.37,122.0,1.743,0.0,0.0,122.0,1.743,35.0,0.5,-16.0,-0.229
,2025-08-18 00:00:00+08:00,002693.XSHE,-0.12,-679.0,-6.612,-305.0,-2.97,-374.0,-3.642,-172.0,-1.675,3.0,0.029
,2025-08-19 00:00:00+08:00,002693.XSHE,2.71,934.0,6.438,393.0,2.709,541.0,3.729,-150.0,-1.034,-5.0,-0.034
,2025-08-20 00:00:00+08:00,002693.XSHE,-0.84,-997.0,-10.118,-398.0,-4.039,-599.0,-6.079,1.0,0.01,-24.0,-0.244
,2025-08-21 00:00:00+08:00,002693.XSHE,0.24,593.0,6.097,750.0,7.711,-157.0,-1.614,-30.0,-0.308,-22.0,-0.226
,2025-08-22 00:00:00+08:00,002693.XSHE,-1.2,-1172.0,-12.183,-742.0,-7.713,-430.0,-4.47,-172.0,-1.788,-30.0,-0.312
,2025-08-25 00:00:00+08:00,002693.XSHE,-0.37,60.0,0.724,116.0,1.399,-56.0,-0.675,-34.0,-0.41,-29.0,-0.35
,2025-08-26 00:00:00+08:00,002693.XSHE,-0.73,-689.0,-9.108,-172.0,-2.274,-517.0,-6.834,-51.0,-0.674,-63.0,-0.833
,2025-08-27 00:00:00+08:00,002693.XSHE,-2.35,-613.0,-6.81,-107.0,-1.189,-506.0,-5.621,-181.0,-2.011,-41.0,-0.455
,2025-08-28 00:00:00+08:00,002693.XSHE,-1.77,-385.0,-3.995,-105.0,-1.09,-280.0,-2.905,-473.0,-4.908,-26.0,-0.27
,2025-08-29 00:00:00+08:00,002693.XSHE,0.52,-2.0,-0.039,0.0,0.0,-2.0,-0.039,-141.0,-2.763,-37.0,-0.725
,2025-09-01 00:00:00+08:00,002693.XSHE,2.83,502.0,6.459,278.0,3.577,224.0,2.882,-41.0,-0.528,-17.0,-0.219
,2025-09-02 00:00:00+08:00,002693.XSHE,-0.88,-112.0,-1.693,0.0,0.0,-112.0,-1.693,-5.0,-0.076,-12.0,-0.181
,2025-09-03 00:00:00+08:00,002693.XSHE,-3.03,-669.0,-12.437,-368.0,-6.841,-301.0,-5.596,-267.0,-4.964,1.0,0.019
,2025-09-04 00:00:00+08:00,002693.XSHE,-1.69,-328.0,-5.994,129.0,2.357,-457.0,-8.352,-202.0,-3.692,-36.0,-0.658
,2025-09-05 00:00:00+08:00,002693.XSHE,0.79,-173.0,-3.312,0.0,0.0,-173.0,-3.312,-132.0,-2.527,3.0,0.057
,2025-09-08 00:00:00+08:00,002693.XSHE,1.18,304.0,5.642,169.0,3.137,135.0,2.506,-136.0,-2.524,40.0,0.742
,2025-09-09 00:00:00+08:00,002693.XSHE,-2.21,-1089.0,-17.519,-542.0,-8.719,-547.0,-8.8,-221.0,-3.555,-17.0,-0.273
,2025-09-10 00:00:00+08:00,002693.XSHE,2.66,550.0,8.606,192.0,3.004,358.0,5.602,13.0,0.203,-37.0,-0.579
,2025-09-11 00:00:00+08:00,002693.XSHE,-0.65,-674.0,-15.18,-172.0,-3.874,-502.0,-11.306,-79.0,-1.779,14.0,0.315
,2025-09-12 00:00:00+08:00,002693.XSHE,1.43,737.0,11.462,165.0,2.566,572.0,8.896,-77.0,-1.198,32.0,0.498
,2025-09-15 00:00:00+08:00,002693.XSHE,1.92,303.0,4.384,-309.0,-4.47,612.0,8.854,-68.0,-0.984,-29.0,-0.42
,2025-09-16 00:00:00+08:00,002693.XSHE,-0.88,-92.0,-1.964,140.0,2.988,-232.0,-4.952,-167.0,-3.565,13.0,0.277
,2025-09-17 00:00:00+08:00,002693.XSHE,-1.91,-1653.0,-25.752,-933.0,-14.535,-720.0,-11.217,-96.0,-1.496,-41.0,-0.639
,2025-09-18 00:00:00+08:00,002693.XSHE,-1.42,-942.0,-17.361,-611.0,-11.261,-331.0,-6.1,-106.0,-1.954,-42.0,-0.774
,2025-09-19 00:00:00+08:00,002693.XSHE,-0.39,-1234.0,-22.206,-1226.0,-22.062,-8.0,-0.144,-2.0,-0.036,28.0,0.504
,2025-09-22 00:00:00+08:00,002693.XSHE,-1.45,-76.0,-1.657,-112.0,-2.442,36.0,0.785,-317.0,-6.911,-45.0,-0.981
,2025-09-23 00:00:00+08:00,002693.XSHE,-4.83,-750.0,-9.19,-330.0,-4.044,-420.0,-5.146,-211.0,-2.585,-23.0,-0.282
,2025-09-24 00:00:00+08:00,002693.XSHE,0.7,208.0,4.922,105.0,2.485,103.0,2.437,-234.0,-5.537,-98.0,-2.319
,2025-09-25 00:00:00+08:00,002693.XSHE,-0.7,-507.0,-15.471,-213.0,-6.5,-294.0,-8.972,-170.0,-5.188,-38.0,-1.16
,2025-09-26 00:00:00+08:00,002693.XSHE,5.06,1351.0,12.525,711.0,6.592,640.0,5.934,-5.0,-0.046,-4.0,-0.037
,2025-09-29 00:00:00+08:00,002693.XSHE,1.07,-155.0,-1.297,-748.0,-6.257,593.0,4.961,324.0,2.71,84.0,0.703
,2025-09-30 00:00:00+08:00,002693.XSHE,1.85,399.0,6.208,-123.0,-1.914,522.0,8.122,48.0,0.747,16.0,0.249
,2025-10-09 00:00:00+08:00,002693.XSHE,-0.26,-25.0,-0.372,-225.0,-3.352,200.0,2.979,-181.0,-2.696,34.0,0.506
,2025-10-10 00:00:00+08:00,002693.XSHE,0.26,369.0,7.228,300.0,5.877,69.0,1.352,-65.0,-1.273,13.0,0.255
,2025-10-13 00:00:00+08:00,002693.XSHE,-1.42,505.0,10.846,0.0,0.0,505.0,10.846,-54.0,-1.16,-14.0,-0.301
,2025-10-14 00:00:00+08:00,002693.XSHE,-0.26,-6.0,-0.135,191.0,4.291,-197.0,-4.426,51.0,1.146,-83.0,-1.865
,2025-10-15 00:00:00+08:00,002693.XSHE,-0.53,14.0,0.383,-16.0,-0.438,30.0,0.821,-84.0,-2.299,-16.0,-0.438
,2025-10-16 00:00:00+08:00,002693.XSHE,-1.06,-271.0,-11.552,0.0,0.0,-271.0,-11.552,-74.0,-3.154,14.0,0.597
,2025-10-17 00:00:00+08:00,002693.XSHE,-1.47,-39.0,-1.367,101.0,3.539,-140.0,-4.905,-118.0,-4.135,-19.0,-0.666
,2025-10-20 00:00:00+08:00,002693.XSHE,2.04,293.0,10.748,0.0,0.0,293.0,10.748,102.0,3.742,-11.0,-0.404
,2025-10-21 00:00:00+08:00,002693.XSHE,0.4,-108.0,-3.678,0.0,0.0,-108.0,-3.678,41.0,1.396,11.0,0.375
,2025-10-22 00:00:00+08:00,002693.XSHE,0.4,230.0,6.815,0.0,0.0,230.0,6.815,91.0,2.696,-3.0,-0.089
,2025-10-23 00:00:00+08:00,002693.XSHE,1.32,518.0,13.231,376.0,9.604,142.0,3.627,-19.0,-0.485,8.0,0.204
,2025-10-24 00:00:00+08:00,002693.XSHE,4.96,3581.0,30.578,2995.0,25.574,586.0,5.004,49.0,0.418,-30.0,-0.256
,2025-10-27 00:00:00+08:00,002693.XSHE,1.74,681.0,3.762,-749.0,-4.137,1430.0,7.899,-85.0,-0.47,-12.0,-0.066
,2025-10-28 00:00:00+08:00,002693.XSHE,-4.28,-1337.0,-6.013,-422.0,-1.898,-915.0,-4.115,-427.0,-1.92,-13.0,-0.058
,2025-10-29 00:00:00+08:00,002693.XSHE,-0.13,-457.0,-4.12,118.0,1.064,-575.0,-5.184,71.0,0.64,-40.0,-0.361
,2025-10-30 00:00:00+08:00,002693.XSHE,5.02,0.0,0.0,0.0,0.0,0.0,0.0,0.0,0.0,0.0,0.0
,2025-10-31 00:00:00+08:00,002693.XSHE,1.96,-293.0,-1.263,-268.0,-1.155,-25.0,-0.108,-102.0,-0.44,32.0,0.138
,2025-11-03 00:00:00+08:00,002693.XSHE,1.44,1889.0,12.15,1037.0,6.67,852.0,5.48,8.0,0.051,60.0,0.386
,2025-11-04 00:00:00+08:00,002693.XSHE,-2.84,-765.0,-5.725,-136.0,-1.018,-629.0,-4.707,-45.0,-0.337,0.0,0.0
,2025-11-05 00:00:00+08:00,002693.XSHE,1.95,462.0,4.287,234.0,2.171,228.0,2.116,406.0,3.768,4.0,0.037
,2025-11-06 00:00:00+08:00,002693.XSHE,-2.03,-374.0,-4.785,-220.0,-2.815,-154.0,-1.97,94.0,1.203,-14.0,-0.179
,2025-11-07 00:00:00+08:00,002693.XSHE,-0.24,-268.0,-4.867,-113.0,-2.052,-155.0,-2.815,23.0,0.418,-41.0,-0.745
,2025-11-10 00:00:00+08:00,002693.XSHE,-0.37,-269.0,-4.356,-287.0,-4.647,18.0,0.291,-165.0,-2.672,73.0,1.182
,2025-11-11 00:00:00+08:00,002693.XSHE,0.61,434.0,8.271,319.0,6.08,115.0,2.192,-198.0,-3.774,30.0,0.572
,2025-11-12 00:00:00+08:00,002693.XSHE,-1.96,-1484.0,-21.34,-501.0,-7.204,-983.0,-14.136,-58.0,-0.834,-51.0,-0.733
,2025-11-13 00:00:00+08:00,002693.XSHE,0.38,-77.0,-1.372,282.0,5.024,-359.0,-6.396,-158.0,-2.815,-42.0,-0.748
,2025-11-14 00:00:00+08:00,002693.XSHE,1.49,377.0,5.447,-321.0,-4.638,698.0,10.085,70.0,1.011,-36.0,-0.52
,2025-11-17 00:00:00+08:00,002693.XSHE,-0.98,-967.0,-15.897,-373.0,-6.132,-594.0,-9.765,-68.0,-1.118,-57.0,-0.937
,2025-11-18 00:00:00+08:00,002693.XSHE,4.96,433.0,1.904,-58.0,-0.255,491.0,2.16,-180.0,-0.792,12.0,0.053
,2025-11-19 00:00:00+08:00,002693.XSHE,-4.96,-3331.0,-19.564,-2472.0,-14.519,-859.0,-5.045,-228.0,-1.339,17.0,0.1
,2025-11-20 00:00:00+08:00,002693.XSHE,-2.86,-912.0,-8.241,-241.0,-2.178,-671.0,-6.063,-67.0,-0.605,-70.0,-0.633
,2025-11-21 00:00:00+08:00,002693.XSHE,-4.74,-1282.0,-13.726,-597.0,-6.392,-685.0,-7.334,-436.0,-4.668,-15.0,-0.161
,2025-11-24 00:00:00+08:00,002693.XSHE,-0.13,-667.0,-11.681,102.0,1.786,-769.0,-13.468,-107.0,-1.874,42.0,0.736
,2025-11-25 00:00:00+08:00,002693.XSHE,1.21,334.0,4.684,221.0,3.1,113.0,1.585,-40.0,-0.561,7.0,0.098
,2025-11-26 00:00:00+08:00,002693.XSHE,-2.93,-983.0,-10.085,-217.0,-2.226,-766.0,-7.859,-36.0,-0.369,-6.0,-0.062
,2025-11-27 00:00:00+08:00,002693.XSHE,-1.51,-907.0,-14.406,-491.0,-7.799,-416.0,-6.607,-289.0,-4.59,38.0,0.604
,2025-11-28 00:00:00+08:00,002693.XSHE,1.53,185.0,3.935,0.0,0.0,185.0,3.935,-38.0,-0.808,1.0,0.021
,2025-12-01 00:00:00+08:00,002693.XSHE,-0.82,-550.0,-10.0,-374.0,-6.8,-176.0,-3.2,-13.0,-0.236,17.0,0.309
,2025-12-02 00:00:00+08:00,002693.XSHE,-1.11,-335.0,-6.088,-279.0,-5.07,-56.0,-1.018,-177.0,-3.216,16.0,0.291
,2025-12-03 00:00:00+08:00,002693.XSHE,0.0,-146.0,-3.083,-124.0,-2.619,-22.0,-0.465,-133.0,-2.809,8.0,0.169
,2025-12-04 00:00:00+08:00,002693.XSHE,-0.98,-420.0,-12.485,-207.0,-6.153,-213.0,-6.332,8.0,0.238,-32.0,-0.951
,2025-12-05 00:00:00+08:00,002693.XSHE,-1.84,-655.0,-9.608,-142.0,-2.083,-513.0,-7.525,-379.0,-5.56,26.0,0.381
,2025-12-08 00:00:00+08:00,002693.XSHE,-0.29,-81.0,-1.957,225.0,5.435,-306.0,-7.391,-63.0,-1.522,-26.0,-0.628
,2025-12-09 00:00:00+08:00,002693.XSHE,1.74,120.0,2.661,-186.0,-4.125,306.0,6.786,-54.0,-1.198,33.0,0.732
,2025-12-10 00:00:00+08:00,002693.XSHE,2.57,-366.0,-3.411,35.0,0.326,-401.0,-3.737,180.0,1.677,21.0,0.196
,2025-12-11 00:00:00+08:00,002693.XSHE,-3.06,-325.0,-5.351,-159.0,-2.618,-166.0,-2.733,-349.0,-5.746,-3.0,-0.049
,2025-12-12 00:00:00+08:00,002693.XSHE,-1.15,-274.0,-7.266,-329.0,-8.724,55.0,1.458,-24.0,-0.636,-20.0,-0.53
,2025-12-15 00:00:00+08:00,002693.XSHE,-2.62,-219.0,-5.456,0.0,0.0,-219.0,-5.456,-329.0,-8.196,-13.0,-0.324
,2025-12-16 00:00:00+08:00,002693.XSHE,-2.24,-544.0,-13.881,-105.0,-2.679,-439.0,-11.202,-168.0,-4.287,-34.0,-0.868
,2025-12-17 00:00:00+08:00,002693.XSHE,1.23,0.0,0.0,0.0,0.0,0.0,0.0,-104.0,-2.609,-74.0,-1.856
,2025-12-18 00:00:00+08:00,002693.XSHE,-0.15,44.0,1.382,0.0,0.0,44.0,1.382,-141.0,-4.43,-14.0,-0.44
,2025-12-19 00:00:00+08:00,002693.XSHE,5.02,881.0,17.737,602.0,12.12,279.0,5.617,-3.0,-0.06,-24.0,-0.483
,2025-12-22 00:00:00+08:00,002693.XSHE,5.07,78.0,0.932,387.0,4.626,-309.0,-3.694,53.0,0.634,10.0,0.12
,2025-12-23 00:00:00+08:00,002693.XSHE,-1.24,-763.0,-5.855,-131.0,-1.005,-632.0,-4.85,46.0,0.353,-48.0,-0.368
,2025-12-24 00:00:00+08:00,002693.XSHE,-0.14,670.0,10.224,164.0,2.503,506.0,7.722,-21.0,-0.32,-78.0,-1.19
,2025-12-25 00:00:00+08:00,002693.XSHE,-1.4,-428.0,-7.979,-99.0,-1.846,-329.0,-6.133,134.0,2.498,-48.0,-0.895
,2025-01-02 00:00:00+08:00,002865.XSHE,2.05,4432.0,9.122,2402.0,4.944,2030.0,4.178,-184.0,-0.379,-59.0,-0.121
,2025-01-03 00:00:00+08:00,002865.XSHE,-3.24,-1270.0,-3.49,255.0,0.701,-1525.0,-4.191,-634.0,-1.742,-13.0,-0.036
,2025-01-06 00:00:00+08:00,002865.XSHE,4.4,7066.0,11.129,7899.0,12.441,-833.0,-1.312,-254.0,-0.4,80.0,0.126
,2025-01-07 00:00:00+08:00,002865.XSHE,-0.51,-3604.0,-9.035,-1532.0,-3.841,-2072.0,-5.195,-117.0,-0.293,184.0,0.461
,2025-01-08 00:00:00+08:00,002865.XSHE,1.43,4788.0,9.017,3311.0,6.235,1477.0,2.782,-608.0,-1.145,34.0,0.064
,2025-01-09 00:00:00+08:00,002865.XSHE,2.52,-356.0,-0.616,3090.0,5.343,-3446.0,-5.959,-423.0,-0.731,101.0,0.175
,2025-01-10 00:00:00+08:00,002865.XSHE,-6.92,-7203.0,-15.356,-3835.0,-8.176,-3368.0,-7.18,-615.0,-1.311,148.0,0.316
,2025-01-13 00:00:00+08:00,002865.XSHE,-1.89,987.0,3.116,1708.0,5.392,-721.0,-2.276,-76.0,-0.24,-50.0,-0.158
,2025-01-14 00:00:00+08:00,002865.XSHE,4.81,5214.0,12.288,2514.0,5.925,2700.0,6.363,-87.0,-0.205,33.0,0.078
,2025-01-15 00:00:00+08:00,002865.XSHE,6.54,14717.0,13.645,13427.0,12.449,1290.0,1.196,-198.0,-0.184,-48.0,-0.045
,2025-01-16 00:00:00+08:00,002865.XSHE,0.2,2599.0,3.627,4202.0,5.864,-1603.0,-2.237,-496.0,-0.692,103.0,0.144
,2025-01-17 00:00:00+08:00,002865.XSHE,0.13,-733.0,-1.653,-479.0,-1.08,-254.0,-0.573,-66.0,-0.149,-58.0,-0.131
,2025-01-20 00:00:00+08:00,002865.XSHE,-0.32,-5158.0,-12.387,-1681.0,-4.037,-3477.0,-8.35,-712.0,-1.71,17.0,0.041
,2025-01-21 00:00:00+08:00,002865.XSHE,-2.62,-3415.0,-7.796,-1965.0,-4.486,-1450.0,-3.31,-164.0,-0.374,-209.0,-0.477
,2025-01-22 00:00:00+08:00,002865.XSHE,-4.5,-2799.0,-7.519,-1328.0,-3.567,-1471.0,-3.952,-1115.0,-2.995,-128.0,-0.344
,2025-01-23 00:00:00+08:00,002865.XSHE,1.87,3445.0,6.044,6616.0,11.607,-3171.0,-5.563,-102.0,-0.179,-8.0,-0.014
,2025-01-24 00:00:00+08:00,002865.XSHE,10.0,29127.0,26.663,29462.0,26.97,-335.0,-0.307,-248.0,-0.227,-1.0,-0.001
,2025-01-27 00:00:00+08:00,002865.XSHE,-3.06,-1031.0,-1.434,2185.0,3.039,-3216.0,-4.473,-1579.0,-2.196,-73.0,-0.102
,2025-02-05 00:00:00+08:00,002865.XSHE,1.08,-7504.0,-9.593,-5404.0,-6.908,-2100.0,-2.685,-46.0,-0.059,189.0,0.242
,2025-02-06 00:00:00+08:00,002865.XSHE,2.13,2137.0,3.388,2594.0,4.113,-457.0,-0.725,712.0,1.129,110.0,0.174
,2025-02-07 00:00:00+08:00,002865.XSHE,10.0,15437.0,21.002,15352.0,20.886,85.0,0.116,0.0,0.0,0.0,0.0
,2025-02-10 00:00:00+08:00,002865.XSHE,2.5,2240.0,1.84,1685.0,1.384,555.0,0.456,-125.0,-0.103,37.0,0.03
,2025-02-11 00:00:00+08:00,002865.XSHE,-8.65,-23652.0,-20.491,-12768.0,-11.061,-10884.0,-9.429,-17.0,-0.015,387.0,0.335
,2025-02-12 00:00:00+08:00,002865.XSHE,-1.44,-7858.0,-10.669,-3867.0,-5.25,-3991.0,-5.419,-693.0,-0.941,44.0,0.06
,2025-02-13 00:00:00+08:00,002865.XSHE,-2.12,-10079.0,-14.845,-5644.0,-8.313,-4435.0,-6.532,-360.0,-0.53,79.0,0.116
,2025-02-14 00:00:00+08:00,002865.XSHE,1.56,2381.0,3.773,3045.0,4.826,-664.0,-1.052,-553.0,-0.876,144.0,0.228
,2025-02-17 00:00:00+08:00,002865.XSHE,1.03,1670.0,2.566,3216.0,4.942,-1546.0,-2.376,-172.0,-0.264,101.0,0.155
,2025-02-18 00:00:00+08:00,002865.XSHE,-5.59,-11152.0,-15.768,-6205.0,-8.774,-4947.0,-6.995,-972.0,-1.374,124.0,0.175
,2025-02-19 00:00:00+08:00,002865.XSHE,1.86,2542.0,4.511,1508.0,2.676,1034.0,1.835,-320.0,-0.568,-191.0,-0.339
,2025-02-20 00:00:00+08:00,002865.XSHE,-0.7,661.0,1.343,2228.0,4.528,-1567.0,-3.185,-475.0,-0.965,-57.0,-0.116
,2025-02-21 00:00:00+08:00,002865.XSHE,-0.02,-772.0,-1.368,450.0,0.797,-1222.0,-2.165,-717.0,-1.27,21.0,0.037
,2025-02-24 00:00:00+08:00,002865.XSHE,2.99,5836.0,8.788,5733.0,8.633,103.0,0.155,475.0,0.715,-36.0,-0.054
,2025-02-25 00:00:00+08:00,002865.XSHE,2.11,7245.0,8.487,6887.0,8.067,358.0,0.419,-426.0,-0.499,-213.0,-0.25
,2025-02-26 00:00:00+08:00,002865.XSHE,4.13,3212.0,3.533,2275.0,2.502,937.0,1.031,-640.0,-0.704,21.0,0.023
,2025-02-27 00:00:00+08:00,002865.XSHE,-3.05,-6520.0,-11.077,-4940.0,-8.393,-1580.0,-2.684,-911.0,-1.548,95.0,0.161
,2025-02-28 00:00:00+08:00,002865.XSHE,-1.09,3168.0,4.692,3459.0,5.123,-291.0,-0.431,-1295.0,-1.918,-87.0,-0.129
,2025-03-03 00:00:00+08:00,002865.XSHE,-0.77,1526.0,2.76,1692.0,3.06,-166.0,-0.3,-1238.0,-2.239,101.0,0.183
,2025-03-04 00:00:00+08:00,002865.XSHE,-3.3,-5361.0,-11.633,-1034.0,-2.244,-4327.0,-9.389,-263.0,-0.571,11.0,0.024
,2025-03-05 00:00:00+08:00,002865.XSHE,-1.79,-3231.0,-10.567,-617.0,-2.018,-2614.0,-8.549,-415.0,-1.357,87.0,0.285
,2025-03-06 00:00:00+08:00,002865.XSHE,1.66,-474.0,-1.065,797.0,1.791,-1271.0,-2.856,-357.0,-0.802,-65.0,-0.146
,2025-03-07 00:00:00+08:00,002865.XSHE,-0.76,-1486.0,-2.844,-1134.0,-2.17,-352.0,-0.674,-532.0,-1.018,139.0,0.266
,2025-03-10 00:00:00+08:00,002865.XSHE,2.08,5304.0,11.701,4234.0,9.34,1070.0,2.36,-254.0,-0.56,145.0,0.32
,2025-03-11 00:00:00+08:00,002865.XSHE,0.48,1400.0,3.61,2025.0,5.222,-625.0,-1.612,-40.0,-0.103,87.0,0.224
,2025-03-12 00:00:00+08:00,002865.XSHE,0.39,1623.0,3.733,2694.0,6.197,-1071.0,-2.463,-654.0,-1.504,-42.0,-0.097
,2025-03-13 00:00:00+08:00,002865.XSHE,-1.61,-4238.0,-11.702,-686.0,-1.894,-3552.0,-9.808,-570.0,-1.574,57.0,0.157
,2025-03-14 00:00:00+08:00,002865.XSHE,3.28,11712.0,13.953,10502.0,12.512,1210.0,1.442,-1914.0,-2.28,67.0,0.08
,2025-03-17 00:00:00+08:00,002865.XSHE,-1.91,-10194.0,-17.277,-4970.0,-8.423,-5224.0,-8.854,-502.0,-0.851,186.0,0.315
,2025-03-18 00:00:00+08:00,002865.XSHE,0.38,-1666.0,-4.808,-393.0,-1.134,-1273.0,-3.674,-345.0,-0.996,16.0,0.046
,2025-03-19 00:00:00+08:00,002865.XSHE,-2.44,-6033.0,-13.197,-4440.0,-9.713,-1593.0,-3.485,-255.0,-0.558,33.0,0.072
,2025-03-20 00:00:00+08:00,002865.XSHE,-1.55,-2939.0,-10.88,-1168.0,-4.324,-1771.0,-6.556,-733.0,-2.714,-75.0,-0.278
,2025-03-21 00:00:00+08:00,002865.XSHE,0.18,-666.0,-2.88,-902.0,-3.901,236.0,1.021,-343.0,-1.483,49.0,0.212
,2025-03-24 00:00:00+08:00,002865.XSHE,1.53,3450.0,11.698,1478.0,5.012,1972.0,6.687,-8.0,-0.027,-6.0,-0.02
,2025-03-25 00:00:00+08:00,002865.XSHE,1.84,6666.0,11.774,7101.0,12.542,-435.0,-0.768,-206.0,-0.364,-119.0,-0.21
,2025-03-26 00:00:00+08:00,002865.XSHE,-0.22,1795.0,3.606,715.0,1.436,1080.0,2.17,244.0,0.49,-282.0,-0.567
,2025-03-27 00:00:00+08:00,002865.XSHE,-3.74,-6144.0,-19.732,-2860.0,-9.185,-3284.0,-10.547,-978.0,-3.141,93.0,0.299
,2025-03-28 00:00:00+08:00,002865.XSHE,-0.83,-1572.0,-8.95,-722.0,-4.11,-850.0,-4.839,-603.0,-3.433,-20.0,-0.114
,2025-03-31 00:00:00+08:00,002865.XSHE,-10.01,-6618.0,-11.523,-1059.0,-1.844,-5559.0,-9.679,-1642.0,-2.859,63.0,0.11
,2025-04-01 00:00:00+08:00,002865.XSHE,-8.12,-2409.0,-2.625,2928.0,3.19,-5337.0,-5.815,-1267.0,-1.381,-11.0,-0.012
,2025-04-02 00:00:00+08:00,002865.XSHE,-1.06,-1919.0,-5.673,-154.0,-0.455,-1765.0,-5.217,-116.0,-0.343,40.0,0.118
,2025-04-03 00:00:00+08:00,002865.XSHE,-2.1,-2859.0,-9.856,-1459.0,-5.029,-1400.0,-4.826,-449.0,-1.548,-61.0,-0.21
,2025-04-07 00:00:00+08:00,002865.XSHE,-10.01,-1559.0,-12.25,-80.0,-0.629,-1479.0,-11.621,-291.0,-2.286,-1.0,-0.008
,2025-04-08 00:00:00+08:00,002865.XSHE,-4.97,-1965.0,-4.256,31.0,0.067,-1996.0,-4.323,-632.0,-1.369,-44.0,-0.095
,2025-04-09 00:00:00+08:00,002865.XSHE,-0.52,-1008.0,-2.353,-408.0,-0.952,-600.0,-1.401,18.0,0.042,230.0,0.537
,2025-04-10 00:00:00+08:00,002865.XSHE,3.25,-584.0,-1.57,1082.0,2.91,-1666.0,-4.48,-344.0,-0.925,-76.0,-0.204
,2025-04-11 00:00:00+08:00,002865.XSHE,1.02,3267.0,10.84,1100.0,3.65,2167.0,7.19,-334.0,-1.108,-85.0,-0.282
,2025-04-14 00:00:00+08:00,002865.XSHE,1.81,78.0,0.256,100.0,0.328,-22.0,-0.072,-652.0,-2.141,118.0,0.387
,2025-04-15 00:00:00+08:00,002865.XSHE,0.37,-105.0,-0.393,821.0,3.074,-926.0,-3.467,-550.0,-2.059,3.0,0.011
,2025-04-16 00:00:00+08:00,002865.XSHE,-2.19,-2240.0,-9.567,-714.0,-3.049,-1526.0,-6.517,-685.0,-2.925,-117.0,-0.5
,2025-04-17 00:00:00+08:00,002865.XSHE,-1.36,-1148.0,-6.542,-748.0,-4.263,-400.0,-2.28,-492.0,-2.804,-14.0,-0.08
,2025-04-18 00:00:00+08:00,002865.XSHE,-0.74,163.0,1.175,505.0,3.639,-342.0,-2.465,-140.0,-1.009,-92.0,-0.663
,2025-04-21 00:00:00+08:00,002865.XSHE,2.05,877.0,5.463,-16.0,-0.1,893.0,5.563,69.0,0.43,99.0,0.617
,2025-04-22 00:00:00+08:00,002865.XSHE,2.84,272.0,0.565,1860.0,3.865,-1588.0,-3.3,-73.0,-0.152,196.0,0.407
,2025-04-23 00:00:00+08:00,002865.XSHE,-1.69,-1758.0,-5.801,-66.0,-0.218,-1692.0,-5.583,-158.0,-0.521,-10.0,-0.033
,2025-04-24 00:00:00+08:00,002865.XSHE,-2.12,-1015.0,-5.34,-247.0,-1.299,-768.0,-4.04,-730.0,-3.84,-15.0,-0.079
,2025-04-25 00:00:00+08:00,002865.XSHE,-0.53,146.0,0.902,889.0,5.491,-743.0,-4.59,-514.0,-3.175,94.0,0.581
,2025-04-28 00:00:00+08:00,002865.XSHE,-0.03,419.0,2.163,194.0,1.002,225.0,1.162,-141.0,-0.728,59.0,0.305
,2025-04-29 00:00:00+08:00,002865.XSHE,-2.24,-1413.0,-7.137,-122.0,-0.616,-1291.0,-6.521,-724.0,-3.657,-37.0,-0.187
,2025-04-30 00:00:00+08:00,002865.XSHE,2.73,4060.0,13.183,3280.0,10.65,780.0,2.533,-541.0,-1.757,-98.0,-0.318
,2025-05-06 00:00:00+08:00,002865.XSHE,3.31,1876.0,5.859,1311.0,4.094,565.0,1.765,535.0,1.671,49.0,0.153
,2025-05-07 00:00:00+08:00,002865.XSHE,-0.19,50.0,0.197,895.0,3.532,-845.0,-3.335,-785.0,-3.098,-5.0,-0.02
,2025-05-08 00:00:00+08:00,002865.XSHE,2.38,2304.0,6.964,1559.0,4.712,745.0,2.252,613.0,1.853,-83.0,-0.251
,2025-05-09 00:00:00+08:00,002865.XSHE,-3.99,-5105.0,-18.304,-2478.0,-8.885,-2627.0,-9.419,-601.0,-2.155,134.0,0.48
,2025-05-12 00:00:00+08:00,002865.XSHE,2.82,5659.0,18.053,3353.0,10.697,2306.0,7.357,-242.0,-0.772,-28.0,-0.089
,2025-05-13 00:00:00+08:00,002865.XSHE,4.77,7534.0,8.281,6553.0,7.203,981.0,1.078,-409.0,-0.45,9.0,0.01
,2025-05-14 00:00:00+08:00,002865.XSHE,-3.79,-4811.0,-8.378,-2010.0,-3.5,-2801.0,-4.878,-346.0,-0.603,98.0,0.171
,2025-05-15 00:00:00+08:00,002865.XSHE,-3.22,-3476.0,-12.805,-1745.0,-6.428,-1731.0,-6.377,-758.0,-2.792,127.0,0.468
,2025-05-16 00:00:00+08:00,002865.XSHE,0.0,-517.0,-3.008,562.0,3.27,-1079.0,-6.278,-25.0,-0.145,43.0,0.25
,2025-05-19 00:00:00+08:00,002865.XSHE,0.49,159.0,0.975,264.0,1.618,-105.0,-0.644,-335.0,-2.053,-66.0,-0.405
,2025-05-20 00:00:00+08:00,002865.XSHE,0.05,138.0,0.843,-97.0,-0.593,235.0,1.436,-27.0,-0.165,-26.0,-0.159
,2025-05-21 00:00:00+08:00,002865.XSHE,0.52,-283.0,-1.506,45.0,0.24,-328.0,-1.746,-425.0,-2.262,114.0,0.607
,2025-05-22 00:00:00+08:00,002865.XSHE,-2.54,-1912.0,-10.678,-283.0,-1.58,-1629.0,-9.098,-495.0,-2.764,-33.0,-0.184
,2025-05-23 00:00:00+08:00,002865.XSHE,-1.93,-905.0,-4.89,0.0,0.0,-905.0,-4.89,-413.0,-2.231,-113.0,-0.611
,2025-05-26 00:00:00+08:00,002865.XSHE,-0.03,-675.0,-4.998,-134.0,-0.992,-541.0,-4.006,-156.0,-1.155,2.0,0.015
,2025-05-27 00:00:00+08:00,002865.XSHE,1.25,1262.0,4.907,1435.0,5.58,-173.0,-0.673,-514.0,-1.999,-102.0,-0.397
,2025-05-28 00:00:00+08:00,002865.XSHE,-2.62,-1799.0,-11.182,-876.0,-5.445,-923.0,-5.737,-313.0,-1.945,-100.0,-0.622
,2025-05-29 00:00:00+08:00,002865.XSHE,0.72,-84.0,-0.723,-49.0,-0.422,-35.0,-0.301,60.0,0.516,-37.0,-0.318
,2025-05-30 00:00:00+08:00,002865.XSHE,-2.59,-2304.0,-14.184,-1005.0,-6.187,-1299.0,-7.997,-508.0,-3.127,-45.0,-0.277
,2025-06-03 00:00:00+08:00,002865.XSHE,-1.16,273.0,2.164,167.0,1.324,106.0,0.84,-395.0,-3.131,-87.0,-0.69
,2025-06-04 00:00:00+08:00,002865.XSHE,1.57,836.0,5.657,136.0,0.92,700.0,4.737,-180.0,-1.218,-24.0,-0.162
,2025-06-05 00:00:00+08:00,002865.XSHE,-0.45,-801.0,-5.339,283.0,1.886,-1084.0,-7.225,-72.0,-0.48,107.0,0.713
,2025-06-06 00:00:00+08:00,002865.XSHE,-0.24,-587.0,-4.286,-210.0,-1.533,-377.0,-2.752,-196.0,-1.431,30.0,0.219
,2025-06-09 00:00:00+08:00,002865.XSHE,1.69,2274.0,12.131,1077.0,5.745,1197.0,6.385,-52.0,-0.277,-38.0,-0.203
,2025-06-10 00:00:00+08:00,002865.XSHE,-2.89,-4098.0,-14.042,-915.0,-3.135,-3183.0,-10.907,-125.0,-0.428,124.0,0.425
,2025-06-11 00:00:00+08:00,002865.XSHE,2.14,4226.0,10.317,6999.0,17.086,-2773.0,-6.77,-269.0,-0.657,-49.0,-0.12
,2025-06-12 00:00:00+08:00,002865.XSHE,-1.83,-1911.0,-8.188,-804.0,-3.445,-1107.0,-4.743,-115.0,-0.493,87.0,0.373
,2025-06-13 00:00:00+08:00,002865.XSHE,-3.23,-3521.0,-15.355,-1308.0,-5.704,-2213.0,-9.651,-657.0,-2.865,-69.0,-0.301
,2025-06-16 00:00:00+08:00,002865.XSHE,1.02,2343.0,17.475,1103.0,8.226,1240.0,9.248,-299.0,-2.23,-149.0,-1.111
,2025-06-17 00:00:00+08:00,002865.XSHE,-0.36,308.0,2.734,249.0,2.21,59.0,0.524,-489.0,-4.34,-30.0,-0.266
,2025-06-18 00:00:00+08:00,002865.XSHE,-0.77,-487.0,-3.326,1061.0,7.246,-1548.0,-10.572,-618.0,-4.221,-20.0,-0.137
,2025-06-19 00:00:00+08:00,002865.XSHE,-0.33,1513.0,5.601,2396.0,8.87,-883.0,-3.269,-763.0,-2.825,35.0,0.13
,2025-06-20 00:00:00+08:00,002865.XSHE,0.72,-395.0,-1.337,1179.0,3.992,-1574.0,-5.329,-442.0,-1.497,-23.0,-0.078
,2025-06-23 00:00:00+08:00,002865.XSHE,-0.61,280.0,1.365,-433.0,-2.111,713.0,3.476,-127.0,-0.619,-72.0,-0.351
,2025-06-24 00:00:00+08:00,002865.XSHE,3.02,5727.0,19.277,3556.0,11.969,2171.0,7.308,-60.0,-0.202,-194.0,-0.653
,2025-06-25 00:00:00+08:00,002865.XSHE,0.75,278.0,1.162,641.0,2.68,-363.0,-1.518,-176.0,-0.736,2.0,0.008
,2025-06-26 00:00:00+08:00,002865.XSHE,-1.6,-2389.0,-10.927,-598.0,-2.735,-1791.0,-8.192,-429.0,-1.962,141.0,0.645
,2025-06-27 00:00:00+08:00,002865.XSHE,1.22,1675.0,5.724,3178.0,10.861,-1503.0,-5.136,-530.0,-1.811,25.0,0.085
,2025-06-30 00:00:00+08:00,002865.XSHE,4.31,2854.0,5.694,2136.0,4.262,718.0,1.433,-344.0,-0.686,29.0,0.058
,2025-07-01 00:00:00+08:00,002865.XSHE,-1.77,-5141.0,-16.579,-3562.0,-11.487,-1579.0,-5.092,-225.0,-0.726,198.0,0.639
,2025-07-02 00:00:00+08:00,002865.XSHE,4.93,12653.0,16.447,10118.0,13.152,2535.0,3.295,-438.0,-0.569,-78.0,-0.101
,2025-07-03 00:00:00+08:00,002865.XSHE,-1.86,-5498.0,-11.295,-2980.0,-6.122,-2518.0,-5.173,-379.0,-0.779,46.0,0.094
,2025-07-04 00:00:00+08:00,002865.XSHE,-0.78,-3252.0,-9.362,-1219.0,-3.509,-2033.0,-5.852,-928.0,-2.671,47.0,0.135
,2025-07-07 00:00:00+08:00,002865.XSHE,-0.92,297.0,1.666,341.0,1.913,-44.0,-0.247,-334.0,-1.873,-59.0,-0.331
,2025-07-08 00:00:00+08:00,002865.XSHE,10.0,23385.0,24.623,20917.0,22.025,2468.0,2.599,-578.0,-0.609,-81.0,-0.085
,2025-07-09 00:00:00+08:00,002865.XSHE,1.38,-658.0,-0.588,-409.0,-0.365,-249.0,-0.222,7.0,0.006,34.0,0.03
,2025-07-10 00:00:00+08:00,002865.XSHE,3.95,-6086.0,-5.363,-7796.0,-6.869,1710.0,1.507,1011.0,0.891,35.0,0.031
,2025-07-11 00:00:00+08:00,002865.XSHE,-2.11,-2283.0,-2.57,2119.0,2.385,-4402.0,-4.955,-914.0,-1.029,-57.0,-0.064
,2025-07-14 00:00:00+08:00,002865.XSHE,-0.91,-3337.0,-6.722,-1383.0,-2.786,-1954.0,-3.936,-912.0,-1.837,-14.0,-0.028
,2025-07-15 00:00:00+08:00,002865.XSHE,-2.06,-659.0,-1.311,-488.0,-0.971,-171.0,-0.34,-880.0,-1.751,-253.0,-0.503
,2025-07-16 00:00:00+08:00,002865.XSHE,0.87,-3114.0,-8.038,-945.0,-2.439,-2169.0,-5.598,118.0,0.305,80.0,0.206
,2025-07-17 00:00:00+08:00,002865.XSHE,2.02,2497.0,2.749,4172.0,4.593,-1675.0,-1.844,-1121.0,-1.234,-45.0,-0.05
,2025-07-18 00:00:00+08:00,002865.XSHE,-2.66,-4749.0,-9.002,-3357.0,-6.363,-1392.0,-2.639,-831.0,-1.575,-52.0,-0.099
,2025-07-21 00:00:00+08:00,002865.XSHE,4.02,9045.0,15.258,7587.0,12.799,1458.0,2.46,-410.0,-0.692,-90.0,-0.152
,2025-07-22 00:00:00+08:00,002865.XSHE,3.17,4863.0,6.173,5121.0,6.5,-258.0,-0.327,-285.0,-0.362,111.0,0.141
,2025-07-23 00:00:00+08:00,002865.XSHE,-2.88,-2379.0,-3.545,-1428.0,-2.128,-951.0,-1.417,-828.0,-1.234,-87.0,-0.13
,2025-07-24 00:00:00+08:00,002865.XSHE,6.44,11812.0,11.184,8080.0,7.651,3732.0,3.534,-309.0,-0.293,113.0,0.107
,2025-07-25 00:00:00+08:00,002865.XSHE,-3.35,-13585.0,-19.886,-6835.0,-10.005,-6750.0,-9.881,363.0,0.531,80.0,0.117
,2025-07-28 00:00:00+08:00,002865.XSHE,-0.52,-2283.0,-6.61,-1306.0,-3.781,-977.0,-2.829,107.0,0.31,43.0,0.124
,2025-07-29 00:00:00+08:00,002865.XSHE,1.05,2329.0,5.634,737.0,1.783,1592.0,3.851,-15.0,-0.036,-101.0,-0.244
,2025-07-30 00:00:00+08:00,002865.XSHE,-2.23,-1993.0,-5.916,-986.0,-2.927,-1007.0,-2.989,-841.0,-2.496,8.0,0.024
,2025-07-31 00:00:00+08:00,002865.XSHE,-4.3,-5669.0,-11.644,-1661.0,-3.412,-4008.0,-8.232,-1173.0,-2.409,18.0,0.037
,2025-08-01 00:00:00+08:00,002865.XSHE,0.42,218.0,0.613,385.0,1.083,-167.0,-0.47,140.0,0.394,-144.0,-0.405
,2025-08-04 00:00:00+08:00,002865.XSHE,0.09,153.0,0.632,956.0,3.95,-803.0,-3.317,-638.0,-2.636,-9.0,-0.037
,2025-08-05 00:00:00+08:00,002865.XSHE,0.28,-1637.0,-7.1,-756.0,-3.279,-881.0,-3.821,40.0,0.173,-194.0,-0.841
,2025-08-06 00:00:00+08:00,002865.XSHE,-0.78,-613.0,-2.523,-442.0,-1.819,-171.0,-0.704,-139.0,-0.572,-92.0,-0.379
,2025-08-07 00:00:00+08:00,002865.XSHE,-1.41,-1085.0,-4.511,-983.0,-4.087,-102.0,-0.424,-743.0,-3.089,-53.0,-0.22
,2025-08-08 00:00:00+08:00,002865.XSHE,0.21,-730.0,-2.981,171.0,0.698,-901.0,-3.68,-273.0,-1.115,60.0,0.245
,2025-08-11 00:00:00+08:00,002865.XSHE,2.2,2209.0,7.911,1307.0,4.681,902.0,3.23,-113.0,-0.405,31.0,0.111
,2025-08-12 00:00:00+08:00,002865.XSHE,-0.8,150.0,0.666,-351.0,-1.558,501.0,2.224,-491.0,-2.18,3.0,0.013
,2025-08-13 00:00:00+08:00,002865.XSHE,1.48,5433.0,14.132,3565.0,9.273,1868.0,4.859,-351.0,-0.913,-169.0,-0.44
,2025-08-14 00:00:00+08:00,002865.XSHE,-3.35,-6729.0,-18.92,-3167.0,-8.905,-3562.0,-10.015,-876.0,-2.463,-24.0,-0.067
,2025-08-15 00:00:00+08:00,002865.XSHE,4.69,13412.0,22.726,9278.0,15.721,4134.0,7.005,-348.0,-0.59,131.0,0.222
,2025-08-18 00:00:00+08:00,002865.XSHE,1.96,392.0,0.804,492.0,1.009,-100.0,-0.205,-501.0,-1.028,35.0,0.072
,2025-08-19 00:00:00+08:00,002865.XSHE,5.65,15157.0,14.543,14996.0,14.389,161.0,0.154,-1132.0,-1.086,-171.0,-0.164
,2025-08-20 00:00:00+08:00,002865.XSHE,0.0,-3249.0,-5.249,-2116.0,-3.419,-1133.0,-1.831,-453.0,-0.732,-121.0,-0.195
,2025-08-21 00:00:00+08:00,002865.XSHE,0.63,1032.0,1.53,3574.0,5.299,-2542.0,-3.769,-403.0,-0.597,-3.0,-0.004
,2025-08-22 00:00:00+08:00,002865.XSHE,-0.04,-2327.0,-4.46,-1427.0,-2.735,-900.0,-1.725,-443.0,-0.849,16.0,0.031
,2025-08-25 00:00:00+08:00,002865.XSHE,3.03,2920.0,4.13,2406.0,3.403,514.0,0.727,-809.0,-1.144,-45.0,-0.064
,2025-08-26 00:00:00+08:00,002865.XSHE,-4.63,-9562.0,-15.446,-5542.0,-8.952,-4020.0,-6.494,-640.0,-1.034,200.0,0.323
,2025-08-27 00:00:00+08:00,002865.XSHE,-2.7,-212.0,-0.506,-173.0,-0.413,-39.0,-0.093,-1199.0,-2.864,-99.0,-0.236
,2025-08-28 00:00:00+08:00,002865.XSHE,0.33,-618.0,-1.17,-1018.0,-1.927,400.0,0.757,-683.0,-1.293,37.0,0.07
,2025-08-29 00:00:00+08:00,002865.XSHE,0.37,-1216.0,-3.131,379.0,0.976,-1595.0,-4.107,-536.0,-1.38,27.0,0.07
,2025-09-01 00:00:00+08:00,002865.XSHE,0.02,1227.0,3.46,1125.0,3.172,102.0,0.288,-811.0,-2.287,-96.0,-0.271
,2025-09-02 00:00:00+08:00,002865.XSHE,-2.48,-3573.0,-8.797,-1801.0,-4.434,-1772.0,-4.363,-401.0,-0.987,-48.0,-0.118
,2025-09-03 00:00:00+08:00,002865.XSHE,-0.27,2072.0,5.229,3299.0,8.326,-1227.0,-3.097,-739.0,-1.865,19.0,0.048
,2025-09-04 00:00:00+08:00,002865.XSHE,2.33,7727.0,10.525,9042.0,12.316,-1315.0,-1.791,-460.0,-0.627,-90.0,-0.123
,2025-09-05 00:00:00+08:00,002865.XSHE,3.87,7683.0,8.741,6247.0,7.107,1436.0,1.634,540.0,0.614,124.0,0.141
,2025-09-08 00:00:00+08:00,002865.XSHE,0.21,-750.0,-1.219,2260.0,3.673,-3010.0,-4.892,-301.0,-0.489,113.0,0.184
,2025-09-09 00:00:00+08:00,002865.XSHE,-4.18,-10532.0,-20.236,-4982.0,-9.572,-5550.0,-10.663,-688.0,-1.322,156.0,0.3
,2025-09-10 00:00:00+08:00,002865.XSHE,-0.98,-92.0,-0.249,-320.0,-0.866,228.0,0.617,-594.0,-1.607,-67.0,-0.181
,2025-09-11 00:00:00+08:00,002865.XSHE,0.55,-757.0,-2.752,-1178.0,-4.283,421.0,1.531,396.0,1.44,-119.0,-0.433
,2025-09-12 00:00:00+08:00,002865.XSHE,-1.24,-1382.0,-4.435,170.0,0.546,-1552.0,-4.98,-466.0,-1.495,-105.0,-0.337
,2025-09-15 00:00:00+08:00,002865.XSHE,1.3,3627.0,6.866,7904.0,14.962,-4277.0,-8.096,-281.0,-0.532,334.0,0.632
,2025-09-16 00:00:00+08:00,002865.XSHE,-2.4,-11513.0,-20.117,-4735.0,-8.274,-6778.0,-11.844,-152.0,-0.266,300.0,0.524
,2025-09-17 00:00:00+08:00,002865.XSHE,0.56,5036.0,13.853,5607.0,15.424,-571.0,-1.571,-715.0,-1.967,20.0,0.055
,2025-09-18 00:00:00+08:00,002865.XSHE,-3.24,-4816.0,-10.188,-4010.0,-8.483,-806.0,-1.705,-1089.0,-2.304,-11.0,-0.023
,2025-09-19 00:00:00+08:00,002865.XSHE,-1.99,-1856.0,-6.694,-54.0,-0.195,-1802.0,-6.499,-780.0,-2.813,-102.0,-0.368
,2025-09-22 00:00:00+08:00,002865.XSHE,-1.68,-1915.0,-5.831,-82.0,-0.25,-1833.0,-5.581,-666.0,-2.028,-61.0,-0.186
,2025-09-23 00:00:00+08:00,002865.XSHE,-3.38,-2572.0,-7.173,354.0,0.987,-2926.0,-8.16,-955.0,-2.663,-109.0,-0.304
,2025-09-24 00:00:00+08:00,002865.XSHE,3.6,4265.0,13.409,2698.0,8.482,1567.0,4.927,-363.0,-1.141,-24.0,-0.075
,2025-09-25 00:00:00+08:00,002865.XSHE,0.12,-492.0,-1.521,-79.0,-0.244,-413.0,-1.277,-46.0,-0.142,-84.0,-0.26
,2025-09-26 00:00:00+08:00,002865.XSHE,-1.33,-512.0,-2.567,26.0,0.13,-538.0,-2.698,-398.0,-1.996,-23.0,-0.115
,2025-09-29 00:00:00+08:00,002865.XSHE,0.87,377.0,1.553,1461.0,6.02,-1084.0,-4.466,-217.0,-0.894,-25.0,-0.103
,2025-09-30 00:00:00+08:00,002865.XSHE,1.53,2316.0,9.539,148.0,0.61,2168.0,8.929,-734.0,-3.023,51.0,0.21
,2025-10-09 00:00:00+08:00,002865.XSHE,0.85,-1014.0,-3.503,-496.0,-1.713,-518.0,-1.789,376.0,1.299,-27.0,-0.093
,2025-10-10 00:00:00+08:00,002865.XSHE,-3.06,-4783.0,-17.873,-2047.0,-7.649,-2736.0,-10.224,-939.0,-3.509,91.0,0.34
,2025-10-13 00:00:00+08:00,002865.XSHE,-1.25,95.0,0.445,110.0,0.515,-15.0,-0.07,-63.0,-0.295,73.0,0.342
,2025-10-14 00:00:00+08:00,002865.XSHE,1.59,2786.0,5.797,3940.0,8.199,-1154.0,-2.401,-709.0,-1.475,-68.0,-0.141
,2025-10-15 00:00:00+08:00,002865.XSHE,3.22,5689.0,13.843,5175.0,12.592,514.0,1.251,-456.0,-1.11,25.0,0.061
,2025-10-16 00:00:00+08:00,002865.XSHE,-1.16,-1075.0,-5.227,-49.0,-0.238,-1026.0,-4.989,-711.0,-3.457,21.0,0.102
,2025-10-17 00:00:00+08:00,002865.XSHE,-4.69,-3827.0,-13.05,-1552.0,-5.292,-2275.0,-7.758,-1280.0,-4.365,-10.0,-0.034
,2025-10-20 00:00:00+08:00,002865.XSHE,0.72,431.0,2.832,-24.0,-0.158,455.0,2.989,-241.0,-1.583,-47.0,-0.309
,2025-10-21 00:00:00+08:00,002865.XSHE,-0.71,-1344.0,-8.097,-222.0,-1.338,-1122.0,-6.76,-326.0,-1.964,5.0,0.03
,2025-10-22 00:00:00+08:00,002865.XSHE,-1.53,-1715.0,-10.039,-1153.0,-6.749,-562.0,-3.29,-382.0,-2.236,-57.0,-0.334
,2025-10-23 00:00:00+08:00,002865.XSHE,-0.75,-51.0,-0.217,-25.0,-0.106,-26.0,-0.111,-136.0,-0.579,-31.0,-0.132
,2025-10-24 00:00:00+08:00,002865.XSHE,0.03,-709.0,-3.84,202.0,1.094,-911.0,-4.934,-454.0,-2.459,2.0,0.011
,2025-10-27 00:00:00+08:00,002865.XSHE,1.64,2720.0,14.055,1484.0,7.668,1236.0,6.387,-328.0,-1.695,-142.0,-0.734
,2025-10-28 00:00:00+08:00,002865.XSHE,-0.57,-255.0,-1.331,1283.0,6.698,-1538.0,-8.029,-356.0,-1.859,25.0,0.131
,2025-10-29 00:00:00+08:00,002865.XSHE,5.02,7391.0,15.545,4886.0,10.277,2505.0,5.269,447.0,0.94,-148.0,-0.311
,2025-10-30 00:00:00+08:00,002865.XSHE,-1.21,586.0,1.81,-248.0,-0.766,834.0,2.576,-522.0,-1.612,-73.0,-0.225
,2025-10-31 00:00:00+08:00,002865.XSHE,1.98,5539.0,12.73,4732.0,10.875,807.0,1.855,-726.0,-1.669,-47.0,-0.108
,2025-11-03 00:00:00+08:00,002865.XSHE,1.98,1243.0,3.273,2140.0,5.634,-897.0,-2.362,-512.0,-1.348,72.0,0.19
,2025-11-04 00:00:00+08:00,002865.XSHE,-2.71,-2961.0,-10.959,-735.0,-2.72,-2226.0,-8.239,-745.0,-2.757,152.0,0.563
,2025-11-05 00:00:00+08:00,002865.XSHE,3.62,4042.0,5.643,5391.0,7.526,-1349.0,-1.883,-6.0,-0.008,-8.0,-0.011
,2025-11-06 00:00:00+08:00,002865.XSHE,-1.56,-4391.0,-10.46,-854.0,-2.034,-3537.0,-8.426,-90.0,-0.214,87.0,0.207
,2025-11-07 00:00:00+08:00,002865.XSHE,0.84,-88.0,-0.131,872.0,1.294,-960.0,-1.424,-652.0,-0.967,-100.0,-0.148
,2025-11-10 00:00:00+08:00,002865.XSHE,1.92,7086.0,11.187,6919.0,10.923,167.0,0.264,-583.0,-0.92,48.0,0.076
,2025-11-11 00:00:00+08:00,002865.XSHE,0.14,-4906.0,-6.308,-2260.0,-2.906,-2646.0,-3.402,-877.0,-1.128,14.0,0.018
,2025-11-12 00:00:00+08:00,002865.XSHE,-4.1,-6778.0,-10.552,-3400.0,-5.293,-3378.0,-5.259,-1021.0,-1.59,193.0,0.3
,2025-11-13 00:00:00+08:00,002865.XSHE,0.57,2650.0,4.975,5060.0,9.499,-2410.0,-4.524,-436.0,-0.819,-13.0,-0.024
,2025-11-14 00:00:00+08:00,002865.XSHE,1.62,15439.0,16.81,16642.0,18.119,-1203.0,-1.31,-1273.0,-1.386,119.0,0.13
,2025-11-17 00:00:00+08:00,002865.XSHE,-1.6,-8952.0,-18.74,-5358.0,-11.216,-3594.0,-7.524,-234.0,-0.49,60.0,0.126
,2025-11-18 00:00:00+08:00,002865.XSHE,1.11,717.0,0.982,6993.0,9.582,-6276.0,-8.599,-110.0,-0.151,126.0,0.173
,2025-11-19 00:00:00+08:00,002865.XSHE,0.51,-914.0,-1.354,2821.0,4.179,-3735.0,-5.534,333.0,0.493,29.0,0.043
,2025-11-20 00:00:00+08:00,002865.XSHE,2.03,4443.0,3.661,8094.0,6.669,-3651.0,-3.008,44.0,0.036,86.0,0.071
,2025-11-21 00:00:00+08:00,002865.XSHE,-7.0,-16647.0,-17.941,-11088.0,-11.95,-5559.0,-5.991,-747.0,-0.805,189.0,0.204
,2025-11-24 00:00:00+08:00,002865.XSHE,-4.34,-11084.0,-18.932,-6550.0,-11.188,-4534.0,-7.744,-448.0,-0.765,65.0,0.111
,2025-11-25 00:00:00+08:00,002865.XSHE,2.31,2392.0,5.236,2704.0,5.918,-312.0,-0.683,-646.0,-1.414,-5.0,-0.011
,2025-11-26 00:00:00+08:00,002865.XSHE,-1.36,-2420.0,-7.087,198.0,0.58,-2618.0,-7.667,-1146.0,-3.356,132.0,0.387
,2025-11-27 00:00:00+08:00,002865.XSHE,-0.88,-3426.0,-10.805,-128.0,-0.404,-3298.0,-10.401,-520.0,-1.64,4.0,0.013
,2025-11-28 00:00:00+08:00,002865.XSHE,0.41,892.0,3.675,1331.0,5.483,-439.0,-1.808,-424.0,-1.747,39.0,0.161
,2025-12-01 00:00:00+08:00,002865.XSHE,-0.81,-2494.0,-8.881,137.0,0.488,-2631.0,-9.369,-239.0,-0.851,6.0,0.021
,2025-12-02 00:00:00+08:00,002865.XSHE,-4.02,-5619.0,-13.585,-3441.0,-8.319,-2178.0,-5.266,-836.0,-2.021,50.0,0.121
,2025-12-03 00:00:00+08:00,002865.XSHE,-2.49,-779.0,-2.558,355.0,1.166,-1134.0,-3.723,-611.0,-2.006,-89.0,-0.292
,2025-12-04 00:00:00+08:00,002865.XSHE,-1.93,-1355.0,-5.895,-1459.0,-6.348,104.0,0.452,-672.0,-2.924,-117.0,-0.509
,2025-12-05 00:00:00+08:00,002865.XSHE,1.47,195.0,0.945,-1032.0,-5.003,1227.0,5.948,105.0,0.509,58.0,0.281
,2025-12-08 00:00:00+08:00,002865.XSHE,0.52,-1446.0,-5.977,-368.0,-1.521,-1078.0,-4.456,264.0,1.091,-22.0,-0.091
,2025-12-09 00:00:00+08:00,002865.XSHE,-0.68,-589.0,-2.501,532.0,2.259,-1121.0,-4.759,-259.0,-1.1,26.0,0.11
,2025-12-10 00:00:00+08:00,002865.XSHE,2.45,3093.0,7.183,3310.0,7.686,-217.0,-0.504,-441.0,-1.024,115.0,0.267
,2025-12-11 00:00:00+08:00,002865.XSHE,-2.47,-4379.0,-15.568,-2060.0,-7.324,-2319.0,-8.244,-845.0,-3.004,-26.0,-0.092
,2025-12-12 00:00:00+08:00,002865.XSHE,10.01,21099.0,28.438,21028.0,28.342,71.0,0.096,-410.0,-0.553,-32.0,-0.043
,2025-12-15 00:00:00+08:00,002865.XSHE,1.12,3986.0,2.366,8543.0,5.071,-4557.0,-2.705,-1300.0,-0.772,65.0,0.039
,2025-12-16 00:00:00+08:00,002865.XSHE,-3.09,-2827.0,-3.644,-2345.0,-3.022,-482.0,-0.621,-1717.0,-2.213,17.0,0.022
,2025-12-17 00:00:00+08:00,002865.XSHE,10.01,27859.0,27.3,26451.0,25.92,1408.0,1.38,-787.0,-0.771,-273.0,-0.268
,2025-12-18 00:00:00+08:00,002865.XSHE,10.0,36203.0,21.803,33717.0,20.305,2486.0,1.497,-610.0,-0.367,-103.0,-0.062
,2025-12-19 00:00:00+08:00,002865.XSHE,0.8,6325.0,3.847,9148.0,5.564,-2823.0,-1.717,-1199.0,-0.729,-92.0,-0.056
,2025-12-22 00:00:00+08:00,002865.XSHE,3.0,-3900.0,-1.843,136.0,0.064,-4036.0,-1.907,818.0,0.386,173.0,0.082
,2025-12-23 00:00:00+08:00,002865.XSHE,-10.0,-29365.0,-17.479,-27980.0,-16.655,-1385.0,-0.824,358.0,0.213,34.0,0.02
,2025-12-24 00:00:00+08:00,002865.XSHE,10.01,28770.0,16.998,30755.0,18.171,-1985.0,-1.173,-156.0,-0.092,2.0,0.001
,2025-12-25 00:00:00+08:00,002865.XSHE,1.82,2359.0,1.06,5330.0,2.395,-2971.0,-1.335,-68.0,-0.031,-93.0,-0.042
,2025-01-02 00:00:00+08:00,300086.XSHE,-1.02,230.0,2.768,255.0,3.069,-25.0,-0.301,42.0,0.506,14.0,0.169
,2025-01-03 00:00:00+08:00,300086.XSHE,-5.37,-493.0,-5.539,-126.0,-1.416,-367.0,-4.123,-493.0,-5.539,-77.0,-0.865
,2025-01-06 00:00:00+08:00,300086.XSHE,5.21,-403.0,-2.843,61.0,0.43,-464.0,-3.273,-109.0,-0.769,78.0,0.55
,2025-01-07 00:00:00+08:00,300086.XSHE,-1.65,438.0,3.958,-9.0,-0.081,447.0,4.039,-69.0,-0.623,-34.0,-0.307
,2025-01-08 00:00:00+08:00,300086.XSHE,1.05,-361.0,-3.407,0.0,0.0,-361.0,-3.407,-63.0,-0.595,-37.0,-0.349
,2025-01-09 00:00:00+08:00,300086.XSHE,-1.04,414.0,5.977,159.0,2.295,255.0,3.681,93.0,1.343,-17.0,-0.245
,2025-01-10 00:00:00+08:00,300086.XSHE,-4.02,-181.0,-2.873,0.0,0.0,-181.0,-2.873,-290.0,-4.604,-63.0,-1.0
,2025-01-13 00:00:00+08:00,300086.XSHE,0.0,-176.0,-3.366,0.0,0.0,-176.0,-3.366,71.0,1.358,16.0,0.306
,2025-01-14 00:00:00+08:00,300086.XSHE,5.52,757.0,11.628,343.0,5.269,414.0,6.359,-55.0,-0.845,-2.0,-0.031
,2025-01-15 00:00:00+08:00,300086.XSHE,-0.84,-50.0,-0.997,123.0,2.453,-173.0,-3.45,18.0,0.359,-43.0,-0.857
,2025-01-16 00:00:00+08:00,300086.XSHE,0.84,-120.0,-2.58,0.0,0.0,-120.0,-2.58,-92.0,-1.978,-24.0,-0.516
,2025-01-17 00:00:00+08:00,300086.XSHE,-1.46,105.0,2.355,213.0,4.778,-108.0,-2.423,-99.0,-2.221,-63.0,-1.413
,2025-01-20 00:00:00+08:00,300086.XSHE,1.7,539.0,10.438,0.0,0.0,539.0,10.438,-10.0,-0.194,-32.0,-0.62
,2025-01-21 00:00:00+08:00,300086.XSHE,-2.71,-327.0,-6.21,-101.0,-1.918,-226.0,-4.292,5.0,0.095,-79.0,-1.5
,2025-01-22 00:00:00+08:00,300086.XSHE,-2.15,68.0,2.004,0.0,0.0,68.0,2.004,-12.0,-0.354,-38.0,-1.12
,2025-01-23 00:00:00+08:00,300086.XSHE,0.44,376.0,7.773,156.0,3.225,220.0,4.548,-34.0,-0.703,25.0,0.517
,2025-01-24 00:00:00+08:00,300086.XSHE,-1.09,-291.0,-5.283,4.0,0.073,-295.0,-5.356,-108.0,-1.961,59.0,1.071
,2025-01-27 00:00:00+08:00,300086.XSHE,-0.44,192.0,4.013,192.0,4.013,0.0,0.0,97.0,2.028,-6.0,-0.125
,2025-02-05 00:00:00+08:00,300086.XSHE,3.56,199.0,3.992,0.0,0.0,199.0,3.992,-50.0,-1.003,-23.0,-0.461
,2025-02-06 00:00:00+08:00,300086.XSHE,0.86,-2.0,-0.029,417.0,6.081,-419.0,-6.111,-39.0,-0.569,-1.0,-0.015
,2025-02-07 00:00:00+08:00,300086.XSHE,2.55,422.0,4.9,107.0,1.242,315.0,3.658,-32.0,-0.372,38.0,0.441
,2025-02-10 00:00:00+08:00,300086.XSHE,3.31,1004.0,11.906,456.0,5.407,548.0,6.498,132.0,1.565,6.0,0.071
,2025-02-11 00:00:00+08:00,300086.XSHE,-1.8,-190.0,-3.08,-260.0,-4.215,70.0,1.135,-164.0,-2.658,-43.0,-0.697
,2025-02-12 00:00:00+08:00,300086.XSHE,0.2,-434.0,-9.123,-129.0,-2.712,-305.0,-6.412,-230.0,-4.835,-3.0,-0.063
,2025-02-13 00:00:00+08:00,300086.XSHE,-0.41,375.0,6.253,0.0,0.0,375.0,6.253,-38.0,-0.634,24.0,0.4
,2025-02-14 00:00:00+08:00,300086.XSHE,1.02,-24.0,-0.342,117.0,1.667,-141.0,-2.009,-72.0,-1.026,85.0,1.211
,2025-02-17 00:00:00+08:00,300086.XSHE,1.82,233.0,3.206,303.0,4.169,-70.0,-0.963,72.0,0.991,26.0,0.358
,2025-02-18 00:00:00+08:00,300086.XSHE,-4.37,117.0,1.731,0.0,0.0,117.0,1.731,119.0,1.76,67.0,0.991
,2025-02-19 00:00:00+08:00,300086.XSHE,0.62,-293.0,-6.577,0.0,0.0,-293.0,-6.577,204.0,4.579,90.0,2.02
,2025-02-20 00:00:00+08:00,300086.XSHE,1.03,353.0,6.131,75.0,1.303,278.0,4.828,44.0,0.764,40.0,0.695
,2025-02-21 00:00:00+08:00,300086.XSHE,-0.61,180.0,2.982,241.0,3.993,-61.0,-1.011,-78.0,-1.292,-50.0,-0.828
,2025-02-24 00:00:00+08:00,300086.XSHE,1.44,1146.0,15.38,766.0,10.28,380.0,5.1,398.0,5.342,-16.0,-0.215
,2025-02-25 00:00:00+08:00,300086.XSHE,-0.61,583.0,11.05,292.0,5.534,291.0,5.516,51.0,0.967,21.0,0.398
,2025-02-26 00:00:00+08:00,300086.XSHE,1.22,-33.0,-0.667,-102.0,-2.061,69.0,1.395,18.0,0.364,21.0,0.424
,2025-02-27 00:00:00+08:00,300086.XSHE,2.01,145.0,0.928,875.0,5.601,-730.0,-4.673,198.0,1.267,99.0,0.634
,2025-02-28 00:00:00+08:00,300086.XSHE,-1.38,318.0,2.355,418.0,3.095,-100.0,-0.741,-96.0,-0.711,4.0,0.03
,2025-03-03 00:00:00+08:00,300086.XSHE,-1.2,-124.0,-1.141,115.0,1.058,-239.0,-2.2,135.0,1.242,-5.0,-0.046
,2025-03-04 00:00:00+08:00,300086.XSHE,1.02,271.0,4.234,228.0,3.562,43.0,0.672,-181.0,-2.828,-111.0,-1.734
,2025-03-05 00:00:00+08:00,300086.XSHE,-1.21,-559.0,-8.636,-136.0,-2.101,-423.0,-6.535,-107.0,-1.653,10.0,0.154
,2025-03-06 00:00:00+08:00,300086.XSHE,1.43,799.0,12.674,320.0,5.076,479.0,7.598,-155.0,-2.459,-34.0,-0.539
,2025-03-07 00:00:00+08:00,300086.XSHE,-2.82,-609.0,-8.696,-191.0,-2.727,-418.0,-5.969,-115.0,-1.642,-8.0,-0.114
,2025-03-10 00:00:00+08:00,300086.XSHE,1.24,547.0,9.794,217.0,3.885,330.0,5.909,102.0,1.826,46.0,0.824
,2025-03-11 00:00:00+08:00,300086.XSHE,0.2,-79.0,-1.765,0.0,0.0,-79.0,-1.765,34.0,0.759,37.0,0.826
,2025-03-12 00:00:00+08:00,300086.XSHE,0.0,143.0,3.106,0.0,0.0,143.0,3.106,85.0,1.846,-12.0,-0.261
,2025-03-13 00:00:00+08:00,300086.XSHE,-0.82,202.0,3.601,348.0,6.203,-146.0,-2.602,-13.0,-0.232,1.0,0.018
,2025-03-14 00:00:00+08:00,300086.XSHE,20.0,15727.0,33.496,12846.0,27.36,2881.0,6.136,-400.0,-0.852,-47.0,-0.1
,2025-03-17 00:00:00+08:00,300086.XSHE,-6.01,-527.0,-1.166,-640.0,-1.416,113.0,0.25,164.0,0.363,-10.0,-0.022
,2025-03-18 00:00:00+08:00,300086.XSHE,-2.19,-2691.0,-12.112,-1367.0,-6.153,-1324.0,-5.959,-189.0,-0.851,50.0,0.225
,2025-03-19 00:00:00+08:00,300086.XSHE,-1.3,-1339.0,-8.597,-192.0,-1.233,-1147.0,-7.364,-162.0,-1.04,6.0,0.039
,2025-03-20 00:00:00+08:00,300086.XSHE,-0.94,-465.0,-3.335,134.0,0.961,-599.0,-4.297,-164.0,-1.176,36.0,0.258
,2025-03-21 00:00:00+08:00,300086.XSHE,-0.95,-268.0,-1.802,-228.0,-1.533,-40.0,-0.269,-268.0,-1.802,28.0,0.188
,2025-03-24 00:00:00+08:00,300086.XSHE,-2.69,-223.0,-1.765,0.0,0.0,-223.0,-1.765,-116.0,-0.918,-24.0,-0.19
,2025-03-25 00:00:00+08:00,300086.XSHE,1.58,-187.0,-1.571,8.0,0.067,-195.0,-1.638,-297.0,-2.495,41.0,0.344
,2025-03-26 00:00:00+08:00,300086.XSHE,-0.78,-13.0,-0.148,-100.0,-1.142,87.0,0.993,102.0,1.164,-52.0,-0.594
,2025-03-27 00:00:00+08:00,300086.XSHE,1.76,206.0,1.718,-264.0,-2.202,470.0,3.92,7.0,0.058,-46.0,-0.384
,2025-03-28 00:00:00+08:00,300086.XSHE,-3.65,-640.0,-6.235,14.0,0.136,-654.0,-6.372,-145.0,-1.413,-6.0,-0.058
,2025-03-31 00:00:00+08:00,300086.XSHE,-2.99,-366.0,-4.273,-110.0,-1.284,-256.0,-2.989,-291.0,-3.397,-44.0,-0.514
,2025-04-01 00:00:00+08:00,300086.XSHE,5.56,1494.0,9.977,586.0,3.913,908.0,6.063,-18.0,-0.12,-30.0,-0.2
,2025-04-02 00:00:00+08:00,300086.XSHE,0.2,-144.0,-1.785,22.0,0.273,-166.0,-2.058,-136.0,-1.686,-31.0,-0.384
,2025-04-03 00:00:00+08:00,300086.XSHE,0.78,206.0,2.462,61.0,0.729,145.0,1.733,-48.0,-0.574,-40.0,-0.478
,2025-04-07 00:00:00+08:00,300086.XSHE,-18.22,-726.0,-5.627,13.0,0.101,-739.0,-5.728,-474.0,-3.674,-65.0,-0.504
,2025-04-08 00:00:00+08:00,300086.XSHE,2.84,-73.0,-0.918,130.0,1.635,-203.0,-2.554,-61.0,-0.767,16.0,0.201
,2025-04-09 00:00:00+08:00,300086.XSHE,1.38,-49.0,-0.419,-24.0,-0.205,-25.0,-0.214,-317.0,-2.709,13.0,0.111
,2025-04-10 00:00:00+08:00,300086.XSHE,6.09,1225.0,8.22,1055.0,7.08,170.0,1.141,120.0,0.805,-49.0,-0.329
,2025-04-11 00:00:00+08:00,300086.XSHE,-1.49,84.0,0.911,99.0,1.074,-15.0,-0.163,-92.0,-0.998,-11.0,-0.119
,2025-04-14 00:00:00+08:00,300086.XSHE,12.9,9575.0,19.702,8822.0,18.152,753.0,1.549,-263.0,-0.541,-77.0,-0.158
,2025-04-15 00:00:00+08:00,300086.XSHE,-4.79,-3094.0,-9.235,-3261.0,-9.734,167.0,0.498,46.0,0.137,-19.0,-0.057
,2025-04-16 00:00:00+08:00,300086.XSHE,-3.25,-560.0,-3.791,-1.0,-0.007,-559.0,-3.784,143.0,0.968,26.0,0.176
,2025-04-17 00:00:00+08:00,300086.XSHE,0.0,299.0,3.008,267.0,2.686,32.0,0.322,61.0,0.614,-16.0,-0.161
,2025-04-18 00:00:00+08:00,300086.XSHE,-2.1,-1300.0,-7.666,-73.0,-0.431,-1227.0,-7.236,9.0,0.053,91.0,0.537
,2025-04-21 00:00:00+08:00,300086.XSHE,2.36,924.0,8.49,300.0,2.756,624.0,5.733,-29.0,-0.266,-37.0,-0.34
,2025-04-22 00:00:00+08:00,300086.XSHE,-0.42,-180.0,-1.992,-222.0,-2.457,42.0,0.465,19.0,0.21,-26.0,-0.288
,2025-04-23 00:00:00+08:00,300086.XSHE,-1.05,-980.0,-12.596,-887.0,-11.401,-93.0,-1.195,-166.0,-2.134,-15.0,-0.193
,2025-04-24 00:00:00+08:00,300086.XSHE,-0.64,-532.0,-7.688,-255.0,-3.685,-277.0,-4.003,15.0,0.217,11.0,0.159
,2025-04-25 00:00:00+08:00,300086.XSHE,-0.22,-55.0,-0.937,112.0,1.908,-167.0,-2.845,70.0,1.193,0.0,0.0
,2025-04-28 00:00:00+08:00,300086.XSHE,-4.11,-1054.0,-11.999,-355.0,-4.041,-699.0,-7.958,-134.0,-1.526,15.0,0.171
,2025-04-29 00:00:00+08:00,300086.XSHE,3.84,433.0,5.095,273.0,3.212,160.0,1.883,-57.0,-0.671,-27.0,-0.318
,2025-04-30 00:00:00+08:00,300086.XSHE,1.31,20.0,0.353,163.0,2.878,-143.0,-2.525,-66.0,-1.165,-115.0,-2.031
,2025-05-06 00:00:00+08:00,300086.XSHE,2.8,-32.0,-0.471,218.0,3.21,-250.0,-3.681,-111.0,-1.634,-44.0,-0.648
,2025-05-07 00:00:00+08:00,300086.XSHE,0.21,-211.0,-2.767,-60.0,-0.787,-151.0,-1.98,-204.0,-2.675,-44.0,-0.577
,2025-05-08 00:00:00+08:00,300086.XSHE,2.08,631.0,8.741,490.0,6.788,141.0,1.953,145.0,2.009,40.0,0.554
,2025-05-09 00:00:00+08:00,300086.XSHE,-1.22,-102.0,-1.838,0.0,0.0,-102.0,-1.838,-254.0,-4.577,79.0,1.423
,2025-05-12 00:00:00+08:00,300086.XSHE,0.62,-711.0,-12.168,-366.0,-6.264,-345.0,-5.905,-44.0,-0.753,44.0,0.753
,2025-05-13 00:00:00+08:00,300086.XSHE,-0.41,-62.0,-0.966,-11.0,-0.171,-51.0,-0.795,-95.0,-1.48,-46.0,-0.717
,2025-05-14 00:00:00+08:00,300086.XSHE,-0.41,231.0,4.515,-113.0,-2.209,344.0,6.724,91.0,1.779,0.0,0.0
,2025-05-15 00:00:00+08:00,300086.XSHE,0.82,705.0,8.043,1100.0,12.55,-395.0,-4.507,1.0,0.011,-10.0,-0.114
,2025-05-16 00:00:00+08:00,300086.XSHE,2.24,808.0,7.7,607.0,5.785,201.0,1.916,-94.0,-0.896,-57.0,-0.543
,2025-05-19 00:00:00+08:00,300086.XSHE,0.6,335.0,3.844,667.0,7.654,-332.0,-3.81,167.0,1.916,-39.0,-0.448
,2025-05-20 00:00:00+08:00,300086.XSHE,2.77,384.0,3.613,416.0,3.914,-32.0,-0.301,-148.0,-1.393,14.0,0.132
,2025-05-21 00:00:00+08:00,300086.XSHE,1.35,1512.0,11.463,1062.0,8.052,450.0,3.412,-216.0,-1.638,-14.0,-0.106
,2025-05-22 00:00:00+08:00,300086.XSHE,-2.86,439.0,4.46,0.0,0.0,439.0,4.46,-165.0,-1.676,-21.0,-0.213
,2025-05-23 00:00:00+08:00,300086.XSHE,-0.39,-145.0,-1.658,-32.0,-0.366,-113.0,-1.292,165.0,1.886,-22.0,-0.252
,2025-05-26 00:00:00+08:00,300086.XSHE,-0.59,477.0,6.785,497.0,7.07,-20.0,-0.284,-90.0,-1.28,-28.0,-0.398
,2025-05-27 00:00:00+08:00,300086.XSHE,1.39,-47.0,-0.563,0.0,0.0,-47.0,-0.563,-21.0,-0.252,-2.0,-0.024
,2025-05-28 00:00:00+08:00,300086.XSHE,-0.98,60.0,0.963,107.0,1.717,-47.0,-0.754,30.0,0.481,6.0,0.096
,2025-05-29 00:00:00+08:00,300086.XSHE,2.37,716.0,7.583,29.0,0.307,687.0,7.276,17.0,0.18,-112.0,-1.186
,2025-05-30 00:00:00+08:00,300086.XSHE,-0.77,617.0,6.545,490.0,5.198,127.0,1.347,-179.0,-1.899,-85.0,-0.902
,2025-06-03 00:00:00+08:00,300086.XSHE,2.92,388.0,2.971,622.0,4.763,-234.0,-1.792,142.0,1.087,24.0,0.184
,2025-06-04 00:00:00+08:00,300086.XSHE,0.57,310.0,1.57,-390.0,-1.975,700.0,3.544,28.0,0.142,-31.0,-0.157
,2025-06-05 00:00:00+08:00,300086.XSHE,-0.56,537.0,4.524,617.0,5.198,-80.0,-0.674,-261.0,-2.199,-57.0,-0.48
,2025-06-06 00:00:00+08:00,300086.XSHE,0.95,1279.0,6.359,1011.0,5.026,268.0,1.332,-110.0,-0.547,20.0,0.099
,2025-06-09 00:00:00+08:00,300086.XSHE,2.07,134.0,0.806,385.0,2.315,-251.0,-1.509,145.0,0.872,-32.0,-0.192
,2025-06-10 00:00:00+08:00,300086.XSHE,0.37,1923.0,10.231,1268.0,6.746,655.0,3.485,144.0,0.766,-57.0,-0.303
,2025-06-11 00:00:00+08:00,300086.XSHE,-1.1,-211.0,-1.847,266.0,2.328,-477.0,-4.175,22.0,0.193,-26.0,-0.228
,2025-06-12 00:00:00+08:00,300086.XSHE,0.37,239.0,2.97,-105.0,-1.305,344.0,4.275,-131.0,-1.628,-39.0,-0.485
,2025-06-13 00:00:00+08:00,300086.XSHE,-3.33,453.0,5.023,407.0,4.513,46.0,0.51,-283.0,-3.138,-38.0,-0.421
,2025-06-16 00:00:00+08:00,300086.XSHE,1.15,258.0,3.105,27.0,0.325,231.0,2.78,22.0,0.265,55.0,0.662
,2025-06-17 00:00:00+08:00,300086.XSHE,0.0,69.0,0.736,391.0,4.169,-322.0,-3.434,-139.0,-1.482,8.0,0.085
,2025-06-18 00:00:00+08:00,300086.XSHE,-0.38,687.0,3.809,1023.0,5.672,-336.0,-1.863,233.0,1.292,112.0,0.621
,2025-06-19 00:00:00+08:00,300086.XSHE,-3.8,-746.0,-7.046,-394.0,-3.722,-352.0,-3.325,-171.0,-1.615,-29.0,-0.274
,2025-06-20 00:00:00+08:00,300086.XSHE,0.0,-353.0,-5.82,-110.0,-1.814,-243.0,-4.007,-24.0,-0.396,20.0,0.33
,2025-06-23 00:00:00+08:00,300086.XSHE,1.58,238.0,4.389,0.0,0.0,238.0,4.389,67.0,1.235,-8.0,-0.148
,2025-06-24 00:00:00+08:00,300086.XSHE,2.72,290.0,4.971,219.0,3.754,71.0,1.217,-53.0,-0.908,-43.0,-0.737
,2025-06-25 00:00:00+08:00,300086.XSHE,0.19,477.0,6.106,567.0,7.258,-90.0,-1.152,85.0,1.088,-25.0,-0.32
,2025-06-26 00:00:00+08:00,300086.XSHE,1.14,1211.0,12.527,750.0,7.758,461.0,4.769,58.0,0.6,18.0,0.186
,2025-06-27 00:00:00+08:00,300086.XSHE,0.0,-187.0,-2.449,-447.0,-5.854,260.0,3.405,104.0,1.362,-6.0,-0.079
,2025-06-30 00:00:00+08:00,300086.XSHE,1.12,656.0,6.932,615.0,6.499,41.0,0.433,45.0,0.476,-21.0,-0.222
,2025-07-01 00:00:00+08:00,300086.XSHE,0.92,712.0,6.143,242.0,2.088,470.0,4.055,285.0,2.459,-89.0,-0.768
,2025-07-02 00:00:00+08:00,300086.XSHE,0.18,364.0,4.018,481.0,5.309,-117.0,-1.291,1.0,0.011,-45.0,-0.497
,2025-07-03 00:00:00+08:00,300086.XSHE,1.64,1027.0,10.2,691.0,6.863,336.0,3.337,-102.0,-1.013,83.0,0.824
,2025-07-04 00:00:00+08:00,300086.XSHE,-0.72,918.0,6.992,1154.0,8.79,-236.0,-1.798,90.0,0.686,-83.0,-0.632
,2025-07-07 00:00:00+08:00,300086.XSHE,-0.36,-285.0,-3.244,143.0,1.628,-428.0,-4.871,-268.0,-3.05,-35.0,-0.398
,2025-07-08 00:00:00+08:00,300086.XSHE,1.08,405.0,4.647,170.0,1.95,235.0,2.696,-41.0,-0.47,52.0,0.597
,2025-07-09 00:00:00+08:00,300086.XSHE,-0.89,-435.0,-6.493,-155.0,-2.313,-280.0,-4.179,-203.0,-3.03,42.0,0.627
,2025-07-10 00:00:00+08:00,300086.XSHE,1.08,-180.0,-2.42,0.0,0.0,-180.0,-2.42,-54.0,-0.726,63.0,0.847
,2025-07-11 00:00:00+08:00,300086.XSHE,0.71,215.0,2.696,525.0,6.584,-310.0,-3.888,-58.0,-0.727,-23.0,-0.288
,2025-07-14 00:00:00+08:00,300086.XSHE,1.77,648.0,7.606,146.0,1.714,502.0,5.892,75.0,0.88,13.0,0.153
,2025-07-15 00:00:00+08:00,300086.XSHE,-2.96,1254.0,11.25,844.0,7.572,410.0,3.678,-171.0,-1.534,-45.0,-0.404
,2025-07-16 00:00:00+08:00,300086.XSHE,3.58,1836.0,11.378,890.0,5.515,946.0,5.862,227.0,1.407,-3.0,-0.019
,2025-07-17 00:00:00+08:00,300086.XSHE,3.65,1704.0,8.08,1402.0,6.648,302.0,1.432,7.0,0.033,-7.0,-0.033
,2025-07-18 00:00:00+08:00,300086.XSHE,2.02,3012.0,12.974,1805.0,7.775,1207.0,5.199,-64.0,-0.276,-42.0,-0.181
,2025-07-21 00:00:00+08:00,300086.XSHE,3.95,5425.0,11.288,3355.0,6.981,2070.0,4.307,-281.0,-0.585,-118.0,-0.246
,2025-07-22 00:00:00+08:00,300086.XSHE,5.26,1757.0,2.645,794.0,1.195,963.0,1.45,-345.0,-0.519,-41.0,-0.062
,2025-07-23 00:00:00+08:00,300086.XSHE,-4.12,128.0,0.224,603.0,1.053,-475.0,-0.83,-81.0,-0.142,-58.0,-0.101
,2025-07-24 00:00:00+08:00,300086.XSHE,20.0,13574.0,18.201,13927.0,18.674,-353.0,-0.473,-24.0,-0.032,0.0,0.0
,2025-07-25 00:00:00+08:00,300086.XSHE,0.93,-13352.0,-8.665,-11878.0,-7.709,-1474.0,-0.957,691.0,0.448,6.0,0.004
,2025-07-28 00:00:00+08:00,300086.XSHE,4.34,1000.0,0.992,3175.0,3.149,-2175.0,-2.157,12.0,0.012,-18.0,-0.018
,2025-07-29 00:00:00+08:00,300086.XSHE,0.76,-677.0,-0.751,1994.0,2.211,-2671.0,-2.962,69.0,0.077,46.0,0.051
,2025-07-30 00:00:00+08:00,300086.XSHE,5.63,6739.0,5.945,5477.0,4.832,1262.0,1.113,-255.0,-0.225,69.0,0.061
,2025-07-31 00:00:00+08:00,300086.XSHE,-1.06,408.0,0.363,24.0,0.021,384.0,0.341,-326.0,-0.29,-39.0,-0.035
,2025-08-01 00:00:00+08:00,300086.XSHE,-7.15,-2777.0,-3.413,-2048.0,-2.517,-729.0,-0.896,-727.0,-0.893,88.0,0.108
,2025-08-04 00:00:00+08:00,300086.XSHE,0.9,2664.0,4.923,2506.0,4.631,158.0,0.292,-375.0,-0.693,-46.0,-0.085
,2025-08-05 00:00:00+08:00,300086.XSHE,-3.81,-1377.0,-2.745,-1102.0,-2.197,-275.0,-0.548,-671.0,-1.338,-68.0,-0.136
,2025-08-06 00:00:00+08:00,300086.XSHE,-0.53,2353.0,5.007,3231.0,6.875,-878.0,-1.868,-360.0,-0.766,-112.0,-0.238
,2025-08-07 00:00:00+08:00,300086.XSHE,-3.19,1652.0,3.787,1493.0,3.423,159.0,0.364,-847.0,-1.942,-65.0,-0.149
,2025-08-08 00:00:00+08:00,300086.XSHE,-0.55,996.0,3.856,-8.0,-0.031,1004.0,3.887,-192.0,-0.743,-21.0,-0.081
,2025-08-11 00:00:00+08:00,300086.XSHE,1.94,975.0,3.686,940.0,3.553,35.0,0.132,49.0,0.185,-21.0,-0.079
,2025-08-12 00:00:00+08:00,300086.XSHE,-3.25,-157.0,-0.526,24.0,0.08,-181.0,-0.607,-198.0,-0.664,-57.0,-0.191
,2025-08-13 00:00:00+08:00,300086.XSHE,2.1,2325.0,7.302,2874.0,9.026,-549.0,-1.724,-6.0,-0.019,-141.0,-0.443
,2025-08-14 00:00:00+08:00,300086.XSHE,-2.47,-960.0,-3.174,-102.0,-0.337,-858.0,-2.837,-536.0,-1.772,-42.0,-0.139
,2025-08-15 00:00:00+08:00,300086.XSHE,-0.14,-918.0,-3.886,-475.0,-2.011,-443.0,-1.875,-317.0,-1.342,-14.0,-0.059
,2025-08-18 00:00:00+08:00,300086.XSHE,1.41,2169.0,7.762,1005.0,3.596,1164.0,4.165,-116.0,-0.415,-47.0,-0.168
,2025-08-19 00:00:00+08:00,300086.XSHE,0.7,-123.0,-0.319,-354.0,-0.917,231.0,0.598,-264.0,-0.684,-13.0,-0.034
,2025-08-20 00:00:00+08:00,300086.XSHE,-1.24,-2435.0,-9.218,-1976.0,-7.48,-459.0,-1.738,-540.0,-2.044,-10.0,-0.038
,2025-08-21 00:00:00+08:00,300086.XSHE,-1.26,-76.0,-0.456,-462.0,-2.774,386.0,2.317,-380.0,-2.281,-63.0,-0.378
,2025-08-22 00:00:00+08:00,300086.XSHE,-0.28,472.0,2.391,480.0,2.432,-8.0,-0.041,-435.0,-2.204,-124.0,-0.628
,2025-08-25 00:00:00+08:00,300086.XSHE,0.28,-465.0,-2.545,472.0,2.583,-937.0,-5.128,-169.0,-0.925,-26.0,-0.142
,2025-08-26 00:00:00+08:00,300086.XSHE,-0.43,835.0,5.399,946.0,6.116,-111.0,-0.718,-98.0,-0.634,-42.0,-0.272
,2025-08-27 00:00:00+08:00,300086.XSHE,-4.13,-1644.0,-7.144,-1366.0,-5.936,-278.0,-1.208,-421.0,-1.83,-26.0,-0.113
,2025-08-28 00:00:00+08:00,300086.XSHE,-0.74,490.0,2.438,514.0,2.557,-24.0,-0.119,-578.0,-2.875,-81.0,-0.403
,2025-08-29 00:00:00+08:00,300086.XSHE,0.15,689.0,5.249,418.0,3.185,271.0,2.065,-90.0,-0.686,64.0,0.488
,2025-09-01 00:00:00+08:00,300086.XSHE,1.5,534.0,3.76,885.0,6.232,-351.0,-2.472,-115.0,-0.81,-46.0,-0.324
,2025-09-02 00:00:00+08:00,300086.XSHE,-1.62,-71.0,-0.517,-279.0,-2.031,208.0,1.514,-264.0,-1.922,-34.0,-0.247
,2025-09-03 00:00:00+08:00,300086.XSHE,-2.4,-937.0,-8.111,-234.0,-2.026,-703.0,-6.086,-176.0,-1.524,-34.0,-0.294
,2025-09-04 00:00:00+08:00,300086.XSHE,0.77,1289.0,8.551,722.0,4.789,567.0,3.761,174.0,1.154,-39.0,-0.259
,2025-09-05 00:00:00+08:00,300086.XSHE,0.15,-997.0,-7.536,126.0,0.952,-1123.0,-8.489,-80.0,-0.605,-17.0,-0.129
,2025-09-08 00:00:00+08:00,300086.XSHE,0.91,384.0,3.449,455.0,4.087,-71.0,-0.638,52.0,0.467,-19.0,-0.171
,2025-09-09 00:00:00+08:00,300086.XSHE,-2.1,-604.0,-5.63,43.0,0.401,-647.0,-6.031,154.0,1.435,5.0,0.047
,2025-09-10 00:00:00+08:00,300086.XSHE,1.53,947.0,7.655,497.0,4.017,450.0,3.638,104.0,0.841,26.0,0.21
,2025-09-11 00:00:00+08:00,300086.XSHE,3.61,4829.0,18.59,4350.0,16.746,479.0,1.844,-217.0,-0.835,39.0,0.15
,2025-09-12 00:00:00+08:00,300086.XSHE,-0.58,782.0,3.497,1144.0,5.116,-362.0,-1.619,-93.0,-0.416,76.0,0.34
,2025-09-15 00:00:00+08:00,300086.XSHE,1.32,2425.0,10.413,1825.0,7.837,600.0,2.576,195.0,0.837,20.0,0.086
,2025-09-16 00:00:00+08:00,300086.XSHE,2.75,2275.0,7.48,2413.0,7.934,-138.0,-0.454,341.0,1.121,82.0,0.27
,2025-09-17 00:00:00+08:00,300086.XSHE,-3.24,-4780.0,-18.482,-2801.0,-10.83,-1979.0,-7.652,-236.0,-0.913,141.0,0.545
,2025-09-18 00:00:00+08:00,300086.XSHE,-1.31,1096.0,5.449,1217.0,6.05,-121.0,-0.602,-227.0,-1.129,96.0,0.477
,2025-09-19 00:00:00+08:00,300086.XSHE,0.29,557.0,2.854,970.0,4.97,-413.0,-2.116,-191.0,-0.979,62.0,0.318
,2025-09-22 00:00:00+08:00,300086.XSHE,0.0,-137.0,-1.067,-84.0,-0.654,-53.0,-0.413,-123.0,-0.958,15.0,0.117
,2025-09-23 00:00:00+08:00,300086.XSHE,-2.94,-1404.0,-10.002,-538.0,-3.833,-866.0,-6.169,-286.0,-2.037,25.0,0.178
,2025-09-24 00:00:00+08:00,300086.XSHE,5.15,6035.0,16.198,7257.0,19.478,-1222.0,-3.28,-141.0,-0.378,-88.0,-0.236
,2025-09-25 00:00:00+08:00,300086.XSHE,-3.6,-2603.0,-11.433,-1399.0,-6.145,-1204.0,-5.288,-436.0,-1.915,68.0,0.299
,2025-09-26 00:00:00+08:00,300086.XSHE,5.83,6511.0,14.682,5867.0,13.23,644.0,1.452,-164.0,-0.37,-27.0,-0.061
,2025-09-29 00:00:00+08:00,300086.XSHE,-0.56,387.0,1.564,284.0,1.148,103.0,0.416,135.0,0.546,-51.0,-0.206
,2025-09-30 00:00:00+08:00,300086.XSHE,1.71,1352.0,4.795,1540.0,5.462,-188.0,-0.667,91.0,0.323,25.0,0.089
,2025-10-09 00:00:00+08:00,300086.XSHE,-3.78,-3640.0,-15.92,-1873.0,-8.192,-1767.0,-7.728,211.0,0.923,6.0,0.026
,2025-10-10 00:00:00+08:00,300086.XSHE,3.78,4771.0,12.93,5216.0,14.136,-445.0,-1.206,-662.0,-1.794,10.0,0.027
,2025-10-13 00:00:00+08:00,300086.XSHE,-0.84,4.0,0.018,-355.0,-1.638,359.0,1.656,-94.0,-0.434,3.0,0.014
,2025-10-14 00:00:00+08:00,300086.XSHE,0.99,3246.0,9.419,3237.0,9.393,9.0,0.026,-181.0,-0.525,-18.0,-0.052
,2025-10-15 00:00:00+08:00,300086.XSHE,1.26,-1533.0,-6.31,-391.0,-1.609,-1142.0,-4.701,38.0,0.156,18.0,0.074
,2025-10-16 00:00:00+08:00,300086.XSHE,5.83,3334.0,5.599,3457.0,5.806,-123.0,-0.207,-58.0,-0.097,108.0,0.181
,2025-10-17 00:00:00+08:00,300086.XSHE,3.15,-506.0,-0.665,-1013.0,-1.331,507.0,0.666,-482.0,-0.633,32.0,0.042
,2025-10-20 00:00:00+08:00,300086.XSHE,-0.51,-1536.0,-2.636,252.0,0.432,-1788.0,-3.068,-15.0,-0.026,-48.0,-0.082
,2025-10-21 00:00:00+08:00,300086.XSHE,-0.76,3824.0,9.27,2679.0,6.494,1145.0,2.776,-288.0,-0.698,-150.0,-0.364
,2025-10-22 00:00:00+08:00,300086.XSHE,-5.77,-4115.0,-8.946,-3081.0,-6.698,-1034.0,-2.248,-198.0,-0.43,-25.0,-0.054
,2025-10-23 00:00:00+08:00,300086.XSHE,3.13,2271.0,4.372,4973.0,9.575,-2702.0,-5.202,146.0,0.281,-3.0,-0.006
,2025-10-24 00:00:00+08:00,300086.XSHE,-4.76,-1828.0,-4.23,-1452.0,-3.36,-376.0,-0.87,-392.0,-0.907,25.0,0.058
,2025-10-27 00:00:00+08:00,300086.XSHE,-4.02,-1452.0,-4.686,-123.0,-0.397,-1329.0,-4.289,-351.0,-1.133,2.0,0.006
,2025-10-28 00:00:00+08:00,300086.XSHE,0.72,1790.0,9.305,1604.0,8.338,186.0,0.967,73.0,0.379,2.0,0.01
,2025-10-29 00:00:00+08:00,300086.XSHE,15.95,26950.0,23.591,29950.0,26.217,-3000.0,-2.626,-488.0,-0.427,-4.0,-0.004
,2025-10-30 00:00:00+08:00,300086.XSHE,-7.56,-6328.0,-9.034,-6310.0,-9.008,-18.0,-0.026,-394.0,-0.562,95.0,0.136
,2025-10-31 00:00:00+08:00,300086.XSHE,17.61,17893.0,14.834,17557.0,14.555,336.0,0.279,-285.0,-0.236,150.0,0.124
,2025-11-03 00:00:00+08:00,300086.XSHE,3.09,-6711.0,-5.526,-7791.0,-6.415,1080.0,0.889,-119.0,-0.098,49.0,0.04
,2025-11-04 00:00:00+08:00,300086.XSHE,-3.1,81.0,0.108,1086.0,1.448,-1005.0,-1.34,-239.0,-0.319,-58.0,-0.077
,2025-11-05 00:00:00+08:00,300086.XSHE,7.55,-4604.0,-3.473,-5779.0,-4.36,1175.0,0.886,-232.0,-0.175,67.0,0.051
,2025-11-06 00:00:00+08:00,300086.XSHE,-3.29,-5113.0,-5.361,-2070.0,-2.171,-3043.0,-3.191,223.0,0.234,10.0,0.01
,2025-11-07 00:00:00+08:00,300086.XSHE,1.87,-182.0,-0.179,-283.0,-0.279,101.0,0.099,-332.0,-0.327,-33.0,-0.032
,2025-11-10 00:00:00+08:00,300086.XSHE,-2.7,-237.0,-0.273,1406.0,1.618,-1643.0,-1.891,-654.0,-0.753,-12.0,-0.014
,2025-11-11 00:00:00+08:00,300086.XSHE,-4.1,-2030.0,-3.502,-2333.0,-4.025,303.0,0.523,-333.0,-0.574,-86.0,-0.148
,2025-11-12 00:00:00+08:00,300086.XSHE,0.69,-665.0,-1.049,-89.0,-0.14,-576.0,-0.908,-92.0,-0.145,33.0,0.052
,2025-11-13 00:00:00+08:00,300086.XSHE,1.14,2854.0,5.05,2068.0,3.659,786.0,1.391,56.0,0.099,-102.0,-0.18
,2025-11-14 00:00:00+08:00,300086.XSHE,20.0,31147.0,25.187,31271.0,25.287,-124.0,-0.1,-253.0,-0.205,14.0,0.011
,2025-11-17 00:00:00+08:00,300086.XSHE,4.52,6961.0,4.012,8892.0,5.124,-1931.0,-1.113,-287.0,-0.165,47.0,0.027
,2025-11-18 00:00:00+08:00,300086.XSHE,7.74,3543.0,2.037,4536.0,2.607,-993.0,-0.571,-411.0,-0.236,65.0,0.037
,2025-11-19 00:00:00+08:00,300086.XSHE,-5.33,7277.0,5.56,9945.0,7.598,-2668.0,-2.038,-1044.0,-0.798,-88.0,-0.067
,2025-11-20 00:00:00+08:00,300086.XSHE,8.79,4632.0,2.823,4848.0,2.954,-216.0,-0.132,-96.0,-0.059,3.0,0.002
,2025-11-21 00:00:00+08:00,300086.XSHE,-3.87,-887.0,-0.523,1883.0,1.11,-2770.0,-1.633,-950.0,-0.56,38.0,0.022
,2025-11-24 00:00:00+08:00,300086.XSHE,-5.85,1526.0,1.24,3635.0,2.953,-2109.0,-1.713,-1127.0,-0.916,15.0,0.012
,2025-11-25 00:00:00+08:00,300086.XSHE,13.18,-484.0,-0.321,-3388.0,-2.247,2904.0,1.926,500.0,0.332,34.0,0.023
,2025-11-26 00:00:00+08:00,300086.XSHE,5.62,13816.0,6.367,14868.0,6.852,-1052.0,-0.485,-1053.0,-0.485,27.0,0.012
,2025-11-27 00:00:00+08:00,300086.XSHE,-5.09,-13815.0,-9.709,-12909.0,-9.072,-906.0,-0.637,-265.0,-0.186,-51.0,-0.036
,2025-11-28 00:00:00+08:00,300086.XSHE,3.08,-3962.0,-3.103,-3218.0,-2.52,-744.0,-0.583,-445.0,-0.349,160.0,0.125
,2025-12-01 00:00:00+08:00,300086.XSHE,-4.32,-8934.0,-8.415,-4857.0,-4.575,-4077.0,-3.84,-332.0,-0.313,64.0,0.06
,2025-12-02 00:00:00+08:00,300086.XSHE,-0.41,1074.0,1.054,-1639.0,-1.608,2713.0,2.662,-855.0,-0.839,15.0,0.015
,2025-12-03 00:00:00+08:00,300086.XSHE,-2.81,-1210.0,-1.236,786.0,0.803,-1996.0,-2.039,-781.0,-0.798,62.0,0.063
,2025-12-04 00:00:00+08:00,300086.XSHE,-6.46,-2634.0,-3.093,399.0,0.469,-3033.0,-3.562,-344.0,-0.404,50.0,0.059
,2025-12-05 00:00:00+08:00,300086.XSHE,0.64,6817.0,9.502,5218.0,7.273,1599.0,2.229,-443.0,-0.617,-208.0,-0.29
,2025-12-08 00:00:00+08:00,300086.XSHE,5.59,10421.0,11.931,8765.0,10.035,1656.0,1.896,-192.0,-0.22,-78.0,-0.089
,2025-12-09 00:00:00+08:00,300086.XSHE,-7.68,-16560.0,-19.66,-13225.0,-15.701,-3335.0,-3.959,131.0,0.156,25.0,0.03
,2025-12-10 00:00:00+08:00,300086.XSHE,15.56,23263.0,14.959,23834.0,15.327,-571.0,-0.367,-476.0,-0.306,-63.0,-0.041
,2025-12-11 00:00:00+08:00,300086.XSHE,-4.73,-8265.0,-6.368,-3234.0,-2.492,-5031.0,-3.876,-21.0,-0.016,-159.0,-0.123
,2025-12-12 00:00:00+08:00,300086.XSHE,-3.79,-4413.0,-5.57,-2264.0,-2.857,-2149.0,-2.712,1.0,0.001,-45.0,-0.057
,2025-12-15 00:00:00+08:00,300086.XSHE,2.97,3404.0,3.977,2887.0,3.373,517.0,0.604,-307.0,-0.359,-84.0,-0.098
,2025-12-16 00:00:00+08:00,300086.XSHE,-4.08,-12644.0,-15.665,-8699.0,-10.777,-3945.0,-4.888,215.0,0.266,160.0,0.198
,2025-12-17 00:00:00+08:00,300086.XSHE,-8.07,-4418.0,-7.203,-1943.0,-3.168,-2475.0,-4.035,9.0,0.015,-13.0,-0.021
,2025-12-18 00:00:00+08:00,300086.XSHE,-4.53,-2793.0,-4.533,-1093.0,-1.774,-1700.0,-2.759,-225.0,-0.365,-74.0,-0.12
,2025-12-19 00:00:00+08:00,300086.XSHE,11.32,15851.0,15.734,13274.0,13.176,2577.0,2.558,-390.0,-0.387,-205.0,-0.203
,2025-12-22 00:00:00+08:00,300086.XSHE,19.96,29487.0,21.843,29051.0,21.52,436.0,0.323,-36.0,-0.027,0.0,0.0
,2025-12-23 00:00:00+08:00,300086.XSHE,3.63,10019.0,3.704,13096.0,4.841,-3077.0,-1.138,-1331.0,-0.492,-80.0,-0.03
,2025-12-24 00:00:00+08:00,300086.XSHE,-2.92,9211.0,5.782,9671.0,6.071,-460.0,-0.289,-1068.0,-0.67,-66.0,-0.041
,2025-12-25 00:00:00+08:00,300086.XSHE,-3.61,-9207.0,-7.718,-7714.0,-6.466,-1493.0,-1.252,-322.0,-0.27,-2.0,-0.002
,2025-01-02 00:00:00+08:00,300189.XSHE,-1.53,-825.0,-1.825,283.0,0.626,-1108.0,-2.451,-407.0,-0.9,25.0,0.055
,2025-01-03 00:00:00+08:00,300189.XSHE,-8.53,-1001.0,-2.652,347.0,0.919,-1348.0,-3.572,-260.0,-0.689,-116.0,-0.307
,2025-01-06 00:00:00+08:00,300189.XSHE,-3.65,91.0,0.349,209.0,0.802,-118.0,-0.453,-173.0,-0.664,-21.0,-0.081
,2025-01-07 00:00:00+08:00,300189.XSHE,6.12,693.0,1.976,1085.0,3.093,-392.0,-1.118,-152.0,-0.433,-40.0,-0.114
,2025-01-08 00:00:00+08:00,300189.XSHE,-0.82,1281.0,4.228,1142.0,3.769,139.0,0.459,-364.0,-1.201,-33.0,-0.109
,2025-01-09 00:00:00+08:00,300189.XSHE,1.66,1504.0,4.647,989.0,3.056,515.0,1.591,-259.0,-0.8,-7.0,-0.022
,2025-01-10 00:00:00+08:00,300189.XSHE,-0.54,978.0,2.647,-39.0,-0.106,1017.0,2.753,-127.0,-0.344,-81.0,-0.219
,2025-01-13 00:00:00+08:00,300189.XSHE,-1.91,-33.0,-0.174,182.0,0.962,-215.0,-1.137,-99.0,-0.523,-18.0,-0.095
,2025-01-14 00:00:00+08:00,300189.XSHE,6.11,4652.0,12.684,3557.0,9.699,1095.0,2.986,-233.0,-0.635,-13.0,-0.035
,2025-01-15 00:00:00+08:00,300189.XSHE,1.57,946.0,2.604,1023.0,2.816,-77.0,-0.212,-290.0,-0.798,60.0,0.165
,2025-01-16 00:00:00+08:00,300189.XSHE,0.77,809.0,1.97,417.0,1.015,392.0,0.954,-562.0,-1.368,26.0,0.063
,2025-01-17 00:00:00+08:00,300189.XSHE,-1.79,-1437.0,-5.554,-536.0,-2.072,-901.0,-3.483,-287.0,-1.109,-11.0,-0.043
,2025-01-20 00:00:00+08:00,300189.XSHE,-1.82,-133.0,-0.501,992.0,3.737,-1125.0,-4.238,-278.0,-1.047,-16.0,-0.06
,2025-01-21 00:00:00+08:00,300189.XSHE,-4.77,-889.0,-3.246,-23.0,-0.084,-866.0,-3.162,-349.0,-1.274,-30.0,-0.11
,2025-01-22 00:00:00+08:00,300189.XSHE,0.83,-119.0,-0.747,-302.0,-1.895,183.0,1.148,-122.0,-0.766,-31.0,-0.195
,2025-01-23 00:00:00+08:00,300189.XSHE,0.28,1393.0,4.71,1486.0,5.024,-93.0,-0.314,-338.0,-1.143,-66.0,-0.223
,2025-01-24 00:00:00+08:00,300189.XSHE,-0.83,103.0,0.485,229.0,1.078,-126.0,-0.593,-88.0,-0.414,7.0,0.033
,2025-01-27 00:00:00+08:00,300189.XSHE,0.28,2432.0,12.314,1830.0,9.266,602.0,3.048,-316.0,-1.6,-40.0,-0.203
,2025-02-05 00:00:00+08:00,300189.XSHE,4.7,2312.0,7.111,1910.0,5.875,402.0,1.237,-73.0,-0.225,-56.0,-0.172
,2025-02-06 00:00:00+08:00,300189.XSHE,1.85,3020.0,8.5,3121.0,8.784,-101.0,-0.284,-75.0,-0.211,-36.0,-0.101
,2025-02-07 00:00:00+08:00,300189.XSHE,0.52,2477.0,6.213,2610.0,6.546,-133.0,-0.334,-77.0,-0.193,-19.0,-0.048
,2025-02-10 00:00:00+08:00,300189.XSHE,1.29,2324.0,7.237,2467.0,7.682,-143.0,-0.445,-467.0,-1.454,19.0,0.059
,2025-02-11 00:00:00+08:00,300189.XSHE,-1.27,15.0,0.057,-95.0,-0.362,110.0,0.42,-116.0,-0.442,-121.0,-0.462
,2025-02-12 00:00:00+08:00,300189.XSHE,0.52,772.0,3.325,1017.0,4.38,-245.0,-1.055,-342.0,-1.473,-84.0,-0.362
,2025-02-13 00:00:00+08:00,300189.XSHE,2.05,-440.0,-0.689,-995.0,-1.558,555.0,0.869,-126.0,-0.197,72.0,0.113
,2025-02-14 00:00:00+08:00,300189.XSHE,0.76,911.0,2.031,708.0,1.579,203.0,0.453,35.0,0.078,7.0,0.016
,2025-02-17 00:00:00+08:00,300189.XSHE,7.0,3444.0,4.547,4665.0,6.159,-1221.0,-1.612,103.0,0.136,0.0,0.0
,2025-02-18 00:00:00+08:00,300189.XSHE,-3.74,-3637.0,-6.687,-3395.0,-6.242,-242.0,-0.445,-126.0,-0.232,12.0,0.022
,2025-02-19 00:00:00+08:00,300189.XSHE,1.21,350.0,0.804,495.0,1.136,-145.0,-0.333,225.0,0.517,-73.0,-0.168
,2025-02-20 00:00:00+08:00,300189.XSHE,1.2,826.0,1.678,803.0,1.631,23.0,0.047,-193.0,-0.392,-18.0,-0.037
,2025-02-21 00:00:00+08:00,300189.XSHE,2.12,1920.0,3.244,1703.0,2.877,217.0,0.367,-177.0,-0.299,15.0,0.025
,2025-02-24 00:00:00+08:00,300189.XSHE,1.61,5547.0,4.181,7119.0,5.365,-1572.0,-1.185,-200.0,-0.151,-97.0,-0.073
,2025-02-25 00:00:00+08:00,300189.XSHE,-6.58,125.0,0.175,1331.0,1.865,-1206.0,-1.69,-531.0,-0.744,44.0,0.062
,2025-02-26 00:00:00+08:00,300189.XSHE,-2.18,-2781.0,-5.68,-1856.0,-3.79,-925.0,-1.889,-149.0,-0.304,41.0,0.084
,2025-02-27 00:00:00+08:00,300189.XSHE,2.49,2901.0,5.869,2368.0,4.79,533.0,1.078,-65.0,-0.131,-10.0,-0.02
,2025-02-28 00:00:00+08:00,300189.XSHE,-6.3,-892.0,-2.289,-634.0,-1.627,-258.0,-0.662,-871.0,-2.235,-35.0,-0.09
,2025-03-03 00:00:00+08:00,300189.XSHE,3.87,3259.0,8.563,3100.0,8.145,159.0,0.418,-118.0,-0.31,-22.0,-0.058
,2025-03-04 00:00:00+08:00,300189.XSHE,0.25,14.0,0.046,496.0,1.646,-482.0,-1.599,-340.0,-1.128,-13.0,-0.043
,2025-03-05 00:00:00+08:00,300189.XSHE,-1.24,-856.0,-3.644,-287.0,-1.222,-569.0,-2.422,100.0,0.426,-133.0,-0.566
,2025-03-06 00:00:00+08:00,300189.XSHE,0.0,479.0,1.778,338.0,1.254,141.0,0.523,-68.0,-0.252,-96.0,-0.356
,2025-03-07 00:00:00+08:00,300189.XSHE,-2.5,-871.0,-3.494,-116.0,-0.465,-755.0,-3.028,-706.0,-2.832,-85.0,-0.341
,2025-03-10 00:00:00+08:00,300189.XSHE,0.26,-471.0,-3.206,-169.0,-1.15,-302.0,-2.056,-192.0,-1.307,-37.0,-0.252
,2025-03-11 00:00:00+08:00,300189.XSHE,2.31,2693.0,8.977,2691.0,8.971,2.0,0.007,-174.0,-0.58,-37.0,-0.123
,2025-03-12 00:00:00+08:00,300189.XSHE,-1.75,-1524.0,-6.764,-832.0,-3.693,-692.0,-3.071,-27.0,-0.12,-93.0,-0.413
,2025-03-13 00:00:00+08:00,300189.XSHE,-1.53,-113.0,-0.689,136.0,0.83,-249.0,-1.519,-379.0,-2.312,-120.0,-0.732
,2025-03-14 00:00:00+08:00,300189.XSHE,1.56,287.0,1.812,620.0,3.915,-333.0,-2.103,-312.0,-1.97,7.0,0.044
,2025-03-17 00:00:00+08:00,300189.XSHE,2.81,3537.0,10.772,3395.0,10.339,142.0,0.432,-53.0,-0.161,30.0,0.091
,2025-03-18 00:00:00+08:00,300189.XSHE,-1.0,-119.0,-0.576,172.0,0.833,-291.0,-1.41,-228.0,-1.105,21.0,0.102
,2025-03-19 00:00:00+08:00,300189.XSHE,-2.27,-2389.0,-13.702,-1615.0,-9.263,-774.0,-4.439,-682.0,-3.912,100.0,0.574
,2025-03-20 00:00:00+08:00,300189.XSHE,-1.03,-960.0,-5.79,-252.0,-1.52,-708.0,-4.27,-286.0,-1.725,-30.0,-0.181
,2025-03-21 00:00:00+08:00,300189.XSHE,-2.09,-22.0,-0.136,877.0,5.433,-899.0,-5.57,-119.0,-0.737,-65.0,-0.403
,2025-03-24 00:00:00+08:00,300189.XSHE,-2.94,-757.0,-3.932,-301.0,-1.564,-456.0,-2.369,-334.0,-1.735,-40.0,-0.208
,2025-03-25 00:00:00+08:00,300189.XSHE,-0.83,-198.0,-1.956,61.0,0.603,-259.0,-2.559,-68.0,-0.672,-73.0,-0.721
,2025-03-26 00:00:00+08:00,300189.XSHE,0.56,359.0,3.428,539.0,5.147,-180.0,-1.719,-232.0,-2.215,-35.0,-0.334
,2025-03-27 00:00:00+08:00,300189.XSHE,-2.22,-161.0,-1.441,250.0,2.238,-411.0,-3.679,-243.0,-2.175,-66.0,-0.591
,2025-03-28 00:00:00+08:00,300189.XSHE,-1.98,850.0,7.61,703.0,6.294,147.0,1.316,-63.0,-0.564,-48.0,-0.43
,2025-03-31 00:00:00+08:00,300189.XSHE,-1.73,-1066.0,-9.658,-405.0,-3.669,-661.0,-5.988,-58.0,-0.525,7.0,0.063
,2025-04-01 00:00:00+08:00,300189.XSHE,1.76,-738.0,-6.816,-523.0,-4.83,-215.0,-1.986,-38.0,-0.351,19.0,0.175
,2025-04-02 00:00:00+08:00,300189.XSHE,-0.87,378.0,4.263,554.0,6.248,-176.0,-1.985,-25.0,-0.282,-50.0,-0.564
,2025-04-03 00:00:00+08:00,300189.XSHE,5.26,2459.0,8.047,2421.0,7.922,38.0,0.124,-69.0,-0.226,-58.0,-0.19
,2025-04-07 00:00:00+08:00,300189.XSHE,20.06,26888.0,16.756,25709.0,16.021,1179.0,0.735,-108.0,-0.067,-26.0,-0.016
,2025-04-08 00:00:00+08:00,300189.XSHE,19.95,8862.0,4.251,8538.0,4.096,324.0,0.155,-169.0,-0.081,27.0,0.013
,2025-04-09 00:00:00+08:00,300189.XSHE,8.9,3152.0,1.063,3306.0,1.115,-154.0,-0.052,-1093.0,-0.369,-34.0,-0.011
,2025-04-10 00:00:00+08:00,300189.XSHE,-1.23,3735.0,1.518,3556.0,1.445,179.0,0.073,432.0,0.176,41.0,0.017
,2025-04-11 00:00:00+08:00,300189.XSHE,-13.04,-11792.0,-6.557,-12089.0,-6.722,297.0,0.165,37.0,0.021,-75.0,-0.042
,2025-04-14 00:00:00+08:00,300189.XSHE,4.11,2042.0,1.251,2894.0,1.772,-852.0,-0.522,-283.0,-0.173,42.0,0.026
,2025-04-15 00:00:00+08:00,300189.XSHE,-4.55,-5519.0,-4.89,-4817.0,-4.268,-702.0,-0.622,-533.0,-0.472,17.0,0.015
,2025-04-16 00:00:00+08:00,300189.XSHE,-5.6,-4441.0,-4.17,-2641.0,-2.48,-1800.0,-1.69,-20.0,-0.019,32.0,0.03
,2025-04-17 00:00:00+08:00,300189.XSHE,-3.74,-2909.0,-3.497,-2884.0,-3.467,-25.0,-0.03,-343.0,-0.412,-19.0,-0.023
,2025-04-18 00:00:00+08:00,300189.XSHE,-4.81,2147.0,2.944,1753.0,2.404,394.0,0.54,-740.0,-1.015,-42.0,-0.058
,2025-04-21 00:00:00+08:00,300189.XSHE,2.16,2433.0,4.321,2525.0,4.485,-92.0,-0.163,-29.0,-0.052,-7.0,-0.012
,2025-04-22 00:00:00+08:00,300189.XSHE,7.53,396.0,0.339,140.0,0.12,256.0,0.219,212.0,0.181,63.0,0.054
,2025-04-23 00:00:00+08:00,300189.XSHE,-7.88,-3117.0,-3.473,-1302.0,-1.451,-1815.0,-2.022,-738.0,-0.822,28.0,0.031
,2025-04-24 00:00:00+08:00,300189.XSHE,-4.75,135.0,0.219,1207.0,1.958,-1072.0,-1.739,-500.0,-0.811,-1.0,-0.002
,2025-04-25 00:00:00+08:00,300189.XSHE,-3.24,161.0,0.343,1204.0,2.564,-1043.0,-2.221,-457.0,-0.973,14.0,0.03
,2025-04-28 00:00:00+08:00,300189.XSHE,1.03,-324.0,-0.659,614.0,1.249,-938.0,-1.908,154.0,0.313,42.0,0.085
,2025-04-29 00:00:00+08:00,300189.XSHE,0.26,1252.0,3.687,977.0,2.877,275.0,0.81,-411.0,-1.21,-70.0,-0.206
,2025-04-30 00:00:00+08:00,300189.XSHE,0.51,752.0,2.546,443.0,1.5,309.0,1.046,-152.0,-0.515,-78.0,-0.264
,2025-05-06 00:00:00+08:00,300189.XSHE,4.05,3894.0,8.719,3638.0,8.146,256.0,0.573,-189.0,-0.423,-24.0,-0.054
,2025-05-07 00:00:00+08:00,300189.XSHE,8.52,3890.0,3.17,3344.0,2.725,546.0,0.445,-211.0,-0.172,-25.0,-0.02
,2025-05-08 00:00:00+08:00,300189.XSHE,-2.02,3066.0,3.885,994.0,1.259,2072.0,2.625,183.0,0.232,-42.0,-0.053
,2025-05-09 00:00:00+08:00,300189.XSHE,-0.91,-2635.0,-2.607,-2000.0,-1.979,-635.0,-0.628,-83.0,-0.082,-3.0,-0.003
,2025-05-12 00:00:00+08:00,300189.XSHE,-2.53,1346.0,1.931,2935.0,4.211,-1589.0,-2.28,-770.0,-1.105,-77.0,-0.11
,2025-05-13 00:00:00+08:00,300189.XSHE,-0.95,698.0,1.484,2074.0,4.41,-1376.0,-2.926,-374.0,-0.795,-75.0,-0.159
,2025-05-14 00:00:00+08:00,300189.XSHE,2.63,2018.0,3.077,1705.0,2.6,313.0,0.477,598.0,0.912,87.0,0.133
,2025-05-15 00:00:00+08:00,300189.XSHE,3.27,5572.0,5.958,5518.0,5.9,54.0,0.058,88.0,0.094,-5.0,-0.005
,2025-05-16 00:00:00+08:00,300189.XSHE,-4.29,-3408.0,-5.91,-2510.0,-4.353,-898.0,-1.557,-130.0,-0.225,-30.0,-0.052
,2025-05-19 00:00:00+08:00,300189.XSHE,0.94,81.0,0.208,793.0,2.04,-712.0,-1.831,6.0,0.015,-46.0,-0.118
,2025-05-20 00:00:00+08:00,300189.XSHE,1.4,1882.0,3.597,1633.0,3.121,249.0,0.476,111.0,0.212,26.0,0.05
,2025-05-21 00:00:00+08:00,300189.XSHE,1.38,1937.0,3.154,2955.0,4.811,-1018.0,-1.657,-561.0,-0.913,33.0,0.054
,2025-05-22 00:00:00+08:00,300189.XSHE,0.45,6533.0,7.961,8147.0,9.928,-1614.0,-1.967,52.0,0.063,59.0,0.072
,2025-05-23 00:00:00+08:00,300189.XSHE,-4.74,-5706.0,-9.209,-4868.0,-7.857,-838.0,-1.353,-647.0,-1.044,44.0,0.071
,2025-05-26 00:00:00+08:00,300189.XSHE,-0.71,-233.0,-0.898,-25.0,-0.096,-208.0,-0.801,-343.0,-1.321,-47.0,-0.181
,2025-05-27 00:00:00+08:00,300189.XSHE,2.15,2259.0,5.974,2690.0,7.114,-431.0,-1.14,-308.0,-0.815,61.0,0.161
,2025-05-28 00:00:00+08:00,300189.XSHE,-3.04,-2852.0,-8.622,-2405.0,-7.271,-447.0,-1.351,-135.0,-0.408,-48.0,-0.145
,2025-05-29 00:00:00+08:00,300189.XSHE,0.96,3507.0,11.863,3091.0,10.456,416.0,1.407,-282.0,-0.954,-6.0,-0.02
,2025-05-30 00:00:00+08:00,300189.XSHE,-0.48,408.0,1.338,1032.0,3.384,-624.0,-2.046,-95.0,-0.312,21.0,0.069
,2025-06-03 00:00:00+08:00,300189.XSHE,1.68,5327.0,15.716,4118.0,12.149,1209.0,3.567,-61.0,-0.18,-96.0,-0.283
,2025-06-04 00:00:00+08:00,300189.XSHE,2.36,5102.0,9.535,5816.0,10.869,-714.0,-1.334,169.0,0.316,36.0,0.067
,2025-06-05 00:00:00+08:00,300189.XSHE,-1.38,116.0,0.269,96.0,0.222,20.0,0.046,-232.0,-0.537,17.0,0.039
,2025-06-06 00:00:00+08:00,300189.XSHE,1.17,572.0,0.858,2044.0,3.065,-1472.0,-2.207,-87.0,-0.13,83.0,0.124
,2025-06-09 00:00:00+08:00,300189.XSHE,0.0,2828.0,6.749,2934.0,7.002,-106.0,-0.253,-147.0,-0.351,-35.0,-0.084
,2025-06-10 00:00:00+08:00,300189.XSHE,8.06,15834.0,11.466,15719.0,11.382,115.0,0.083,-565.0,-0.409,9.0,0.007
,2025-06-11 00:00:00+08:00,300189.XSHE,-1.06,3919.0,4.076,4923.0,5.12,-1004.0,-1.044,-75.0,-0.078,25.0,0.026
,2025-06-12 00:00:00+08:00,300189.XSHE,-3.87,-2980.0,-4.056,-2704.0,-3.681,-276.0,-0.376,-184.0,-0.25,-27.0,-0.037
,2025-06-13 00:00:00+08:00,300189.XSHE,-1.79,-994.0,-1.282,596.0,0.769,-1590.0,-2.051,43.0,0.055,35.0,0.045
,2025-06-16 00:00:00+08:00,300189.XSHE,0.68,4235.0,9.384,4898.0,10.853,-663.0,-1.469,-361.0,-0.8,50.0,0.111
,2025-06-17 00:00:00+08:00,300189.XSHE,2.05,-733.0,-1.196,-1252.0,-2.043,519.0,0.847,-53.0,-0.086,50.0,0.082
,2025-06-18 00:00:00+08:00,300189.XSHE,-1.56,-1008.0,-1.81,-626.0,-1.124,-382.0,-0.686,-304.0,-0.546,70.0,0.126
,2025-06-19 00:00:00+08:00,300189.XSHE,-5.42,-3425.0,-7.272,-2889.0,-6.134,-536.0,-1.138,-579.0,-1.229,-44.0,-0.093
,2025-06-20 00:00:00+08:00,300189.XSHE,0.95,1222.0,4.505,941.0,3.469,281.0,1.036,-112.0,-0.413,15.0,0.055
,2025-06-23 00:00:00+08:00,300189.XSHE,2.13,4997.0,15.826,5258.0,16.653,-261.0,-0.827,-31.0,-0.098,-164.0,-0.519
,2025-06-24 00:00:00+08:00,300189.XSHE,1.16,2253.0,6.308,2844.0,7.962,-591.0,-1.655,-345.0,-0.966,27.0,0.076
,2025-06-25 00:00:00+08:00,300189.XSHE,0.69,3214.0,6.915,4335.0,9.327,-1121.0,-2.412,-332.0,-0.714,4.0,0.009
,2025-06-26 00:00:00+08:00,300189.XSHE,0.68,5064.0,9.853,5829.0,11.341,-765.0,-1.488,81.0,0.158,-41.0,-0.08
,2025-06-27 00:00:00+08:00,300189.XSHE,-1.57,-3086.0,-9.47,-2571.0,-7.889,-515.0,-1.58,-474.0,-1.455,145.0,0.445
,2025-06-30 00:00:00+08:00,300189.XSHE,0.91,2799.0,8.141,2158.0,6.276,641.0,1.864,-77.0,-0.224,-74.0,-0.215
,2025-07-01 00:00:00+08:00,300189.XSHE,1.13,2073.0,4.675,2341.0,5.279,-268.0,-0.604,-390.0,-0.88,46.0,0.104
,2025-07-02 00:00:00+08:00,300189.XSHE,1.79,-2426.0,-3.369,-3349.0,-4.651,923.0,1.282,-245.0,-0.34,-17.0,-0.024
,2025-07-03 00:00:00+08:00,300189.XSHE,0.22,3613.0,7.226,3270.0,6.54,343.0,0.686,-328.0,-0.656,42.0,0.084
,2025-07-04 00:00:00+08:00,300189.XSHE,2.4,7778.0,7.113,7175.0,6.562,603.0,0.551,-312.0,-0.285,-82.0,-0.075
,2025-07-07 00:00:00+08:00,300189.XSHE,1.91,931.0,1.155,104.0,0.129,827.0,1.026,-192.0,-0.238,33.0,0.041
,2025-07-08 00:00:00+08:00,300189.XSHE,-0.63,3234.0,4.634,3614.0,5.179,-380.0,-0.545,-284.0,-0.407,-31.0,-0.044
,2025-07-09 00:00:00+08:00,300189.XSHE,-2.94,444.0,0.675,255.0,0.388,189.0,0.287,24.0,0.037,-92.0,-0.14
,2025-07-10 00:00:00+08:00,300189.XSHE,-0.65,2250.0,4.903,2142.0,4.668,108.0,0.235,-81.0,-0.177,-87.0,-0.19
,2025-07-11 00:00:00+08:00,300189.XSHE,-0.22,3005.0,8.053,3322.0,8.902,-317.0,-0.85,-469.0,-1.257,31.0,0.083
,2025-07-14 00:00:00+08:00,300189.XSHE,0.0,256.0,0.97,-276.0,-1.046,532.0,2.016,-166.0,-0.629,-9.0,-0.034
,2025-07-15 00:00:00+08:00,300189.XSHE,-3.49,-3761.0,-9.054,-1602.0,-3.856,-2159.0,-5.197,-68.0,-0.164,-44.0,-0.106
,2025-07-16 00:00:00+08:00,300189.XSHE,1.35,3372.0,11.113,4152.0,13.684,-780.0,-2.571,13.0,0.043,-3.0,-0.01
,2025-07-17 00:00:00+08:00,300189.XSHE,1.78,3193.0,9.79,2757.0,8.453,436.0,1.337,-206.0,-0.632,15.0,0.046
,2025-07-18 00:00:00+08:00,300189.XSHE,1.31,2250.0,6.397,1872.0,5.322,378.0,1.075,-148.0,-0.421,60.0,0.171
,2025-07-21 00:00:00+08:00,300189.XSHE,1.72,2735.0,3.553,2458.0,3.193,277.0,0.36,-118.0,-0.153,67.0,0.087
,2025-07-22 00:00:00+08:00,300189.XSHE,1.69,66.0,0.091,-114.0,-0.158,180.0,0.249,211.0,0.292,23.0,0.032
,2025-07-23 00:00:00+08:00,300189.XSHE,-5.2,-13749.0,-16.993,-11531.0,-14.251,-2218.0,-2.741,-21.0,-0.026,-2.0,-0.002
,2025-07-24 00:00:00+08:00,300189.XSHE,19.96,22105.0,9.083,23648.0,9.718,-1543.0,-0.634,264.0,0.108,15.0,0.006
,2025-07-25 00:00:00+08:00,300189.XSHE,-10.05,-17391.0,-10.02,-15405.0,-8.876,-1986.0,-1.144,-136.0,-0.078,72.0,0.041
,2025-07-28 00:00:00+08:00,300189.XSHE,-2.02,702.0,0.759,1253.0,1.355,-551.0,-0.596,-262.0,-0.283,-24.0,-0.026
,2025-07-29 00:00:00+08:00,300189.XSHE,-1.03,-3201.0,-5.724,-3596.0,-6.43,395.0,0.706,-121.0,-0.216,47.0,0.084
,2025-07-30 00:00:00+08:00,300189.XSHE,3.56,-1359.0,-1.112,-982.0,-0.804,-377.0,-0.309,-288.0,-0.236,119.0,0.097
,2025-07-31 00:00:00+08:00,300189.XSHE,-3.64,-4426.0,-5.995,-3830.0,-5.188,-596.0,-0.807,-464.0,-0.628,76.0,0.103
,2025-08-01 00:00:00+08:00,300189.XSHE,-0.63,1071.0,2.601,1979.0,4.806,-908.0,-2.205,-376.0,-0.913,-8.0,-0.019
,2025-08-04 00:00:00+08:00,300189.XSHE,0.0,543.0,1.69,715.0,2.226,-172.0,-0.535,-190.0,-0.591,-10.0,-0.031
,2025-08-05 00:00:00+08:00,300189.XSHE,2.55,3595.0,5.63,4541.0,7.111,-946.0,-1.481,-332.0,-0.52,21.0,0.033
,2025-08-06 00:00:00+08:00,300189.XSHE,-0.62,1679.0,3.728,1703.0,3.781,-24.0,-0.053,-475.0,-1.055,-14.0,-0.031
,2025-08-07 00:00:00+08:00,300189.XSHE,3.53,7792.0,7.599,7437.0,7.253,355.0,0.346,216.0,0.211,-49.0,-0.048
,2025-08-08 00:00:00+08:00,300189.XSHE,-0.4,2521.0,3.913,3449.0,5.354,-928.0,-1.441,-304.0,-0.472,45.0,0.07
,2025-08-11 00:00:00+08:00,300189.XSHE,0.61,-1318.0,-2.219,-185.0,-0.311,-1133.0,-1.907,-88.0,-0.148,65.0,0.109
,2025-08-12 00:00:00+08:00,300189.XSHE,-1.61,211.0,0.326,1936.0,2.991,-1725.0,-2.665,-498.0,-0.769,55.0,0.085
,2025-08-13 00:00:00+08:00,300189.XSHE,0.2,1509.0,3.441,1951.0,4.449,-442.0,-1.008,-391.0,-0.892,6.0,0.014
,2025-08-14 00:00:00+08:00,300189.XSHE,-2.44,973.0,1.993,1835.0,3.758,-862.0,-1.765,-250.0,-0.512,-17.0,-0.035
,2025-08-15 00:00:00+08:00,300189.XSHE,1.46,1806.0,4.545,3258.0,8.198,-1452.0,-3.654,-9.0,-0.023,-49.0,-0.123
,2025-08-18 00:00:00+08:00,300189.XSHE,2.47,7947.0,12.277,7260.0,11.216,687.0,1.061,-180.0,-0.278,-76.0,-0.117
,2025-08-19 00:00:00+08:00,300189.XSHE,-0.2,2661.0,5.479,3094.0,6.371,-433.0,-0.892,-365.0,-0.752,43.0,0.089
,2025-08-20 00:00:00+08:00,300189.XSHE,0.61,-881.0,-1.385,-429.0,-0.674,-452.0,-0.711,-210.0,-0.33,16.0,0.025
,2025-08-21 00:00:00+08:00,300189.XSHE,0.4,1423.0,1.652,2255.0,2.618,-832.0,-0.966,16.0,0.019,55.0,0.064
,2025-08-22 00:00:00+08:00,300189.XSHE,-0.8,525.0,0.889,-518.0,-0.877,1043.0,1.766,-325.0,-0.55,-38.0,-0.064
,2025-08-25 00:00:00+08:00,300189.XSHE,1.61,5035.0,7.546,4238.0,6.351,797.0,1.194,-114.0,-0.171,-27.0,-0.04
,2025-08-26 00:00:00+08:00,300189.XSHE,0.2,-89.0,-0.16,-282.0,-0.508,193.0,0.348,-71.0,-0.128,-48.0,-0.086
,2025-08-27 00:00:00+08:00,300189.XSHE,2.57,7454.0,6.169,8386.0,6.94,-932.0,-0.771,-292.0,-0.242,2.0,0.002
,2025-08-28 00:00:00+08:00,300189.XSHE,-2.7,-6332.0,-7.063,-5255.0,-5.862,-1077.0,-1.201,-310.0,-0.346,132.0,0.147
,2025-08-29 00:00:00+08:00,300189.XSHE,0.79,8487.0,8.431,8761.0,8.704,-274.0,-0.272,84.0,0.083,-86.0,-0.085
,2025-09-01 00:00:00+08:00,300189.XSHE,-1.57,-862.0,-1.338,-1122.0,-1.742,260.0,0.404,-276.0,-0.428,21.0,0.033
,2025-09-02 00:00:00+08:00,300189.XSHE,1.0,5840.0,6.144,6323.0,6.652,-483.0,-0.508,-87.0,-0.092,1.0,0.001
,2025-09-03 00:00:00+08:00,300189.XSHE,-5.14,-4513.0,-5.684,-2698.0,-3.398,-1815.0,-2.286,-147.0,-0.185,36.0,0.045
,2025-09-04 00:00:00+08:00,300189.XSHE,-3.95,-2588.0,-4.779,-3250.0,-6.001,662.0,1.222,-396.0,-0.731,-26.0,-0.048
,2025-09-05 00:00:00+08:00,300189.XSHE,0.43,1080.0,2.447,934.0,2.116,146.0,0.331,-79.0,-0.179,-57.0,-0.129
,2025-09-08 00:00:00+08:00,300189.XSHE,1.3,609.0,1.704,788.0,2.205,-179.0,-0.501,-446.0,-1.248,-9.0,-0.025
,2025-09-09 00:00:00+08:00,300189.XSHE,-2.13,-2535.0,-8.097,-1930.0,-6.165,-605.0,-1.932,-264.0,-0.843,-40.0,-0.128
,2025-09-10 00:00:00+08:00,300189.XSHE,1.31,1518.0,5.391,951.0,3.377,567.0,2.014,-89.0,-0.316,-45.0,-0.16
,2025-09-11 00:00:00+08:00,300189.XSHE,1.51,3195.0,7.999,3282.0,8.217,-87.0,-0.218,144.0,0.361,-55.0,-0.138
,2025-09-12 00:00:00+08:00,300189.XSHE,-0.42,2122.0,5.501,752.0,1.949,1370.0,3.551,-273.0,-0.708,-33.0,-0.086
,2025-09-15 00:00:00+08:00,300189.XSHE,1.71,1346.0,3.073,1490.0,3.402,-144.0,-0.329,118.0,0.269,-10.0,-0.023
,2025-09-16 00:00:00+08:00,300189.XSHE,-0.21,1017.0,2.756,1676.0,4.543,-659.0,-1.786,-118.0,-0.32,-2.0,-0.005
,2025-09-17 00:00:00+08:00,300189.XSHE,-1.47,-3186.0,-10.499,-3045.0,-10.035,-141.0,-0.465,-139.0,-0.458,-15.0,-0.049
,2025-09-18 00:00:00+08:00,300189.XSHE,-2.13,456.0,1.235,855.0,2.315,-399.0,-1.08,-120.0,-0.325,-47.0,-0.127
,2025-09-19 00:00:00+08:00,300189.XSHE,-2.4,-653.0,-2.412,643.0,2.375,-1296.0,-4.787,-263.0,-0.971,-29.0,-0.107
,2025-09-22 00:00:00+08:00,300189.XSHE,-1.12,901.0,4.368,1123.0,5.445,-222.0,-1.076,-101.0,-0.49,-121.0,-0.587
,2025-09-23 00:00:00+08:00,300189.XSHE,-2.03,-979.0,-3.403,233.0,0.81,-1212.0,-4.213,-298.0,-1.036,-21.0,-0.073
,2025-09-24 00:00:00+08:00,300189.XSHE,0.69,320.0,1.963,875.0,5.368,-555.0,-3.405,-37.0,-0.227,-42.0,-0.258
,2025-09-25 00:00:00+08:00,300189.XSHE,-1.37,-844.0,-5.074,-540.0,-3.246,-304.0,-1.828,-188.0,-1.13,-14.0,-0.084
,2025-09-26 00:00:00+08:00,300189.XSHE,1.16,524.0,2.234,1379.0,5.879,-855.0,-3.645,74.0,0.315,-31.0,-0.132
,2025-09-29 00:00:00+08:00,300189.XSHE,-0.69,343.0,1.792,535.0,2.795,-192.0,-1.003,-133.0,-0.695,-142.0,-0.742
,2025-09-30 00:00:00+08:00,300189.XSHE,0.92,1245.0,8.026,1042.0,6.717,203.0,1.309,-62.0,-0.4,-20.0,-0.129
,2025-10-09 00:00:00+08:00,300189.XSHE,1.14,1765.0,9.226,1726.0,9.022,39.0,0.204,-184.0,-0.962,-6.0,-0.031
,2025-10-10 00:00:00+08:00,300189.XSHE,0.68,194.0,0.801,501.0,2.07,-307.0,-1.268,321.0,1.326,-61.0,-0.252
,2025-10-13 00:00:00+08:00,300189.XSHE,4.93,4486.0,4.336,5862.0,5.666,-1376.0,-1.33,-523.0,-0.505,-3.0,-0.003
,2025-10-14 00:00:00+08:00,300189.XSHE,2.78,3772.0,3.908,3557.0,3.685,215.0,0.223,-178.0,-0.184,26.0,0.027
,2025-10-15 00:00:00+08:00,300189.XSHE,-3.33,-2766.0,-4.788,-1451.0,-2.512,-1315.0,-2.276,213.0,0.369,-81.0,-0.14
,2025-10-16 00:00:00+08:00,300189.XSHE,1.08,4501.0,8.882,2684.0,5.296,1817.0,3.585,-305.0,-0.602,-32.0,-0.063
,2025-10-17 00:00:00+08:00,300189.XSHE,0.64,2838.0,4.128,3713.0,5.401,-875.0,-1.273,-55.0,-0.08,18.0,0.026
,2025-10-20 00:00:00+08:00,300189.XSHE,-0.85,2305.0,4.778,3318.0,6.878,-1013.0,-2.1,-290.0,-0.601,-53.0,-0.11
,2025-10-21 00:00:00+08:00,300189.XSHE,1.07,4174.0,9.111,4256.0,9.29,-82.0,-0.179,195.0,0.426,-100.0,-0.218
,2025-10-22 00:00:00+08:00,300189.XSHE,-2.77,-4442.0,-11.22,-3660.0,-9.245,-782.0,-1.975,-25.0,-0.063,39.0,0.099
,2025-10-23 00:00:00+08:00,300189.XSHE,-0.44,-549.0,-1.885,-682.0,-2.342,133.0,0.457,-305.0,-1.047,27.0,0.093
,2025-10-24 00:00:00+08:00,300189.XSHE,0.88,2473.0,8.527,2889.0,9.962,-416.0,-1.434,-166.0,-0.572,-3.0,-0.01
,2025-10-27 00:00:00+08:00,300189.XSHE,-1.1,1122.0,4.369,1055.0,4.109,67.0,0.261,-195.0,-0.759,-43.0,-0.167
,2025-10-28 00:00:00+08:00,300189.XSHE,0.89,2404.0,11.664,2059.0,9.99,345.0,1.674,-61.0,-0.296,-97.0,-0.471
,2025-10-29 00:00:00+08:00,300189.XSHE,4.18,7397.0,9.027,7044.0,8.596,353.0,0.431,-269.0,-0.328,-74.0,-0.09
,2025-10-30 00:00:00+08:00,300189.XSHE,1.48,8279.0,11.546,7352.0,10.253,927.0,1.293,-119.0,-0.166,-75.0,-0.105
,2025-10-31 00:00:00+08:00,300189.XSHE,1.04,6003.0,8.704,6143.0,8.907,-140.0,-0.203,39.0,0.057,-3.0,-0.004
,2025-11-03 00:00:00+08:00,300189.XSHE,4.73,7447.0,7.202,5640.0,5.455,1807.0,1.748,-308.0,-0.298,28.0,0.027
,2025-11-04 00:00:00+08:00,300189.XSHE,1.77,8424.0,7.402,9585.0,8.423,-1161.0,-1.02,332.0,0.292,-61.0,-0.054
,2025-11-05 00:00:00+08:00,300189.XSHE,5.43,2683.0,1.751,2409.0,1.572,274.0,0.179,-82.0,-0.054,-17.0,-0.011
,2025-11-06 00:00:00+08:00,300189.XSHE,-3.68,1217.0,1.072,2666.0,2.348,-1449.0,-1.276,-282.0,-0.248,72.0,0.063
,2025-11-07 00:00:00+08:00,300189.XSHE,-0.96,-643.0,-0.691,-10.0,-0.011,-633.0,-0.681,-129.0,-0.139,8.0,0.009
,2025-11-10 00:00:00+08:00,300189.XSHE,1.56,7135.0,9.35,7312.0,9.582,-177.0,-0.232,-260.0,-0.341,-28.0,-0.037
,2025-11-11 00:00:00+08:00,300189.XSHE,1.15,3548.0,6.043,4038.0,6.877,-490.0,-0.835,-82.0,-0.14,-24.0,-0.041
,2025-11-12 00:00:00+08:00,300189.XSHE,-1.52,2092.0,4.48,1584.0,3.392,508.0,1.088,-524.0,-1.122,24.0,0.051
,2025-11-13 00:00:00+08:00,300189.XSHE,2.12,4975.0,10.142,4838.0,9.862,137.0,0.279,-251.0,-0.512,-172.0,-0.351
,2025-11-14 00:00:00+08:00,300189.XSHE,3.77,4737.0,4.206,4819.0,4.278,-82.0,-0.073,-286.0,-0.254,-508.0,-0.451
,2025-11-17 00:00:00+08:00,300189.XSHE,3.1,3881.0,3.469,3809.0,3.405,72.0,0.064,-5.0,-0.004,41.0,0.037
,2025-11-18 00:00:00+08:00,300189.XSHE,2.48,1441.0,1.094,-821.0,-0.623,2262.0,1.717,-130.0,-0.099,-130.0,-0.099
,2025-11-19 00:00:00+08:00,300189.XSHE,-2.42,3377.0,2.968,4251.0,3.736,-874.0,-0.768,-243.0,-0.214,-28.0,-0.025
,2025-11-20 00:00:00+08:00,300189.XSHE,1.78,5978.0,4.507,5405.0,4.075,573.0,0.432,-309.0,-0.233,49.0,0.037
,2025-11-21 00:00:00+08:00,300189.XSHE,3.67,16688.0,7.226,18893.0,8.181,-2205.0,-0.955,-314.0,-0.136,3.0,0.001
,2025-11-24 00:00:00+08:00,300189.XSHE,-4.72,-5673.0,-3.742,-3963.0,-2.614,-1710.0,-1.128,-138.0,-0.091,15.0,0.01
,2025-11-25 00:00:00+08:00,300189.XSHE,2.48,5581.0,4.166,7266.0,5.423,-1685.0,-1.258,-79.0,-0.059,-6.0,-0.004
,2025-11-26 00:00:00+08:00,300189.XSHE,2.94,-31.0,-0.019,-1195.0,-0.743,1164.0,0.723,110.0,0.068,5.0,0.003
,2025-11-27 00:00:00+08:00,300189.XSHE,-7.72,-6538.0,-5.663,-6177.0,-5.35,-361.0,-0.313,73.0,0.063,2.0,0.002
,2025-11-28 00:00:00+08:00,300189.XSHE,8.71,26622.0,16.193,28381.0,17.263,-1759.0,-1.07,-417.0,-0.254,-89.0,-0.054
,2025-12-01 00:00:00+08:00,300189.XSHE,0.17,-781.0,-0.672,1417.0,1.218,-2198.0,-1.89,189.0,0.163,-30.0,-0.026
,2025-12-02 00:00:00+08:00,300189.XSHE,5.66,1286.0,0.81,-474.0,-0.298,1760.0,1.108,312.0,0.196,42.0,0.026
,2025-12-03 00:00:00+08:00,300189.XSHE,-4.09,-1185.0,-0.873,-747.0,-0.55,-438.0,-0.323,-528.0,-0.389,25.0,0.018
,2025-12-04 00:00:00+08:00,300189.XSHE,-4.11,-3985.0,-4.006,-4078.0,-4.1,93.0,0.093,-788.0,-0.792,47.0,0.047
,2025-12-05 00:00:00+08:00,300189.XSHE,2.92,9398.0,8.551,10983.0,9.994,-1585.0,-1.442,-283.0,-0.258,72.0,0.066
,2025-12-08 00:00:00+08:00,300189.XSHE,2.33,5625.0,5.78,8605.0,8.843,-2980.0,-3.062,72.0,0.074,-14.0,-0.014
,2025-12-09 00:00:00+08:00,300189.XSHE,-6.5,-10099.0,-9.071,-8460.0,-7.599,-1639.0,-1.472,-46.0,-0.041,2.0,0.002
,2025-12-10 00:00:00+08:00,300189.XSHE,20.07,66232.0,22.561,67186.0,22.886,-954.0,-0.325,74.0,0.025,69.0,0.024
,2025-12-11 00:00:00+08:00,300189.XSHE,-2.47,-201.0,-0.074,2132.0,0.785,-2333.0,-0.859,18.0,0.007,-270.0,-0.099
,2025-12-12 00:00:00+08:00,300189.XSHE,0.9,-5093.0,-2.714,-5452.0,-2.905,359.0,0.191,145.0,0.077,-10.0,-0.005
,2025-12-15 00:00:00+08:00,300189.XSHE,-2.22,-9358.0,-6.51,-7665.0,-5.332,-1693.0,-1.178,486.0,0.338,-56.0,-0.039
,2025-12-16 00:00:00+08:00,300189.XSHE,-5.48,-18423.0,-12.29,-14665.0,-9.783,-3758.0,-2.507,489.0,0.326,81.0,0.054
,2025-12-17 00:00:00+08:00,300189.XSHE,-9.03,-11984.0,-10.456,-12230.0,-10.671,246.0,0.215,125.0,0.109,-43.0,-0.038
,2025-12-18 00:00:00+08:00,300189.XSHE,-3.37,-3625.0,-4.018,-3269.0,-3.624,-356.0,-0.395,-300.0,-0.333,-12.0,-0.013
,2025-12-19 00:00:00+08:00,300189.XSHE,9.16,12095.0,8.102,12011.0,8.046,84.0,0.056,60.0,0.04,-47.0,-0.031
,2025-12-22 00:00:00+08:00,300189.XSHE,20.03,50036.0,18.422,50374.0,18.546,-338.0,-0.124,-70.0,-0.026,-2.0,-0.001
,2025-12-23 00:00:00+08:00,300189.XSHE,9.4,46586.0,10.636,49871.0,11.386,-3285.0,-0.75,-796.0,-0.182,-4.0,-0.001
,2025-12-24 00:00:00+08:00,300189.XSHE,1.41,9996.0,3.517,9753.0,3.432,243.0,0.086,200.0,0.07,8.0,0.003
,2025-12-25 00:00:00+08:00,300189.XSHE,-4.94,-1989.0,-0.96,1291.0,0.623,-3280.0,-1.583,24.0,0.012,12.0,0.006
,2025-01-02 00:00:00+08:00,600221.XSHG,-2.35,1791.0,2.087,2590.0,3.018,-799.0,-0.931,70.0,0.082,-77.0,-0.09
,2025-01-03 00:00:00+08:00,600221.XSHG,-4.79,-2825.0,-2.663,-2520.0,-2.376,-305.0,-0.288,-263.0,-0.248,59.0,0.056
,2025-01-06 00:00:00+08:00,600221.XSHG,1.26,6901.0,8.663,5267.0,6.612,1634.0,2.051,-45.0,-0.056,-48.0,-0.06
,2025-01-07 00:00:00+08:00,600221.XSHG,1.25,702.0,1.175,14.0,0.023,688.0,1.152,-63.0,-0.105,-17.0,-0.028
,2025-01-08 00:00:00+08:00,600221.XSHG,-0.62,-3998.0,-5.838,-3310.0,-4.833,-688.0,-1.005,-433.0,-0.632,68.0,0.099
,2025-01-09 00:00:00+08:00,600221.XSHG,0.0,2026.0,4.111,1359.0,2.757,667.0,1.353,-318.0,-0.645,-65.0,-0.132
,2025-01-10 00:00:00+08:00,600221.XSHG,-2.5,-765.0,-1.452,127.0,0.241,-892.0,-1.693,-426.0,-0.808,-66.0,-0.125
,2025-01-13 00:00:00+08:00,600221.XSHG,5.77,-854.0,-0.54,1091.0,0.69,-1945.0,-1.231,-336.0,-0.213,129.0,0.082
,2025-01-14 00:00:00+08:00,600221.XSHG,3.05,16292.0,12.28,18996.0,14.318,-2704.0,-2.038,401.0,0.302,9.0,0.007
,2025-01-15 00:00:00+08:00,600221.XSHG,-1.78,-1088.0,-1.387,-457.0,-0.583,-631.0,-0.804,-291.0,-0.371,44.0,0.056
,2025-01-16 00:00:00+08:00,600221.XSHG,0.0,68.0,0.106,-651.0,-1.02,719.0,1.126,55.0,0.086,-132.0,-0.207
,2025-01-17 00:00:00+08:00,600221.XSHG,0.0,4806.0,9.608,4179.0,8.354,627.0,1.253,-236.0,-0.472,-45.0,-0.09
,2025-01-20 00:00:00+08:00,600221.XSHG,-0.6,-2382.0,-4.121,-2158.0,-3.734,-224.0,-0.388,-468.0,-0.81,-77.0,-0.133
,2025-01-21 00:00:00+08:00,600221.XSHG,3.05,2938.0,2.425,4377.0,3.613,-1439.0,-1.188,-14.0,-0.012,68.0,0.056
,2025-01-22 00:00:00+08:00,600221.XSHG,-2.38,1281.0,1.66,1950.0,2.527,-669.0,-0.867,-249.0,-0.323,-4.0,-0.005
,2025-01-23 00:00:00+08:00,600221.XSHG,0.0,-1735.0,-3.062,-1968.0,-3.473,233.0,0.411,-287.0,-0.507,44.0,0.078
,2025-01-24 00:00:00+08:00,600221.XSHG,0.0,3103.0,6.812,2733.0,6.0,370.0,0.812,-107.0,-0.235,-105.0,-0.231
,2025-01-27 00:00:00+08:00,600221.XSHG,0.0,1006.0,2.85,1019.0,2.887,-13.0,-0.037,-110.0,-0.312,-35.0,-0.099
,2025-02-05 00:00:00+08:00,600221.XSHG,-4.29,-4376.0,-5.223,-3290.0,-3.927,-1086.0,-1.296,-132.0,-0.158,-33.0,-0.039
,2025-02-06 00:00:00+08:00,600221.XSHG,-0.64,4405.0,5.509,4090.0,5.115,315.0,0.394,101.0,0.126,-149.0,-0.186
,2025-02-07 00:00:00+08:00,600221.XSHG,2.58,7959.0,7.998,8545.0,8.587,-586.0,-0.589,-138.0,-0.139,40.0,0.04
,2025-02-10 00:00:00+08:00,600221.XSHG,1.26,73.0,0.098,1273.0,1.703,-1200.0,-1.606,-7.0,-0.009,108.0,0.145
,2025-02-11 00:00:00+08:00,600221.XSHG,-1.86,529.0,0.985,424.0,0.789,105.0,0.196,-454.0,-0.845,5.0,0.009
,2025-02-12 00:00:00+08:00,600221.XSHG,-0.63,-1034.0,-2.016,-736.0,-1.435,-298.0,-0.581,86.0,0.168,-109.0,-0.213
,2025-02-13 00:00:00+08:00,600221.XSHG,1.26,15518.0,15.222,16223.0,15.914,-705.0,-0.692,-204.0,-0.2,-68.0,-0.067
,2025-02-14 00:00:00+08:00,600221.XSHG,-2.47,-6968.0,-9.828,-5654.0,-7.975,-1314.0,-1.853,-126.0,-0.178,25.0,0.035
,2025-02-17 00:00:00+08:00,600221.XSHG,0.63,5888.0,10.44,5372.0,9.525,516.0,0.915,-96.0,-0.17,-88.0,-0.156
,2025-02-18 00:00:00+08:00,600221.XSHG,-1.9,-2705.0,-4.15,-2029.0,-3.113,-676.0,-1.037,-606.0,-0.93,21.0,0.032
,2025-02-19 00:00:00+08:00,600221.XSHG,0.65,-114.0,-0.275,-387.0,-0.933,273.0,0.658,-250.0,-0.602,-30.0,-0.072
,2025-02-20 00:00:00+08:00,600221.XSHG,1.3,3871.0,7.53,4168.0,8.107,-297.0,-0.578,-11.0,-0.021,-9.0,-0.018
,2025-02-21 00:00:00+08:00,600221.XSHG,0.0,-4078.0,-8.637,-3733.0,-7.906,-345.0,-0.731,-143.0,-0.303,-50.0,-0.106
,2025-02-24 00:00:00+08:00,600221.XSHG,1.95,7243.0,10.525,7626.0,11.081,-383.0,-0.557,233.0,0.339,-141.0,-0.205
,2025-02-25 00:00:00+08:00,600221.XSHG,-0.64,-6655.0,-10.528,-5604.0,-8.865,-1051.0,-1.663,-277.0,-0.438,73.0,0.115
,2025-02-26 00:00:00+08:00,600221.XSHG,0.65,3.0,0.007,804.0,1.752,-801.0,-1.746,-112.0,-0.244,14.0,0.031
,2025-02-27 00:00:00+08:00,600221.XSHG,3.23,12374.0,8.042,13267.0,8.622,-893.0,-0.58,-181.0,-0.118,-33.0,-0.021
,2025-02-28 00:00:00+08:00,600221.XSHG,-3.13,-1095.0,-1.315,-1103.0,-1.325,8.0,0.01,-532.0,-0.639,59.0,0.071
,2025-03-03 00:00:00+08:00,600221.XSHG,-0.65,-3491.0,-5.615,-2616.0,-4.208,-875.0,-1.407,-470.0,-0.756,62.0,0.1
,2025-03-04 00:00:00+08:00,600221.XSHG,0.0,182.0,0.408,552.0,1.237,-370.0,-0.829,-154.0,-0.345,-15.0,-0.034
,2025-03-05 00:00:00+08:00,600221.XSHG,0.66,3232.0,7.725,3114.0,7.443,118.0,0.282,-2.0,-0.005,-15.0,-0.036
,2025-03-06 00:00:00+08:00,600221.XSHG,0.65,-149.0,-0.33,-148.0,-0.328,-1.0,-0.002,-138.0,-0.306,7.0,0.016
,2025-03-07 00:00:00+08:00,600221.XSHG,-1.3,-3952.0,-11.501,-3846.0,-11.192,-106.0,-0.308,-396.0,-1.152,-18.0,-0.052
,2025-03-10 00:00:00+08:00,600221.XSHG,0.0,906.0,3.432,870.0,3.296,36.0,0.136,-104.0,-0.394,-71.0,-0.269
,2025-03-11 00:00:00+08:00,600221.XSHG,0.0,2637.0,6.128,3213.0,7.466,-576.0,-1.338,86.0,0.2,-58.0,-0.135
,2025-03-12 00:00:00+08:00,600221.XSHG,0.0,1633.0,5.109,1902.0,5.951,-269.0,-0.842,-303.0,-0.948,-140.0,-0.438
,2025-03-13 00:00:00+08:00,600221.XSHG,-0.67,6268.0,10.345,6900.0,11.388,-632.0,-1.043,-382.0,-0.63,-1.0,-0.002
,2025-03-14 00:00:00+08:00,600221.XSHG,0.67,4810.0,9.601,4756.0,9.493,54.0,0.108,20.0,0.04,-43.0,-0.086
,2025-03-17 00:00:00+08:00,600221.XSHG,0.0,1270.0,2.976,1215.0,2.847,55.0,0.129,-98.0,-0.23,-69.0,-0.162
,2025-03-18 00:00:00+08:00,600221.XSHG,-0.66,-2105.0,-6.789,-990.0,-3.193,-1115.0,-3.596,-65.0,-0.21,-104.0,-0.335
,2025-03-19 00:00:00+08:00,600221.XSHG,-0.66,15.0,0.068,432.0,1.962,-417.0,-1.894,-230.0,-1.045,-60.0,-0.273
,2025-03-20 00:00:00+08:00,600221.XSHG,0.0,5800.0,22.618,5672.0,22.119,128.0,0.499,-43.0,-0.168,-67.0,-0.261
,2025-03-21 00:00:00+08:00,600221.XSHG,-0.67,485.0,1.114,794.0,1.824,-309.0,-0.71,-385.0,-0.885,-53.0,-0.122
,2025-03-24 00:00:00+08:00,600221.XSHG,-2.01,722.0,1.613,679.0,1.517,43.0,0.096,-446.0,-0.996,-95.0,-0.212
,2025-03-25 00:00:00+08:00,600221.XSHG,0.68,7577.0,20.234,7378.0,19.703,199.0,0.531,-173.0,-0.462,-63.0,-0.168
,2025-03-26 00:00:00+08:00,600221.XSHG,0.0,-667.0,-3.039,-647.0,-2.948,-20.0,-0.091,-183.0,-0.834,52.0,0.237
,2025-03-27 00:00:00+08:00,600221.XSHG,-0.68,-301.0,-1.502,-1.0,-0.005,-300.0,-1.497,-91.0,-0.454,-39.0,-0.195
,2025-03-28 00:00:00+08:00,600221.XSHG,-1.37,-1551.0,-4.642,-1349.0,-4.038,-202.0,-0.605,-139.0,-0.416,18.0,0.054
,2025-03-31 00:00:00+08:00,600221.XSHG,-2.08,-1718.0,-3.812,-1426.0,-3.164,-292.0,-0.648,184.0,0.408,-19.0,-0.042
,2025-04-01 00:00:00+08:00,600221.XSHG,1.43,2328.0,4.918,2178.0,4.601,150.0,0.317,-221.0,-0.467,-73.0,-0.154
,2025-04-02 00:00:00+08:00,600221.XSHG,0.0,633.0,2.906,904.0,4.151,-271.0,-1.244,-113.0,-0.519,-6.0,-0.028
,2025-04-03 00:00:00+08:00,600221.XSHG,0.0,4740.0,17.677,4078.0,15.208,662.0,2.469,-141.0,-0.526,-87.0,-0.324
,2025-04-07 00:00:00+08:00,600221.XSHG,-9.72,403.0,0.617,678.0,1.037,-275.0,-0.421,-27.0,-0.041,-63.0,-0.096
,2025-04-08 00:00:00+08:00,600221.XSHG,2.31,6096.0,10.945,5660.0,10.162,436.0,0.783,-292.0,-0.524,34.0,0.061
,2025-04-09 00:00:00+08:00,600221.XSHG,4.51,1234.0,1.546,1056.0,1.323,178.0,0.223,-414.0,-0.519,-50.0,-0.063
,2025-04-10 00:00:00+08:00,600221.XSHG,0.0,-4633.0,-8.364,-3891.0,-7.024,-742.0,-1.34,-338.0,-0.61,-88.0,-0.159
,2025-04-11 00:00:00+08:00,600221.XSHG,0.0,-19.0,-0.061,58.0,0.185,-77.0,-0.246,150.0,0.479,40.0,0.128
,2025-04-14 00:00:00+08:00,600221.XSHG,2.9,847.0,1.344,551.0,0.874,296.0,0.47,-480.0,-0.762,-9.0,-0.014
,2025-04-15 00:00:00+08:00,600221.XSHG,-2.11,-673.0,-1.95,34.0,0.099,-707.0,-2.048,-133.0,-0.385,-40.0,-0.116
,2025-04-16 00:00:00+08:00,600221.XSHG,0.0,-1897.0,-5.442,-1233.0,-3.537,-664.0,-1.905,-605.0,-1.735,-44.0,-0.126
,2025-04-17 00:00:00+08:00,600221.XSHG,0.73,3122.0,13.735,2712.0,11.931,410.0,1.804,60.0,0.264,-67.0,-0.295
,2025-04-18 00:00:00+08:00,600221.XSHG,-0.73,2614.0,13.828,2792.0,14.769,-178.0,-0.942,-142.0,-0.751,-1.0,-0.005
,2025-04-21 00:00:00+08:00,600221.XSHG,0.0,-1138.0,-7.613,-660.0,-4.415,-478.0,-3.198,-112.0,-0.749,-57.0,-0.381
,2025-04-22 00:00:00+08:00,600221.XSHG,1.47,1105.0,5.067,1232.0,5.649,-127.0,-0.582,-96.0,-0.44,-98.0,-0.449
,2025-04-23 00:00:00+08:00,600221.XSHG,-0.73,-755.0,-5.962,-573.0,-4.525,-182.0,-1.437,-533.0,-4.209,-74.0,-0.584
,2025-04-24 00:00:00+08:00,600221.XSHG,-0.74,-219.0,-0.916,503.0,2.103,-722.0,-3.019,-225.0,-0.941,-119.0,-0.498
,2025-04-25 00:00:00+08:00,600221.XSHG,1.48,6301.0,18.667,6672.0,19.766,-371.0,-1.099,-197.0,-0.584,36.0,0.107
,2025-04-28 00:00:00+08:00,600221.XSHG,-1.47,-5893.0,-21.82,-5998.0,-22.209,105.0,0.389,-147.0,-0.544,-77.0,-0.285
,2025-04-29 00:00:00+08:00,600221.XSHG,0.0,324.0,1.054,318.0,1.034,6.0,0.02,0.0,0.0,-26.0,-0.085
,2025-04-30 00:00:00+08:00,600221.XSHG,1.5,6757.0,24.099,6339.0,22.609,418.0,1.491,-219.0,-0.781,-8.0,-0.029
,2025-05-06 00:00:00+08:00,600221.XSHG,2.99,2869.0,5.797,2437.0,4.924,432.0,0.873,85.0,0.172,-68.0,-0.137
,2025-05-07 00:00:00+08:00,600221.XSHG,-0.72,-2482.0,-7.908,-1999.0,-6.369,-483.0,-1.539,-402.0,-1.281,12.0,0.038
,2025-05-08 00:00:00+08:00,600221.XSHG,0.0,-122.0,-0.49,570.0,2.288,-692.0,-2.778,-182.0,-0.731,-51.0,-0.205
,2025-05-09 00:00:00+08:00,600221.XSHG,-1.46,-799.0,-2.677,33.0,0.111,-832.0,-2.787,-414.0,-1.387,4.0,0.013
,2025-05-12 00:00:00+08:00,600221.XSHG,1.49,78.0,0.321,862.0,3.548,-784.0,-3.227,-185.0,-0.762,-66.0,-0.272
,2025-05-13 00:00:00+08:00,600221.XSHG,0.74,2572.0,7.795,2543.0,7.707,29.0,0.088,-169.0,-0.512,-45.0,-0.136
,2025-05-14 00:00:00+08:00,600221.XSHG,1.47,5446.0,13.077,5384.0,12.928,62.0,0.149,-275.0,-0.66,79.0,0.19
,2025-05-15 00:00:00+08:00,600221.XSHG,-1.46,-3242.0,-9.132,-3152.0,-8.878,-90.0,-0.254,-382.0,-1.076,-49.0,-0.138
,2025-05-16 00:00:00+08:00,600221.XSHG,0.0,-2231.0,-7.32,-1306.0,-4.285,-925.0,-3.035,-8.0,-0.026,6.0,0.02
,2025-05-19 00:00:00+08:00,600221.XSHG,0.74,798.0,3.04,420.0,1.6,378.0,1.44,109.0,0.415,34.0,0.13
,2025-05-20 00:00:00+08:00,600221.XSHG,0.74,206.0,1.048,662.0,3.368,-456.0,-2.32,40.0,0.203,-13.0,-0.066
,2025-05-21 00:00:00+08:00,600221.XSHG,0.74,392.0,1.225,566.0,1.769,-174.0,-0.544,-223.0,-0.697,-100.0,-0.312
,2025-05-22 00:00:00+08:00,600221.XSHG,-0.73,373.0,1.156,-123.0,-0.381,496.0,1.538,-54.0,-0.167,-86.0,-0.267
,2025-05-23 00:00:00+08:00,600221.XSHG,-1.47,-2877.0,-8.841,-2496.0,-7.67,-381.0,-1.171,-93.0,-0.286,-187.0,-0.575
,2025-05-26 00:00:00+08:00,600221.XSHG,0.75,66.0,0.248,-567.0,-2.129,633.0,2.376,-12.0,-0.045,-40.0,-0.15
,2025-05-27 00:00:00+08:00,600221.XSHG,-0.74,-534.0,-6.001,-75.0,-0.843,-459.0,-5.158,-193.0,-2.169,-70.0,-0.787
,2025-05-28 00:00:00+08:00,600221.XSHG,0.0,-5249.0,-23.58,-5146.0,-23.118,-103.0,-0.463,-123.0,-0.553,-22.0,-0.099
,2025-05-29 00:00:00+08:00,600221.XSHG,1.49,4954.0,16.749,5025.0,16.989,-71.0,-0.24,-374.0,-1.264,-234.0,-0.791
,2025-05-30 00:00:00+08:00,600221.XSHG,-0.74,2493.0,10.048,2128.0,8.577,365.0,1.471,23.0,0.093,-263.0,-1.06
,2025-06-03 00:00:00+08:00,600221.XSHG,0.0,-665.0,-4.788,-172.0,-1.238,-493.0,-3.55,-218.0,-1.57,-69.0,-0.497
,2025-06-04 00:00:00+08:00,600221.XSHG,0.0,-833.0,-4.538,-593.0,-3.23,-240.0,-1.307,-279.0,-1.52,-83.0,-0.452
,2025-06-05 00:00:00+08:00,600221.XSHG,0.0,-605.0,-4.125,278.0,1.896,-883.0,-6.021,-11.0,-0.075,-88.0,-0.6
,2025-06-06 00:00:00+08:00,600221.XSHG,1.49,12864.0,28.404,12877.0,28.433,-13.0,-0.029,-246.0,-0.543,-15.0,-0.033
,2025-06-09 00:00:00+08:00,600221.XSHG,2.96,-3023.0,-3.007,-2304.0,-2.292,-719.0,-0.715,-304.0,-0.302,47.0,0.047
,2025-06-10 00:00:00+08:00,600221.XSHG,0.72,5711.0,9.891,3164.0,5.48,2547.0,4.411,274.0,0.475,-187.0,-0.324
,2025-06-11 00:00:00+08:00,600221.XSHG,-0.72,-664.0,-3.079,-566.0,-2.625,-98.0,-0.454,-39.0,-0.181,-150.0,-0.696
,2025-06-12 00:00:00+08:00,600221.XSHG,-1.46,-2990.0,-14.906,-2649.0,-13.206,-341.0,-1.7,-314.0,-1.565,-40.0,-0.199
,2025-06-13 00:00:00+08:00,600221.XSHG,-1.48,-5564.0,-9.978,-5271.0,-9.453,-293.0,-0.525,115.0,0.206,-106.0,-0.19
,2025-06-16 00:00:00+08:00,600221.XSHG,0.76,-539.0,-3.769,115.0,0.804,-654.0,-4.573,-287.0,-2.007,-12.0,-0.084
,2025-06-17 00:00:00+08:00,600221.XSHG,0.0,-1035.0,-8.198,-361.0,-2.859,-674.0,-5.339,-353.0,-2.796,-71.0,-0.562
,2025-06-18 00:00:00+08:00,600221.XSHG,-0.75,45.0,0.329,26.0,0.19,19.0,0.139,-364.0,-2.658,-58.0,-0.424
,2025-06-19 00:00:00+08:00,600221.XSHG,-0.76,-4067.0,-15.55,-3485.0,-13.324,-582.0,-2.225,-543.0,-2.076,-16.0,-0.061
,2025-06-20 00:00:00+08:00,600221.XSHG,0.0,-1145.0,-10.401,-770.0,-6.994,-375.0,-3.406,-420.0,-3.815,-31.0,-0.282
,2025-06-23 00:00:00+08:00,600221.XSHG,0.0,5143.0,25.604,5634.0,28.048,-491.0,-2.444,-283.0,-1.409,-133.0,-0.662
,2025-06-24 00:00:00+08:00,600221.XSHG,2.31,1650.0,5.689,1292.0,4.455,358.0,1.234,-101.0,-0.348,-65.0,-0.224
,2025-06-25 00:00:00+08:00,600221.XSHG,0.0,-303.0,-1.544,853.0,4.346,-1156.0,-5.889,-160.0,-0.815,-53.0,-0.27
,2025-06-26 00:00:00+08:00,600221.XSHG,0.0,935.0,6.167,323.0,2.13,612.0,4.037,-364.0,-2.401,-170.0,-1.121
,2025-06-27 00:00:00+08:00,600221.XSHG,0.76,1261.0,3.893,561.0,1.732,700.0,2.161,-226.0,-0.698,-49.0,-0.151
,2025-06-30 00:00:00+08:00,600221.XSHG,0.75,-46.0,-0.259,-41.0,-0.231,-5.0,-0.028,47.0,0.264,-41.0,-0.231
,2025-07-01 00:00:00+08:00,600221.XSHG,-0.75,123.0,0.878,151.0,1.078,-28.0,-0.2,-16.0,-0.114,39.0,0.278
,2025-07-02 00:00:00+08:00,600221.XSHG,1.5,-478.0,-1.116,12.0,0.028,-490.0,-1.144,-47.0,-0.11,-18.0,-0.042
,2025-07-03 00:00:00+08:00,600221.XSHG,-0.74,104.0,0.948,0.0,0.0,104.0,0.948,73.0,0.665,-115.0,-1.048
,2025-07-04 00:00:00+08:00,600221.XSHG,1.49,2321.0,6.549,2646.0,7.466,-325.0,-0.917,-113.0,-0.319,23.0,0.065
,2025-07-07 00:00:00+08:00,600221.XSHG,0.74,-4719.0,-22.882,-5040.0,-24.439,321.0,1.557,-414.0,-2.007,45.0,0.218
,2025-07-08 00:00:00+08:00,600221.XSHG,1.48,-1249.0,-5.181,-629.0,-2.609,-620.0,-2.572,-404.0,-1.676,-78.0,-0.324
,2025-07-09 00:00:00+08:00,600221.XSHG,2.94,1636.0,2.03,1675.0,2.078,-39.0,-0.048,183.0,0.227,-121.0,-0.15
,2025-07-10 00:00:00+08:00,600221.XSHG,1.44,1849.0,3.702,1544.0,3.091,305.0,0.611,140.0,0.28,-127.0,-0.254
,2025-07-11 00:00:00+08:00,600221.XSHG,-0.71,-868.0,-1.61,163.0,0.302,-1031.0,-1.912,-896.0,-1.662,205.0,0.38
,2025-07-14 00:00:00+08:00,600221.XSHG,0.0,715.0,2.444,1177.0,4.023,-462.0,-1.579,-331.0,-1.131,57.0,0.195
,2025-07-15 00:00:00+08:00,600221.XSHG,-2.13,-5098.0,-11.53,-4509.0,-10.198,-589.0,-1.332,-225.0,-0.509,-87.0,-0.197
,2025-07-16 00:00:00+08:00,600221.XSHG,0.72,3801.0,9.039,4422.0,10.516,-621.0,-1.477,-90.0,-0.214,-108.0,-0.257
,2025-07-17 00:00:00+08:00,600221.XSHG,0.0,5571.0,14.386,6030.0,15.571,-459.0,-1.185,54.0,0.139,-64.0,-0.165
,2025-07-18 00:00:00+08:00,600221.XSHG,-0.71,-3339.0,-11.115,-2563.0,-8.532,-776.0,-2.583,-314.0,-1.045,-2.0,-0.007
,2025-07-21 00:00:00+08:00,600221.XSHG,4.26,10059.0,8.918,9670.0,8.573,389.0,0.345,-316.0,-0.28,-20.0,-0.018
,2025-07-22 00:00:00+08:00,600221.XSHG,3.4,-3536.0,-2.875,-2359.0,-1.918,-1177.0,-0.957,82.0,0.067,28.0,0.023
,2025-07-23 00:00:00+08:00,600221.XSHG,-2.63,-7405.0,-4.397,-6797.0,-4.036,-608.0,-0.361,-336.0,-0.2,90.0,0.053
,2025-07-24 00:00:00+08:00,600221.XSHG,10.14,8317.0,5.599,8060.0,5.426,257.0,0.173,-25.0,-0.017,0.0,0.0
,2025-07-25 00:00:00+08:00,600221.XSHG,-1.84,-14994.0,-4.968,-13681.0,-4.533,-1313.0,-0.435,-261.0,-0.086,78.0,0.026
,2025-07-28 00:00:00+08:00,600221.XSHG,-3.13,1093.0,0.842,1202.0,0.927,-109.0,-0.084,30.0,0.023,35.0,0.027
,2025-07-29 00:00:00+08:00,600221.XSHG,0.0,-747.0,-1.045,-695.0,-0.973,-52.0,-0.073,-218.0,-0.305,-19.0,-0.027
,2025-07-30 00:00:00+08:00,600221.XSHG,0.65,8534.0,9.126,8674.0,9.276,-140.0,-0.15,181.0,0.194,-31.0,-0.033
,2025-07-31 00:00:00+08:00,600221.XSHG,-3.9,-483.0,-0.586,-149.0,-0.181,-334.0,-0.405,-90.0,-0.109,-47.0,-0.057
,2025-08-01 00:00:00+08:00,600221.XSHG,0.68,2357.0,7.05,2561.0,7.66,-204.0,-0.61,-92.0,-0.275,-83.0,-0.248
,2025-08-04 00:00:00+08:00,600221.XSHG,0.68,-397.0,-1.043,-144.0,-0.378,-253.0,-0.664,-324.0,-0.851,-148.0,-0.389
,2025-08-05 00:00:00+08:00,600221.XSHG,1.33,1855.0,2.999,1094.0,1.769,761.0,1.23,218.0,0.352,-91.0,-0.147
,2025-08-06 00:00:00+08:00,600221.XSHG,0.0,-1652.0,-3.595,-1661.0,-3.614,9.0,0.02,-12.0,-0.026,-114.0,-0.248
,2025-08-07 00:00:00+08:00,600221.XSHG,0.0,1456.0,4.467,1005.0,3.084,451.0,1.384,-274.0,-0.841,-98.0,-0.301
,2025-08-08 00:00:00+08:00,600221.XSHG,0.66,3825.0,8.187,3028.0,6.481,797.0,1.706,-314.0,-0.672,-99.0,-0.212
,2025-08-11 00:00:00+08:00,600221.XSHG,1.32,-2187.0,-5.14,-1680.0,-3.948,-507.0,-1.191,-42.0,-0.099,-11.0,-0.026
,2025-08-12 00:00:00+08:00,600221.XSHG,0.0,840.0,3.334,151.0,0.599,689.0,2.735,-100.0,-0.397,-108.0,-0.429
,2025-08-13 00:00:00+08:00,600221.XSHG,0.0,-862.0,-2.562,-190.0,-0.565,-672.0,-1.997,-146.0,-0.434,-73.0,-0.217
,2025-08-14 00:00:00+08:00,600221.XSHG,-1.97,-3150.0,-6.255,-2831.0,-5.621,-319.0,-0.633,-273.0,-0.542,-104.0,-0.207
,2025-08-15 00:00:00+08:00,600221.XSHG,2.03,2121.0,4.908,2110.0,4.883,11.0,0.025,10.0,0.023,-68.0,-0.157
,2025-08-18 00:00:00+08:00,600221.XSHG,1.32,3429.0,5.324,3082.0,4.785,347.0,0.539,-168.0,-0.261,-102.0,-0.158
,2025-08-19 00:00:00+08:00,600221.XSHG,-0.65,1094.0,2.428,423.0,0.939,671.0,1.489,-330.0,-0.733,-97.0,-0.215
,2025-08-20 00:00:00+08:00,600221.XSHG,0.0,-644.0,-1.601,110.0,0.274,-754.0,-1.875,-13.0,-0.032,-8.0,-0.02
,2025-08-21 00:00:00+08:00,600221.XSHG,2.61,5604.0,4.548,5908.0,4.794,-304.0,-0.247,29.0,0.024,-55.0,-0.045
,2025-08-22 00:00:00+08:00,600221.XSHG,-0.64,2320.0,3.488,1749.0,2.63,571.0,0.859,-249.0,-0.374,-98.0,-0.147
,2025-08-25 00:00:00+08:00,600221.XSHG,1.92,1324.0,1.632,2150.0,2.65,-826.0,-1.018,-302.0,-0.372,51.0,0.063
,2025-08-26 00:00:00+08:00,600221.XSHG,1.26,8919.0,10.472,8118.0,9.532,801.0,0.94,-194.0,-0.228,-49.0,-0.058
,2025-08-27 00:00:00+08:00,600221.XSHG,-2.48,2556.0,2.63,3037.0,3.125,-481.0,-0.495,-163.0,-0.168,-85.0,-0.087
,2025-08-28 00:00:00+08:00,600221.XSHG,1.27,3149.0,3.574,3137.0,3.56,12.0,0.014,-343.0,-0.389,-20.0,-0.023
,2025-08-29 00:00:00+08:00,600221.XSHG,0.63,168.0,0.267,148.0,0.235,20.0,0.032,-262.0,-0.417,45.0,0.072
,2025-09-01 00:00:00+08:00,600221.XSHG,0.0,1682.0,2.204,1852.0,2.427,-170.0,-0.223,313.0,0.41,-31.0,-0.041
,2025-09-02 00:00:00+08:00,600221.XSHG,-0.63,-2851.0,-3.074,-3691.0,-3.98,840.0,0.906,11.0,0.012,7.0,0.008
,2025-09-03 00:00:00+08:00,600221.XSHG,-3.8,-2759.0,-3.771,-2275.0,-3.11,-484.0,-0.662,158.0,0.216,-70.0,-0.096
,2025-09-04 00:00:00+08:00,600221.XSHG,-1.31,-1051.0,-1.953,-875.0,-1.626,-176.0,-0.327,-625.0,-1.161,29.0,0.054
,2025-09-05 00:00:00+08:00,600221.XSHG,3.31,5235.0,8.19,5995.0,9.379,-760.0,-1.189,-273.0,-0.427,-47.0,-0.074
,2025-09-08 00:00:00+08:00,600221.XSHG,2.58,5570.0,7.039,4883.0,6.171,687.0,0.868,-177.0,-0.224,-39.0,-0.049
,2025-09-09 00:00:00+08:00,600221.XSHG,-0.63,-3422.0,-8.382,-3828.0,-9.377,406.0,0.995,-300.0,-0.735,-30.0,-0.073
,2025-09-10 00:00:00+08:00,600221.XSHG,0.0,1360.0,4.025,1997.0,5.91,-637.0,-1.885,-293.0,-0.867,-10.0,-0.03
,2025-09-11 00:00:00+08:00,600221.XSHG,0.0,1176.0,2.174,1328.0,2.455,-152.0,-0.281,-349.0,-0.645,-73.0,-0.135
,2025-09-12 00:00:00+08:00,600221.XSHG,1.9,3023.0,2.995,3258.0,3.228,-235.0,-0.233,68.0,0.067,-80.0,-0.079
,2025-09-15 00:00:00+08:00,600221.XSHG,1.24,-3005.0,-3.079,-4167.0,-4.27,1162.0,1.191,-68.0,-0.07,-31.0,-0.032
,2025-09-16 00:00:00+08:00,600221.XSHG,4.32,1798.0,1.075,490.0,0.293,1308.0,0.782,-386.0,-0.231,21.0,0.013
,2025-09-17 00:00:00+08:00,600221.XSHG,1.18,6583.0,4.426,6335.0,4.259,248.0,0.167,-24.0,-0.016,-2.0,-0.001
,2025-09-18 00:00:00+08:00,600221.XSHG,1.75,-6934.0,-2.54,-6179.0,-2.263,-755.0,-0.277,375.0,0.137,-20.0,-0.007
,2025-09-19 00:00:00+08:00,600221.XSHG,-4.05,-2136.0,-1.4,-2053.0,-1.346,-83.0,-0.054,-346.0,-0.227,13.0,0.009
,2025-09-22 00:00:00+08:00,600221.XSHG,-1.81,22.0,0.026,289.0,0.348,-267.0,-0.322,-430.0,-0.518,48.0,0.058
,2025-09-23 00:00:00+08:00,600221.XSHG,-2.44,239.0,0.27,-57.0,-0.064,296.0,0.335,-28.0,-0.032,4.0,0.005
,2025-09-24 00:00:00+08:00,600221.XSHG,0.63,-8109.0,-13.351,-6421.0,-10.572,-1688.0,-2.779,-808.0,-1.33,122.0,0.201
,2025-09-25 00:00:00+08:00,600221.XSHG,-1.25,-5210.0,-10.922,-4200.0,-8.804,-1010.0,-2.117,-533.0,-1.117,91.0,0.191
,2025-09-26 00:00:00+08:00,600221.XSHG,0.0,2340.0,4.562,2108.0,4.11,232.0,0.452,-94.0,-0.183,-73.0,-0.142
,2025-09-29 00:00:00+08:00,600221.XSHG,0.63,2037.0,3.649,2776.0,4.973,-739.0,-1.324,-321.0,-0.575,3.0,0.005
,2025-09-30 00:00:00+08:00,600221.XSHG,1.25,-371.0,-0.578,-806.0,-1.256,435.0,0.678,-833.0,-1.298,58.0,0.09
,2025-10-09 00:00:00+08:00,600221.XSHG,1.23,9614.0,12.982,9951.0,13.437,-337.0,-0.455,-297.0,-0.401,31.0,0.042
,2025-10-10 00:00:00+08:00,600221.XSHG,0.61,-1613.0,-2.204,-904.0,-1.235,-709.0,-0.969,305.0,0.417,-34.0,-0.046
,2025-10-13 00:00:00+08:00,600221.XSHG,-0.61,1807.0,2.659,2325.0,3.422,-518.0,-0.762,-133.0,-0.196,-32.0,-0.047
,2025-10-14 00:00:00+08:00,600221.XSHG,1.23,4463.0,5.084,3194.0,3.638,1269.0,1.445,-29.0,-0.033,1.0,0.001
,2025-10-15 00:00:00+08:00,600221.XSHG,3.07,817.0,0.985,138.0,0.166,679.0,0.819,-299.0,-0.361,80.0,0.096
,2025-10-16 00:00:00+08:00,600221.XSHG,1.8,-5018.0,-3.996,-4423.0,-3.522,-595.0,-0.474,-49.0,-0.039,-60.0,-0.048
,2025-10-17 00:00:00+08:00,600221.XSHG,-0.59,6952.0,5.117,7622.0,5.61,-670.0,-0.493,-287.0,-0.211,93.0,0.068
,2025-10-20 00:00:00+08:00,600221.XSHG,2.98,5819.0,3.654,6668.0,4.187,-849.0,-0.533,8.0,0.005,-5.0,-0.003
,2025-10-21 00:00:00+08:00,600221.XSHG,0.0,2414.0,1.784,3251.0,2.402,-837.0,-0.619,-31.0,-0.023,46.0,0.034
,2025-10-22 00:00:00+08:00,600221.XSHG,-1.15,-171.0,-0.193,-380.0,-0.428,209.0,0.236,-183.0,-0.206,-85.0,-0.096
,2025-10-23 00:00:00+08:00,600221.XSHG,-0.58,7775.0,10.828,6694.0,9.323,1081.0,1.505,68.0,0.095,-57.0,-0.079
,2025-10-24 00:00:00+08:00,600221.XSHG,-0.59,-6734.0,-9.035,-6133.0,-8.229,-601.0,-0.806,-231.0,-0.31,-24.0,-0.032
,2025-10-27 00:00:00+08:00,600221.XSHG,-0.6,1684.0,2.778,1878.0,3.098,-194.0,-0.32,-283.0,-0.467,33.0,0.054
,2025-10-28 00:00:00+08:00,600221.XSHG,1.19,1537.0,2.211,1940.0,2.791,-403.0,-0.58,157.0,0.226,-15.0,-0.022
,2025-10-29 00:00:00+08:00,600221.XSHG,4.14,-224.0,-0.147,463.0,0.303,-687.0,-0.45,-71.0,-0.047,8.0,0.005
,2025-10-30 00:00:00+08:00,600221.XSHG,-0.57,9679.0,10.928,10068.0,11.367,-389.0,-0.439,-276.0,-0.312,-28.0,-0.032
,2025-10-31 00:00:00+08:00,600221.XSHG,1.72,-102.0,-0.066,64.0,0.041,-166.0,-0.107,216.0,0.139,-22.0,-0.014
,2025-11-03 00:00:00+08:00,600221.XSHG,3.95,-16235.0,-8.85,-15975.0,-8.709,-260.0,-0.142,-126.0,-0.069,25.0,0.014
,2025-11-04 00:00:00+08:00,600221.XSHG,-1.09,12446.0,7.806,11081.0,6.95,1365.0,0.856,-177.0,-0.111,-117.0,-0.073
,2025-11-05 00:00:00+08:00,600221.XSHG,3.31,-1096.0,-0.422,-384.0,-0.148,-712.0,-0.274,109.0,0.042,-4.0,-0.002
,2025-11-06 00:00:00+08:00,600221.XSHG,-3.21,-2633.0,-1.382,-2838.0,-1.49,205.0,0.108,162.0,0.085,20.0,0.01
,2025-11-07 00:00:00+08:00,600221.XSHG,2.22,-193.0,-0.116,-298.0,-0.179,105.0,0.063,30.0,0.018,68.0,0.041
,2025-11-10 00:00:00+08:00,600221.XSHG,1.09,6007.0,4.096,5680.0,3.873,327.0,0.223,242.0,0.165,-29.0,-0.02
,2025-11-11 00:00:00+08:00,600221.XSHG,-1.09,1774.0,1.718,730.0,0.707,1044.0,1.011,-357.0,-0.346,11.0,0.011
,2025-11-12 00:00:00+08:00,600221.XSHG,0.55,11143.0,6.953,10603.0,6.616,540.0,0.337,-359.0,-0.224,-62.0,-0.039
,2025-11-13 00:00:00+08:00,600221.XSHG,1.08,4920.0,3.632,5206.0,3.844,-286.0,-0.211,-596.0,-0.44,3.0,0.002
,2025-11-14 00:00:00+08:00,600221.XSHG,2.14,-161.0,-0.087,-2055.0,-1.105,1894.0,1.019,-583.0,-0.314,-62.0,-0.033
,2025-11-17 00:00:00+08:00,600221.XSHG,-1.05,-3086.0,-2.498,-3337.0,-2.701,251.0,0.203,-210.0,-0.17,68.0,0.055
,2025-11-18 00:00:00+08:00,600221.XSHG,-2.67,-5912.0,-4.488,-6744.0,-5.12,832.0,0.632,-302.0,-0.229,47.0,0.036
,2025-11-19 00:00:00+08:00,600221.XSHG,-2.76,-1641.0,-1.382,-1523.0,-1.283,-118.0,-0.099,-219.0,-0.184,32.0,0.027
,2025-11-20 00:00:00+08:00,600221.XSHG,1.14,6418.0,6.781,5365.0,5.668,1053.0,1.113,-304.0,-0.321,-33.0,-0.035
,2025-11-21 00:00:00+08:00,600221.XSHG,-3.95,-1660.0,-1.49,-1989.0,-1.786,329.0,0.295,-329.0,-0.295,-8.0,-0.007
,2025-11-24 00:00:00+08:00,600221.XSHG,-0.59,-2913.0,-3.418,-2550.0,-2.992,-363.0,-0.426,-414.0,-0.486,-95.0,-0.111
,2025-11-25 00:00:00+08:00,600221.XSHG,1.8,9051.0,14.314,9371.0,14.82,-320.0,-0.506,-418.0,-0.661,-37.0,-0.059
,2025-11-26 00:00:00+08:00,600221.XSHG,1.18,369.0,0.426,-704.0,-0.813,1073.0,1.239,-582.0,-0.672,-93.0,-0.107
,2025-11-27 00:00:00+08:00,600221.XSHG,-1.17,1055.0,1.638,1392.0,2.162,-337.0,-0.523,-65.0,-0.101,13.0,0.02
,2025-11-28 00:00:00+08:00,600221.XSHG,2.96,22390.0,28.141,20938.0,26.316,1452.0,1.825,-337.0,-0.424,-112.0,-0.141
,2025-12-01 00:00:00+08:00,600221.XSHG,1.73,10690.0,10.979,10446.0,10.728,244.0,0.251,23.0,0.024,24.0,0.025
,2025-12-02 00:00:00+08:00,600221.XSHG,0.0,7383.0,8.859,6660.0,7.991,723.0,0.868,-74.0,-0.089,53.0,0.064
,2025-12-03 00:00:00+08:00,600221.XSHG,0.0,2773.0,3.69,2373.0,3.158,400.0,0.532,291.0,0.387,-31.0,-0.041
,2025-12-04 00:00:00+08:00,600221.XSHG,-0.56,-326.0,-0.418,546.0,0.699,-872.0,-1.117,544.0,0.697,77.0,0.099
,2025-12-05 00:00:00+08:00,600221.XSHG,0.0,-1887.0,-3.172,-1673.0,-2.812,-214.0,-0.36,-255.0,-0.429,-87.0,-0.146
,2025-12-08 00:00:00+08:00,600221.XSHG,1.13,8144.0,10.74,8858.0,11.681,-714.0,-0.942,337.0,0.444,19.0,0.025
,2025-12-09 00:00:00+08:00,600221.XSHG,-3.35,-11332.0,-11.955,-9546.0,-10.071,-1786.0,-1.884,-495.0,-0.522,83.0,0.088
,2025-12-10 00:00:00+08:00,600221.XSHG,4.05,7373.0,5.031,7828.0,5.341,-455.0,-0.31,40.0,0.027,-912.0,-0.622
,2025-12-11 00:00:00+08:00,600221.XSHG,-3.33,-5431.0,-4.895,-5557.0,-5.008,126.0,0.114,-292.0,-0.263,77.0,0.069
,2025-12-12 00:00:00+08:00,600221.XSHG,0.0,654.0,0.992,1656.0,2.512,-1002.0,-1.52,45.0,0.068,-52.0,-0.079
,2025-12-15 00:00:00+08:00,600221.XSHG,0.58,6787.0,9.73,6539.0,9.375,248.0,0.356,45.0,0.065,82.0,0.118
,2025-12-16 00:00:00+08:00,600221.XSHG,-2.29,1866.0,2.602,2655.0,3.703,-789.0,-1.1,-204.0,-0.284,122.0,0.17
,2025-12-17 00:00:00+08:00,600221.XSHG,1.74,2880.0,3.648,4098.0,5.191,-1218.0,-1.543,188.0,0.238,56.0,0.071
,2025-12-18 00:00:00+08:00,600221.XSHG,-3.43,-2538.0,-2.898,-1892.0,-2.16,-646.0,-0.738,-100.0,-0.114,12.0,0.014
,2025-12-19 00:00:00+08:00,600221.XSHG,2.96,9351.0,7.256,9449.0,7.332,-98.0,-0.076,74.0,0.057,-25.0,-0.019
,2025-12-22 00:00:00+08:00,600221.XSHG,9.83,26443.0,5.657,26666.0,5.704,-223.0,-0.048,109.0,0.023,0.0,0.0
,2025-12-23 00:00:00+08:00,600221.XSHG,-4.74,-7969.0,-1.973,-5525.0,-1.368,-2444.0,-0.605,293.0,0.073,21.0,0.005
,2025-12-24 00:00:00+08:00,600221.XSHG,0.0,8968.0,5.108,9468.0,5.393,-500.0,-0.285,-42.0,-0.024,-39.0,-0.022
,2025-12-25 00:00:00+08:00,600221.XSHG,-2.23,-6521.0,-5.174,-5541.0,-4.397,-980.0,-0.778,-14.0,-0.011,56.0,0.044
,2025-01-02 00:00:00+08:00,600238.XSHG,1.83,971.0,3.893,698.0,2.798,273.0,1.094,-47.0,-0.188,-62.0,-0.249
,2025-01-03 00:00:00+08:00,600238.XSHG,-5.39,-1297.0,-7.811,-290.0,-1.747,-1007.0,-6.065,-377.0,-2.271,-11.0,-0.066
,2025-01-06 00:00:00+08:00,600238.XSHG,-5.96,-629.0,-4.769,-124.0,-0.94,-505.0,-3.829,-138.0,-1.046,-15.0,-0.114
,2025-01-07 00:00:00+08:00,600238.XSHG,2.31,-274.0,-3.135,0.0,0.0,-274.0,-3.135,-98.0,-1.121,-5.0,-0.057
,2025-01-08 00:00:00+08:00,600238.XSHG,-0.84,-336.0,-3.991,0.0,0.0,-336.0,-3.991,-173.0,-2.055,-48.0,-0.57
,2025-01-09 00:00:00+08:00,600238.XSHG,-0.43,376.0,6.077,50.0,0.808,326.0,5.269,-125.0,-2.02,-66.0,-1.067
,2025-01-10 00:00:00+08:00,600238.XSHG,-3.56,-663.0,-8.097,-169.0,-2.064,-494.0,-6.033,-388.0,-4.739,-47.0,-0.574
,2025-01-13 00:00:00+08:00,600238.XSHG,1.62,162.0,2.478,133.0,2.035,29.0,0.444,-175.0,-2.677,10.0,0.153
,2025-01-14 00:00:00+08:00,600238.XSHG,3.63,89.0,0.895,125.0,1.256,-36.0,-0.362,0.0,0.0,2.0,0.02
,2025-01-15 00:00:00+08:00,600238.XSHG,0.42,157.0,1.999,-156.0,-1.986,313.0,3.985,97.0,1.235,-22.0,-0.28
,2025-01-16 00:00:00+08:00,600238.XSHG,-0.56,-467.0,-5.692,-371.0,-4.522,-96.0,-1.17,-84.0,-1.024,20.0,0.244
,2025-01-17 00:00:00+08:00,600238.XSHG,-1.12,-629.0,-9.255,-111.0,-1.633,-518.0,-7.622,33.0,0.486,22.0,0.324
,2025-01-20 00:00:00+08:00,600238.XSHG,-10.04,0.0,0.0,0.0,0.0,0.0,0.0,0.0,0.0,0.0,0.0
,2025-01-21 00:00:00+08:00,600238.XSHG,-1.42,-467.0,-1.738,246.0,0.916,-713.0,-2.654,-302.0,-1.124,75.0,0.279
,2025-01-22 00:00:00+08:00,600238.XSHG,-9.25,-1725.0,-9.421,-853.0,-4.659,-872.0,-4.762,-160.0,-0.874,-36.0,-0.197
,2025-01-23 00:00:00+08:00,600238.XSHG,-3.35,-474.0,-2.965,-84.0,-0.526,-390.0,-2.44,-520.0,-3.253,-35.0,-0.219
,2025-01-24 00:00:00+08:00,600238.XSHG,0.18,730.0,5.014,740.0,5.083,-10.0,-0.069,-302.0,-2.074,-49.0,-0.337
,2025-01-27 00:00:00+08:00,600238.XSHG,-2.55,-473.0,-6.55,-111.0,-1.537,-362.0,-5.013,123.0,1.703,-82.0,-1.136
,2025-02-05 00:00:00+08:00,600238.XSHG,2.8,795.0,8.156,101.0,1.036,694.0,7.12,105.0,1.077,60.0,0.616
,2025-02-06 00:00:00+08:00,600238.XSHG,1.09,198.0,2.206,136.0,1.515,62.0,0.691,-159.0,-1.771,9.0,0.1
,2025-02-07 00:00:00+08:00,600238.XSHG,1.97,-516.0,-3.72,-379.0,-2.733,-137.0,-0.988,-1.0,-0.007,-36.0,-0.26
,2025-02-10 00:00:00+08:00,600238.XSHG,6.48,1141.0,6.598,666.0,3.851,475.0,2.747,2.0,0.012,-23.0,-0.133
,2025-02-11 00:00:00+08:00,600238.XSHG,-1.64,432.0,3.839,-199.0,-1.769,631.0,5.608,-152.0,-1.351,-38.0,-0.338
,2025-02-12 00:00:00+08:00,600238.XSHG,-0.67,-139.0,-1.765,132.0,1.676,-271.0,-3.44,-219.0,-2.78,18.0,0.229
,2025-02-13 00:00:00+08:00,600238.XSHG,0.51,-527.0,-5.15,121.0,1.182,-648.0,-6.332,-259.0,-2.531,-53.0,-0.518
,2025-02-14 00:00:00+08:00,600238.XSHG,-1.84,-285.0,-3.869,107.0,1.453,-392.0,-5.322,-135.0,-1.833,-34.0,-0.462
,2025-02-17 00:00:00+08:00,600238.XSHG,2.39,1138.0,13.145,913.0,10.546,225.0,2.599,128.0,1.479,7.0,0.081
,2025-02-18 00:00:00+08:00,600238.XSHG,-3.51,-372.0,-4.82,-343.0,-4.444,-29.0,-0.376,82.0,1.062,-29.0,-0.376
,2025-02-19 00:00:00+08:00,600238.XSHG,0.87,512.0,10.101,108.0,2.131,404.0,7.97,94.0,1.854,37.0,0.73
,2025-02-20 00:00:00+08:00,600238.XSHG,-1.03,-258.0,-5.371,-116.0,-2.415,-142.0,-2.956,-164.0,-3.414,-64.0,-1.332
,2025-02-21 00:00:00+08:00,600238.XSHG,-0.69,406.0,5.893,221.0,3.208,185.0,2.685,15.0,0.218,-47.0,-0.682
,2025-02-24 00:00:00+08:00,600238.XSHG,1.22,589.0,8.508,364.0,5.258,225.0,3.25,-76.0,-1.098,-39.0,-0.563
,2025-02-25 00:00:00+08:00,600238.XSHG,-1.03,-272.0,-5.515,-216.0,-4.38,-56.0,-1.135,-81.0,-1.642,-60.0,-1.217
,2025-02-26 00:00:00+08:00,600238.XSHG,0.87,90.0,1.761,-115.0,-2.25,205.0,4.01,66.0,1.291,-5.0,-0.098
,2025-02-27 00:00:00+08:00,600238.XSHG,10.0,3463.0,20.196,2537.0,14.796,926.0,5.4,75.0,0.437,-1.0,-0.006
,2025-02-28 00:00:00+08:00,600238.XSHG,10.03,5149.0,14.288,3957.0,10.981,1192.0,3.308,-41.0,-0.114,-7.0,-0.019
,2025-03-03 00:00:00+08:00,600238.XSHG,-8.26,-437.0,-1.036,-924.0,-2.191,487.0,1.155,-519.0,-1.23,-17.0,-0.04
,2025-03-04 00:00:00+08:00,600238.XSHG,4.04,954.0,2.768,-298.0,-0.865,1252.0,3.633,-300.0,-0.87,-49.0,-0.142
,2025-03-05 00:00:00+08:00,600238.XSHG,-4.49,-2414.0,-10.516,-1209.0,-5.267,-1205.0,-5.249,-102.0,-0.444,30.0,0.131
,2025-03-06 00:00:00+08:00,600238.XSHG,1.73,2687.0,13.081,2051.0,9.984,636.0,3.096,90.0,0.438,-64.0,-0.312
,2025-03-07 00:00:00+08:00,600238.XSHG,7.11,4134.0,8.61,3455.0,7.196,679.0,1.414,128.0,0.267,-33.0,-0.069
,2025-03-10 00:00:00+08:00,600238.XSHG,0.14,1463.0,3.743,587.0,1.502,876.0,2.241,-23.0,-0.059,56.0,0.143
,2025-03-11 00:00:00+08:00,600238.XSHG,6.77,2221.0,5.314,1484.0,3.55,737.0,1.763,-19.0,-0.045,93.0,0.222
,2025-03-12 00:00:00+08:00,600238.XSHG,-2.96,-111.0,-0.32,-1193.0,-3.441,1082.0,3.121,-293.0,-0.845,-144.0,-0.415
,2025-03-13 00:00:00+08:00,600238.XSHG,1.94,98.0,0.286,-758.0,-2.213,856.0,2.499,-430.0,-1.255,73.0,0.213
,2025-03-14 00:00:00+08:00,600238.XSHG,1.36,1893.0,5.036,1065.0,2.833,828.0,2.203,-72.0,-0.192,-14.0,-0.037
,2025-03-17 00:00:00+08:00,600238.XSHG,-3.22,-426.0,-1.528,-213.0,-0.764,-213.0,-0.764,-546.0,-1.959,94.0,0.337
,2025-03-18 00:00:00+08:00,600238.XSHG,-4.02,-470.0,-1.691,908.0,3.267,-1378.0,-4.959,-187.0,-0.673,-56.0,-0.202
,2025-03-19 00:00:00+08:00,600238.XSHG,0.14,-572.0,-3.367,-90.0,-0.53,-482.0,-2.837,-344.0,-2.025,-23.0,-0.135
,2025-03-20 00:00:00+08:00,600238.XSHG,-3.02,-719.0,-5.31,-441.0,-3.257,-278.0,-2.053,-277.0,-2.046,-51.0,-0.377
,2025-03-21 00:00:00+08:00,600238.XSHG,-3.56,-200.0,-1.414,-104.0,-0.735,-96.0,-0.679,-388.0,-2.744,2.0,0.014
,2025-03-24 00:00:00+08:00,600238.XSHG,-3.23,105.0,0.755,546.0,3.928,-441.0,-3.173,-384.0,-2.763,-38.0,-0.273
,2025-03-25 00:00:00+08:00,600238.XSHG,0.64,-523.0,-4.651,270.0,2.401,-793.0,-7.052,105.0,0.934,-38.0,-0.338
,2025-03-26 00:00:00+08:00,600238.XSHG,-0.47,-2.0,-0.027,235.0,3.135,-237.0,-3.162,124.0,1.654,-36.0,-0.48
,2025-03-27 00:00:00+08:00,600238.XSHG,4.6,2011.0,12.648,1224.0,7.698,787.0,4.95,-102.0,-0.642,-95.0,-0.597
,2025-03-28 00:00:00+08:00,600238.XSHG,-5.16,-750.0,-7.45,-238.0,-2.364,-512.0,-5.086,-264.0,-2.622,-35.0,-0.348
,2025-03-31 00:00:00+08:00,600238.XSHG,-4.97,-170.0,-1.792,226.0,2.383,-396.0,-4.175,-379.0,-3.996,-99.0,-1.044
,2025-04-01 00:00:00+08:00,600238.XSHG,1.35,84.0,1.56,0.0,0.0,84.0,1.56,-36.0,-0.669,36.0,0.669
,2025-04-02 00:00:00+08:00,600238.XSHG,1.33,665.0,7.965,172.0,2.06,493.0,5.905,-103.0,-1.234,8.0,0.096
,2025-04-03 00:00:00+08:00,600238.XSHG,-0.66,-272.0,-4.642,0.0,0.0,-272.0,-4.642,12.0,0.205,-8.0,-0.137
,2025-04-07 00:00:00+08:00,600238.XSHG,-9.95,-471.0,-5.677,0.0,0.0,-471.0,-5.677,-500.0,-6.027,4.0,0.048
,2025-04-08 00:00:00+08:00,600238.XSHG,9.58,1962.0,13.735,1852.0,12.965,110.0,0.77,270.0,1.89,-35.0,-0.245
,2025-04-09 00:00:00+08:00,600238.XSHG,1.01,-608.0,-3.869,-182.0,-1.158,-426.0,-2.711,-167.0,-1.063,68.0,0.433
,2025-04-10 00:00:00+08:00,600238.XSHG,2.5,1425.0,9.408,227.0,1.499,1198.0,7.91,-244.0,-1.611,-3.0,-0.02
,2025-04-11 00:00:00+08:00,600238.XSHG,-2.11,-462.0,-4.545,-274.0,-2.696,-188.0,-1.849,-216.0,-2.125,-116.0,-1.141
,2025-04-14 00:00:00+08:00,600238.XSHG,9.93,6214.0,15.864,4770.0,12.178,1444.0,3.686,-126.0,-0.322,9.0,0.023
,2025-04-15 00:00:00+08:00,600238.XSHG,-6.33,-736.0,-2.475,244.0,0.82,-980.0,-3.295,-269.0,-0.904,-76.0,-0.256
,2025-04-16 00:00:00+08:00,600238.XSHG,-2.73,-944.0,-6.366,-599.0,-4.039,-345.0,-2.327,-170.0,-1.146,-3.0,-0.02
,2025-04-17 00:00:00+08:00,600238.XSHG,0.99,406.0,3.561,485.0,4.254,-79.0,-0.693,-61.0,-0.535,50.0,0.439
,2025-04-18 00:00:00+08:00,600238.XSHG,-3.1,-442.0,-4.783,-17.0,-0.184,-425.0,-4.599,-351.0,-3.798,-43.0,-0.465
,2025-04-21 00:00:00+08:00,600238.XSHG,-2.03,73.0,0.71,373.0,3.629,-300.0,-2.919,-217.0,-2.112,-86.0,-0.837
,2025-04-22 00:00:00+08:00,600238.XSHG,-2.93,-1238.0,-10.145,-844.0,-6.916,-394.0,-3.229,-186.0,-1.524,-102.0,-0.836
,2025-04-23 00:00:00+08:00,600238.XSHG,-0.89,104.0,1.199,-5.0,-0.058,109.0,1.257,9.0,0.104,-83.0,-0.957
,2025-04-24 00:00:00+08:00,600238.XSHG,-3.58,-50.0,-0.492,251.0,2.468,-301.0,-2.96,-356.0,-3.5,-75.0,-0.737
,2025-04-25 00:00:00+08:00,600238.XSHG,0.93,674.0,6.442,155.0,1.481,519.0,4.96,-83.0,-0.793,0.0,0.0
,2025-04-28 00:00:00+08:00,600238.XSHG,-8.27,-1784.0,-12.729,-483.0,-3.446,-1301.0,-9.283,-393.0,-2.804,37.0,0.264
,2025-04-29 00:00:00+08:00,600238.XSHG,-7.82,-401.0,-3.086,151.0,1.162,-552.0,-4.248,-518.0,-3.986,-57.0,-0.439
,2025-05-06 00:00:00+08:00,600238.XSHG,-4.99,0.0,0.0,0.0,0.0,0.0,0.0,0.0,0.0,0.0,0.0
,2025-05-07 00:00:00+08:00,600238.XSHG,4.11,1535.0,6.956,685.0,3.104,850.0,3.852,268.0,1.215,53.0,0.24
,2025-05-08 00:00:00+08:00,600238.XSHG,5.05,676.0,3.9,329.0,1.898,347.0,2.002,106.0,0.612,0.0,0.0
,2025-05-09 00:00:00+08:00,600238.XSHG,5.02,-530.0,-4.106,-357.0,-2.766,-173.0,-1.34,136.0,1.054,8.0,0.062
,2025-05-12 00:00:00+08:00,600238.XSHG,2.0,516.0,3.513,272.0,1.852,244.0,1.661,-152.0,-1.035,68.0,0.463
,2025-05-13 00:00:00+08:00,600238.XSHG,-1.95,-466.0,-3.643,14.0,0.109,-480.0,-3.753,222.0,1.736,-65.0,-0.508
,2025-05-14 00:00:00+08:00,600238.XSHG,3.59,952.0,7.374,547.0,4.237,405.0,3.137,208.0,1.611,-19.0,-0.147
,2025-05-15 00:00:00+08:00,600238.XSHG,3.07,260.0,2.441,297.0,2.789,-37.0,-0.347,67.0,0.629,95.0,0.892
,2025-05-16 00:00:00+08:00,600238.XSHG,-3.72,-780.0,-7.856,-170.0,-1.712,-610.0,-6.144,87.0,0.876,-20.0,-0.201
,2025-05-19 00:00:00+08:00,600238.XSHG,3.69,848.0,10.518,248.0,3.076,600.0,7.442,-28.0,-0.347,-9.0,-0.112
,2025-05-20 00:00:00+08:00,600238.XSHG,4.3,864.0,9.182,454.0,4.825,410.0,4.357,109.0,1.158,-6.0,-0.064
,2025-05-21 00:00:00+08:00,600238.XSHG,2.87,334.0,3.607,167.0,1.804,167.0,1.804,198.0,2.138,-46.0,-0.497
,2025-05-22 00:00:00+08:00,600238.XSHG,-2.97,8.0,0.091,254.0,2.898,-246.0,-2.807,-117.0,-1.335,19.0,0.217
,2025-05-23 00:00:00+08:00,600238.XSHG,-3.42,159.0,2.604,142.0,2.325,17.0,0.278,99.0,1.621,-23.0,-0.377
,2025-05-26 00:00:00+08:00,600238.XSHG,5.02,543.0,7.121,557.0,7.305,-14.0,-0.184,162.0,2.125,70.0,0.918
,2025-05-27 00:00:00+08:00,600238.XSHG,3.72,895.0,8.604,766.0,7.364,129.0,1.24,15.0,0.144,47.0,0.452
,2025-05-28 00:00:00+08:00,600238.XSHG,-0.51,-243.0,-3.08,-119.0,-1.508,-124.0,-1.572,-11.0,-0.139,-23.0,-0.292
,2025-05-29 00:00:00+08:00,600238.XSHG,1.72,679.0,8.893,13.0,0.17,666.0,8.723,172.0,2.253,5.0,0.065
,2025-05-30 00:00:00+08:00,600238.XSHG,3.88,1756.0,19.015,919.0,9.951,837.0,9.063,51.0,0.552,108.0,1.169
,2025-06-03 00:00:00+08:00,600238.XSHG,-2.11,-711.0,-8.128,-175.0,-2.0,-536.0,-6.127,-6.0,-0.069,83.0,0.949
,2025-06-04 00:00:00+08:00,600238.XSHG,3.81,327.0,3.753,33.0,0.379,294.0,3.375,120.0,1.377,-49.0,-0.562
,2025-06-05 00:00:00+08:00,600238.XSHG,-0.16,-21.0,-0.267,434.0,5.514,-455.0,-5.781,-65.0,-0.826,10.0,0.127
,2025-06-06 00:00:00+08:00,600238.XSHG,3.69,1186.0,13.149,546.0,6.053,640.0,7.095,-114.0,-1.264,-54.0,-0.599
,2025-06-09 00:00:00+08:00,600238.XSHG,-0.31,-1070.0,-11.579,-461.0,-4.989,-609.0,-6.59,-299.0,-3.236,-5.0,-0.054
,2025-06-10 00:00:00+08:00,600238.XSHG,-2.63,-151.0,-1.484,116.0,1.14,-267.0,-2.624,-184.0,-1.808,-5.0,-0.049
,2025-06-11 00:00:00+08:00,600238.XSHG,-2.07,-523.0,-5.575,-131.0,-1.396,-392.0,-4.179,-60.0,-0.64,-44.0,-0.469
,2025-06-12 00:00:00+08:00,600238.XSHG,-0.32,284.0,4.083,103.0,1.481,181.0,2.602,-18.0,-0.259,-12.0,-0.173
,2025-06-13 00:00:00+08:00,600238.XSHG,-2.76,-236.0,-3.508,-55.0,-0.818,-181.0,-2.691,-9.0,-0.134,-20.0,-0.297
,2025-06-16 00:00:00+08:00,600238.XSHG,1.5,305.0,7.257,0.0,0.0,305.0,7.257,81.0,1.927,24.0,0.571
,2025-06-17 00:00:00+08:00,600238.XSHG,-2.96,-218.0,-3.674,16.0,0.27,-234.0,-3.944,14.0,0.236,-19.0,-0.32
,2025-06-18 00:00:00+08:00,600238.XSHG,-1.69,316.0,7.005,118.0,2.616,198.0,4.389,-118.0,-2.616,8.0,0.177
,2025-06-19 00:00:00+08:00,600238.XSHG,-3.79,-248.0,-5.549,220.0,4.923,-468.0,-10.472,-158.0,-3.535,-38.0,-0.85
,2025-06-20 00:00:00+08:00,600238.XSHG,-2.68,-1014.0,-16.321,-445.0,-7.162,-569.0,-9.158,158.0,2.543,18.0,0.29
,2025-06-23 00:00:00+08:00,600238.XSHG,1.28,-147.0,-3.546,-117.0,-2.822,-30.0,-0.724,74.0,1.785,32.0,0.772
,2025-06-24 00:00:00+08:00,600238.XSHG,5.07,585.0,14.345,260.0,6.376,325.0,7.97,84.0,2.06,-11.0,-0.27
,2025-06-25 00:00:00+08:00,600238.XSHG,-1.03,-1188.0,-12.362,-320.0,-3.33,-868.0,-9.032,-355.0,-3.694,3.0,0.031
,2025-06-26 00:00:00+08:00,600238.XSHG,3.47,1451.0,14.064,1069.0,10.362,382.0,3.703,24.0,0.233,24.0,0.233
,2025-06-27 00:00:00+08:00,600238.XSHG,-0.17,-231.0,-3.188,0.0,0.0,-231.0,-3.188,226.0,3.119,-60.0,-0.828
,2025-06-30 00:00:00+08:00,600238.XSHG,3.87,717.0,12.219,339.0,5.777,378.0,6.442,185.0,3.153,-41.0,-0.699
,2025-07-01 00:00:00+08:00,600238.XSHG,-1.78,-565.0,-8.747,-455.0,-7.044,-110.0,-1.703,113.0,1.749,-71.0,-1.099
,2025-07-02 00:00:00+08:00,600238.XSHG,-0.16,216.0,4.361,234.0,4.724,-18.0,-0.363,57.0,1.151,8.0,0.162
,2025-07-03 00:00:00+08:00,600238.XSHG,-0.16,-49.0,-1.366,266.0,7.414,-315.0,-8.779,54.0,1.505,-24.0,-0.669
,2025-07-04 00:00:00+08:00,600238.XSHG,-0.49,222.0,6.094,153.0,4.2,69.0,1.894,-1.0,-0.027,-29.0,-0.796
,2025-07-07 00:00:00+08:00,600238.XSHG,-0.17,245.0,6.542,-213.0,-5.688,458.0,12.23,32.0,0.854,-38.0,-1.015
,2025-07-08 00:00:00+08:00,600238.XSHG,2.32,188.0,3.552,116.0,2.192,72.0,1.36,202.0,3.816,11.0,0.208
,2025-07-09 00:00:00+08:00,600238.XSHG,0.97,239.0,4.561,353.0,6.737,-114.0,-2.176,-29.0,-0.553,38.0,0.725
,2025-07-10 00:00:00+08:00,600238.XSHG,1.6,880.0,15.664,274.0,4.877,606.0,10.787,123.0,2.189,11.0,0.196
,2025-07-11 00:00:00+08:00,600238.XSHG,-0.94,-640.0,-12.995,-185.0,-3.756,-455.0,-9.239,51.0,1.036,17.0,0.345
,2025-07-14 00:00:00+08:00,600238.XSHG,0.32,-79.0,-1.587,-101.0,-2.029,22.0,0.442,-43.0,-0.864,52.0,1.045
,2025-07-15 00:00:00+08:00,600238.XSHG,-0.79,92.0,1.599,0.0,0.0,92.0,1.599,25.0,0.435,47.0,0.817
,2025-07-16 00:00:00+08:00,600238.XSHG,2.24,1107.0,17.047,474.0,7.299,633.0,9.747,133.0,2.048,-46.0,-0.708
,2025-07-17 00:00:00+08:00,600238.XSHG,0.63,360.0,5.5,162.0,2.475,198.0,3.025,177.0,2.704,-115.0,-1.757
,2025-07-18 00:00:00+08:00,600238.XSHG,-2.02,-1691.0,-24.985,-1209.0,-17.863,-482.0,-7.122,-125.0,-1.847,-24.0,-0.355
,2025-07-21 00:00:00+08:00,600238.XSHG,1.27,809.0,14.39,117.0,2.081,692.0,12.309,-35.0,-0.623,5.0,0.089
,2025-07-22 00:00:00+08:00,600238.XSHG,3.75,1256.0,13.116,745.0,7.78,511.0,5.336,16.0,0.167,-15.0,-0.157
,2025-07-23 00:00:00+08:00,600238.XSHG,-4.37,-2211.0,-19.768,-1073.0,-9.593,-1138.0,-10.174,-132.0,-1.18,-47.0,-0.42
,2025-07-24 00:00:00+08:00,600238.XSHG,5.06,1430.0,13.64,1304.0,12.438,126.0,1.202,-18.0,-0.172,1.0,0.01
,2025-07-25 00:00:00+08:00,600238.XSHG,-2.56,-1692.0,-21.071,-848.0,-10.56,-844.0,-10.511,-208.0,-2.59,19.0,0.237
,2025-07-28 00:00:00+08:00,600238.XSHG,4.64,379.0,3.18,739.0,6.201,-360.0,-3.021,111.0,0.931,17.0,0.143
,2025-07-29 00:00:00+08:00,600238.XSHG,1.48,614.0,4.331,1080.0,7.619,-466.0,-3.287,88.0,0.621,-33.0,-0.233
,2025-07-30 00:00:00+08:00,600238.XSHG,4.93,444.0,2.733,450.0,2.77,-6.0,-0.037,135.0,0.831,16.0,0.099
,2025-07-31 00:00:00+08:00,600238.XSHG,4.98,638.0,4.993,609.0,4.766,29.0,0.227,123.0,0.963,6.0,0.047
,2025-08-01 00:00:00+08:00,600238.XSHG,-2.77,-1181.0,-5.835,-1598.0,-7.896,417.0,2.06,-433.0,-2.139,23.0,0.114
,2025-08-04 00:00:00+08:00,600238.XSHG,-2.29,-2056.0,-16.137,-390.0,-3.061,-1666.0,-13.076,-20.0,-0.157,42.0,0.33
,2025-08-05 00:00:00+08:00,600238.XSHG,-1.1,143.0,1.513,349.0,3.692,-206.0,-2.179,-105.0,-1.111,11.0,0.116
,2025-08-06 00:00:00+08:00,600238.XSHG,-3.06,319.0,3.344,210.0,2.201,109.0,1.143,-96.0,-1.006,-61.0,-0.639
,2025-08-07 00:00:00+08:00,600238.XSHG,2.44,563.0,7.56,577.0,7.748,-14.0,-0.188,89.0,1.195,6.0,0.081
,2025-08-08 00:00:00+08:00,600238.XSHG,-1.97,-604.0,-9.929,-225.0,-3.699,-379.0,-6.23,-42.0,-0.69,-12.0,-0.197
,2025-08-11 00:00:00+08:00,600238.XSHG,-0.57,21.0,0.475,181.0,4.091,-160.0,-3.617,94.0,2.125,-32.0,-0.723
,2025-08-12 00:00:00+08:00,600238.XSHG,-1.59,-721.0,-8.005,-180.0,-1.998,-541.0,-6.006,-202.0,-2.243,-50.0,-0.555
,2025-08-13 00:00:00+08:00,600238.XSHG,-1.18,991.0,14.151,576.0,8.225,415.0,5.926,-145.0,-2.071,-37.0,-0.528
,2025-08-14 00:00:00+08:00,600238.XSHG,-1.34,526.0,8.658,440.0,7.243,86.0,1.416,-137.0,-2.255,-48.0,-0.79
,2025-08-15 00:00:00+08:00,600238.XSHG,0.0,-94.0,-1.544,0.0,0.0,-94.0,-1.544,-267.0,-4.386,82.0,1.347
,2025-08-18 00:00:00+08:00,600238.XSHG,2.12,-804.0,-11.393,-288.0,-4.081,-516.0,-7.312,-31.0,-0.439,45.0,0.638
,2025-08-19 00:00:00+08:00,600238.XSHG,-0.89,-561.0,-10.068,-147.0,-2.638,-414.0,-7.43,-130.0,-2.333,10.0,0.179
,2025-08-20 00:00:00+08:00,600238.XSHG,4.94,-332.0,-2.334,-256.0,-1.8,-76.0,-0.534,291.0,2.046,-29.0,-0.204
,2025-08-21 00:00:00+08:00,600238.XSHG,1.43,-1393.0,-9.699,-933.0,-6.496,-460.0,-3.203,-5.0,-0.035,1.0,0.007
,2025-08-22 00:00:00+08:00,600238.XSHG,-0.28,20.0,0.342,40.0,0.683,-20.0,-0.342,-203.0,-3.468,45.0,0.769
,2025-08-25 00:00:00+08:00,600238.XSHG,-0.14,-463.0,-5.983,-44.0,-0.569,-419.0,-5.414,181.0,2.339,-46.0,-0.594
,2025-08-26 00:00:00+08:00,600238.XSHG,-2.4,-1101.0,-13.415,-242.0,-2.949,-859.0,-10.467,-155.0,-1.889,-18.0,-0.219
,2025-08-27 00:00:00+08:00,600238.XSHG,-1.3,2.0,0.032,5.0,0.081,-3.0,-0.048,-54.0,-0.87,-23.0,-0.37
,2025-08-28 00:00:00+08:00,600238.XSHG,-1.76,-289.0,-4.329,-151.0,-2.262,-138.0,-2.067,51.0,0.764,22.0,0.33
,2025-08-29 00:00:00+08:00,600238.XSHG,1.05,-298.0,-6.288,0.0,0.0,-298.0,-6.288,-98.0,-2.068,54.0,1.139
,2025-09-01 00:00:00+08:00,600238.XSHG,-2.22,-569.0,-10.219,2.0,0.036,-571.0,-10.255,-242.0,-4.346,3.0,0.054
,2025-09-02 00:00:00+08:00,600238.XSHG,-3.93,-1581.0,-17.345,-201.0,-2.205,-1380.0,-15.14,-194.0,-2.128,-26.0,-0.285
,2025-09-03 00:00:00+08:00,600238.XSHG,0.0,-140.0,-3.468,110.0,2.725,-250.0,-6.193,209.0,5.177,5.0,0.124
,2025-09-04 00:00:00+08:00,600238.XSHG,0.31,-616.0,-18.74,-515.0,-15.668,-101.0,-3.073,-30.0,-0.913,-23.0,-0.7
,2025-09-05 00:00:00+08:00,600238.XSHG,2.66,46.0,1.003,-324.0,-7.062,370.0,8.065,52.0,1.133,-23.0,-0.501
,2025-09-08 00:00:00+08:00,600238.XSHG,-0.15,-227.0,-7.755,0.0,0.0,-227.0,-7.755,30.0,1.025,-27.0,-0.922
,2025-09-09 00:00:00+08:00,600238.XSHG,-0.46,-203.0,-8.276,0.0,0.0,-203.0,-8.276,-11.0,-0.448,-8.0,-0.326
,2025-09-10 00:00:00+08:00,600238.XSHG,3.22,812.0,13.656,139.0,2.338,673.0,11.319,1.0,0.017,-21.0,-0.353
,2025-09-11 00:00:00+08:00,600238.XSHG,0.15,-664.0,-15.367,0.0,0.0,-664.0,-15.367,173.0,4.004,81.0,1.875
,2025-09-12 00:00:00+08:00,600238.XSHG,-0.15,588.0,10.654,118.0,2.138,470.0,8.516,-22.0,-0.399,17.0,0.308
,2025-09-15 00:00:00+08:00,600238.XSHG,-4.16,-2704.0,-38.404,-1406.0,-19.969,-1298.0,-18.435,-15.0,-0.213,4.0,0.057
,2025-09-16 00:00:00+08:00,600238.XSHG,-0.31,-112.0,-5.093,0.0,0.0,-112.0,-5.093,104.0,4.729,-6.0,-0.273
,2025-09-17 00:00:00+08:00,600238.XSHG,-1.38,-180.0,-5.136,-320.0,-9.13,140.0,3.994,-21.0,-0.599,-23.0,-0.656
,2025-09-18 00:00:00+08:00,600238.XSHG,-2.49,-1170.0,-23.059,-346.0,-6.819,-824.0,-16.24,-147.0,-2.897,36.0,0.709
,2025-09-19 00:00:00+08:00,600238.XSHG,1.12,99.0,3.884,0.0,0.0,99.0,3.884,-25.0,-0.981,17.0,0.667
,2025-09-22 00:00:00+08:00,600238.XSHG,-2.84,-1298.0,-27.121,-115.0,-2.403,-1183.0,-24.718,-87.0,-1.818,-27.0,-0.564
,2025-09-23 00:00:00+08:00,600238.XSHG,-2.59,-30.0,-0.582,0.0,0.0,-30.0,-0.582,-212.0,-4.11,-9.0,-0.174
,2025-09-24 00:00:00+08:00,600238.XSHG,-0.67,-1313.0,-27.824,0.0,0.0,-1313.0,-27.824,15.0,0.318,22.0,0.466
,2025-09-25 00:00:00+08:00,600238.XSHG,-1.51,-739.0,-15.634,0.0,0.0,-739.0,-15.634,20.0,0.423,26.0,0.55
,2025-09-26 00:00:00+08:00,600238.XSHG,0.85,20.0,0.509,241.0,6.132,-221.0,-5.623,7.0,0.178,15.0,0.382
,2025-09-29 00:00:00+08:00,600238.XSHG,2.02,-291.0,-7.315,-218.0,-5.48,-73.0,-1.835,119.0,2.991,66.0,1.659
,2025-09-30 00:00:00+08:00,600238.XSHG,0.0,-278.0,-8.201,0.0,0.0,-278.0,-8.201,34.0,1.003,-46.0,-1.357
,2025-10-09 00:00:00+08:00,600238.XSHG,-1.98,-269.0,-10.267,0.0,0.0,-269.0,-10.267,-97.0,-3.702,-6.0,-0.229
,2025-10-10 00:00:00+08:00,600238.XSHG,0.0,-239.0,-8.968,0.0,0.0,-239.0,-8.968,-91.0,-3.415,4.0,0.15
,2025-10-13 00:00:00+08:00,600238.XSHG,-0.67,45.0,2.009,0.0,0.0,45.0,2.009,-11.0,-0.491,-11.0,-0.491
,2025-10-14 00:00:00+08:00,600238.XSHG,0.0,-277.0,-10.095,0.0,0.0,-277.0,-10.095,-170.0,-6.195,3.0,0.109
,2025-10-15 00:00:00+08:00,600238.XSHG,1.53,7.0,0.347,0.0,0.0,7.0,0.347,62.0,3.069,-16.0,-0.792
,2025-10-16 00:00:00+08:00,600238.XSHG,1.17,-35.0,-0.955,0.0,0.0,-35.0,-0.955,-100.0,-2.729,6.0,0.164
,2025-10-17 00:00:00+08:00,600238.XSHG,-1.16,162.0,4.975,0.0,0.0,162.0,4.975,-79.0,-2.426,-9.0,-0.276
,2025-10-20 00:00:00+08:00,600238.XSHG,0.84,-263.0,-10.752,-114.0,-4.661,-149.0,-6.092,55.0,2.249,11.0,0.45
,2025-10-21 00:00:00+08:00,600238.XSHG,0.17,66.0,3.091,0.0,0.0,66.0,3.091,74.0,3.466,23.0,1.077
,2025-10-22 00:00:00+08:00,600238.XSHG,2.31,533.0,12.94,0.0,0.0,533.0,12.94,21.0,0.51,35.0,0.85
,2025-10-23 00:00:00+08:00,600238.XSHG,0.0,344.0,11.026,186.0,5.962,158.0,5.064,66.0,2.115,-18.0,-0.577
,2025-10-24 00:00:00+08:00,600238.XSHG,5.0,1003.0,9.882,127.0,1.251,876.0,8.631,-61.0,-0.601,67.0,0.66
,2025-10-27 00:00:00+08:00,600238.XSHG,-0.46,-494.0,-6.15,-142.0,-1.768,-352.0,-4.382,-90.0,-1.12,-1.0,-0.012
,2025-10-28 00:00:00+08:00,600238.XSHG,2.47,277.0,5.443,106.0,2.083,171.0,3.36,176.0,3.458,-9.0,-0.177
,2025-10-29 00:00:00+08:00,600238.XSHG,-0.6,-444.0,-6.217,-83.0,-1.162,-361.0,-5.055,-35.0,-0.49,27.0,0.378
,2025-10-30 00:00:00+08:00,600238.XSHG,0.15,-267.0,-4.409,-199.0,-3.286,-68.0,-1.123,133.0,2.196,-57.0,-0.941
,2025-10-31 00:00:00+08:00,600238.XSHG,1.67,252.0,4.994,-179.0,-3.547,431.0,8.541,-76.0,-1.506,-26.0,-0.515
,2025-11-03 00:00:00+08:00,600238.XSHG,4.33,1706.0,18.93,1093.0,12.128,613.0,6.802,199.0,2.208,-26.0,-0.289
,2025-11-04 00:00:00+08:00,600238.XSHG,-2.43,-8.0,-0.111,-192.0,-2.656,184.0,2.546,-262.0,-3.625,4.0,0.055
,2025-11-05 00:00:00+08:00,600238.XSHG,1.9,151.0,2.033,-111.0,-1.494,262.0,3.527,81.0,1.09,-18.0,-0.242
,2025-11-06 00:00:00+08:00,600238.XSHG,-1.86,-610.0,-13.857,111.0,2.522,-721.0,-16.379,-158.0,-3.589,28.0,0.636
,2025-11-07 00:00:00+08:00,600238.XSHG,-0.29,-12.0,-0.31,149.0,3.844,-161.0,-4.154,-17.0,-0.439,-5.0,-0.129
,2025-11-10 00:00:00+08:00,600238.XSHG,-0.15,732.0,16.498,328.0,7.392,404.0,9.105,-27.0,-0.609,-24.0,-0.541
,2025-11-11 00:00:00+08:00,600238.XSHG,-0.29,143.0,4.518,28.0,0.885,115.0,3.633,-37.0,-1.169,24.0,0.758
,2025-11-12 00:00:00+08:00,600238.XSHG,-0.88,28.0,0.716,100.0,2.558,-72.0,-1.842,-159.0,-4.068,33.0,0.844
,2025-11-13 00:00:00+08:00,600238.XSHG,0.44,169.0,6.433,332.0,12.638,-163.0,-6.205,-103.0,-3.921,8.0,0.305
,2025-11-14 00:00:00+08:00,600238.XSHG,-0.29,-623.0,-11.06,-52.0,-0.923,-571.0,-10.137,-15.0,-0.266,-10.0,-0.178
,2025-11-17 00:00:00+08:00,600238.XSHG,3.25,683.0,9.904,-56.0,-0.812,739.0,10.716,-75.0,-1.088,-39.0,-0.566
,2025-11-18 00:00:00+08:00,600238.XSHG,-0.57,-363.0,-8.351,251.0,5.774,-614.0,-14.125,-101.0,-2.323,-12.0,-0.276
,2025-11-19 00:00:00+08:00,600238.XSHG,-3.31,-358.0,-5.1,-344.0,-4.901,-14.0,-0.199,-71.0,-1.012,-50.0,-0.712
,2025-11-20 00:00:00+08:00,600238.XSHG,-1.05,346.0,10.686,239.0,7.381,107.0,3.305,88.0,2.718,-37.0,-1.143
,2025-11-21 00:00:00+08:00,600238.XSHG,-1.82,-25.0,-0.751,139.0,4.177,-164.0,-4.928,91.0,2.734,-17.0,-0.511
,2025-11-24 00:00:00+08:00,600238.XSHG,2.94,222.0,7.616,114.0,3.911,108.0,3.705,189.0,6.484,-10.0,-0.343
,2025-11-25 00:00:00+08:00,600238.XSHG,1.81,346.0,12.37,376.0,13.443,-30.0,-1.073,25.0,0.894,13.0,0.465
,2025-11-26 00:00:00+08:00,600238.XSHG,-0.74,-195.0,-8.449,0.0,0.0,-195.0,-8.449,-44.0,-1.906,-3.0,-0.13
,2025-11-27 00:00:00+08:00,600238.XSHG,0.15,151.0,7.881,0.0,0.0,151.0,7.881,41.0,2.14,-8.0,-0.418
,2025-11-28 00:00:00+08:00,600238.XSHG,0.45,-430.0,-19.51,-295.0,-13.385,-135.0,-6.125,-33.0,-1.497,15.0,0.681
,2025-12-01 00:00:00+08:00,600238.XSHG,0.0,77.0,2.379,0.0,0.0,77.0,2.379,-120.0,-3.707,37.0,1.143
,2025-12-02 00:00:00+08:00,600238.XSHG,-0.75,-383.0,-15.388,-140.0,-5.625,-243.0,-9.763,-38.0,-1.527,12.0,0.482
,2025-12-03 00:00:00+08:00,600238.XSHG,2.55,575.0,12.64,238.0,5.232,337.0,7.408,-108.0,-2.374,-10.0,-0.22
,2025-12-04 00:00:00+08:00,600238.XSHG,-2.92,-507.0,-15.373,-115.0,-3.487,-392.0,-11.886,-68.0,-2.062,-8.0,-0.243
,2025-12-05 00:00:00+08:00,600238.XSHG,-2.25,-422.0,-10.632,0.0,0.0,-422.0,-10.632,-301.0,-7.584,-22.0,-0.554
,2025-12-08 00:00:00+08:00,600238.XSHG,-1.53,-1181.0,-24.073,-46.0,-0.938,-1135.0,-23.135,-3.0,-0.061,-11.0,-0.224
,2025-12-09 00:00:00+08:00,600238.XSHG,1.56,377.0,10.849,0.0,0.0,377.0,10.849,91.0,2.619,-12.0,-0.345
,2025-12-10 00:00:00+08:00,600238.XSHG,3.08,446.0,6.647,24.0,0.358,422.0,6.289,164.0,2.444,-78.0,-1.162
,2025-12-11 00:00:00+08:00,600238.XSHG,-0.75,-344.0,-10.453,0.0,0.0,-344.0,-10.453,44.0,1.337,15.0,0.456
,2025-12-12 00:00:00+08:00,600238.XSHG,-1.66,-753.0,-22.915,-314.0,-9.556,-439.0,-13.36,-158.0,-4.808,8.0,0.243
,2025-12-15 00:00:00+08:00,600238.XSHG,0.77,121.0,5.801,155.0,7.43,-34.0,-1.63,-19.0,-0.911,-6.0,-0.288
,2025-12-16 00:00:00+08:00,600238.XSHG,-1.68,-129.0,-6.869,0.0,0.0,-129.0,-6.869,-209.0,-11.129,3.0,0.16
,2025-12-17 00:00:00+08:00,600238.XSHG,-0.31,-262.0,-13.087,-113.0,-5.644,-149.0,-7.443,-103.0,-5.145,16.0,0.799
,2025-12-18 00:00:00+08:00,600238.XSHG,-0.93,-15.0,-0.743,0.0,0.0,-15.0,-0.743,-22.0,-1.089,-17.0,-0.842
,2025-12-19 00:00:00+08:00,600238.XSHG,2.66,133.0,4.081,255.0,7.824,-122.0,-3.743,-50.0,-1.534,38.0,1.166
,2025-12-22 00:00:00+08:00,600238.XSHG,5.03,1418.0,20.616,979.0,14.234,439.0,6.383,23.0,0.334,-1.0,-0.015
,2025-12-23 00:00:00+08:00,600238.XSHG,-2.9,-1702.0,-14.556,-354.0,-3.027,-1348.0,-11.528,-319.0,-2.728,42.0,0.359
,2025-12-24 00:00:00+08:00,600238.XSHG,-2.54,-350.0,-5.829,-304.0,-5.063,-46.0,-0.766,9.0,0.15,-9.0,-0.15
,2025-12-25 00:00:00+08:00,600238.XSHG,-0.31,271.0,7.587,0.0,0.0,271.0,7.587,-253.0,-7.083,4.0,0.112
,2025-01-02 00:00:00+08:00,600259.XSHG,-2.59,127.0,1.388,18.0,0.197,109.0,1.192,109.0,1.192,-122.0,-1.334
,2025-01-03 00:00:00+08:00,600259.XSHG,-0.92,740.0,7.342,128.0,1.27,612.0,6.072,-106.0,-1.052,-80.0,-0.794
,2025-01-06 00:00:00+08:00,600259.XSHG,9.99,3164.0,6.267,1192.0,2.361,1972.0,3.906,71.0,0.141,6.0,0.012
,2025-01-07 00:00:00+08:00,600259.XSHG,1.52,2191.0,4.028,2810.0,5.166,-619.0,-1.138,-74.0,-0.136,-57.0,-0.105
,2025-01-08 00:00:00+08:00,600259.XSHG,-1.63,1608.0,4.935,1745.0,5.356,-137.0,-0.42,-490.0,-1.504,7.0,0.021
,2025-01-09 00:00:00+08:00,600259.XSHG,0.03,-1593.0,-5.519,41.0,0.142,-1634.0,-5.661,-472.0,-1.635,124.0,0.43
,2025-01-10 00:00:00+08:00,600259.XSHG,0.91,1818.0,5.017,1756.0,4.846,62.0,0.171,201.0,0.555,8.0,0.022
,2025-01-13 00:00:00+08:00,600259.XSHG,3.05,-445.0,-0.812,295.0,0.538,-740.0,-1.351,-165.0,-0.301,-24.0,-0.044
,2025-01-14 00:00:00+08:00,600259.XSHG,1.43,-327.0,-0.721,-1450.0,-3.199,1123.0,2.478,-413.0,-0.911,6.0,0.013
,2025-01-15 00:00:00+08:00,600259.XSHG,-2.02,-1958.0,-4.691,-33.0,-0.079,-1925.0,-4.612,136.0,0.326,-29.0,-0.069
,2025-01-16 00:00:00+08:00,600259.XSHG,-0.82,-2408.0,-8.734,-554.0,-2.009,-1854.0,-6.724,-406.0,-1.473,137.0,0.497
,2025-01-17 00:00:00+08:00,600259.XSHG,-0.43,-2445.0,-10.842,-1671.0,-7.41,-774.0,-3.432,-337.0,-1.494,45.0,0.2
,2025-01-20 00:00:00+08:00,600259.XSHG,-2.49,-1101.0,-5.034,-6.0,-0.027,-1095.0,-5.006,-126.0,-0.576,14.0,0.064
,2025-01-21 00:00:00+08:00,600259.XSHG,-0.58,-1931.0,-8.332,-277.0,-1.195,-1654.0,-7.137,-83.0,-0.358,1.0,0.004
,2025-01-22 00:00:00+08:00,600259.XSHG,-1.57,-1239.0,-9.525,-11.0,-0.085,-1228.0,-9.44,-333.0,-2.56,83.0,0.638
,2025-01-23 00:00:00+08:00,600259.XSHG,0.24,742.0,3.648,973.0,4.784,-231.0,-1.136,-225.0,-1.106,-57.0,-0.28
,2025-01-24 00:00:00+08:00,600259.XSHG,1.07,-13.0,-0.096,-161.0,-1.189,148.0,1.093,-436.0,-3.221,181.0,1.337
,2025-01-27 00:00:00+08:00,600259.XSHG,-2.81,-1694.0,-13.503,-472.0,-3.762,-1222.0,-9.741,-482.0,-3.842,-27.0,-0.215
,2025-02-05 00:00:00+08:00,600259.XSHG,2.82,1555.0,8.2,849.0,4.477,706.0,3.723,-142.0,-0.749,-19.0,-0.1
,2025-02-06 00:00:00+08:00,600259.XSHG,4.32,4112.0,13.616,1398.0,4.629,2714.0,8.987,342.0,1.132,-112.0,-0.371
,2025-02-07 00:00:00+08:00,600259.XSHG,-0.95,-1020.0,-4.561,-159.0,-0.711,-861.0,-3.85,-469.0,-2.097,-55.0,-0.246
,2025-02-10 00:00:00+08:00,600259.XSHG,0.53,949.0,6.05,-273.0,-1.741,1222.0,7.791,77.0,0.491,-80.0,-0.51
,2025-02-11 00:00:00+08:00,600259.XSHG,-0.33,-884.0,-5.346,-398.0,-2.407,-486.0,-2.939,34.0,0.206,-81.0,-0.49
,2025-02-12 00:00:00+08:00,600259.XSHG,-0.03,-770.0,-4.17,-950.0,-5.144,180.0,0.975,-118.0,-0.639,-75.0,-0.406
,2025-02-13 00:00:00+08:00,600259.XSHG,-2.39,-1922.0,-11.927,-656.0,-4.071,-1266.0,-7.856,-619.0,-3.841,52.0,0.323
,2025-02-14 00:00:00+08:00,600259.XSHG,-0.41,-1289.0,-10.393,-572.0,-4.612,-717.0,-5.781,-69.0,-0.556,-28.0,-0.226
,2025-02-17 00:00:00+08:00,600259.XSHG,-0.61,-1021.0,-8.272,-376.0,-3.046,-645.0,-5.226,-409.0,-3.314,0.0,0.0
,2025-02-18 00:00:00+08:00,600259.XSHG,-1.75,-1806.0,-14.664,-1039.0,-8.436,-767.0,-6.228,-305.0,-2.476,-44.0,-0.357
,2025-02-19 00:00:00+08:00,600259.XSHG,2.48,1841.0,14.257,555.0,4.298,1286.0,9.959,-100.0,-0.774,76.0,0.589
,2025-02-20 00:00:00+08:00,600259.XSHG,5.59,7960.0,11.154,6018.0,8.433,1942.0,2.721,-858.0,-1.202,-159.0,-0.223
,2025-02-21 00:00:00+08:00,600259.XSHG,-2.0,-2185.0,-7.885,-1275.0,-4.601,-910.0,-3.284,-501.0,-1.808,114.0,0.411
,2025-02-24 00:00:00+08:00,600259.XSHG,0.86,825.0,3.236,399.0,1.565,426.0,1.671,-133.0,-0.522,5.0,0.02
,2025-02-25 00:00:00+08:00,600259.XSHG,-1.04,-866.0,-4.722,-150.0,-0.818,-716.0,-3.904,60.0,0.327,85.0,0.463
,2025-02-26 00:00:00+08:00,600259.XSHG,-0.33,-2783.0,-14.172,-1961.0,-9.986,-822.0,-4.186,-236.0,-1.202,-31.0,-0.158
,2025-02-27 00:00:00+08:00,600259.XSHG,-0.5,-2153.0,-12.773,-763.0,-4.527,-1390.0,-8.246,-30.0,-0.178,130.0,0.771
,2025-02-28 00:00:00+08:00,600259.XSHG,-1.16,-794.0,-4.68,23.0,0.136,-817.0,-4.816,-581.0,-3.425,76.0,0.448
,2025-03-03 00:00:00+08:00,600259.XSHG,0.74,767.0,3.125,914.0,3.724,-147.0,-0.599,-147.0,-0.599,14.0,0.057
,2025-03-04 00:00:00+08:00,600259.XSHG,4.5,-463.0,-0.806,1581.0,2.753,-2044.0,-3.559,-11.0,-0.019,-5.0,-0.009
,2025-03-05 00:00:00+08:00,600259.XSHG,-2.74,-2985.0,-8.211,-709.0,-1.95,-2276.0,-6.261,-110.0,-0.303,68.0,0.187
,2025-03-06 00:00:00+08:00,600259.XSHG,0.13,-302.0,-1.082,1214.0,4.351,-1516.0,-5.433,74.0,0.265,-19.0,-0.068
,2025-03-07 00:00:00+08:00,600259.XSHG,2.16,4753.0,10.174,1700.0,3.639,3053.0,6.535,-230.0,-0.492,-173.0,-0.37
,2025-03-10 00:00:00+08:00,600259.XSHG,1.73,-529.0,-1.112,530.0,1.114,-1059.0,-2.226,15.0,0.032,-35.0,-0.074
,2025-03-11 00:00:00+08:00,600259.XSHG,5.96,12201.0,16.177,8087.0,10.722,4114.0,5.455,166.0,0.22,-80.0,-0.106
,2025-03-12 00:00:00+08:00,600259.XSHG,0.06,3539.0,5.343,3323.0,5.017,216.0,0.326,-979.0,-1.478,-137.0,-0.207
,2025-03-13 00:00:00+08:00,600259.XSHG,1.13,1270.0,3.04,969.0,2.319,301.0,0.72,696.0,1.666,-129.0,-0.309
,2025-03-14 00:00:00+08:00,600259.XSHG,-0.82,-3537.0,-9.653,-2355.0,-6.427,-1182.0,-3.226,-516.0,-1.408,111.0,0.303
,2025-03-17 00:00:00+08:00,600259.XSHG,0.38,548.0,1.434,1159.0,3.033,-611.0,-1.599,-116.0,-0.304,-93.0,-0.243
,2025-03-18 00:00:00+08:00,600259.XSHG,3.87,7414.0,12.11,5452.0,8.905,1962.0,3.205,-350.0,-0.572,11.0,0.018
,2025-03-19 00:00:00+08:00,600259.XSHG,0.57,484.0,1.519,-222.0,-0.697,706.0,2.215,-210.0,-0.659,-15.0,-0.047
,2025-03-20 00:00:00+08:00,600259.XSHG,-2.35,-611.0,-1.989,-116.0,-0.378,-495.0,-1.611,-540.0,-1.757,2.0,0.007
,2025-03-21 00:00:00+08:00,600259.XSHG,-3.12,-1589.0,-6.079,377.0,1.442,-1966.0,-7.521,-508.0,-1.943,10.0,0.038
,2025-03-24 00:00:00+08:00,600259.XSHG,-0.98,-906.0,-4.434,381.0,1.865,-1287.0,-6.298,-692.0,-3.387,112.0,0.548
,2025-03-25 00:00:00+08:00,600259.XSHG,0.51,-612.0,-2.594,-835.0,-3.539,223.0,0.945,-353.0,-1.496,10.0,0.042
,2025-03-26 00:00:00+08:00,600259.XSHG,2.85,3803.0,10.72,1874.0,5.282,1929.0,5.437,118.0,0.333,-91.0,-0.257
,2025-03-27 00:00:00+08:00,600259.XSHG,-0.79,749.0,3.423,-209.0,-0.955,958.0,4.378,-126.0,-0.576,-54.0,-0.247
,2025-03-28 00:00:00+08:00,600259.XSHG,2.93,982.0,2.547,586.0,1.52,396.0,1.027,-77.0,-0.2,43.0,0.112
,2025-03-31 00:00:00+08:00,600259.XSHG,-5.32,-2994.0,-8.619,-2583.0,-7.436,-411.0,-1.183,-519.0,-1.494,-16.0,-0.046
,2025-04-01 00:00:00+08:00,600259.XSHG,1.92,554.0,2.248,570.0,2.313,-16.0,-0.065,174.0,0.706,14.0,0.057
,2025-04-02 00:00:00+08:00,600259.XSHG,3.03,4129.0,11.54,2385.0,6.666,1744.0,4.874,-774.0,-2.163,-44.0,-0.123
,2025-04-03 00:00:00+08:00,600259.XSHG,3.52,2927.0,4.65,2307.0,3.665,620.0,0.985,21.0,0.033,33.0,0.052
,2025-04-07 00:00:00+08:00,600259.XSHG,-5.64,-2956.0,-2.756,-118.0,-0.11,-2838.0,-2.646,-858.0,-0.8,44.0,0.041
,2025-04-08 00:00:00+08:00,600259.XSHG,8.19,8620.0,9.397,6308.0,6.876,2312.0,2.52,-598.0,-0.652,-36.0,-0.039
,2025-04-09 00:00:00+08:00,600259.XSHG,0.78,-3040.0,-3.007,-2650.0,-2.621,-390.0,-0.386,-312.0,-0.309,8.0,0.008
,2025-04-10 00:00:00+08:00,600259.XSHG,-2.2,977.0,1.27,3169.0,4.118,-2192.0,-2.848,-853.0,-1.108,-34.0,-0.044
,2025-04-11 00:00:00+08:00,600259.XSHG,-2.85,-4434.0,-7.466,-1950.0,-3.283,-2484.0,-4.182,-1073.0,-1.807,-127.0,-0.214
,2025-04-14 00:00:00+08:00,600259.XSHG,0.93,3848.0,9.019,2830.0,6.633,1018.0,2.386,120.0,0.281,-109.0,-0.255
,2025-04-15 00:00:00+08:00,600259.XSHG,0.47,2638.0,6.023,3600.0,8.22,-962.0,-2.197,-220.0,-0.502,88.0,0.201
,2025-04-16 00:00:00+08:00,600259.XSHG,0.28,1461.0,3.695,575.0,1.454,886.0,2.241,341.0,0.863,-120.0,-0.304
,2025-04-17 00:00:00+08:00,600259.XSHG,-2.08,-4541.0,-14.256,-1979.0,-6.213,-2562.0,-8.043,-577.0,-1.811,-3.0,-0.009
,2025-04-18 00:00:00+08:00,600259.XSHG,-5.96,-8156.0,-17.812,-5383.0,-11.756,-2773.0,-6.056,-341.0,-0.745,-108.0,-0.236
,2025-04-21 00:00:00+08:00,600259.XSHG,3.28,2796.0,8.294,1434.0,4.254,1362.0,4.04,146.0,0.433,-4.0,-0.012
,2025-04-22 00:00:00+08:00,600259.XSHG,-0.85,-893.0,-4.273,-254.0,-1.215,-639.0,-3.058,-144.0,-0.689,12.0,0.057
,2025-04-23 00:00:00+08:00,600259.XSHG,0.94,321.0,1.477,604.0,2.779,-283.0,-1.302,-531.0,-2.443,80.0,0.368
,2025-04-24 00:00:00+08:00,600259.XSHG,-1.6,-333.0,-2.192,-13.0,-0.086,-320.0,-2.106,-305.0,-2.007,-55.0,-0.362
,2025-04-25 00:00:00+08:00,600259.XSHG,2.34,2552.0,9.444,3193.0,11.816,-641.0,-2.372,-74.0,-0.274,8.0,0.03
,2025-04-28 00:00:00+08:00,600259.XSHG,3.3,4671.0,13.532,2475.0,7.17,2196.0,6.362,156.0,0.452,-139.0,-0.403
,2025-04-29 00:00:00+08:00,600259.XSHG,1.29,713.0,2.286,-502.0,-1.61,1215.0,3.896,174.0,0.558,-8.0,-0.026
,2025-04-30 00:00:00+08:00,600259.XSHG,-0.44,207.0,0.692,908.0,3.036,-701.0,-2.344,-713.0,-2.384,-66.0,-0.221
,2025-05-06 00:00:00+08:00,600259.XSHG,10.0,23045.0,19.786,20672.0,17.748,2373.0,2.037,99.0,0.085,-48.0,-0.041
,2025-05-07 00:00:00+08:00,600259.XSHG,-3.41,-10769.0,-13.124,-7817.0,-9.527,-2952.0,-3.598,-73.0,-0.089,38.0,0.046
,2025-05-08 00:00:00+08:00,600259.XSHG,0.99,-1766.0,-3.629,-1168.0,-2.4,-598.0,-1.229,483.0,0.993,-30.0,-0.062
,2025-05-09 00:00:00+08:00,600259.XSHG,-1.63,-2727.0,-6.886,190.0,0.48,-2917.0,-7.366,-1144.0,-2.889,126.0,0.318
,2025-05-12 00:00:00+08:00,600259.XSHG,3.92,9734.0,13.268,6947.0,9.469,2787.0,3.799,-288.0,-0.393,-91.0,-0.124
,2025-05-13 00:00:00+08:00,600259.XSHG,-2.15,-4030.0,-8.438,-2004.0,-4.196,-2026.0,-4.242,-351.0,-0.735,-122.0,-0.255
,2025-05-14 00:00:00+08:00,600259.XSHG,8.16,24165.0,18.42,23361.0,17.807,804.0,0.613,-542.0,-0.413,92.0,0.07
,2025-05-15 00:00:00+08:00,600259.XSHG,1.68,7551.0,5.375,2370.0,1.687,5181.0,3.688,-330.0,-0.235,-59.0,-0.042
,2025-05-16 00:00:00+08:00,600259.XSHG,-2.21,-1004.0,-1.128,1850.0,2.078,-2854.0,-3.206,-965.0,-1.084,11.0,0.012
,2025-05-19 00:00:00+08:00,600259.XSHG,2.12,-2541.0,-2.959,-1635.0,-1.904,-906.0,-1.055,479.0,0.558,63.0,0.073
,2025-05-20 00:00:00+08:00,600259.XSHG,10.0,18315.0,10.752,18422.0,10.814,-107.0,-0.063,497.0,0.292,76.0,0.045
,2025-05-21 00:00:00+08:00,600259.XSHG,-4.31,-7479.0,-7.039,-5711.0,-5.375,-1768.0,-1.664,-626.0,-0.589,81.0,0.076
,2025-05-22 00:00:00+08:00,600259.XSHG,-0.72,-4632.0,-6.894,-1951.0,-2.904,-2681.0,-3.99,648.0,0.964,86.0,0.128
,2025-05-23 00:00:00+08:00,600259.XSHG,0.32,-1108.0,-1.632,-14.0,-0.021,-1094.0,-1.611,27.0,0.04,59.0,0.087
,2025-05-26 00:00:00+08:00,600259.XSHG,-1.19,-5303.0,-9.838,-1295.0,-2.402,-4008.0,-7.435,-233.0,-0.432,9.0,0.017
,2025-05-27 00:00:00+08:00,600259.XSHG,-2.46,-763.0,-1.19,-1190.0,-1.856,427.0,0.666,-604.0,-0.942,-263.0,-0.41
,2025-05-28 00:00:00+08:00,600259.XSHG,4.28,6357.0,9.366,5972.0,8.799,385.0,0.567,257.0,0.379,-66.0,-0.097
,2025-05-29 00:00:00+08:00,600259.XSHG,-1.21,-3033.0,-6.754,-2258.0,-5.028,-775.0,-1.726,-538.0,-1.198,-14.0,-0.031
,2025-05-30 00:00:00+08:00,600259.XSHG,-2.34,-1465.0,-3.778,-1099.0,-2.835,-366.0,-0.944,-956.0,-2.466,-51.0,-0.132
,2025-06-03 00:00:00+08:00,600259.XSHG,10.0,35646.0,26.874,32959.0,24.849,2687.0,2.026,-468.0,-0.353,-67.0,-0.051
,2025-06-04 00:00:00+08:00,600259.XSHG,10.0,21553.0,17.615,21838.0,17.848,-285.0,-0.233,-238.0,-0.195,-6.0,-0.005
,2025-06-05 00:00:00+08:00,600259.XSHG,5.15,15098.0,6.156,19339.0,7.886,-4241.0,-1.729,-2009.0,-0.819,-156.0,-0.064
,2025-06-06 00:00:00+08:00,600259.XSHG,-3.32,-8811.0,-6.924,-5890.0,-4.629,-2921.0,-2.295,-783.0,-0.615,-34.0,-0.027
,2025-06-09 00:00:00+08:00,600259.XSHG,-1.23,-30030.0,-14.93,-29220.0,-14.527,-810.0,-0.403,1695.0,0.843,220.0,0.109
,2025-06-10 00:00:00+08:00,600259.XSHG,-0.25,646.0,0.325,2440.0,1.227,-1794.0,-0.902,529.0,0.266,18.0,0.009
,2025-06-11 00:00:00+08:00,600259.XSHG,4.79,14655.0,5.914,15749.0,6.355,-1094.0,-0.441,164.0,0.066,152.0,0.061
,2025-06-12 00:00:00+08:00,600259.XSHG,-3.29,-17750.0,-11.655,-15586.0,-10.234,-2164.0,-1.421,-810.0,-0.532,50.0,0.033
,2025-06-13 00:00:00+08:00,600259.XSHG,5.53,6493.0,3.595,5648.0,3.127,845.0,0.468,-474.0,-0.262,-24.0,-0.013
,2025-06-16 00:00:00+08:00,600259.XSHG,10.0,29078.0,9.825,28893.0,9.763,185.0,0.063,-559.0,-0.189,-51.0,-0.017
,2025-06-17 00:00:00+08:00,600259.XSHG,-6.65,-21656.0,-9.107,-17915.0,-7.534,-3741.0,-1.573,23.0,0.01,81.0,0.034
,2025-06-18 00:00:00+08:00,600259.XSHG,-5.07,-26096.0,-15.282,-19332.0,-11.321,-6764.0,-3.961,237.0,0.139,185.0,0.108
,2025-06-19 00:00:00+08:00,600259.XSHG,-2.63,-1726.0,-1.912,-267.0,-0.296,-1459.0,-1.616,-651.0,-0.721,73.0,0.081
,2025-06-20 00:00:00+08:00,600259.XSHG,-1.13,-15169.0,-17.786,-13239.0,-15.523,-1930.0,-2.263,-39.0,-0.046,51.0,0.06
,2025-06-23 00:00:00+08:00,600259.XSHG,0.63,791.0,0.945,2464.0,2.943,-1673.0,-1.998,-211.0,-0.252,404.0,0.483
,2025-06-24 00:00:00+08:00,600259.XSHG,0.32,-4062.0,-5.061,-1643.0,-2.047,-2419.0,-3.014,367.0,0.457,-34.0,-0.042
,2025-06-25 00:00:00+08:00,600259.XSHG,-0.45,-6050.0,-8.518,-6446.0,-9.075,396.0,0.558,-380.0,-0.535,-21.0,-0.03
,2025-06-26 00:00:00+08:00,600259.XSHG,-4.18,-6236.0,-6.319,-1771.0,-1.795,-4465.0,-4.525,-1118.0,-1.133,23.0,0.023
,2025-06-27 00:00:00+08:00,600259.XSHG,1.37,2661.0,3.234,1225.0,1.489,1436.0,1.745,-382.0,-0.464,-26.0,-0.032
,2025-06-30 00:00:00+08:00,600259.XSHG,3.79,3943.0,3.91,1743.0,1.729,2200.0,2.182,-147.0,-0.146,13.0,0.013
,2025-07-01 00:00:00+08:00,600259.XSHG,-1.6,-8319.0,-10.734,-6486.0,-8.369,-1833.0,-2.365,167.0,0.215,34.0,0.044
,2025-07-02 00:00:00+08:00,600259.XSHG,0.23,4386.0,4.938,3380.0,3.806,1006.0,1.133,62.0,0.07,-103.0,-0.116
,2025-07-03 00:00:00+08:00,600259.XSHG,0.65,6049.0,9.19,7103.0,10.791,-1054.0,-1.601,-143.0,-0.217,19.0,0.029
,2025-07-04 00:00:00+08:00,600259.XSHG,-6.22,-24721.0,-21.12,-16643.0,-14.219,-8078.0,-6.901,469.0,0.401,127.0,0.109
,2025-07-07 00:00:00+08:00,600259.XSHG,3.4,11257.0,15.459,7048.0,9.679,4209.0,5.78,-663.0,-0.91,-108.0,-0.148
,2025-07-08 00:00:00+08:00,600259.XSHG,5.71,19031.0,14.386,14936.0,11.291,4095.0,3.096,-993.0,-0.751,-116.0,-0.088
,2025-07-09 00:00:00+08:00,600259.XSHG,-2.85,-5800.0,-8.014,-2734.0,-3.778,-3066.0,-4.237,-727.0,-1.005,-28.0,-0.039
,2025-07-10 00:00:00+08:00,600259.XSHG,5.12,-8575.0,-5.566,-12238.0,-7.944,3663.0,2.378,583.0,0.378,6.0,0.004
,2025-07-11 00:00:00+08:00,600259.XSHG,5.52,7940.0,4.058,8856.0,4.526,-916.0,-0.468,-597.0,-0.305,16.0,0.008
,2025-07-14 00:00:00+08:00,600259.XSHG,-4.8,-13894.0,-10.502,-6967.0,-5.266,-6927.0,-5.236,29.0,0.022,21.0,0.016
,2025-07-15 00:00:00+08:00,600259.XSHG,-2.29,-1102.0,-1.312,767.0,0.913,-1869.0,-2.225,-1218.0,-1.45,-573.0,-0.682
,2025-07-16 00:00:00+08:00,600259.XSHG,-0.02,-2470.0,-3.864,-227.0,-0.355,-2243.0,-3.509,-679.0,-1.062,-229.0,-0.358
,2025-07-17 00:00:00+08:00,600259.XSHG,1.29,3021.0,4.537,2971.0,4.462,50.0,0.075,-502.0,-0.754,-7.0,-0.011
,2025-07-18 00:00:00+08:00,600259.XSHG,1.9,4785.0,3.771,3393.0,2.674,1392.0,1.097,75.0,0.059,37.0,0.029
,2025-07-21 00:00:00+08:00,600259.XSHG,2.6,4832.0,4.194,6262.0,5.435,-1430.0,-1.241,-1388.0,-1.205,49.0,0.043
,2025-07-22 00:00:00+08:00,600259.XSHG,3.23,18341.0,13.531,18397.0,13.572,-56.0,-0.041,-983.0,-0.725,1.0,0.001
,2025-07-23 00:00:00+08:00,600259.XSHG,-2.7,-11249.0,-9.395,-9133.0,-7.628,-2116.0,-1.767,-1242.0,-1.037,102.0,0.085
,2025-07-24 00:00:00+08:00,600259.XSHG,9.99,53860.0,20.315,55350.0,20.877,-1490.0,-0.562,-1057.0,-0.399,-93.0,-0.035
,2025-07-25 00:00:00+08:00,600259.XSHG,1.59,-13423.0,-5.094,-10627.0,-4.033,-2796.0,-1.061,5.0,0.002,133.0,0.05
,2025-07-28 00:00:00+08:00,600259.XSHG,3.09,9626.0,4.361,8558.0,3.877,1068.0,0.484,338.0,0.153,42.0,0.019
,2025-07-29 00:00:00+08:00,600259.XSHG,-4.89,-24925.0,-13.873,-18985.0,-10.567,-5940.0,-3.306,-4.0,-0.002,239.0,0.133
,2025-07-30 00:00:00+08:00,600259.XSHG,-1.93,-4163.0,-3.496,-2243.0,-1.884,-1920.0,-1.612,-1122.0,-0.942,-172.0,-0.144
,2025-07-31 00:00:00+08:00,600259.XSHG,-1.02,-7223.0,-8.801,-3267.0,-3.981,-3956.0,-4.82,-30.0,-0.037,70.0,0.085
,2025-08-01 00:00:00+08:00,600259.XSHG,-1.35,-548.0,-0.753,207.0,0.284,-755.0,-1.038,-538.0,-0.739,-15.0,-0.021
,2025-08-04 00:00:00+08:00,600259.XSHG,1.95,257.0,0.4,1343.0,2.089,-1086.0,-1.69,476.0,0.741,2.0,0.003
,2025-08-05 00:00:00+08:00,600259.XSHG,-2.4,-12755.0,-17.056,-7603.0,-10.167,-5152.0,-6.889,-555.0,-0.742,123.0,0.164
,2025-08-06 00:00:00+08:00,600259.XSHG,-0.28,-2784.0,-4.543,297.0,0.485,-3081.0,-5.028,108.0,0.176,99.0,0.162
,2025-08-07 00:00:00+08:00,600259.XSHG,4.71,4897.0,2.927,4435.0,2.65,462.0,0.276,119.0,0.071,12.0,0.007
,2025-08-08 00:00:00+08:00,600259.XSHG,-2.26,-8240.0,-8.76,-6029.0,-6.41,-2211.0,-2.351,-312.0,-0.332,-67.0,-0.071
,2025-08-11 00:00:00+08:00,600259.XSHG,0.86,5359.0,5.996,4985.0,5.577,374.0,0.418,-472.0,-0.528,-140.0,-0.157
,2025-08-12 00:00:00+08:00,600259.XSHG,-4.79,-13791.0,-11.732,-10374.0,-8.825,-3417.0,-2.907,513.0,0.436,75.0,0.064
,2025-08-13 00:00:00+08:00,600259.XSHG,0.53,-2066.0,-2.788,-1070.0,-1.444,-996.0,-1.344,-193.0,-0.26,3.0,0.004
,2025-08-14 00:00:00+08:00,600259.XSHG,-1.8,-6156.0,-7.769,-3780.0,-4.77,-2376.0,-2.998,-653.0,-0.824,110.0,0.139
,2025-08-15 00:00:00+08:00,600259.XSHG,1.65,10274.0,13.222,8128.0,10.46,2146.0,2.762,-1266.0,-1.629,13.0,0.017
,2025-08-18 00:00:00+08:00,600259.XSHG,6.14,20662.0,12.231,17182.0,10.171,3480.0,2.06,-587.0,-0.347,0.0,0.0
,2025-08-19 00:00:00+08:00,600259.XSHG,1.67,5706.0,3.22,9173.0,5.177,-3467.0,-1.957,48.0,0.027,99.0,0.056
,2025-08-20 00:00:00+08:00,600259.XSHG,-0.63,478.0,0.379,3152.0,2.498,-2674.0,-2.119,-879.0,-0.697,-57.0,-0.045
,2025-08-21 00:00:00+08:00,600259.XSHG,-0.5,5355.0,4.474,5495.0,4.591,-140.0,-0.117,-645.0,-0.539,1.0,0.001
,2025-08-22 00:00:00+08:00,600259.XSHG,1.27,12897.0,9.869,14563.0,11.144,-1666.0,-1.275,-1036.0,-0.793,24.0,0.018
,2025-08-25 00:00:00+08:00,600259.XSHG,3.59,6981.0,4.011,7383.0,4.241,-402.0,-0.231,-456.0,-0.262,-26.0,-0.015
,2025-08-26 00:00:00+08:00,600259.XSHG,-6.15,-29000.0,-18.779,-25302.0,-16.384,-3698.0,-2.395,204.0,0.132,63.0,0.041
,2025-08-27 00:00:00+08:00,600259.XSHG,0.9,18299.0,12.549,19198.0,13.165,-899.0,-0.617,-1481.0,-1.016,-192.0,-0.132
,2025-08-28 00:00:00+08:00,600259.XSHG,4.97,19883.0,11.778,19903.0,11.79,-20.0,-0.012,-600.0,-0.355,-63.0,-0.037
,2025-08-29 00:00:00+08:00,600259.XSHG,10.0,34464.0,17.572,29731.0,15.159,4733.0,2.413,230.0,0.117,11.0,0.006
,2025-09-01 00:00:00+08:00,600259.XSHG,-3.86,-18724.0,-6.772,-9309.0,-3.367,-9415.0,-3.405,996.0,0.36,98.0,0.035
,2025-09-02 00:00:00+08:00,600259.XSHG,0.0,-4349.0,-1.735,-1197.0,-0.478,-3152.0,-1.258,-698.0,-0.279,55.0,0.022
,2025-09-03 00:00:00+08:00,600259.XSHG,-6.5,-33215.0,-18.785,-25300.0,-14.309,-7915.0,-4.476,-175.0,-0.099,218.0,0.123
,2025-09-04 00:00:00+08:00,600259.XSHG,-5.6,-4258.0,-3.197,591.0,0.444,-4849.0,-3.64,-1306.0,-0.98,-64.0,-0.048
,2025-09-05 00:00:00+08:00,600259.XSHG,2.85,-1848.0,-2.382,-1028.0,-1.325,-820.0,-1.057,-158.0,-0.204,87.0,0.112
,2025-09-08 00:00:00+08:00,600259.XSHG,-0.68,-3755.0,-5.141,-1518.0,-2.078,-2237.0,-3.063,-86.0,-0.118,-67.0,-0.092
,2025-09-09 00:00:00+08:00,600259.XSHG,-1.26,-5372.0,-7.325,-4502.0,-6.139,-870.0,-1.186,-209.0,-0.285,109.0,0.149
,2025-09-10 00:00:00+08:00,600259.XSHG,-1.49,-1427.0,-2.008,1360.0,1.913,-2787.0,-3.921,-286.0,-0.402,-55.0,-0.077
,2025-09-11 00:00:00+08:00,600259.XSHG,2.99,8214.0,9.055,8407.0,9.267,-193.0,-0.213,-168.0,-0.185,-92.0,-0.101
,2025-09-12 00:00:00+08:00,600259.XSHG,0.64,-2416.0,-2.077,-1218.0,-1.047,-1198.0,-1.03,405.0,0.348,150.0,0.129
,2025-09-15 00:00:00+08:00,600259.XSHG,-1.7,-7939.0,-10.943,-6953.0,-9.584,-986.0,-1.359,-419.0,-0.578,-200.0,-0.276
,2025-09-16 00:00:00+08:00,600259.XSHG,-4.7,-28950.0,-23.681,-23725.0,-19.407,-5225.0,-4.274,-172.0,-0.141,248.0,0.203
,2025-09-17 00:00:00+08:00,600259.XSHG,0.29,-2234.0,-3.453,-2220.0,-3.431,-14.0,-0.022,-452.0,-0.699,107.0,0.165
,2025-09-18 00:00:00+08:00,600259.XSHG,-4.8,-11206.0,-10.87,-7307.0,-7.088,-3899.0,-3.782,122.0,0.118,-58.0,-0.056
,2025-09-19 00:00:00+08:00,600259.XSHG,-0.35,117.0,0.225,972.0,1.871,-855.0,-1.646,-844.0,-1.624,-84.0,-0.162
,2025-09-22 00:00:00+08:00,600259.XSHG,-0.57,768.0,1.61,1417.0,2.97,-649.0,-1.36,-1056.0,-2.213,-77.0,-0.161
,2025-09-23 00:00:00+08:00,600259.XSHG,-4.42,-10052.0,-12.296,-7857.0,-9.611,-2195.0,-2.685,-797.0,-0.975,-64.0,-0.078
,2025-09-24 00:00:00+08:00,600259.XSHG,2.68,11726.0,17.91,10019.0,15.302,1707.0,2.607,-445.0,-0.68,-64.0,-0.098
,2025-09-25 00:00:00+08:00,600259.XSHG,1.46,-5011.0,-7.675,-6204.0,-9.502,1193.0,1.827,365.0,0.559,29.0,0.044
,2025-09-26 00:00:00+08:00,600259.XSHG,0.29,-6090.0,-9.422,-5953.0,-9.21,-137.0,-0.212,-92.0,-0.142,29.0,0.045
,2025-09-29 00:00:00+08:00,600259.XSHG,1.42,6974.0,12.117,5847.0,10.159,1127.0,1.958,-185.0,-0.321,29.0,0.05
,2025-09-30 00:00:00+08:00,600259.XSHG,2.05,4679.0,6.242,4382.0,5.845,297.0,0.396,-495.0,-0.66,-58.0,-0.077
,2025-10-09 00:00:00+08:00,600259.XSHG,6.44,10824.0,7.291,9075.0,6.113,1749.0,1.178,234.0,0.158,61.0,0.041
,2025-10-10 00:00:00+08:00,600259.XSHG,-4.16,-15336.0,-15.027,-9192.0,-9.007,-6144.0,-6.02,-959.0,-0.94,183.0,0.179
,2025-10-13 00:00:00+08:00,600259.XSHG,10.01,18722.0,8.659,16716.0,7.732,2006.0,0.928,736.0,0.34,67.0,0.031
,2025-10-14 00:00:00+08:00,600259.XSHG,-4.7,-13785.0,-6.364,-8556.0,-3.95,-5229.0,-2.414,-1134.0,-0.523,18.0,0.008
,2025-10-15 00:00:00+08:00,600259.XSHG,-1.46,-8189.0,-6.303,-1335.0,-1.027,-6854.0,-5.275,-379.0,-0.292,149.0,0.115
,2025-10-16 00:00:00+08:00,600259.XSHG,-4.45,-10057.0,-11.337,-4595.0,-5.18,-5462.0,-6.157,-792.0,-0.893,-52.0,-0.059
,2025-10-17 00:00:00+08:00,600259.XSHG,1.05,10974.0,9.967,14413.0,13.091,-3439.0,-3.124,-1092.0,-0.992,57.0,0.052
,2025-10-20 00:00:00+08:00,600259.XSHG,-3.67,-2007.0,-2.39,-1363.0,-1.623,-644.0,-0.767,-353.0,-0.42,-97.0,-0.116
,2025-10-21 00:00:00+08:00,600259.XSHG,1.27,3082.0,6.284,2021.0,4.121,1061.0,2.163,-256.0,-0.522,-94.0,-0.192
,2025-10-22 00:00:00+08:00,600259.XSHG,-2.22,-959.0,-1.88,37.0,0.073,-996.0,-1.953,-550.0,-1.078,-152.0,-0.298
,2025-10-23 00:00:00+08:00,600259.XSHG,-1.5,-4246.0,-11.388,-2902.0,-7.783,-1344.0,-3.605,-397.0,-1.065,-87.0,-0.233
,2025-10-24 00:00:00+08:00,600259.XSHG,1.49,640.0,1.301,1318.0,2.678,-678.0,-1.378,-456.0,-0.927,6.0,0.012
,2025-10-27 00:00:00+08:00,600259.XSHG,1.64,2589.0,3.849,3993.0,5.936,-1404.0,-2.087,-246.0,-0.366,95.0,0.141
,2025-10-28 00:00:00+08:00,600259.XSHG,-2.48,-5061.0,-10.022,-2487.0,-4.925,-2574.0,-5.097,-1017.0,-2.014,49.0,0.097
,2025-10-29 00:00:00+08:00,600259.XSHG,3.01,6664.0,11.982,5751.0,10.341,913.0,1.642,-42.0,-0.076,15.0,0.027
,2025-10-30 00:00:00+08:00,600259.XSHG,0.95,-1625.0,-1.587,813.0,0.794,-2438.0,-2.382,12.0,0.012,149.0,0.146
,2025-10-31 00:00:00+08:00,600259.XSHG,-4.78,-14846.0,-21.28,-11973.0,-17.162,-2873.0,-4.118,-403.0,-0.578,72.0,0.103
,2025-11-03 00:00:00+08:00,600259.XSHG,-4.9,-10779.0,-15.248,-4468.0,-6.32,-6311.0,-8.927,-627.0,-0.887,67.0,0.095
,2025-11-04 00:00:00+08:00,600259.XSHG,-0.31,-2431.0,-7.989,-2123.0,-6.976,-308.0,-1.012,-165.0,-0.542,-32.0,-0.105
,2025-11-05 00:00:00+08:00,600259.XSHG,-0.63,2551.0,7.439,911.0,2.657,1640.0,4.782,-215.0,-0.627,-43.0,-0.125
,2025-11-06 00:00:00+08:00,600259.XSHG,1.1,1211.0,3.913,879.0,2.841,332.0,1.073,-234.0,-0.756,-30.0,-0.097
,2025-11-07 00:00:00+08:00,600259.XSHG,1.87,5487.0,11.433,3090.0,6.439,2397.0,4.995,67.0,0.14,-29.0,-0.06
,2025-11-10 00:00:00+08:00,600259.XSHG,-0.47,-3692.0,-9.591,-1169.0,-3.037,-2523.0,-6.554,-822.0,-2.135,56.0,0.145
,2025-11-11 00:00:00+08:00,600259.XSHG,-2.14,-2781.0,-9.369,-1775.0,-5.98,-1006.0,-3.389,-749.0,-2.523,-78.0,-0.263
,2025-11-12 00:00:00+08:00,600259.XSHG,-2.06,-2458.0,-7.335,-1644.0,-4.906,-814.0,-2.429,-1096.0,-3.271,-83.0,-0.248
,2025-11-13 00:00:00+08:00,600259.XSHG,3.63,7609.0,15.724,5761.0,11.905,1848.0,3.819,275.0,0.568,-146.0,-0.302
,2025-11-14 00:00:00+08:00,600259.XSHG,-1.14,10.0,0.037,79.0,0.295,-69.0,-0.257,-56.0,-0.209,-17.0,-0.063
,2025-11-17 00:00:00+08:00,600259.XSHG,1.13,912.0,3.446,-176.0,-0.665,1088.0,4.111,89.0,0.336,-44.0,-0.166
,2025-11-18 00:00:00+08:00,600259.XSHG,-1.95,-2332.0,-8.507,-1166.0,-4.254,-1166.0,-4.254,-643.0,-2.346,-83.0,-0.303
,2025-11-19 00:00:00+08:00,600259.XSHG,3.02,3101.0,6.876,4649.0,10.309,-1548.0,-3.433,-887.0,-1.967,105.0,0.233
,2025-11-20 00:00:00+08:00,600259.XSHG,6.47,40370.0,23.796,35133.0,20.709,5237.0,3.087,-1207.0,-0.711,-185.0,-0.109
,2025-11-21 00:00:00+08:00,600259.XSHG,-4.13,-11363.0,-13.847,-6361.0,-7.751,-5002.0,-6.095,36.0,0.044,277.0,0.338
,2025-11-24 00:00:00+08:00,600259.XSHG,3.08,5101.0,5.799,4229.0,4.808,872.0,0.991,-135.0,-0.153,-55.0,-0.063
,2025-11-25 00:00:00+08:00,600259.XSHG,-2.16,-17017.0,-21.64,-12595.0,-16.017,-4422.0,-5.623,218.0,0.277,202.0,0.257
,2025-11-26 00:00:00+08:00,600259.XSHG,-4.07,-10418.0,-16.318,-7157.0,-11.21,-3261.0,-5.108,-307.0,-0.481,-22.0,-0.034
,2025-11-27 00:00:00+08:00,600259.XSHG,-1.05,-4526.0,-10.062,-3011.0,-6.694,-1515.0,-3.368,-631.0,-1.403,-37.0,-0.082
,2025-11-28 00:00:00+08:00,600259.XSHG,1.12,3499.0,9.424,2606.0,7.019,893.0,2.405,-73.0,-0.197,-71.0,-0.191
,2025-12-01 00:00:00+08:00,600259.XSHG,3.71,11645.0,15.519,10415.0,13.879,1230.0,1.639,-468.0,-0.624,-66.0,-0.088
,2025-12-02 00:00:00+08:00,600259.XSHG,-2.79,-5054.0,-13.519,-3550.0,-9.496,-1504.0,-4.023,-920.0,-2.461,39.0,0.104
,2025-12-03 00:00:00+08:00,600259.XSHG,1.38,5396.0,9.223,6700.0,11.452,-1304.0,-2.229,138.0,0.236,-10.0,-0.017
,2025-12-04 00:00:00+08:00,600259.XSHG,-3.24,-7492.0,-13.289,-3424.0,-6.074,-4068.0,-7.216,-773.0,-1.371,54.0,0.096
,2025-12-05 00:00:00+08:00,600259.XSHG,1.96,7161.0,14.037,8120.0,15.917,-959.0,-1.88,-420.0,-0.823,-92.0,-0.18
,2025-12-08 00:00:00+08:00,600259.XSHG,0.58,5850.0,14.287,5151.0,12.58,699.0,1.707,-758.0,-1.851,-27.0,-0.066
,2025-12-09 00:00:00+08:00,600259.XSHG,-1.16,-5972.0,-16.624,-3733.0,-10.391,-2239.0,-6.233,204.0,0.568,-102.0,-0.284
,2025-12-10 00:00:00+08:00,600259.XSHG,1.78,7980.0,13.523,7430.0,12.591,550.0,0.932,-510.0,-0.864,647.0,1.096
,2025-12-11 00:00:00+08:00,600259.XSHG,-3.37,-18153.0,-29.394,-11885.0,-19.245,-6268.0,-10.149,-517.0,-0.837,262.0,0.424
,2025-12-12 00:00:00+08:00,600259.XSHG,1.74,10212.0,15.602,8747.0,13.364,1465.0,2.238,-160.0,-0.244,-168.0,-0.257
,2025-12-15 00:00:00+08:00,600259.XSHG,-1.96,-5780.0,-20.631,-2876.0,-10.266,-2904.0,-10.366,-369.0,-1.317,157.0,0.56
,2025-12-16 00:00:00+08:00,600259.XSHG,-4.88,-10977.0,-21.357,-6307.0,-12.271,-4670.0,-9.086,-989.0,-1.924,116.0,0.226
,2025-12-17 00:00:00+08:00,600259.XSHG,1.91,6007.0,15.256,5675.0,14.413,332.0,0.843,-370.0,-0.94,-106.0,-0.269
,2025-12-18 00:00:00+08:00,600259.XSHG,-0.36,1942.0,5.065,2413.0,6.293,-471.0,-1.228,-578.0,-1.507,-7.0,-0.018
,2025-12-19 00:00:00+08:00,600259.XSHG,6.28,24119.0,28.402,21333.0,25.121,2786.0,3.281,-905.0,-1.066,-330.0,-0.389
,2025-12-22 00:00:00+08:00,600259.XSHG,5.8,5910.0,4.021,1138.0,0.774,4772.0,3.247,703.0,0.478,24.0,0.016
,2025-12-23 00:00:00+08:00,600259.XSHG,-3.66,-5694.0,-6.248,-1691.0,-1.855,-4003.0,-4.392,-1270.0,-1.393,71.0,0.078
,2025-12-24 00:00:00+08:00,600259.XSHG,-1.33,-7377.0,-13.487,-4716.0,-8.622,-2661.0,-4.865,-350.0,-0.64,70.0,0.128
,2025-12-25 00:00:00+08:00,600259.XSHG,0.92,613.0,1.226,111.0,0.222,502.0,1.004,-71.0,-0.142,90.0,0.18
,2025-01-02 00:00:00+08:00,600515.XSHG,-3.97,-2269.0,-8.67,-1703.0,-6.507,-566.0,-2.163,-202.0,-0.772,-23.0,-0.088
,2025-01-03 00:00:00+08:00,600515.XSHG,-3.03,-441.0,-2.138,-56.0,-0.272,-385.0,-1.867,-48.0,-0.233,-60.0,-0.291
,2025-01-06 00:00:00+08:00,600515.XSHG,-0.85,475.0,3.01,-74.0,-0.469,549.0,3.479,-61.0,-0.387,98.0,0.621
,2025-01-07 00:00:00+08:00,600515.XSHG,0.57,-3.0,-0.027,-103.0,-0.926,100.0,0.899,-73.0,-0.657,42.0,0.378
,2025-01-08 00:00:00+08:00,600515.XSHG,0.0,1658.0,8.76,1320.0,6.975,338.0,1.786,-119.0,-0.629,-41.0,-0.217
,2025-01-09 00:00:00+08:00,600515.XSHG,-0.57,1203.0,8.579,1469.0,10.476,-266.0,-1.897,87.0,0.62,39.0,0.278
,2025-01-10 00:00:00+08:00,600515.XSHG,-0.86,480.0,4.216,39.0,0.343,441.0,3.874,-17.0,-0.149,-102.0,-0.896
,2025-01-13 00:00:00+08:00,600515.XSHG,1.45,2175.0,14.827,1445.0,9.851,730.0,4.976,13.0,0.089,76.0,0.518
,2025-01-14 00:00:00+08:00,600515.XSHG,5.16,3784.0,13.499,3602.0,12.85,182.0,0.649,-42.0,-0.15,-74.0,-0.264
,2025-01-15 00:00:00+08:00,600515.XSHG,1.09,1769.0,5.431,1178.0,3.617,591.0,1.815,267.0,0.82,-123.0,-0.378
,2025-01-16 00:00:00+08:00,600515.XSHG,2.42,3238.0,10.061,2793.0,8.678,445.0,1.383,122.0,0.379,-46.0,-0.143
,2025-01-17 00:00:00+08:00,600515.XSHG,-0.26,1489.0,6.514,580.0,2.538,909.0,3.977,-56.0,-0.245,4.0,0.018
,2025-01-20 00:00:00+08:00,600515.XSHG,-1.05,-204.0,-1.039,-186.0,-0.948,-18.0,-0.092,-229.0,-1.167,-25.0,-0.127
,2025-01-21 00:00:00+08:00,600515.XSHG,-1.06,991.0,5.65,410.0,2.337,581.0,3.312,-114.0,-0.65,-26.0,-0.148
,2025-01-22 00:00:00+08:00,600515.XSHG,-2.14,206.0,1.258,305.0,1.863,-99.0,-0.605,-63.0,-0.385,-16.0,-0.098
,2025-01-23 00:00:00+08:00,600515.XSHG,0.0,501.0,2.968,721.0,4.271,-220.0,-1.303,134.0,0.794,-21.0,-0.124
,2025-01-24 00:00:00+08:00,600515.XSHG,0.82,-217.0,-1.83,-310.0,-2.615,93.0,0.784,-169.0,-1.426,14.0,0.118
,2025-01-27 00:00:00+08:00,600515.XSHG,-0.27,-323.0,-2.877,-211.0,-1.879,-112.0,-0.998,45.0,0.401,-59.0,-0.526
,2025-02-05 00:00:00+08:00,600515.XSHG,-1.37,522.0,4.311,260.0,2.147,262.0,2.164,-93.0,-0.768,-23.0,-0.19
,2025-02-06 00:00:00+08:00,600515.XSHG,0.83,454.0,3.343,347.0,2.555,107.0,0.788,-341.0,-2.511,-92.0,-0.677
,2025-02-07 00:00:00+08:00,600515.XSHG,1.93,1601.0,6.845,820.0,3.506,781.0,3.339,56.0,0.239,-121.0,-0.517
,2025-02-10 00:00:00+08:00,600515.XSHG,-0.27,862.0,5.738,459.0,3.055,403.0,2.683,83.0,0.552,-26.0,-0.173
,2025-02-11 00:00:00+08:00,600515.XSHG,-1.36,818.0,6.01,649.0,4.769,169.0,1.242,2.0,0.015,40.0,0.294
,2025-02-12 00:00:00+08:00,600515.XSHG,1.65,1244.0,7.247,533.0,3.105,711.0,4.142,142.0,0.827,-28.0,-0.163
,2025-02-13 00:00:00+08:00,600515.XSHG,-0.81,127.0,0.776,-146.0,-0.892,273.0,1.668,308.0,1.882,10.0,0.061
,2025-02-14 00:00:00+08:00,600515.XSHG,-0.82,-681.0,-4.403,-399.0,-2.58,-282.0,-1.823,-55.0,-0.356,190.0,1.229
,2025-02-17 00:00:00+08:00,600515.XSHG,0.0,369.0,2.529,448.0,3.071,-79.0,-0.542,69.0,0.473,55.0,0.377
,2025-02-18 00:00:00+08:00,600515.XSHG,-1.65,-2014.0,-11.793,-1910.0,-11.184,-104.0,-0.609,29.0,0.17,117.0,0.685
,2025-02-19 00:00:00+08:00,600515.XSHG,0.84,1150.0,6.059,985.0,5.189,165.0,0.869,41.0,0.216,46.0,0.242
,2025-02-20 00:00:00+08:00,600515.XSHG,-0.28,1484.0,9.074,1208.0,7.386,276.0,1.688,333.0,2.036,87.0,0.532
,2025-02-21 00:00:00+08:00,600515.XSHG,0.0,1085.0,6.406,876.0,5.172,209.0,1.234,-231.0,-1.364,33.0,0.195
,2025-02-24 00:00:00+08:00,600515.XSHG,1.11,4756.0,19.325,4284.0,17.407,472.0,1.918,208.0,0.845,68.0,0.276
,2025-02-25 00:00:00+08:00,600515.XSHG,0.27,2931.0,9.686,2299.0,7.598,632.0,2.089,74.0,0.245,66.0,0.218
,2025-02-26 00:00:00+08:00,600515.XSHG,0.82,-678.0,-4.525,-717.0,-4.786,39.0,0.26,205.0,1.368,95.0,0.634
,2025-02-27 00:00:00+08:00,600515.XSHG,2.17,1606.0,3.687,1505.0,3.455,101.0,0.232,218.0,0.501,6.0,0.014
,2025-02-28 00:00:00+08:00,600515.XSHG,0.0,3420.0,10.39,2717.0,8.255,703.0,2.136,31.0,0.094,-39.0,-0.118
,2025-03-03 00:00:00+08:00,600515.XSHG,-0.79,-358.0,-1.838,8.0,0.041,-366.0,-1.879,-278.0,-1.427,191.0,0.981
,2025-03-04 00:00:00+08:00,600515.XSHG,0.27,35.0,0.261,295.0,2.201,-260.0,-1.94,-240.0,-1.791,-77.0,-0.575
,2025-03-05 00:00:00+08:00,600515.XSHG,0.0,1953.0,11.804,1579.0,9.544,374.0,2.261,94.0,0.568,15.0,0.091
,2025-03-06 00:00:00+08:00,600515.XSHG,2.13,3422.0,10.246,2179.0,6.525,1243.0,3.722,-92.0,-0.275,15.0,0.045
,2025-03-07 00:00:00+08:00,600515.XSHG,-0.26,574.0,3.567,416.0,2.585,158.0,0.982,-112.0,-0.696,1.0,0.006
,2025-03-10 00:00:00+08:00,600515.XSHG,-0.26,1285.0,6.283,640.0,3.129,645.0,3.154,285.0,1.394,-53.0,-0.259
,2025-03-11 00:00:00+08:00,600515.XSHG,0.52,1550.0,8.639,1259.0,7.017,291.0,1.622,-26.0,-0.145,-59.0,-0.329
,2025-03-12 00:00:00+08:00,600515.XSHG,-1.56,-1172.0,-6.605,-1886.0,-10.63,714.0,4.024,43.0,0.242,-26.0,-0.147
,2025-03-13 00:00:00+08:00,600515.XSHG,-0.8,-1245.0,-9.892,-688.0,-5.466,-557.0,-4.426,112.0,0.89,-41.0,-0.326
,2025-03-14 00:00:00+08:00,600515.XSHG,1.07,513.0,3.398,555.0,3.676,-42.0,-0.278,-39.0,-0.258,78.0,0.517
,2025-03-17 00:00:00+08:00,600515.XSHG,1.33,106.0,0.478,-286.0,-1.289,392.0,1.767,158.0,0.712,67.0,0.302
,2025-03-18 00:00:00+08:00,600515.XSHG,-0.79,1017.0,4.856,1110.0,5.3,-93.0,-0.444,347.0,1.657,53.0,0.253
,2025-03-19 00:00:00+08:00,600515.XSHG,0.0,1061.0,5.727,805.0,4.345,256.0,1.382,259.0,1.398,33.0,0.178
,2025-03-20 00:00:00+08:00,600515.XSHG,0.26,964.0,7.165,554.0,4.118,410.0,3.047,130.0,0.966,-7.0,-0.052
,2025-03-21 00:00:00+08:00,600515.XSHG,-1.58,-2054.0,-7.949,-1999.0,-7.736,-55.0,-0.213,73.0,0.283,39.0,0.151
,2025-03-24 00:00:00+08:00,600515.XSHG,-0.8,-1816.0,-9.324,-1459.0,-7.491,-357.0,-1.833,-21.0,-0.108,10.0,0.051
,2025-03-25 00:00:00+08:00,600515.XSHG,-0.54,-1161.0,-8.478,-620.0,-4.527,-541.0,-3.95,-116.0,-0.847,-7.0,-0.051
,2025-03-26 00:00:00+08:00,600515.XSHG,0.27,222.0,1.925,755.0,6.548,-533.0,-4.622,-45.0,-0.39,-21.0,-0.182
,2025-03-27 00:00:00+08:00,600515.XSHG,-0.27,752.0,6.701,780.0,6.95,-28.0,-0.249,-62.0,-0.552,-79.0,-0.704
,2025-03-28 00:00:00+08:00,600515.XSHG,-1.08,463.0,3.024,408.0,2.665,55.0,0.359,-122.0,-0.797,-64.0,-0.418
,2025-03-31 00:00:00+08:00,600515.XSHG,-0.82,-723.0,-4.315,-923.0,-5.508,200.0,1.194,-169.0,-1.009,6.0,0.036
,2025-04-01 00:00:00+08:00,600515.XSHG,-0.28,-2744.0,-21.014,-2632.0,-20.156,-112.0,-0.858,116.0,0.888,46.0,0.352
,2025-04-02 00:00:00+08:00,600515.XSHG,0.0,-214.0,-1.606,-84.0,-0.63,-130.0,-0.976,60.0,0.45,-8.0,-0.06
,2025-04-03 00:00:00+08:00,600515.XSHG,0.55,2745.0,12.76,2081.0,9.674,664.0,3.087,-68.0,-0.316,44.0,0.205
,2025-04-07 00:00:00+08:00,600515.XSHG,-9.62,-6702.0,-15.161,-3968.0,-8.976,-2734.0,-6.185,199.0,0.45,80.0,0.181
,2025-04-08 00:00:00+08:00,600515.XSHG,3.34,-1313.0,-3.692,-533.0,-1.499,-780.0,-2.193,-84.0,-0.236,15.0,0.042
,2025-04-09 00:00:00+08:00,600515.XSHG,9.97,4105.0,6.82,4986.0,8.284,-881.0,-1.464,-96.0,-0.159,76.0,0.126
,2025-04-10 00:00:00+08:00,600515.XSHG,0.0,983.0,1.367,513.0,0.713,470.0,0.653,-23.0,-0.032,-8.0,-0.011
,2025-04-11 00:00:00+08:00,600515.XSHG,1.07,2178.0,5.182,2490.0,5.924,-312.0,-0.742,-204.0,-0.485,-146.0,-0.347
,2025-04-14 00:00:00+08:00,600515.XSHG,-0.53,266.0,0.366,655.0,0.902,-389.0,-0.536,358.0,0.493,19.0,0.026
,2025-04-15 00:00:00+08:00,600515.XSHG,-2.39,-1295.0,-3.469,-647.0,-1.733,-648.0,-1.736,-130.0,-0.348,75.0,0.201
,2025-04-16 00:00:00+08:00,600515.XSHG,0.0,148.0,0.596,311.0,1.252,-163.0,-0.656,-41.0,-0.165,5.0,0.02
,2025-04-17 00:00:00+08:00,600515.XSHG,-0.27,-627.0,-3.812,-194.0,-1.179,-433.0,-2.632,-168.0,-1.021,-5.0,-0.03
,2025-04-18 00:00:00+08:00,600515.XSHG,0.28,895.0,5.273,1301.0,7.666,-406.0,-2.392,6.0,0.035,25.0,0.147
,2025-04-21 00:00:00+08:00,600515.XSHG,-0.28,-218.0,-1.736,-212.0,-1.689,-6.0,-0.048,67.0,0.534,45.0,0.358
,2025-04-22 00:00:00+08:00,600515.XSHG,0.28,438.0,2.503,-192.0,-1.097,630.0,3.6,78.0,0.446,52.0,0.297
,2025-04-23 00:00:00+08:00,600515.XSHG,-1.65,-2130.0,-11.901,-2154.0,-12.036,24.0,0.134,-654.0,-3.654,80.0,0.447
,2025-04-24 00:00:00+08:00,600515.XSHG,-0.56,-127.0,-1.157,-263.0,-2.397,136.0,1.24,-99.0,-0.902,-13.0,-0.118
,2025-04-25 00:00:00+08:00,600515.XSHG,-0.28,186.0,1.522,63.0,0.516,123.0,1.007,-68.0,-0.557,40.0,0.327
,2025-04-28 00:00:00+08:00,600515.XSHG,0.0,-283.0,-1.867,-17.0,-0.112,-266.0,-1.755,105.0,0.693,64.0,0.422
,2025-04-29 00:00:00+08:00,600515.XSHG,-0.28,82.0,0.828,420.0,4.242,-338.0,-3.414,-65.0,-0.657,46.0,0.465
,2025-04-30 00:00:00+08:00,600515.XSHG,0.0,471.0,3.166,617.0,4.148,-146.0,-0.981,77.0,0.518,13.0,0.087
,2025-05-06 00:00:00+08:00,600515.XSHG,2.56,-2957.0,-8.318,-2493.0,-7.013,-464.0,-1.305,50.0,0.141,-27.0,-0.076
,2025-05-07 00:00:00+08:00,600515.XSHG,-0.28,2767.0,12.478,2562.0,11.554,205.0,0.924,530.0,2.39,-14.0,-0.063
,2025-05-08 00:00:00+08:00,600515.XSHG,0.0,-92.0,-0.77,-186.0,-1.556,94.0,0.787,-188.0,-1.573,125.0,1.046
,2025-05-09 00:00:00+08:00,600515.XSHG,-1.4,-394.0,-3.308,-336.0,-2.821,-58.0,-0.487,255.0,2.141,-23.0,-0.193
,2025-05-12 00:00:00+08:00,600515.XSHG,0.0,-3.0,-0.022,97.0,0.718,-100.0,-0.74,122.0,0.903,8.0,0.059
,2025-05-13 00:00:00+08:00,600515.XSHG,0.0,269.0,2.753,84.0,0.86,185.0,1.894,-29.0,-0.297,47.0,0.481
,2025-05-14 00:00:00+08:00,600515.XSHG,0.56,976.0,8.036,1011.0,8.324,-35.0,-0.288,-133.0,-1.095,32.0,0.263
,2025-05-15 00:00:00+08:00,600515.XSHG,-1.13,-192.0,-1.644,-416.0,-3.563,224.0,1.918,-13.0,-0.111,21.0,0.18
,2025-05-16 00:00:00+08:00,600515.XSHG,0.57,2449.0,19.486,2482.0,19.749,-33.0,-0.263,73.0,0.581,156.0,1.241
,2025-05-19 00:00:00+08:00,600515.XSHG,0.57,2715.0,18.537,2150.0,14.68,565.0,3.858,-39.0,-0.266,-83.0,-0.567
,2025-05-20 00:00:00+08:00,600515.XSHG,-0.28,246.0,2.443,273.0,2.711,-27.0,-0.268,-82.0,-0.814,55.0,0.546
,2025-05-21 00:00:00+08:00,600515.XSHG,0.0,-865.0,-10.942,-984.0,-12.448,119.0,1.505,-239.0,-3.023,-35.0,-0.443
,2025-05-22 00:00:00+08:00,600515.XSHG,-1.13,-639.0,-7.014,-188.0,-2.064,-451.0,-4.951,-111.0,-1.218,137.0,1.504
,2025-05-23 00:00:00+08:00,600515.XSHG,-1.42,-1510.0,-12.977,-1077.0,-9.256,-433.0,-3.721,-305.0,-2.621,105.0,0.902
,2025-05-26 00:00:00+08:00,600515.XSHG,-0.87,-1776.0,-12.659,-529.0,-3.77,-1247.0,-8.888,-255.0,-1.818,67.0,0.478
,2025-05-27 00:00:00+08:00,600515.XSHG,0.0,205.0,1.345,1573.0,10.317,-1368.0,-8.972,-22.0,-0.144,54.0,0.354
,2025-05-28 00:00:00+08:00,600515.XSHG,0.29,610.0,7.892,652.0,8.436,-42.0,-0.543,-236.0,-3.053,-11.0,-0.142
,2025-05-29 00:00:00+08:00,600515.XSHG,1.17,-146.0,-1.316,-407.0,-3.668,261.0,2.352,-74.0,-0.667,169.0,1.523
,2025-05-30 00:00:00+08:00,600515.XSHG,-0.58,248.0,2.243,168.0,1.52,80.0,0.724,24.0,0.217,-67.0,-0.606
,2025-06-03 00:00:00+08:00,600515.XSHG,-1.16,129.0,1.037,152.0,1.222,-23.0,-0.185,-131.0,-1.053,-42.0,-0.338
,2025-06-04 00:00:00+08:00,600515.XSHG,0.29,-128.0,-1.147,254.0,2.276,-382.0,-3.424,-69.0,-0.618,98.0,0.878
,2025-06-05 00:00:00+08:00,600515.XSHG,-0.88,-2290.0,-18.426,-1978.0,-15.916,-312.0,-2.51,-175.0,-1.408,21.0,0.169
,2025-06-06 00:00:00+08:00,600515.XSHG,2.37,2380.0,8.966,2973.0,11.2,-593.0,-2.234,-259.0,-0.976,-96.0,-0.362
,2025-06-09 00:00:00+08:00,600515.XSHG,-0.58,-817.0,-6.28,-655.0,-5.035,-162.0,-1.245,-114.0,-0.876,-234.0,-1.799
,2025-06-10 00:00:00+08:00,600515.XSHG,-0.87,531.0,4.481,682.0,5.755,-151.0,-1.274,200.0,1.688,14.0,0.118
,2025-06-11 00:00:00+08:00,600515.XSHG,0.0,-1720.0,-16.667,-1377.0,-13.343,-343.0,-3.324,-166.0,-1.609,-57.0,-0.552
,2025-06-12 00:00:00+08:00,600515.XSHG,-0.87,1135.0,7.536,938.0,6.228,197.0,1.308,-354.0,-2.35,-39.0,-0.259
,2025-06-13 00:00:00+08:00,600515.XSHG,-1.76,-231.0,-0.751,114.0,0.371,-345.0,-1.122,-659.0,-2.143,-80.0,-0.26
,2025-06-16 00:00:00+08:00,600515.XSHG,-0.3,748.0,4.428,382.0,2.261,366.0,2.166,-110.0,-0.651,21.0,0.124
,2025-06-17 00:00:00+08:00,600515.XSHG,0.9,1373.0,14.149,839.0,8.646,534.0,5.503,177.0,1.824,-1.0,-0.01
,2025-06-18 00:00:00+08:00,600515.XSHG,0.0,577.0,6.505,592.0,6.674,-15.0,-0.169,-71.0,-0.8,81.0,0.913
,2025-06-19 00:00:00+08:00,600515.XSHG,-1.2,-1272.0,-12.627,-922.0,-9.152,-350.0,-3.474,-5.0,-0.05,-25.0,-0.248
,2025-06-20 00:00:00+08:00,600515.XSHG,0.3,1149.0,12.897,1197.0,13.436,-48.0,-0.539,304.0,3.412,170.0,1.908
,2025-06-23 00:00:00+08:00,600515.XSHG,0.91,1843.0,17.687,1883.0,18.071,-40.0,-0.384,15.0,0.144,-38.0,-0.365
,2025-06-24 00:00:00+08:00,600515.XSHG,1.2,517.0,3.886,310.0,2.33,207.0,1.556,-151.0,-1.135,15.0,0.113
,2025-06-25 00:00:00+08:00,600515.XSHG,2.08,3225.0,16.821,3190.0,16.638,35.0,0.183,-60.0,-0.313,-49.0,-0.256
,2025-06-26 00:00:00+08:00,600515.XSHG,1.16,3988.0,18.069,3445.0,15.609,543.0,2.46,48.0,0.217,-70.0,-0.317
,2025-06-27 00:00:00+08:00,600515.XSHG,-0.29,2273.0,7.867,2772.0,9.594,-499.0,-1.727,46.0,0.159,-66.0,-0.228
,2025-06-30 00:00:00+08:00,600515.XSHG,1.72,4369.0,20.865,3736.0,17.842,633.0,3.023,182.0,0.869,-45.0,-0.215
,2025-07-01 00:00:00+08:00,600515.XSHG,0.28,1767.0,10.914,1049.0,6.479,718.0,4.435,-204.0,-1.26,-42.0,-0.259
,2025-07-02 00:00:00+08:00,600515.XSHG,-0.28,-125.0,-0.893,-396.0,-2.829,271.0,1.936,-256.0,-1.829,-147.0,-1.05
,2025-07-03 00:00:00+08:00,600515.XSHG,0.0,-191.0,-1.038,-44.0,-0.239,-147.0,-0.799,31.0,0.168,1.0,0.005
,2025-07-04 00:00:00+08:00,600515.XSHG,0.28,-1680.0,-5.976,-1643.0,-5.844,-37.0,-0.132,-111.0,-0.395,65.0,0.231
,2025-07-07 00:00:00+08:00,600515.XSHG,0.28,829.0,3.291,474.0,1.881,355.0,1.409,120.0,0.476,131.0,0.52
,2025-07-08 00:00:00+08:00,600515.XSHG,1.96,2302.0,7.328,2705.0,8.611,-403.0,-1.283,292.0,0.93,-47.0,-0.15
,2025-07-09 00:00:00+08:00,600515.XSHG,-0.55,-99.0,-0.624,-295.0,-1.86,196.0,1.236,-75.0,-0.473,121.0,0.763
,2025-07-10 00:00:00+08:00,600515.XSHG,0.55,5047.0,17.081,4878.0,16.509,169.0,0.572,165.0,0.558,101.0,0.342
,2025-07-11 00:00:00+08:00,600515.XSHG,-1.09,-1388.0,-5.047,-1147.0,-4.17,-241.0,-0.876,124.0,0.451,-75.0,-0.273
,2025-07-14 00:00:00+08:00,600515.XSHG,-0.82,-2884.0,-14.029,-1634.0,-7.949,-1250.0,-6.081,-223.0,-1.085,34.0,0.165
,2025-07-15 00:00:00+08:00,600515.XSHG,-0.28,1121.0,6.081,1045.0,5.669,76.0,0.412,-170.0,-0.922,242.0,1.313
,2025-07-16 00:00:00+08:00,600515.XSHG,0.84,15.0,0.09,81.0,0.485,-66.0,-0.395,-173.0,-1.036,96.0,0.575
,2025-07-17 00:00:00+08:00,600515.XSHG,1.93,1834.0,6.492,2285.0,8.088,-451.0,-1.596,-194.0,-0.687,83.0,0.294
,2025-07-18 00:00:00+08:00,600515.XSHG,0.81,-319.0,-1.853,114.0,0.662,-433.0,-2.515,-212.0,-1.231,-1.0,-0.006
,2025-07-21 00:00:00+08:00,600515.XSHG,4.29,9291.0,11.55,9238.0,11.484,53.0,0.066,-344.0,-0.428,-3.0,-0.004
,2025-07-22 00:00:00+08:00,600515.XSHG,1.28,-1469.0,-1.814,-723.0,-0.893,-746.0,-0.921,-33.0,-0.041,106.0,0.131
,2025-07-23 00:00:00+08:00,600515.XSHG,-4.31,-4567.0,-4.86,-3340.0,-3.554,-1227.0,-1.306,378.0,0.402,23.0,0.024
,2025-07-24 00:00:00+08:00,600515.XSHG,10.11,18443.0,15.369,18693.0,15.577,-250.0,-0.208,21.0,0.017,4.0,0.003
,2025-07-25 00:00:00+08:00,600515.XSHG,3.38,-10519.0,-4.59,-10233.0,-4.465,-286.0,-0.125,137.0,0.06,32.0,0.014
,2025-07-28 00:00:00+08:00,600515.XSHG,-3.04,6492.0,6.331,6691.0,6.525,-199.0,-0.194,-211.0,-0.206,21.0,0.02
,2025-07-29 00:00:00+08:00,600515.XSHG,0.24,518.0,0.617,1335.0,1.591,-817.0,-0.974,69.0,0.082,6.0,0.007
,2025-07-30 00:00:00+08:00,600515.XSHG,-1.69,6345.0,7.617,5676.0,6.814,669.0,0.803,-474.0,-0.569,-29.0,-0.035
,2025-07-31 00:00:00+08:00,600515.XSHG,-3.44,890.0,1.181,1326.0,1.76,-436.0,-0.579,3.0,0.004,-22.0,-0.029
,2025-08-01 00:00:00+08:00,600515.XSHG,-0.25,651.0,2.043,535.0,1.679,116.0,0.364,-206.0,-0.647,-73.0,-0.229
,2025-08-04 00:00:00+08:00,600515.XSHG,0.51,-660.0,-2.377,-788.0,-2.838,128.0,0.461,-168.0,-0.605,85.0,0.306
,2025-08-05 00:00:00+08:00,600515.XSHG,-0.25,-151.0,-0.501,81.0,0.269,-232.0,-0.77,-252.0,-0.836,-36.0,-0.119
,2025-08-06 00:00:00+08:00,600515.XSHG,-1.02,-7218.0,-16.431,-6518.0,-14.838,-700.0,-1.594,-333.0,-0.758,-80.0,-0.182
,2025-08-07 00:00:00+08:00,600515.XSHG,-0.77,1919.0,4.291,1486.0,3.322,433.0,0.968,248.0,0.554,-101.0,-0.226
,2025-08-08 00:00:00+08:00,600515.XSHG,0.78,-2057.0,-8.303,-2223.0,-8.973,166.0,0.67,-174.0,-0.702,42.0,0.17
,2025-08-11 00:00:00+08:00,600515.XSHG,0.78,572.0,2.422,335.0,1.418,237.0,1.003,-2.0,-0.008,-83.0,-0.351
,2025-08-12 00:00:00+08:00,600515.XSHG,-0.77,-1301.0,-5.472,-1576.0,-6.629,275.0,1.157,-178.0,-0.749,49.0,0.206
,2025-08-13 00:00:00+08:00,600515.XSHG,-0.26,-1623.0,-5.871,-1480.0,-5.353,-143.0,-0.517,-220.0,-0.796,-23.0,-0.083
,2025-08-14 00:00:00+08:00,600515.XSHG,-2.07,-366.0,-0.976,-225.0,-0.6,-141.0,-0.376,-181.0,-0.483,-66.0,-0.176
,2025-08-15 00:00:00+08:00,600515.XSHG,1.06,-463.0,-1.915,280.0,1.158,-743.0,-3.073,-247.0,-1.022,5.0,0.021
,2025-08-18 00:00:00+08:00,600515.XSHG,2.08,-902.0,-2.182,-908.0,-2.197,6.0,0.015,-138.0,-0.334,66.0,0.16
,2025-08-19 00:00:00+08:00,600515.XSHG,0.77,757.0,1.684,973.0,2.164,-216.0,-0.48,-94.0,-0.209,65.0,0.145
,2025-08-20 00:00:00+08:00,600515.XSHG,0.25,595.0,2.311,424.0,1.647,171.0,0.664,112.0,0.435,-46.0,-0.179
,2025-08-21 00:00:00+08:00,600515.XSHG,-0.51,626.0,1.671,466.0,1.244,160.0,0.427,162.0,0.432,7.0,0.019
,2025-08-22 00:00:00+08:00,600515.XSHG,0.51,-1093.0,-3.812,-569.0,-1.984,-524.0,-1.828,-289.0,-1.008,65.0,0.227
,2025-08-25 00:00:00+08:00,600515.XSHG,1.77,1021.0,2.047,789.0,1.582,232.0,0.465,-110.0,-0.221,7.0,0.014
,2025-08-26 00:00:00+08:00,600515.XSHG,-0.5,-771.0,-1.796,-417.0,-0.972,-354.0,-0.825,-39.0,-0.091,30.0,0.07
,2025-08-27 00:00:00+08:00,600515.XSHG,-2.49,-3106.0,-7.099,-3353.0,-7.663,247.0,0.565,-265.0,-0.606,-20.0,-0.046
,2025-08-28 00:00:00+08:00,600515.XSHG,0.77,-228.0,-0.612,-96.0,-0.258,-132.0,-0.354,-8.0,-0.021,-79.0,-0.212
,2025-08-29 00:00:00+08:00,600515.XSHG,-0.51,2068.0,6.434,2026.0,6.303,42.0,0.131,-148.0,-0.46,63.0,0.196
,2025-09-01 00:00:00+08:00,600515.XSHG,-1.02,-3949.0,-10.744,-3255.0,-8.856,-694.0,-1.888,205.0,0.558,90.0,0.245
,2025-09-02 00:00:00+08:00,600515.XSHG,-1.29,-143.0,-0.48,-320.0,-1.074,177.0,0.594,-54.0,-0.181,17.0,0.057
,2025-09-03 00:00:00+08:00,600515.XSHG,-1.57,-2511.0,-8.269,-3204.0,-10.552,693.0,2.282,144.0,0.474,18.0,0.059
,2025-09-04 00:00:00+08:00,600515.XSHG,0.53,-2720.0,-9.036,-2199.0,-7.305,-521.0,-1.731,-73.0,-0.243,59.0,0.196
,2025-09-05 00:00:00+08:00,600515.XSHG,2.38,2277.0,5.876,2574.0,6.642,-297.0,-0.766,-566.0,-1.461,136.0,0.351
,2025-09-08 00:00:00+08:00,600515.XSHG,0.26,-2398.0,-8.023,-1994.0,-6.671,-404.0,-1.352,-237.0,-0.793,10.0,0.033
,2025-09-09 00:00:00+08:00,600515.XSHG,0.0,165.0,0.804,524.0,2.553,-359.0,-1.749,-296.0,-1.442,-26.0,-0.127
,2025-09-10 00:00:00+08:00,600515.XSHG,0.78,665.0,2.59,166.0,0.647,499.0,1.944,148.0,0.576,-42.0,-0.164
,2025-09-11 00:00:00+08:00,600515.XSHG,1.28,4362.0,13.326,4133.0,12.627,229.0,0.7,-30.0,-0.092,29.0,0.089
,2025-09-12 00:00:00+08:00,600515.XSHG,1.27,7807.0,14.542,7824.0,14.574,-17.0,-0.032,-14.0,-0.026,43.0,0.08
,2025-09-15 00:00:00+08:00,600515.XSHG,-0.75,683.0,2.338,902.0,3.087,-219.0,-0.75,179.0,0.613,61.0,0.209
,2025-09-16 00:00:00+08:00,600515.XSHG,2.26,9376.0,18.938,8973.0,18.124,403.0,0.814,-275.0,-0.555,49.0,0.099
,2025-09-17 00:00:00+08:00,600515.XSHG,-0.25,1312.0,4.433,783.0,2.646,529.0,1.788,15.0,0.051,-14.0,-0.047
,2025-09-18 00:00:00+08:00,600515.XSHG,-0.99,3535.0,5.757,3516.0,5.726,19.0,0.031,-99.0,-0.161,-10.0,-0.016
,2025-09-19 00:00:00+08:00,600515.XSHG,0.5,1078.0,2.763,1161.0,2.976,-83.0,-0.213,-215.0,-0.551,35.0,0.09
,2025-09-22 00:00:00+08:00,600515.XSHG,-0.25,824.0,3.114,1137.0,4.296,-313.0,-1.183,-299.0,-1.13,-10.0,-0.038
,2025-09-23 00:00:00+08:00,600515.XSHG,-1.49,-2700.0,-7.302,-2820.0,-7.627,120.0,0.325,107.0,0.289,-33.0,-0.089
,2025-09-24 00:00:00+08:00,600515.XSHG,1.76,7746.0,21.619,7756.0,21.647,-10.0,-0.028,18.0,0.05,-43.0,-0.12
,2025-09-25 00:00:00+08:00,600515.XSHG,-0.74,-356.0,-1.718,331.0,1.597,-687.0,-3.315,318.0,1.534,-28.0,-0.135
,2025-09-26 00:00:00+08:00,600515.XSHG,0.75,3751.0,13.746,2957.0,10.836,794.0,2.91,21.0,0.077,-3.0,-0.011
,2025-09-29 00:00:00+08:00,600515.XSHG,1.99,3628.0,7.835,2802.0,6.051,826.0,1.784,-148.0,-0.32,10.0,0.022
,2025-09-30 00:00:00+08:00,600515.XSHG,1.71,3495.0,8.176,2704.0,6.326,791.0,1.85,-168.0,-0.393,-25.0,-0.058
,2025-10-09 00:00:00+08:00,600515.XSHG,-2.4,-4779.0,-8.209,-4921.0,-8.453,142.0,0.244,-67.0,-0.115,-40.0,-0.069
,2025-10-10 00:00:00+08:00,600515.XSHG,1.72,512.0,0.812,-788.0,-1.249,1300.0,2.061,-114.0,-0.181,-56.0,-0.089
,2025-10-13 00:00:00+08:00,600515.XSHG,-0.97,1256.0,3.064,859.0,2.096,397.0,0.969,-12.0,-0.029,5.0,0.012
,2025-10-14 00:00:00+08:00,600515.XSHG,1.72,-615.0,-1.03,-1069.0,-1.79,454.0,0.76,124.0,0.208,-34.0,-0.057
,2025-10-15 00:00:00+08:00,600515.XSHG,0.97,226.0,0.639,-388.0,-1.097,614.0,1.737,-171.0,-0.484,-12.0,-0.034
,2025-10-16 00:00:00+08:00,600515.XSHG,1.67,65.0,0.078,-23.0,-0.028,88.0,0.106,69.0,0.083,94.0,0.113
,2025-10-17 00:00:00+08:00,600515.XSHG,5.9,6963.0,3.742,8624.0,4.634,-1661.0,-0.893,-141.0,-0.076,73.0,0.039
,2025-10-20 00:00:00+08:00,600515.XSHG,3.11,-426.0,-0.208,339.0,0.165,-765.0,-0.373,-257.0,-0.125,18.0,0.009
,2025-10-21 00:00:00+08:00,600515.XSHG,3.66,12419.0,7.262,14365.0,8.4,-1946.0,-1.138,312.0,0.182,-85.0,-0.05
,2025-10-22 00:00:00+08:00,600515.XSHG,-4.55,-8429.0,-6.969,-7425.0,-6.139,-1004.0,-0.83,-298.0,-0.246,72.0,0.06
,2025-10-23 00:00:00+08:00,600515.XSHG,-1.09,-3552.0,-3.637,-2485.0,-2.545,-1067.0,-1.093,-273.0,-0.28,-27.0,-0.028
,2025-10-24 00:00:00+08:00,600515.XSHG,-1.54,786.0,1.119,1857.0,2.643,-1071.0,-1.524,-803.0,-1.143,29.0,0.041
,2025-10-27 00:00:00+08:00,600515.XSHG,-1.35,-3238.0,-4.463,-3403.0,-4.691,165.0,0.227,-191.0,-0.263,4.0,0.006
,2025-10-28 00:00:00+08:00,600515.XSHG,1.36,1093.0,1.427,1178.0,1.538,-85.0,-0.111,-274.0,-0.358,58.0,0.076
,2025-10-29 00:00:00+08:00,600515.XSHG,7.62,17590.0,9.186,18880.0,9.86,-1290.0,-0.674,-174.0,-0.091,14.0,0.007
,2025-10-30 00:00:00+08:00,600515.XSHG,-0.42,5475.0,5.058,5327.0,4.921,148.0,0.137,-267.0,-0.247,37.0,0.034
,2025-10-31 00:00:00+08:00,600515.XSHG,3.99,-3717.0,-2.716,-2020.0,-1.476,-1697.0,-1.24,-301.0,-0.22,100.0,0.073
,2025-11-03 00:00:00+08:00,600515.XSHG,9.33,12694.0,5.981,12431.0,5.857,263.0,0.124,-312.0,-0.147,9.0,0.004
,2025-11-04 00:00:00+08:00,600515.XSHG,0.74,522.0,0.284,1002.0,0.545,-480.0,-0.261,-498.0,-0.271,48.0,0.026
,2025-11-05 00:00:00+08:00,600515.XSHG,3.31,2157.0,0.861,2561.0,1.022,-404.0,-0.161,-10.0,-0.004,70.0,0.028
,2025-11-06 00:00:00+08:00,600515.XSHG,-3.2,-1118.0,-0.58,1298.0,0.674,-2416.0,-1.254,36.0,0.019,40.0,0.021
,2025-11-07 00:00:00+08:00,600515.XSHG,1.47,-4026.0,-2.347,-4754.0,-2.772,728.0,0.424,264.0,0.154,-80.0,-0.047
,2025-11-10 00:00:00+08:00,600515.XSHG,-2.53,-2095.0,-1.322,-2113.0,-1.333,18.0,0.011,-328.0,-0.207,-18.0,-0.011
,2025-11-11 00:00:00+08:00,600515.XSHG,0.0,7755.0,8.956,8604.0,9.936,-849.0,-0.98,-39.0,-0.045,-53.0,-0.061
,2025-11-12 00:00:00+08:00,600515.XSHG,-2.22,3412.0,3.181,4230.0,3.943,-818.0,-0.763,185.0,0.172,-80.0,-0.075
,2025-11-13 00:00:00+08:00,600515.XSHG,0.57,7149.0,9.169,6007.0,7.704,1142.0,1.465,-463.0,-0.594,42.0,0.054
,2025-11-14 00:00:00+08:00,600515.XSHG,2.26,208.0,0.152,-1140.0,-0.834,1348.0,0.986,-306.0,-0.224,-38.0,-0.028
,2025-11-17 00:00:00+08:00,600515.XSHG,-0.74,2956.0,3.118,3179.0,3.353,-223.0,-0.235,-271.0,-0.286,1.0,0.001
,2025-11-18 00:00:00+08:00,600515.XSHG,-2.42,-3435.0,-3.086,-2613.0,-2.348,-822.0,-0.739,-470.0,-0.422,184.0,0.165
,2025-11-19 00:00:00+08:00,600515.XSHG,-4.76,-3418.0,-2.481,-1935.0,-1.405,-1483.0,-1.076,-559.0,-0.406,56.0,0.041
,2025-11-20 00:00:00+08:00,600515.XSHG,2.4,-937.0,-0.943,-428.0,-0.431,-509.0,-0.512,-204.0,-0.205,12.0,0.012
,2025-11-21 00:00:00+08:00,600515.XSHG,-2.36,-1531.0,-2.039,178.0,0.237,-1709.0,-2.277,-52.0,-0.069,57.0,0.076
,2025-11-24 00:00:00+08:00,600515.XSHG,-3.82,-4936.0,-4.788,-5446.0,-5.282,510.0,0.495,-98.0,-0.095,-1.0,-0.001
,2025-11-25 00:00:00+08:00,600515.XSHG,1.46,4168.0,5.771,4435.0,6.141,-267.0,-0.37,-263.0,-0.364,-30.0,-0.042
,2025-11-26 00:00:00+08:00,600515.XSHG,1.03,-4837.0,-6.044,-3894.0,-4.866,-943.0,-1.178,61.0,0.076,53.0,0.066
,2025-11-27 00:00:00+08:00,600515.XSHG,-1.03,-708.0,-1.507,1626.0,3.462,-2334.0,-4.969,-194.0,-0.413,22.0,0.047
,2025-11-28 00:00:00+08:00,600515.XSHG,2.9,4461.0,7.25,4708.0,7.652,-247.0,-0.401,-156.0,-0.254,-30.0,-0.049
,2025-12-01 00:00:00+08:00,600515.XSHG,1.62,550.0,0.855,673.0,1.046,-123.0,-0.191,197.0,0.306,-27.0,-0.042
,2025-12-02 00:00:00+08:00,600515.XSHG,0.0,-2788.0,-4.621,-1987.0,-3.294,-801.0,-1.328,156.0,0.259,-2.0,-0.003
,2025-12-03 00:00:00+08:00,600515.XSHG,-2.4,-4040.0,-6.646,-2729.0,-4.489,-1311.0,-2.157,-137.0,-0.225,-61.0,-0.1
,2025-12-04 00:00:00+08:00,600515.XSHG,-1.84,-658.0,-1.321,137.0,0.275,-795.0,-1.596,-277.0,-0.556,-30.0,-0.06
,2025-12-05 00:00:00+08:00,600515.XSHG,0.42,3274.0,5.58,2899.0,4.941,375.0,0.639,-173.0,-0.295,99.0,0.169
,2025-12-08 00:00:00+08:00,600515.XSHG,2.9,-1962.0,-2.454,-2006.0,-2.509,44.0,0.055,32.0,0.04,26.0,0.033
,2025-12-09 00:00:00+08:00,600515.XSHG,-3.42,-7612.0,-10.693,-7505.0,-10.543,-107.0,-0.15,-107.0,-0.15,41.0,0.058
,2025-12-10 00:00:00+08:00,600515.XSHG,7.31,20641.0,13.128,19998.0,12.719,643.0,0.409,-438.0,-0.279,747.0,0.475
,2025-12-11 00:00:00+08:00,600515.XSHG,-4.47,-8536.0,-6.796,-7805.0,-6.214,-731.0,-0.582,-131.0,-0.104,24.0,0.019
,2025-12-12 00:00:00+08:00,600515.XSHG,-1.22,-2612.0,-4.379,-1863.0,-3.123,-749.0,-1.256,389.0,0.652,33.0,0.055
,2025-12-15 00:00:00+08:00,600515.XSHG,-1.84,-5192.0,-9.976,-4380.0,-8.416,-812.0,-1.56,166.0,0.319,-2.0,-0.004
,2025-12-16 00:00:00+08:00,600515.XSHG,-2.72,-6724.0,-9.638,-5974.0,-8.563,-750.0,-1.075,-441.0,-0.632,152.0,0.218
,2025-12-17 00:00:00+08:00,600515.XSHG,0.86,-435.0,-0.637,1017.0,1.49,-1452.0,-2.128,-96.0,-0.141,-34.0,-0.05
,2025-12-18 00:00:00+08:00,600515.XSHG,-5.12,-9141.0,-13.449,-7479.0,-11.004,-1662.0,-2.445,-318.0,-0.468,-28.0,-0.041
,2025-12-19 00:00:00+08:00,600515.XSHG,7.19,4820.0,4.056,4831.0,4.065,-11.0,-0.009,83.0,0.07,9.0,0.008
,2025-12-22 00:00:00+08:00,600515.XSHG,10.06,19433.0,12.26,19107.0,12.054,326.0,0.206,-15.0,-0.009,0.0,0.0
,2025-12-23 00:00:00+08:00,600515.XSHG,2.86,7357.0,1.915,8885.0,2.313,-1528.0,-0.398,82.0,0.021,31.0,0.008
,2025-12-24 00:00:00+08:00,600515.XSHG,0.56,6759.0,2.686,6131.0,2.437,628.0,0.25,231.0,0.092,-18.0,-0.007
,2025-12-25 00:00:00+08:00,600515.XSHG,-2.58,-15563.0,-6.947,-14178.0,-6.329,-1385.0,-0.618,289.0,0.129,18.0,0.008
,2025-01-02 00:00:00+08:00,600759.XSHG,1.32,895.0,2.293,1258.0,3.224,-363.0,-0.93,63.0,0.161,-46.0,-0.118
,2025-01-03 00:00:00+08:00,600759.XSHG,-0.44,-431.0,-1.132,264.0,0.694,-695.0,-1.826,-253.0,-0.665,22.0,0.058
,2025-01-06 00:00:00+08:00,600759.XSHG,-2.19,-2430.0,-8.121,-1548.0,-5.173,-882.0,-2.948,48.0,0.16,1.0,0.003
,2025-01-07 00:00:00+08:00,600759.XSHG,2.24,1696.0,8.256,1797.0,8.748,-101.0,-0.492,-140.0,-0.681,-62.0,-0.302
,2025-01-08 00:00:00+08:00,600759.XSHG,0.0,-978.0,-3.875,-1297.0,-5.139,319.0,1.264,196.0,0.777,-63.0,-0.25
,2025-01-09 00:00:00+08:00,600759.XSHG,-0.44,827.0,5.299,603.0,3.864,224.0,1.435,-26.0,-0.167,-21.0,-0.135
,2025-01-10 00:00:00+08:00,600759.XSHG,-3.1,325.0,1.696,-581.0,-3.032,906.0,4.727,-323.0,-1.685,-20.0,-0.104
,2025-01-13 00:00:00+08:00,600759.XSHG,2.74,1862.0,5.772,2707.0,8.392,-845.0,-2.62,-375.0,-1.163,-14.0,-0.043
,2025-01-14 00:00:00+08:00,600759.XSHG,3.11,1974.0,4.202,1521.0,3.238,453.0,0.964,-463.0,-0.986,14.0,0.03
,2025-01-15 00:00:00+08:00,600759.XSHG,-2.59,-1390.0,-3.338,156.0,0.375,-1546.0,-3.713,-502.0,-1.206,59.0,0.142
,2025-01-16 00:00:00+08:00,600759.XSHG,1.77,4550.0,8.69,5032.0,9.61,-482.0,-0.921,-407.0,-0.777,69.0,0.132
,2025-01-17 00:00:00+08:00,600759.XSHG,-1.3,-982.0,-2.704,-674.0,-1.856,-308.0,-0.848,-712.0,-1.961,106.0,0.292
,2025-01-20 00:00:00+08:00,600759.XSHG,-0.88,-869.0,-2.732,-45.0,-0.141,-824.0,-2.591,-966.0,-3.037,57.0,0.179
,2025-01-21 00:00:00+08:00,600759.XSHG,-2.68,91.0,0.283,519.0,1.614,-428.0,-1.331,-908.0,-2.824,112.0,0.348
,2025-01-22 00:00:00+08:00,600759.XSHG,-2.29,277.0,1.146,82.0,0.339,195.0,0.807,-536.0,-2.218,-21.0,-0.087
,2025-01-23 00:00:00+08:00,600759.XSHG,-0.47,95.0,0.369,87.0,0.338,8.0,0.031,-1100.0,-4.269,76.0,0.295
,2025-01-24 00:00:00+08:00,600759.XSHG,1.42,-365.0,-1.329,51.0,0.186,-416.0,-1.515,-780.0,-2.841,49.0,0.178
,2025-01-27 00:00:00+08:00,600759.XSHG,0.47,1413.0,4.992,932.0,3.293,481.0,1.699,-411.0,-1.452,30.0,0.106
,2025-02-05 00:00:00+08:00,600759.XSHG,0.47,359.0,1.962,362.0,1.979,-3.0,-0.016,-131.0,-0.716,-26.0,-0.142
,2025-02-06 00:00:00+08:00,600759.XSHG,0.93,1327.0,6.281,1549.0,7.332,-222.0,-1.051,-47.0,-0.222,-65.0,-0.308
,2025-02-07 00:00:00+08:00,600759.XSHG,1.38,-764.0,-2.179,-1246.0,-3.554,482.0,1.375,-32.0,-0.091,22.0,0.063
,2025-02-10 00:00:00+08:00,600759.XSHG,1.36,2406.0,9.187,2553.0,9.748,-147.0,-0.561,-113.0,-0.431,-64.0,-0.244
,2025-02-11 00:00:00+08:00,600759.XSHG,-0.89,-783.0,-4.001,-721.0,-3.685,-62.0,-0.317,-214.0,-1.094,-3.0,-0.015
,2025-02-12 00:00:00+08:00,600759.XSHG,0.45,-114.0,-0.546,249.0,1.192,-363.0,-1.738,-334.0,-1.599,-66.0,-0.316
,2025-02-13 00:00:00+08:00,600759.XSHG,0.45,3431.0,10.951,3867.0,12.343,-436.0,-1.392,-272.0,-0.868,26.0,0.083
,2025-02-14 00:00:00+08:00,600759.XSHG,-0.89,-2365.0,-11.272,-2008.0,-9.571,-357.0,-1.702,-107.0,-0.51,33.0,0.157
,2025-02-17 00:00:00+08:00,600759.XSHG,0.9,3330.0,11.816,3166.0,11.235,164.0,0.582,268.0,0.951,-33.0,-0.117
,2025-02-18 00:00:00+08:00,600759.XSHG,-2.24,-4285.0,-16.184,-4204.0,-15.879,-81.0,-0.306,65.0,0.246,-3.0,-0.011
,2025-02-19 00:00:00+08:00,600759.XSHG,0.0,-906.0,-4.837,-728.0,-3.886,-178.0,-0.95,-156.0,-0.833,-44.0,-0.235
,2025-02-20 00:00:00+08:00,600759.XSHG,-0.46,522.0,2.548,782.0,3.817,-260.0,-1.269,-186.0,-0.908,-76.0,-0.371
,2025-02-21 00:00:00+08:00,600759.XSHG,-0.92,-1437.0,-6.626,-1135.0,-5.234,-302.0,-1.393,4.0,0.018,-34.0,-0.157
,2025-02-24 00:00:00+08:00,600759.XSHG,0.93,2457.0,10.86,1950.0,8.619,507.0,2.241,-140.0,-0.619,-42.0,-0.186
,2025-02-25 00:00:00+08:00,600759.XSHG,-0.93,-983.0,-4.385,-1175.0,-5.241,192.0,0.856,-42.0,-0.187,26.0,0.116
,2025-02-26 00:00:00+08:00,600759.XSHG,1.88,2421.0,10.79,2707.0,12.064,-286.0,-1.275,359.0,1.6,-17.0,-0.076
,2025-02-27 00:00:00+08:00,600759.XSHG,0.46,-18.0,-0.061,-371.0,-1.261,353.0,1.2,-24.0,-0.082,67.0,0.228
,2025-02-28 00:00:00+08:00,600759.XSHG,2.29,-535.0,-0.803,-352.0,-0.529,-183.0,-0.275,-433.0,-0.65,50.0,0.075
,2025-03-03 00:00:00+08:00,600759.XSHG,-1.79,-411.0,-1.134,-829.0,-2.288,418.0,1.154,264.0,0.729,-17.0,-0.047
,2025-03-04 00:00:00+08:00,600759.XSHG,-1.82,-654.0,-2.875,-598.0,-2.629,-56.0,-0.246,-89.0,-0.391,89.0,0.391
,2025-03-05 00:00:00+08:00,600759.XSHG,0.0,837.0,4.13,1012.0,4.994,-175.0,-0.864,78.0,0.385,-63.0,-0.311
,2025-03-06 00:00:00+08:00,600759.XSHG,0.93,2634.0,14.401,2606.0,14.248,28.0,0.153,-97.0,-0.53,-43.0,-0.235
,2025-03-07 00:00:00+08:00,600759.XSHG,-0.46,76.0,0.517,114.0,0.775,-38.0,-0.258,-257.0,-1.748,46.0,0.313
,2025-03-10 00:00:00+08:00,600759.XSHG,0.93,2418.0,18.802,2539.0,19.743,-121.0,-0.941,59.0,0.459,-19.0,-0.148
,2025-03-11 00:00:00+08:00,600759.XSHG,-0.46,-814.0,-5.608,-544.0,-3.748,-270.0,-1.86,120.0,0.827,8.0,0.055
,2025-03-12 00:00:00+08:00,600759.XSHG,-0.46,-1286.0,-8.363,-1042.0,-6.776,-244.0,-1.587,-110.0,-0.715,-29.0,-0.189
,2025-03-13 00:00:00+08:00,600759.XSHG,0.47,1015.0,5.777,1241.0,7.063,-226.0,-1.286,-392.0,-2.231,60.0,0.341
,2025-03-14 00:00:00+08:00,600759.XSHG,1.85,2922.0,8.609,2685.0,7.91,237.0,0.698,87.0,0.256,7.0,0.021
,2025-03-17 00:00:00+08:00,600759.XSHG,1.36,2683.0,7.164,2293.0,6.123,390.0,1.041,-39.0,-0.104,-3.0,-0.008
,2025-03-18 00:00:00+08:00,600759.XSHG,0.0,438.0,2.369,726.0,3.927,-288.0,-1.558,-190.0,-1.028,-56.0,-0.303
,2025-03-19 00:00:00+08:00,600759.XSHG,-0.45,-544.0,-2.46,-1011.0,-4.571,467.0,2.111,-13.0,-0.059,-44.0,-0.199
,2025-03-20 00:00:00+08:00,600759.XSHG,3.13,-1698.0,-2.627,-1634.0,-2.528,-64.0,-0.099,-176.0,-0.272,46.0,0.071
,2025-03-21 00:00:00+08:00,600759.XSHG,9.96,10072.0,7.8,9412.0,7.289,660.0,0.511,21.0,0.016,5.0,0.004
,2025-03-24 00:00:00+08:00,600759.XSHG,-3.94,-2153.0,-1.759,-1187.0,-0.97,-966.0,-0.789,-70.0,-0.057,-7.0,-0.006
,2025-03-25 00:00:00+08:00,600759.XSHG,7.02,6085.0,3.886,5481.0,3.5,604.0,0.386,1.0,0.001,23.0,0.015
,2025-03-26 00:00:00+08:00,600759.XSHG,-3.09,-4600.0,-5.409,-4662.0,-5.482,62.0,0.073,-437.0,-0.514,-7.0,-0.008
,2025-03-27 00:00:00+08:00,600759.XSHG,-4.38,-938.0,-1.518,-734.0,-1.188,-204.0,-0.33,-301.0,-0.487,-5.0,-0.008
,2025-03-28 00:00:00+08:00,600759.XSHG,-2.93,-255.0,-0.622,217.0,0.529,-472.0,-1.15,-164.0,-0.4,-11.0,-0.027
,2025-03-31 00:00:00+08:00,600759.XSHG,-1.3,163.0,0.438,566.0,1.522,-403.0,-1.084,-165.0,-0.444,71.0,0.191
,2025-04-01 00:00:00+08:00,600759.XSHG,3.08,1686.0,3.534,1984.0,4.159,-298.0,-0.625,-60.0,-0.126,52.0,0.109
,2025-04-02 00:00:00+08:00,600759.XSHG,-2.13,913.0,3.336,789.0,2.883,124.0,0.453,-364.0,-1.33,48.0,0.175
,2025-04-03 00:00:00+08:00,600759.XSHG,0.87,1214.0,4.434,1120.0,4.091,94.0,0.343,-40.0,-0.146,-31.0,-0.113
,2025-04-07 00:00:00+08:00,600759.XSHG,-9.96,322.0,0.83,201.0,0.518,121.0,0.312,-412.0,-1.062,-12.0,-0.031
,2025-04-08 00:00:00+08:00,600759.XSHG,0.96,-238.0,-0.836,29.0,0.102,-267.0,-0.938,-207.0,-0.727,47.0,0.165
,2025-04-09 00:00:00+08:00,600759.XSHG,0.0,1010.0,2.788,894.0,2.468,116.0,0.32,-216.0,-0.596,7.0,0.019
,2025-04-10 00:00:00+08:00,600759.XSHG,0.94,-2474.0,-8.015,-2284.0,-7.4,-190.0,-0.616,-44.0,-0.143,15.0,0.049
,2025-04-11 00:00:00+08:00,600759.XSHG,-0.93,1288.0,6.172,1272.0,6.095,16.0,0.077,-155.0,-0.743,4.0,0.019
,2025-04-14 00:00:00+08:00,600759.XSHG,2.83,2081.0,7.448,1768.0,6.328,313.0,1.12,71.0,0.254,8.0,0.029
,2025-04-15 00:00:00+08:00,600759.XSHG,-0.92,-1849.0,-12.587,-1362.0,-9.272,-487.0,-3.315,75.0,0.511,2.0,0.014
,2025-04-16 00:00:00+08:00,600759.XSHG,-2.31,-767.0,-4.569,-944.0,-5.623,177.0,1.054,-132.0,-0.786,-53.0,-0.316
,2025-04-17 00:00:00+08:00,600759.XSHG,0.95,1755.0,14.77,1757.0,14.787,-2.0,-0.017,29.0,0.244,-3.0,-0.025
,2025-04-18 00:00:00+08:00,600759.XSHG,0.47,-325.0,-2.512,-632.0,-4.884,307.0,2.372,-33.0,-0.255,-84.0,-0.649
,2025-04-21 00:00:00+08:00,600759.XSHG,0.0,1680.0,9.697,1731.0,9.991,-51.0,-0.294,-62.0,-0.358,-46.0,-0.266
,2025-04-22 00:00:00+08:00,600759.XSHG,-0.93,-1395.0,-9.07,-978.0,-6.359,-417.0,-2.711,17.0,0.111,-9.0,-0.059
,2025-04-23 00:00:00+08:00,600759.XSHG,0.47,-524.0,-3.663,-631.0,-4.411,107.0,0.748,-416.0,-2.908,4.0,0.028
,2025-04-24 00:00:00+08:00,600759.XSHG,-1.89,-2551.0,-13.222,-969.0,-5.023,-1582.0,-8.2,-208.0,-1.078,26.0,0.135
,2025-04-25 00:00:00+08:00,600759.XSHG,0.96,2568.0,15.377,3186.0,19.078,-618.0,-3.701,-114.0,-0.683,-61.0,-0.365
,2025-04-28 00:00:00+08:00,600759.XSHG,-1.9,-1650.0,-9.162,-284.0,-1.577,-1366.0,-7.585,-23.0,-0.128,-22.0,-0.122
,2025-04-29 00:00:00+08:00,600759.XSHG,0.0,-420.0,-2.824,666.0,4.478,-1086.0,-7.302,-26.0,-0.175,-24.0,-0.161
,2025-04-30 00:00:00+08:00,600759.XSHG,0.98,658.0,5.91,886.0,7.958,-228.0,-2.048,145.0,1.302,14.0,0.126
,2025-05-06 00:00:00+08:00,600759.XSHG,1.46,1281.0,8.023,1166.0,7.303,115.0,0.72,34.0,0.213,-34.0,-0.213
,2025-05-07 00:00:00+08:00,600759.XSHG,0.96,593.0,3.905,648.0,4.267,-55.0,-0.362,-177.0,-1.166,13.0,0.086
,2025-05-08 00:00:00+08:00,600759.XSHG,0.47,-443.0,-2.836,-281.0,-1.799,-162.0,-1.037,55.0,0.352,23.0,0.147
,2025-05-09 00:00:00+08:00,600759.XSHG,-1.42,-1467.0,-7.11,-858.0,-4.158,-609.0,-2.951,-150.0,-0.727,22.0,0.107
,2025-05-12 00:00:00+08:00,600759.XSHG,0.48,-411.0,-3.501,-391.0,-3.33,-20.0,-0.17,-304.0,-2.589,-19.0,-0.162
,2025-05-13 00:00:00+08:00,600759.XSHG,0.47,-9.0,-0.055,100.0,0.61,-109.0,-0.665,93.0,0.567,12.0,0.073
,2025-05-14 00:00:00+08:00,600759.XSHG,0.94,243.0,1.602,3.0,0.02,240.0,1.583,5.0,0.033,50.0,0.33
,2025-05-15 00:00:00+08:00,600759.XSHG,-0.93,-471.0,-3.068,-430.0,-2.801,-41.0,-0.267,-282.0,-1.837,-58.0,-0.378
,2025-05-16 00:00:00+08:00,600759.XSHG,-0.47,-231.0,-1.973,-343.0,-2.93,112.0,0.957,-120.0,-1.025,30.0,0.256
,2025-05-19 00:00:00+08:00,600759.XSHG,1.43,2998.0,20.968,3052.0,21.346,-54.0,-0.378,71.0,0.497,-55.0,-0.385
,2025-05-20 00:00:00+08:00,600759.XSHG,0.0,406.0,4.273,426.0,4.483,-20.0,-0.21,-128.0,-1.347,-49.0,-0.516
,2025-05-21 00:00:00+08:00,600759.XSHG,2.36,1521.0,3.796,1925.0,4.805,-404.0,-1.008,-234.0,-0.584,34.0,0.085
,2025-05-22 00:00:00+08:00,600759.XSHG,0.46,1854.0,6.323,1969.0,6.715,-115.0,-0.392,46.0,0.157,-6.0,-0.02
,2025-05-23 00:00:00+08:00,600759.XSHG,-2.75,-2103.0,-7.531,-1983.0,-7.101,-120.0,-0.43,-22.0,-0.079,-21.0,-0.075
,2025-05-26 00:00:00+08:00,600759.XSHG,5.16,465.0,0.799,1559.0,2.679,-1094.0,-1.88,-428.0,-0.735,-8.0,-0.014
,2025-05-27 00:00:00+08:00,600759.XSHG,-1.79,1090.0,3.99,432.0,1.581,658.0,2.409,108.0,0.395,13.0,0.048
,2025-05-28 00:00:00+08:00,600759.XSHG,-0.92,-987.0,-4.527,-1059.0,-4.857,72.0,0.33,-111.0,-0.509,-111.0,-0.509
,2025-05-29 00:00:00+08:00,600759.XSHG,0.46,293.0,1.76,478.0,2.871,-185.0,-1.111,199.0,1.195,2.0,0.012
,2025-05-30 00:00:00+08:00,600759.XSHG,0.92,2275.0,9.211,2423.0,9.81,-148.0,-0.599,145.0,0.587,-17.0,-0.069
,2025-06-03 00:00:00+08:00,600759.XSHG,1.83,1328.0,5.251,997.0,3.942,331.0,1.309,36.0,0.142,-91.0,-0.36
,2025-06-04 00:00:00+08:00,600759.XSHG,-0.45,-368.0,-1.824,-500.0,-2.478,132.0,0.654,-19.0,-0.094,-40.0,-0.198
,2025-06-05 00:00:00+08:00,600759.XSHG,-0.45,-98.0,-0.591,177.0,1.067,-275.0,-1.657,-227.0,-1.368,-71.0,-0.428
,2025-06-06 00:00:00+08:00,600759.XSHG,0.46,1877.0,10.444,1405.0,7.818,472.0,2.626,-190.0,-1.057,-50.0,-0.278
,2025-06-09 00:00:00+08:00,600759.XSHG,0.45,-273.0,-1.5,78.0,0.429,-351.0,-1.928,-281.0,-1.544,-59.0,-0.324
,2025-06-10 00:00:00+08:00,600759.XSHG,-1.36,5.0,0.023,-216.0,-0.978,221.0,1.0,-314.0,-1.421,-23.0,-0.104
,2025-06-11 00:00:00+08:00,600759.XSHG,0.0,971.0,6.323,1170.0,7.619,-199.0,-1.296,-83.0,-0.54,-103.0,-0.671
,2025-06-12 00:00:00+08:00,600759.XSHG,2.3,674.0,1.816,770.0,2.074,-96.0,-0.259,-187.0,-0.504,25.0,0.067
,2025-06-13 00:00:00+08:00,600759.XSHG,9.95,2685.0,1.969,3759.0,2.757,-1074.0,-0.788,87.0,0.064,-8.0,-0.006
,2025-06-16 00:00:00+08:00,600759.XSHG,9.88,-5618.0,-2.58,-6977.0,-3.204,1359.0,0.624,-33.0,-0.015,0.0,0.0
,2025-06-17 00:00:00+08:00,600759.XSHG,-0.75,-2822.0,-1.316,-3081.0,-1.437,259.0,0.121,-89.0,-0.042,48.0,0.022
,2025-06-18 00:00:00+08:00,600759.XSHG,-1.91,-1076.0,-0.713,-504.0,-0.334,-572.0,-0.379,-511.0,-0.339,112.0,0.074
,2025-06-19 00:00:00+08:00,600759.XSHG,5.04,5535.0,2.761,5947.0,2.966,-412.0,-0.205,3.0,0.001,-9.0,-0.004
,2025-06-20 00:00:00+08:00,600759.XSHG,-6.25,-4419.0,-3.796,-3888.0,-3.34,-531.0,-0.456,-175.0,-0.15,4.0,0.003
,2025-06-23 00:00:00+08:00,600759.XSHG,4.71,8371.0,5.621,9015.0,6.054,-644.0,-0.432,-227.0,-0.152,84.0,0.056
,2025-06-24 00:00:00+08:00,600759.XSHG,-10.11,-1803.0,-1.28,-1338.0,-0.95,-465.0,-0.33,142.0,0.101,-32.0,-0.023
,2025-06-25 00:00:00+08:00,600759.XSHG,-2.08,2056.0,2.325,2353.0,2.661,-297.0,-0.336,-220.0,-0.249,19.0,0.021
,2025-06-26 00:00:00+08:00,600759.XSHG,1.69,4270.0,4.376,4462.0,4.572,-192.0,-0.197,-260.0,-0.266,96.0,0.098
,2025-06-27 00:00:00+08:00,600759.XSHG,-2.92,-1635.0,-2.975,-832.0,-1.514,-803.0,-1.461,-46.0,-0.084,-86.0,-0.156
,2025-06-30 00:00:00+08:00,600759.XSHG,1.29,7259.0,13.957,7104.0,13.659,155.0,0.298,37.0,0.071,-54.0,-0.104
,2025-07-01 00:00:00+08:00,600759.XSHG,0.43,735.0,1.688,1034.0,2.374,-299.0,-0.687,-75.0,-0.172,67.0,0.154
,2025-07-02 00:00:00+08:00,600759.XSHG,0.85,2522.0,4.436,3373.0,5.933,-851.0,-1.497,-312.0,-0.549,56.0,0.099
,2025-07-03 00:00:00+08:00,600759.XSHG,-1.26,1196.0,3.074,1434.0,3.686,-238.0,-0.612,-90.0,-0.231,-61.0,-0.157
,2025-07-04 00:00:00+08:00,600759.XSHG,-0.43,4694.0,13.812,4651.0,13.686,43.0,0.127,163.0,0.48,-45.0,-0.132
,2025-07-07 00:00:00+08:00,600759.XSHG,0.85,5254.0,10.734,4951.0,10.115,303.0,0.619,199.0,0.407,-25.0,-0.051
,2025-07-08 00:00:00+08:00,600759.XSHG,0.0,2914.0,8.89,2968.0,9.055,-54.0,-0.165,174.0,0.531,-92.0,-0.281
,2025-07-09 00:00:00+08:00,600759.XSHG,-1.26,-1240.0,-4.32,-1385.0,-4.825,145.0,0.505,-218.0,-0.76,-110.0,-0.383
,2025-07-10 00:00:00+08:00,600759.XSHG,0.42,3510.0,12.351,3153.0,11.095,357.0,1.256,63.0,0.222,-137.0,-0.482
,2025-07-11 00:00:00+08:00,600759.XSHG,0.42,402.0,0.937,823.0,1.917,-421.0,-0.981,-140.0,-0.326,30.0,0.07
,2025-07-14 00:00:00+08:00,600759.XSHG,-0.84,-3572.0,-6.939,-3141.0,-6.102,-431.0,-0.837,64.0,0.124,-17.0,-0.033
,2025-07-15 00:00:00+08:00,600759.XSHG,-2.53,-2906.0,-6.78,-2903.0,-6.773,-3.0,-0.007,3.0,0.007,-116.0,-0.271
,2025-07-16 00:00:00+08:00,600759.XSHG,0.87,350.0,2.037,-235.0,-1.368,585.0,3.406,-142.0,-0.827,-69.0,-0.402
,2025-07-17 00:00:00+08:00,600759.XSHG,0.86,440.0,1.556,-346.0,-1.224,786.0,2.78,133.0,0.47,-82.0,-0.29
,2025-07-18 00:00:00+08:00,600759.XSHG,0.43,59.0,0.277,31.0,0.145,28.0,0.131,-125.0,-0.586,-11.0,-0.052
,2025-07-21 00:00:00+08:00,600759.XSHG,1.28,2981.0,9.394,2170.0,6.839,811.0,2.556,-254.0,-0.8,-31.0,-0.098
,2025-07-22 00:00:00+08:00,600759.XSHG,1.27,3360.0,7.805,3221.0,7.483,139.0,0.323,-140.0,-0.325,-58.0,-0.135
,2025-07-23 00:00:00+08:00,600759.XSHG,-0.84,1138.0,2.567,-175.0,-0.395,1313.0,2.962,-258.0,-0.582,-111.0,-0.25
,2025-07-24 00:00:00+08:00,600759.XSHG,8.44,4026.0,2.837,4911.0,3.461,-885.0,-0.624,298.0,0.21,-20.0,-0.014
,2025-07-25 00:00:00+08:00,600759.XSHG,-5.06,-5201.0,-6.854,-5185.0,-6.832,-16.0,-0.021,68.0,0.09,13.0,0.017
,2025-07-28 00:00:00+08:00,600759.XSHG,-1.23,1868.0,5.194,1724.0,4.794,144.0,0.4,-98.0,-0.273,-21.0,-0.058
,2025-07-29 00:00:00+08:00,600759.XSHG,0.83,17.0,0.06,-31.0,-0.11,48.0,0.17,-312.0,-1.107,61.0,0.216
,2025-07-30 00:00:00+08:00,600759.XSHG,1.65,-213.0,-0.368,-245.0,-0.423,32.0,0.055,-250.0,-0.432,10.0,0.017
,2025-07-31 00:00:00+08:00,600759.XSHG,-2.85,1154.0,3.09,747.0,2.0,407.0,1.09,-293.0,-0.784,29.0,0.078
,2025-08-01 00:00:00+08:00,600759.XSHG,-0.42,830.0,3.988,1103.0,5.3,-273.0,-1.312,-183.0,-0.879,22.0,0.106
,2025-08-04 00:00:00+08:00,600759.XSHG,-0.42,2114.0,10.515,2245.0,11.167,-131.0,-0.652,-278.0,-1.383,-10.0,-0.05
,2025-08-05 00:00:00+08:00,600759.XSHG,1.26,321.0,1.579,437.0,2.149,-116.0,-0.57,-33.0,-0.162,52.0,0.256
,2025-08-06 00:00:00+08:00,600759.XSHG,0.0,8.0,0.036,79.0,0.358,-71.0,-0.321,-212.0,-0.959,-34.0,-0.154
,2025-08-07 00:00:00+08:00,600759.XSHG,-0.41,-43.0,-0.168,-858.0,-3.352,815.0,3.184,-152.0,-0.594,-140.0,-0.547
,2025-08-08 00:00:00+08:00,600759.XSHG,1.67,3277.0,9.357,2861.0,8.169,416.0,1.188,-90.0,-0.257,-14.0,-0.04
,2025-08-11 00:00:00+08:00,600759.XSHG,0.41,20.0,0.069,-32.0,-0.11,52.0,0.179,-171.0,-0.588,21.0,0.072
,2025-08-12 00:00:00+08:00,600759.XSHG,-0.41,-294.0,-1.436,-338.0,-1.651,44.0,0.215,-59.0,-0.288,-18.0,-0.088
,2025-08-13 00:00:00+08:00,600759.XSHG,-0.82,488.0,1.833,790.0,2.967,-302.0,-1.134,-389.0,-1.461,83.0,0.312
,2025-08-14 00:00:00+08:00,600759.XSHG,-1.65,643.0,2.082,264.0,0.855,379.0,1.227,108.0,0.35,-43.0,-0.139
,2025-08-15 00:00:00+08:00,600759.XSHG,1.26,1493.0,6.04,1869.0,7.561,-376.0,-1.521,-122.0,-0.494,-35.0,-0.142
,2025-08-18 00:00:00+08:00,600759.XSHG,0.41,-74.0,-0.255,462.0,1.591,-536.0,-1.846,-281.0,-0.968,-42.0,-0.145
,2025-08-19 00:00:00+08:00,600759.XSHG,-0.41,-992.0,-3.453,-320.0,-1.114,-672.0,-2.339,71.0,0.247,-15.0,-0.052
,2025-08-20 00:00:00+08:00,600759.XSHG,0.84,1917.0,6.807,2154.0,7.648,-237.0,-0.842,36.0,0.128,-28.0,-0.099
,2025-08-21 00:00:00+08:00,600759.XSHG,0.41,2402.0,3.543,1911.0,2.818,491.0,0.724,88.0,0.13,-41.0,-0.06
,2025-08-22 00:00:00+08:00,600759.XSHG,-0.41,-4316.0,-8.434,-2275.0,-4.446,-2041.0,-3.988,-334.0,-0.653,118.0,0.231
,2025-08-25 00:00:00+08:00,600759.XSHG,0.83,-24.0,-0.047,208.0,0.411,-232.0,-0.459,-363.0,-0.718,-40.0,-0.079
,2025-08-26 00:00:00+08:00,600759.XSHG,0.41,2355.0,6.021,1710.0,4.372,645.0,1.649,-526.0,-1.345,11.0,0.028
,2025-08-27 00:00:00+08:00,600759.XSHG,-3.28,-4607.0,-8.213,-3591.0,-6.401,-1016.0,-1.811,-98.0,-0.175,-137.0,-0.244
,2025-08-28 00:00:00+08:00,600759.XSHG,-0.42,101.0,0.222,365.0,0.804,-264.0,-0.581,-102.0,-0.225,1.0,0.002
,2025-08-29 00:00:00+08:00,600759.XSHG,0.0,32.0,0.12,147.0,0.55,-115.0,-0.43,-525.0,-1.965,-46.0,-0.172
,2025-09-01 00:00:00+08:00,600759.XSHG,0.0,-168.0,-0.673,-212.0,-0.849,44.0,0.176,-142.0,-0.569,-41.0,-0.164
,2025-09-02 00:00:00+08:00,600759.XSHG,-0.43,-304.0,-1.061,508.0,1.773,-812.0,-2.835,-302.0,-1.054,40.0,0.14
,2025-09-03 00:00:00+08:00,600759.XSHG,-2.59,-239.0,-0.841,785.0,2.764,-1024.0,-3.605,-510.0,-1.796,16.0,0.056
,2025-09-04 00:00:00+08:00,600759.XSHG,0.0,1126.0,4.043,966.0,3.468,160.0,0.574,-292.0,-1.048,16.0,0.057
,2025-09-05 00:00:00+08:00,600759.XSHG,0.44,-2203.0,-8.908,-854.0,-3.453,-1349.0,-5.455,-42.0,-0.17,71.0,0.287
,2025-09-08 00:00:00+08:00,600759.XSHG,0.88,1888.0,7.004,1046.0,3.88,842.0,3.123,-21.0,-0.078,-13.0,-0.048
,2025-09-09 00:00:00+08:00,600759.XSHG,-0.87,-177.0,-0.891,-358.0,-1.803,181.0,0.911,-15.0,-0.076,-22.0,-0.111
,2025-09-10 00:00:00+08:00,600759.XSHG,2.63,-599.0,-1.291,714.0,1.539,-1313.0,-2.831,226.0,0.487,36.0,0.078
,2025-09-11 00:00:00+08:00,600759.XSHG,-0.43,-2188.0,-7.019,-1914.0,-6.14,-274.0,-0.879,161.0,0.517,-15.0,-0.048
,2025-09-12 00:00:00+08:00,600759.XSHG,0.43,4071.0,10.424,3391.0,8.683,680.0,1.741,89.0,0.228,-72.0,-0.184
,2025-09-15 00:00:00+08:00,600759.XSHG,2.15,6404.0,14.985,6053.0,14.163,351.0,0.821,353.0,0.826,-59.0,-0.138
,2025-09-16 00:00:00+08:00,600759.XSHG,2.11,4245.0,8.899,4479.0,9.39,-234.0,-0.491,81.0,0.17,-59.0,-0.124
,2025-09-17 00:00:00+08:00,600759.XSHG,-0.83,1168.0,3.541,1085.0,3.289,83.0,0.252,29.0,0.088,-149.0,-0.452
,2025-09-18 00:00:00+08:00,600759.XSHG,-0.83,1561.0,2.9,2887.0,5.364,-1326.0,-2.464,62.0,0.115,-37.0,-0.069
,2025-09-19 00:00:00+08:00,600759.XSHG,-2.1,-1808.0,-4.802,-1663.0,-4.417,-145.0,-0.385,-148.0,-0.393,-57.0,-0.151
,2025-09-22 00:00:00+08:00,600759.XSHG,-1.72,-1593.0,-6.512,-750.0,-3.066,-843.0,-3.446,25.0,0.102,-24.0,-0.098
,2025-09-23 00:00:00+08:00,600759.XSHG,-1.75,-2600.0,-7.996,-1907.0,-5.864,-693.0,-2.131,-232.0,-0.713,51.0,0.157
,2025-09-24 00:00:00+08:00,600759.XSHG,1.34,-1665.0,-5.359,-1695.0,-5.456,30.0,0.097,47.0,0.151,8.0,0.026
,2025-09-25 00:00:00+08:00,600759.XSHG,0.0,3064.0,9.776,2886.0,9.208,178.0,0.568,-185.0,-0.59,3.0,0.01
,2025-09-26 00:00:00+08:00,600759.XSHG,0.0,640.0,2.232,247.0,0.861,393.0,1.371,137.0,0.478,55.0,0.192
,2025-09-29 00:00:00+08:00,600759.XSHG,0.44,239.0,0.879,-233.0,-0.857,472.0,1.737,-45.0,-0.166,-143.0,-0.526
,2025-09-30 00:00:00+08:00,600759.XSHG,-0.44,-367.0,-1.939,-578.0,-3.054,211.0,1.115,-341.0,-1.802,-178.0,-0.941
,2025-10-09 00:00:00+08:00,600759.XSHG,1.32,3889.0,12.07,3367.0,10.45,522.0,1.62,-253.0,-0.785,5.0,0.016
,2025-10-10 00:00:00+08:00,600759.XSHG,0.87,2708.0,8.053,2175.0,6.468,533.0,1.585,65.0,0.193,-9.0,-0.027
,2025-10-13 00:00:00+08:00,600759.XSHG,-0.43,520.0,1.716,360.0,1.188,160.0,0.528,-58.0,-0.191,-65.0,-0.215
,2025-10-14 00:00:00+08:00,600759.XSHG,-0.43,2165.0,6.626,1417.0,4.337,748.0,2.289,-171.0,-0.523,9.0,0.028
,2025-10-15 00:00:00+08:00,600759.XSHG,0.86,2662.0,9.728,3110.0,11.366,-448.0,-1.637,-112.0,-0.409,85.0,0.311
,2025-10-16 00:00:00+08:00,600759.XSHG,0.43,-3969.0,-15.244,-3870.0,-14.863,-99.0,-0.38,-189.0,-0.726,-61.0,-0.234
,2025-10-17 00:00:00+08:00,600759.XSHG,0.43,6601.0,14.468,6326.0,13.865,275.0,0.603,-293.0,-0.642,0.0,0.0
,2025-10-20 00:00:00+08:00,600759.XSHG,2.99,2540.0,4.852,1095.0,2.092,1445.0,2.76,-405.0,-0.774,-95.0,-0.181
,2025-10-21 00:00:00+08:00,600759.XSHG,3.32,6371.0,7.974,6273.0,7.851,98.0,0.123,117.0,0.146,-86.0,-0.108
,2025-10-22 00:00:00+08:00,600759.XSHG,0.0,3956.0,4.755,4245.0,5.102,-289.0,-0.347,-5.0,-0.006,-37.0,-0.044
,2025-10-23 00:00:00+08:00,600759.XSHG,-0.8,1628.0,3.183,1799.0,3.517,-171.0,-0.334,32.0,0.063,75.0,0.147
,2025-10-24 00:00:00+08:00,600759.XSHG,-3.23,-6959.0,-11.786,-5805.0,-9.831,-1154.0,-1.954,-272.0,-0.461,35.0,0.059
,2025-10-27 00:00:00+08:00,600759.XSHG,-1.25,-1551.0,-3.546,-1818.0,-4.156,267.0,0.61,-198.0,-0.453,-14.0,-0.032
,2025-10-28 00:00:00+08:00,600759.XSHG,-0.84,415.0,1.453,283.0,0.991,132.0,0.462,5.0,0.018,16.0,0.056
,2025-10-29 00:00:00+08:00,600759.XSHG,2.12,2750.0,5.586,2781.0,5.649,-31.0,-0.063,-102.0,-0.207,53.0,0.108
,2025-10-30 00:00:00+08:00,600759.XSHG,-2.07,-2172.0,-4.963,-1653.0,-3.777,-519.0,-1.186,-183.0,-0.418,-10.0,-0.023
,2025-10-31 00:00:00+08:00,600759.XSHG,0.43,1641.0,4.513,1037.0,2.852,604.0,1.661,260.0,0.715,16.0,0.044
,2025-11-03 00:00:00+08:00,600759.XSHG,10.13,17028.0,13.212,17073.0,13.247,-45.0,-0.035,109.0,0.085,-32.0,-0.025
,2025-11-04 00:00:00+08:00,600759.XSHG,-0.77,4027.0,2.291,3102.0,1.765,925.0,0.526,42.0,0.024,-36.0,-0.02
,2025-11-05 00:00:00+08:00,600759.XSHG,10.16,14228.0,7.567,13809.0,7.344,419.0,0.223,58.0,0.031,0.0,0.0
,2025-11-06 00:00:00+08:00,600759.XSHG,-4.96,-5047.0,-2.845,-4235.0,-2.388,-812.0,-0.458,90.0,0.051,69.0,0.039
,2025-11-07 00:00:00+08:00,600759.XSHG,2.62,-3038.0,-1.704,-2137.0,-1.199,-901.0,-0.505,-530.0,-0.297,136.0,0.076
,2025-11-10 00:00:00+08:00,600759.XSHG,-1.82,3184.0,2.691,4036.0,3.412,-852.0,-0.72,53.0,0.045,-24.0,-0.02
,2025-11-11 00:00:00+08:00,600759.XSHG,0.74,2422.0,2.529,2249.0,2.349,173.0,0.181,-238.0,-0.249,-20.0,-0.021
,2025-11-12 00:00:00+08:00,600759.XSHG,-1.1,3198.0,3.983,3995.0,4.975,-797.0,-0.993,-38.0,-0.047,8.0,0.01
,2025-11-13 00:00:00+08:00,600759.XSHG,1.87,6349.0,7.482,5663.0,6.674,686.0,0.808,-173.0,-0.204,45.0,0.053
,2025-11-14 00:00:00+08:00,600759.XSHG,5.17,8951.0,5.928,8531.0,5.65,420.0,0.278,-182.0,-0.121,-10.0,-0.007
,2025-11-17 00:00:00+08:00,600759.XSHG,5.28,960.0,0.557,1895.0,1.1,-935.0,-0.543,-1.0,-0.001,66.0,0.038
,2025-11-18 00:00:00+08:00,600759.XSHG,-3.02,5214.0,4.578,4866.0,4.273,348.0,0.306,-88.0,-0.077,-11.0,-0.01
,2025-11-19 00:00:00+08:00,600759.XSHG,-4.84,491.0,0.59,167.0,0.201,324.0,0.389,36.0,0.043,34.0,0.041
,2025-11-20 00:00:00+08:00,600759.XSHG,1.09,289.0,0.376,-315.0,-0.409,604.0,0.785,54.0,0.07,-52.0,-0.068
,2025-11-21 00:00:00+08:00,600759.XSHG,-6.5,2188.0,2.351,604.0,0.649,1584.0,1.702,-123.0,-0.132,-98.0,-0.105
,2025-11-24 00:00:00+08:00,600759.XSHG,1.55,433.0,0.648,53.0,0.079,380.0,0.569,558.0,0.836,-99.0,-0.148
,2025-11-25 00:00:00+08:00,600759.XSHG,0.38,3030.0,5.633,2891.0,5.375,139.0,0.258,-215.0,-0.4,15.0,0.028
,2025-11-26 00:00:00+08:00,600759.XSHG,-0.38,-227.0,-0.323,1043.0,1.486,-1270.0,-1.809,29.0,0.041,-10.0,-0.014
,2025-11-27 00:00:00+08:00,600759.XSHG,-1.53,-757.0,-1.526,-825.0,-1.664,68.0,0.137,-186.0,-0.375,33.0,0.067
,2025-11-28 00:00:00+08:00,600759.XSHG,4.28,8529.0,14.235,7986.0,13.329,543.0,0.906,320.0,0.534,-51.0,-0.085
,2025-12-01 00:00:00+08:00,600759.XSHG,2.25,2728.0,4.754,2597.0,4.525,131.0,0.228,-202.0,-0.352,-37.0,-0.064
,2025-12-02 00:00:00+08:00,600759.XSHG,1.84,7182.0,11.21,7277.0,11.358,-95.0,-0.148,-173.0,-0.27,75.0,0.117
,2025-12-03 00:00:00+08:00,600759.XSHG,-2.54,3318.0,4.892,4180.0,6.162,-862.0,-1.271,82.0,0.121,17.0,0.025
,2025-12-04 00:00:00+08:00,600759.XSHG,-2.6,934.0,1.818,1168.0,2.273,-234.0,-0.455,-144.0,-0.28,16.0,0.031
,2025-12-05 00:00:00+08:00,600759.XSHG,3.05,4659.0,9.027,3536.0,6.851,1123.0,2.176,29.0,0.056,-67.0,-0.13
,2025-12-08 00:00:00+08:00,600759.XSHG,1.11,3372.0,6.717,3875.0,7.719,-503.0,-1.002,-70.0,-0.139,-23.0,-0.046
,2025-12-09 00:00:00+08:00,600759.XSHG,-2.2,2585.0,4.519,2556.0,4.468,29.0,0.051,-119.0,-0.208,-22.0,-0.038
,2025-12-10 00:00:00+08:00,600759.XSHG,4.12,-7807.0,-6.085,-7438.0,-5.797,-369.0,-0.288,-10.0,-0.008,20.0,0.016
,2025-12-11 00:00:00+08:00,600759.XSHG,-1.08,2275.0,2.406,2223.0,2.351,52.0,0.055,10.0,0.011,27.0,0.029
,2025-12-12 00:00:00+08:00,600759.XSHG,-2.92,-2677.0,-4.35,-1737.0,-2.823,-940.0,-1.527,28.0,0.045,-92.0,-0.149
,2025-12-15 00:00:00+08:00,600759.XSHG,-1.13,-133.0,-0.281,-373.0,-0.788,240.0,0.507,-530.0,-1.119,31.0,0.065
,2025-12-16 00:00:00+08:00,600759.XSHG,-4.98,-5902.0,-9.74,-5656.0,-9.334,-246.0,-0.406,-487.0,-0.804,55.0,0.091
,2025-12-17 00:00:00+08:00,600759.XSHG,0.4,-1872.0,-5.018,-2627.0,-7.042,755.0,2.024,-268.0,-0.718,-99.0,-0.265
,2025-12-18 00:00:00+08:00,600759.XSHG,6.05,12457.0,10.585,13807.0,11.732,-1350.0,-1.147,-285.0,-0.242,6.0,0.005
,2025-12-19 00:00:00+08:00,600759.XSHG,1.14,2861.0,3.554,1675.0,2.08,1186.0,1.473,252.0,0.313,-42.0,-0.052
,2025-12-22 00:00:00+08:00,600759.XSHG,10.15,13938.0,8.296,13738.0,8.177,200.0,0.119,172.0,0.102,-4.0,-0.002
,2025-12-23 00:00:00+08:00,600759.XSHG,-1.37,-1285.0,-0.631,-1341.0,-0.659,56.0,0.028,-22.0,-0.011,-59.0,-0.029
,2025-12-24 00:00:00+08:00,600759.XSHG,-2.08,4277.0,4.434,3098.0,3.211,1179.0,1.222,-187.0,-0.194,53.0,0.055
,2025-12-25 00:00:00+08:00,600759.XSHG,-1.77,3122.0,5.088,2579.0,4.203,543.0,0.885,-62.0,-0.101,25.0,0.041
,2025-01-02 00:00:00+08:00,601118.XSHG,-4.44,2.0,0.009,162.0,0.764,-160.0,-0.755,355.0,1.674,14.0,0.066
,2025-01-03 00:00:00+08:00,601118.XSHG,-3.09,-1045.0,-6.581,-1229.0,-7.74,184.0,1.159,-282.0,-1.776,3.0,0.019
,2025-01-06 00:00:00+08:00,601118.XSHG,-0.2,-287.0,-2.424,85.0,0.718,-372.0,-3.142,-19.0,-0.16,45.0,0.38
,2025-01-07 00:00:00+08:00,601118.XSHG,0.6,189.0,1.719,567.0,5.156,-378.0,-3.438,-162.0,-1.473,36.0,0.327
,2025-01-08 00:00:00+08:00,601118.XSHG,-0.4,-1305.0,-10.729,-1014.0,-8.337,-291.0,-2.393,-59.0,-0.485,78.0,0.641
,2025-01-09 00:00:00+08:00,601118.XSHG,0.6,448.0,4.112,753.0,6.912,-305.0,-2.8,81.0,0.744,-32.0,-0.294
,2025-01-10 00:00:00+08:00,601118.XSHG,-0.6,-682.0,-6.146,-394.0,-3.551,-288.0,-2.595,33.0,0.297,28.0,0.252
,2025-01-13 00:00:00+08:00,601118.XSHG,1.4,317.0,2.399,-38.0,-0.288,355.0,2.686,-162.0,-1.226,64.0,0.484
,2025-01-14 00:00:00+08:00,601118.XSHG,2.37,968.0,7.217,1080.0,8.052,-112.0,-0.835,-3.0,-0.022,-31.0,-0.231
,2025-01-15 00:00:00+08:00,601118.XSHG,0.0,25.0,0.26,56.0,0.582,-31.0,-0.322,-13.0,-0.135,15.0,0.156
,2025-01-16 00:00:00+08:00,601118.XSHG,0.58,-350.0,-3.26,-361.0,-3.362,11.0,0.102,64.0,0.596,0.0,0.0
,2025-01-17 00:00:00+08:00,601118.XSHG,0.38,-166.0,-1.843,-83.0,-0.922,-83.0,-0.922,-49.0,-0.544,-47.0,-0.522
,2025-01-20 00:00:00+08:00,601118.XSHG,-2.87,-1620.0,-8.976,-1244.0,-6.892,-376.0,-2.083,-145.0,-0.803,-13.0,-0.072
,2025-01-21 00:00:00+08:00,601118.XSHG,1.19,1521.0,9.59,999.0,6.299,522.0,3.291,-203.0,-1.28,-68.0,-0.429
,2025-01-22 00:00:00+08:00,601118.XSHG,-0.39,149.0,1.418,-233.0,-2.218,382.0,3.636,-70.0,-0.666,-13.0,-0.124
,2025-01-23 00:00:00+08:00,601118.XSHG,0.0,910.0,7.137,39.0,0.306,871.0,6.831,-152.0,-1.192,-101.0,-0.792
,2025-01-24 00:00:00+08:00,601118.XSHG,1.38,1320.0,12.498,1139.0,10.784,181.0,1.714,-143.0,-1.354,-12.0,-0.114
,2025-01-27 00:00:00+08:00,601118.XSHG,0.78,1832.0,13.44,766.0,5.62,1066.0,7.82,72.0,0.528,-54.0,-0.396
,2025-02-05 00:00:00+08:00,601118.XSHG,0.58,1554.0,11.718,978.0,7.374,576.0,4.343,11.0,0.083,44.0,0.332
,2025-02-06 00:00:00+08:00,601118.XSHG,0.38,-1725.0,-12.491,-105.0,-0.76,-1620.0,-11.731,-10.0,-0.072,-26.0,-0.188
,2025-02-07 00:00:00+08:00,601118.XSHG,1.73,500.0,2.941,894.0,5.258,-394.0,-2.317,-33.0,-0.194,9.0,0.053
,2025-02-10 00:00:00+08:00,601118.XSHG,-0.38,-1389.0,-10.299,-1312.0,-9.728,-77.0,-0.571,-38.0,-0.282,22.0,0.163
,2025-02-11 00:00:00+08:00,601118.XSHG,0.76,927.0,7.436,664.0,5.326,263.0,2.11,121.0,0.971,30.0,0.241
,2025-02-12 00:00:00+08:00,601118.XSHG,1.32,-437.0,-3.283,-158.0,-1.187,-279.0,-2.096,-99.0,-0.744,99.0,0.744
,2025-02-13 00:00:00+08:00,601118.XSHG,-0.19,63.0,0.548,-69.0,-0.6,132.0,1.148,-65.0,-0.565,26.0,0.226
,2025-02-14 00:00:00+08:00,601118.XSHG,2.06,264.0,1.62,1118.0,6.861,-854.0,-5.241,309.0,1.896,23.0,0.141
,2025-02-17 00:00:00+08:00,601118.XSHG,0.55,-409.0,-2.316,-585.0,-3.312,176.0,0.996,168.0,0.951,55.0,0.311
,2025-02-18 00:00:00+08:00,601118.XSHG,-2.38,-868.0,-5.639,-1174.0,-7.627,306.0,1.988,-119.0,-0.773,-77.0,-0.5
,2025-02-19 00:00:00+08:00,601118.XSHG,-0.19,-823.0,-5.447,-31.0,-0.205,-792.0,-5.242,-241.0,-1.595,-32.0,-0.212
,2025-02-20 00:00:00+08:00,601118.XSHG,0.94,1323.0,8.146,1048.0,6.453,275.0,1.693,95.0,0.585,-51.0,-0.314
,2025-02-21 00:00:00+08:00,601118.XSHG,0.74,-1272.0,-5.086,-630.0,-2.519,-642.0,-2.567,-130.0,-0.52,95.0,0.38
,2025-02-24 00:00:00+08:00,601118.XSHG,-1.48,-3164.0,-11.94,-3007.0,-11.348,-157.0,-0.592,172.0,0.649,3.0,0.011
,2025-02-25 00:00:00+08:00,601118.XSHG,-1.88,-1748.0,-10.769,-1230.0,-7.578,-518.0,-3.191,209.0,1.288,8.0,0.049
,2025-02-26 00:00:00+08:00,601118.XSHG,-0.19,-325.0,-2.446,45.0,0.339,-370.0,-2.785,28.0,0.211,84.0,0.632
,2025-02-27 00:00:00+08:00,601118.XSHG,1.73,2951.0,14.246,1771.0,8.55,1180.0,5.697,123.0,0.594,-59.0,-0.285
,2025-02-28 00:00:00+08:00,601118.XSHG,-2.27,-782.0,-4.991,-1038.0,-6.625,256.0,1.634,-188.0,-1.2,67.0,0.428
,2025-03-03 00:00:00+08:00,601118.XSHG,0.0,-123.0,-1.005,-148.0,-1.209,25.0,0.204,98.0,0.801,-17.0,-0.139
,2025-03-04 00:00:00+08:00,601118.XSHG,0.39,423.0,3.954,485.0,4.533,-62.0,-0.579,-47.0,-0.439,-19.0,-0.178
,2025-03-05 00:00:00+08:00,601118.XSHG,-1.74,-12.0,-0.084,-480.0,-3.366,468.0,3.282,1.0,0.007,-7.0,-0.049
,2025-03-06 00:00:00+08:00,601118.XSHG,1.38,1325.0,8.131,1245.0,7.64,80.0,0.491,-129.0,-0.792,-46.0,-0.282
,2025-03-07 00:00:00+08:00,601118.XSHG,-0.58,-418.0,-3.272,-32.0,-0.25,-386.0,-3.021,91.0,0.712,-53.0,-0.415
,2025-03-10 00:00:00+08:00,601118.XSHG,0.39,987.0,8.568,183.0,1.589,804.0,6.98,129.0,1.12,-27.0,-0.234
,2025-03-11 00:00:00+08:00,601118.XSHG,-0.39,208.0,1.876,-148.0,-1.335,356.0,3.211,-53.0,-0.478,-50.0,-0.451
,2025-03-12 00:00:00+08:00,601118.XSHG,0.0,-2.0,-0.013,308.0,1.934,-310.0,-1.947,101.0,0.634,59.0,0.37
,2025-03-13 00:00:00+08:00,601118.XSHG,-1.95,48.0,0.256,-19.0,-0.101,67.0,0.358,61.0,0.326,-127.0,-0.678
,2025-03-14 00:00:00+08:00,601118.XSHG,1.79,1023.0,5.783,1004.0,5.676,19.0,0.107,-85.0,-0.481,44.0,0.249
,2025-03-17 00:00:00+08:00,601118.XSHG,0.0,-107.0,-0.727,135.0,0.917,-242.0,-1.644,45.0,0.306,90.0,0.612
,2025-03-18 00:00:00+08:00,601118.XSHG,0.0,940.0,6.967,1186.0,8.79,-246.0,-1.823,115.0,0.852,14.0,0.104
,2025-03-19 00:00:00+08:00,601118.XSHG,0.78,955.0,5.922,1019.0,6.319,-64.0,-0.397,52.0,0.322,38.0,0.236
,2025-03-20 00:00:00+08:00,601118.XSHG,0.97,1756.0,11.341,1058.0,6.833,698.0,4.508,102.0,0.659,-3.0,-0.019
,2025-03-21 00:00:00+08:00,601118.XSHG,-0.19,168.0,0.904,-187.0,-1.007,355.0,1.911,40.0,0.215,3.0,0.016
,2025-03-24 00:00:00+08:00,601118.XSHG,-0.19,61.0,0.339,126.0,0.699,-65.0,-0.361,-120.0,-0.666,17.0,0.094
,2025-03-25 00:00:00+08:00,601118.XSHG,2.71,5199.0,17.708,4256.0,14.496,943.0,3.212,247.0,0.841,-10.0,-0.034
,2025-03-26 00:00:00+08:00,601118.XSHG,-1.69,10.0,0.052,-383.0,-1.975,393.0,2.026,-150.0,-0.773,-19.0,-0.098
,2025-03-27 00:00:00+08:00,601118.XSHG,0.0,183.0,1.45,-240.0,-1.902,423.0,3.353,-318.0,-2.52,-5.0,-0.04
,2025-03-28 00:00:00+08:00,601118.XSHG,-2.11,-814.0,-6.703,-404.0,-3.327,-410.0,-3.376,-159.0,-1.309,-138.0,-1.136
,2025-03-31 00:00:00+08:00,601118.XSHG,-2.35,-2510.0,-14.877,-1814.0,-10.752,-696.0,-4.125,-74.0,-0.439,-1.0,-0.006
,2025-04-01 00:00:00+08:00,601118.XSHG,1.8,319.0,2.5,364.0,2.853,-45.0,-0.353,43.0,0.337,23.0,0.18
,2025-04-02 00:00:00+08:00,601118.XSHG,3.54,3842.0,9.668,4346.0,10.937,-504.0,-1.268,-49.0,-0.123,69.0,0.174
,2025-04-03 00:00:00+08:00,601118.XSHG,-4.2,-2160.0,-5.661,-2200.0,-5.766,40.0,0.105,-131.0,-0.343,25.0,0.066
,2025-04-07 00:00:00+08:00,601118.XSHG,-9.94,-990.0,-3.123,267.0,0.842,-1257.0,-3.965,-79.0,-0.249,73.0,0.23
,2025-04-08 00:00:00+08:00,601118.XSHG,2.43,-2739.0,-6.072,-1158.0,-2.567,-1581.0,-3.505,-412.0,-0.913,38.0,0.084
,2025-04-09 00:00:00+08:00,601118.XSHG,0.86,-2977.0,-5.259,-707.0,-1.249,-2270.0,-4.01,-398.0,-0.703,104.0,0.184
,2025-04-10 00:00:00+08:00,601118.XSHG,0.86,-509.0,-1.43,-497.0,-1.396,-12.0,-0.034,-235.0,-0.66,-113.0,-0.317
,2025-04-11 00:00:00+08:00,601118.XSHG,0.0,1308.0,5.821,1038.0,4.619,270.0,1.201,-162.0,-0.721,-20.0,-0.089
,2025-04-14 00:00:00+08:00,601118.XSHG,2.55,1040.0,3.786,980.0,3.568,60.0,0.218,-42.0,-0.153,-30.0,-0.109
,2025-04-15 00:00:00+08:00,601118.XSHG,-2.9,-714.0,-3.406,-1097.0,-5.233,383.0,1.827,2.0,0.01,106.0,0.506
,2025-04-16 00:00:00+08:00,601118.XSHG,-3.21,-1806.0,-8.238,-1282.0,-5.848,-524.0,-2.39,-128.0,-0.584,65.0,0.296
,2025-04-17 00:00:00+08:00,601118.XSHG,0.44,569.0,4.746,749.0,6.247,-180.0,-1.501,-93.0,-0.776,-3.0,-0.025
,2025-04-18 00:00:00+08:00,601118.XSHG,-0.22,-551.0,-5.709,-349.0,-3.616,-202.0,-2.093,126.0,1.305,82.0,0.85
,2025-04-21 00:00:00+08:00,601118.XSHG,1.1,438.0,4.599,433.0,4.546,5.0,0.052,-93.0,-0.976,42.0,0.441
,2025-04-22 00:00:00+08:00,601118.XSHG,0.0,-198.0,-2.041,-291.0,-2.999,93.0,0.958,-43.0,-0.443,50.0,0.515
,2025-04-23 00:00:00+08:00,601118.XSHG,-0.22,-771.0,-6.982,-202.0,-1.829,-569.0,-5.153,-161.0,-1.458,-51.0,-0.462
,2025-04-24 00:00:00+08:00,601118.XSHG,-0.44,-546.0,-4.453,-364.0,-2.969,-182.0,-1.484,16.0,0.13,-38.0,-0.31
,2025-04-25 00:00:00+08:00,601118.XSHG,0.44,-604.0,-5.314,-282.0,-2.481,-322.0,-2.833,-301.0,-2.648,-156.0,-1.373
,2025-04-28 00:00:00+08:00,601118.XSHG,-2.18,-1195.0,-7.47,-1356.0,-8.476,161.0,1.006,32.0,0.2,-47.0,-0.294
,2025-04-29 00:00:00+08:00,601118.XSHG,-0.44,-43.0,-0.382,496.0,4.41,-539.0,-4.792,-64.0,-0.569,-110.0,-0.978
,2025-04-30 00:00:00+08:00,601118.XSHG,0.89,243.0,2.23,222.0,2.037,21.0,0.193,-167.0,-1.532,-18.0,-0.165
,2025-05-06 00:00:00+08:00,601118.XSHG,2.67,1363.0,7.345,1933.0,10.417,-570.0,-3.072,-156.0,-0.841,13.0,0.07
,2025-05-07 00:00:00+08:00,601118.XSHG,1.08,1981.0,12.856,1484.0,9.631,497.0,3.225,-259.0,-1.681,-54.0,-0.35
,2025-05-08 00:00:00+08:00,601118.XSHG,0.21,547.0,4.95,719.0,6.506,-172.0,-1.556,-43.0,-0.389,153.0,1.384
,2025-05-09 00:00:00+08:00,601118.XSHG,-0.86,-374.0,-4.322,-589.0,-6.806,215.0,2.484,58.0,0.67,-25.0,-0.289
,2025-05-12 00:00:00+08:00,601118.XSHG,1.08,694.0,7.225,438.0,4.56,256.0,2.665,42.0,0.437,37.0,0.385
,2025-05-13 00:00:00+08:00,601118.XSHG,0.86,1816.0,13.184,797.0,5.786,1019.0,7.398,164.0,1.191,-76.0,-0.552
,2025-05-14 00:00:00+08:00,601118.XSHG,1.28,571.0,3.342,475.0,2.78,96.0,0.562,227.0,1.328,-10.0,-0.059
,2025-05-15 00:00:00+08:00,601118.XSHG,-1.47,-655.0,-6.045,-627.0,-5.787,-28.0,-0.258,36.0,0.332,-153.0,-1.412
,2025-05-16 00:00:00+08:00,601118.XSHG,-0.64,174.0,1.926,-85.0,-0.941,259.0,2.867,-66.0,-0.731,38.0,0.421
,2025-05-19 00:00:00+08:00,601118.XSHG,0.86,736.0,8.467,708.0,8.144,28.0,0.322,350.0,4.026,-63.0,-0.725
,2025-05-20 00:00:00+08:00,601118.XSHG,-0.43,-492.0,-6.529,-347.0,-4.605,-145.0,-1.924,111.0,1.473,-12.0,-0.159
,2025-05-21 00:00:00+08:00,601118.XSHG,-0.21,-115.0,-1.76,99.0,1.515,-214.0,-3.275,-164.0,-2.51,-24.0,-0.367
,2025-05-22 00:00:00+08:00,601118.XSHG,-1.07,314.0,3.399,-176.0,-1.905,490.0,5.305,145.0,1.57,-1.0,-0.011
,2025-05-23 00:00:00+08:00,601118.XSHG,-0.65,-330.0,-2.433,7.0,0.052,-337.0,-2.484,218.0,1.607,-20.0,-0.147
,2025-05-26 00:00:00+08:00,601118.XSHG,0.22,338.0,5.309,432.0,6.786,-94.0,-1.477,-67.0,-1.052,4.0,0.063
,2025-05-27 00:00:00+08:00,601118.XSHG,0.22,-198.0,-2.279,-250.0,-2.877,52.0,0.598,-20.0,-0.23,-5.0,-0.058
,2025-05-28 00:00:00+08:00,601118.XSHG,-0.65,-605.0,-8.055,-467.0,-6.218,-138.0,-1.837,-51.0,-0.679,16.0,0.213
,2025-05-29 00:00:00+08:00,601118.XSHG,0.88,-330.0,-4.185,69.0,0.875,-399.0,-5.06,-160.0,-2.029,-6.0,-0.076
,2025-05-30 00:00:00+08:00,601118.XSHG,-0.87,49.0,0.591,-115.0,-1.388,164.0,1.979,-13.0,-0.157,-66.0,-0.797
,2025-06-03 00:00:00+08:00,601118.XSHG,0.22,-990.0,-14.968,-820.0,-12.398,-170.0,-2.57,4.0,0.06,-85.0,-1.285
,2025-06-04 00:00:00+08:00,601118.XSHG,1.53,1602.0,15.078,1555.0,14.635,47.0,0.442,-17.0,-0.16,-3.0,-0.028
,2025-06-05 00:00:00+08:00,601118.XSHG,0.0,-145.0,-1.48,-57.0,-0.582,-88.0,-0.898,-42.0,-0.429,161.0,1.644
,2025-06-06 00:00:00+08:00,601118.XSHG,2.8,4754.0,13.404,4958.0,13.979,-204.0,-0.575,250.0,0.705,-41.0,-0.116
,2025-06-09 00:00:00+08:00,601118.XSHG,-0.84,-628.0,-3.437,-908.0,-4.969,280.0,1.532,56.0,0.306,-88.0,-0.482
,2025-06-10 00:00:00+08:00,601118.XSHG,-0.42,-345.0,-3.008,-1024.0,-8.927,679.0,5.919,129.0,1.125,-26.0,-0.227
,2025-06-11 00:00:00+08:00,601118.XSHG,1.28,876.0,7.965,796.0,7.238,80.0,0.727,52.0,0.473,-15.0,-0.136
,2025-06-12 00:00:00+08:00,601118.XSHG,-1.05,-381.0,-3.845,-484.0,-4.885,103.0,1.04,60.0,0.606,-42.0,-0.424
,2025-06-13 00:00:00+08:00,601118.XSHG,0.43,28.0,0.15,-110.0,-0.589,138.0,0.738,235.0,1.257,-66.0,-0.353
,2025-06-16 00:00:00+08:00,601118.XSHG,-0.85,-1551.0,-14.859,-1438.0,-13.777,-113.0,-1.083,51.0,0.489,-15.0,-0.144
,2025-06-17 00:00:00+08:00,601118.XSHG,-0.21,-617.0,-7.675,-884.0,-10.996,267.0,3.321,154.0,1.916,12.0,0.149
,2025-06-18 00:00:00+08:00,601118.XSHG,-0.21,447.0,3.826,37.0,0.317,410.0,3.509,-43.0,-0.368,47.0,0.402
,2025-06-19 00:00:00+08:00,601118.XSHG,-1.71,-84.0,-0.764,189.0,1.719,-273.0,-2.483,-94.0,-0.855,-7.0,-0.064
,2025-06-20 00:00:00+08:00,601118.XSHG,0.22,879.0,9.103,1066.0,11.04,-187.0,-1.937,-9.0,-0.093,63.0,0.652
,2025-06-23 00:00:00+08:00,601118.XSHG,1.3,1444.0,13.363,1471.0,13.613,-27.0,-0.25,211.0,1.953,124.0,1.148
,2025-06-24 00:00:00+08:00,601118.XSHG,0.86,909.0,8.541,729.0,6.85,180.0,1.691,-224.0,-2.105,66.0,0.62
,2025-06-25 00:00:00+08:00,601118.XSHG,0.85,674.0,7.135,563.0,5.96,111.0,1.175,-94.0,-0.995,30.0,0.318
,2025-06-26 00:00:00+08:00,601118.XSHG,0.0,-98.0,-0.839,131.0,1.121,-229.0,-1.959,200.0,1.711,-163.0,-1.395
,2025-06-27 00:00:00+08:00,601118.XSHG,0.0,1053.0,11.687,769.0,8.535,284.0,3.152,-29.0,-0.322,-95.0,-1.054
,2025-06-30 00:00:00+08:00,601118.XSHG,0.42,83.0,0.91,-103.0,-1.129,186.0,2.039,106.0,1.162,149.0,1.633
,2025-07-01 00:00:00+08:00,601118.XSHG,1.27,-100.0,-0.635,-345.0,-2.19,245.0,1.556,-21.0,-0.133,-47.0,-0.298
,2025-07-02 00:00:00+08:00,601118.XSHG,1.67,217.0,1.253,-77.0,-0.445,294.0,1.698,219.0,1.265,-59.0,-0.341
,2025-07-03 00:00:00+08:00,601118.XSHG,-0.62,395.0,3.771,160.0,1.527,235.0,2.243,-19.0,-0.181,-45.0,-0.43
,2025-07-04 00:00:00+08:00,601118.XSHG,-0.42,-301.0,-2.939,-510.0,-4.98,209.0,2.041,106.0,1.035,-3.0,-0.029
,2025-07-07 00:00:00+08:00,601118.XSHG,0.0,527.0,7.286,287.0,3.968,240.0,3.318,-147.0,-2.032,18.0,0.249
,2025-07-08 00:00:00+08:00,601118.XSHG,0.21,321.0,3.268,11.0,0.112,310.0,3.156,130.0,1.324,-3.0,-0.031
,2025-07-09 00:00:00+08:00,601118.XSHG,-0.21,954.0,9.411,36.0,0.355,918.0,9.056,-23.0,-0.227,-12.0,-0.118
,2025-07-10 00:00:00+08:00,601118.XSHG,1.66,864.0,5.712,571.0,3.775,293.0,1.937,135.0,0.892,39.0,0.258
,2025-07-11 00:00:00+08:00,601118.XSHG,-0.2,1062.0,9.673,1006.0,9.163,56.0,0.51,-55.0,-0.501,-36.0,-0.328
,2025-07-14 00:00:00+08:00,601118.XSHG,-1.02,109.0,1.052,212.0,2.047,-103.0,-0.994,90.0,0.869,-62.0,-0.599
,2025-07-15 00:00:00+08:00,601118.XSHG,-1.86,-830.0,-6.568,-1114.0,-8.815,284.0,2.247,307.0,2.429,-103.0,-0.815
,2025-07-16 00:00:00+08:00,601118.XSHG,0.84,1996.0,14.931,1522.0,11.385,474.0,3.546,192.0,1.436,-30.0,-0.224
,2025-07-17 00:00:00+08:00,601118.XSHG,3.14,4496.0,23.069,3806.0,19.529,690.0,3.54,34.0,0.174,-64.0,-0.328
,2025-07-18 00:00:00+08:00,601118.XSHG,0.61,1227.0,9.678,1280.0,10.096,-53.0,-0.418,19.0,0.15,-32.0,-0.252
,2025-07-21 00:00:00+08:00,601118.XSHG,1.41,-540.0,-1.558,-934.0,-2.694,394.0,1.136,-73.0,-0.211,-74.0,-0.213
,2025-07-22 00:00:00+08:00,601118.XSHG,2.79,2948.0,7.352,2558.0,6.379,390.0,0.973,-113.0,-0.282,-69.0,-0.172
,2025-07-23 00:00:00+08:00,601118.XSHG,-2.91,-3664.0,-9.052,-2975.0,-7.35,-689.0,-1.702,-525.0,-1.297,99.0,0.245
,2025-07-24 00:00:00+08:00,601118.XSHG,10.0,5259.0,4.947,5473.0,5.149,-214.0,-0.201,232.0,0.218,11.0,0.01
,2025-07-25 00:00:00+08:00,601118.XSHG,-5.27,-8312.0,-7.775,-9408.0,-8.8,1096.0,1.025,437.0,0.409,17.0,0.016
,2025-07-28 00:00:00+08:00,601118.XSHG,-2.31,-459.0,-0.952,-175.0,-0.363,-284.0,-0.589,246.0,0.51,-47.0,-0.097
,2025-07-29 00:00:00+08:00,601118.XSHG,-0.79,-673.0,-2.38,-622.0,-2.199,-51.0,-0.18,155.0,0.548,-27.0,-0.095
,2025-07-30 00:00:00+08:00,601118.XSHG,-1.19,-2550.0,-8.355,-2088.0,-6.841,-462.0,-1.514,182.0,0.596,-16.0,-0.052
,2025-07-31 00:00:00+08:00,601118.XSHG,-1.61,-777.0,-3.208,-33.0,-0.136,-744.0,-3.072,0.0,0.0,7.0,0.029
,2025-08-01 00:00:00+08:00,601118.XSHG,-0.2,64.0,0.431,-281.0,-1.89,345.0,2.321,-119.0,-0.801,-107.0,-0.72
,2025-08-04 00:00:00+08:00,601118.XSHG,-0.2,316.0,2.65,93.0,0.78,223.0,1.87,-259.0,-2.172,-39.0,-0.327
,2025-08-05 00:00:00+08:00,601118.XSHG,0.2,284.0,2.009,-61.0,-0.431,345.0,2.44,189.0,1.337,-176.0,-1.245
,2025-08-06 00:00:00+08:00,601118.XSHG,0.61,92.0,0.507,157.0,0.865,-65.0,-0.358,61.0,0.336,-146.0,-0.804
,2025-08-07 00:00:00+08:00,601118.XSHG,-0.61,359.0,2.826,255.0,2.007,104.0,0.819,62.0,0.488,-10.0,-0.079
,2025-08-08 00:00:00+08:00,601118.XSHG,0.41,194.0,1.743,98.0,0.881,96.0,0.863,28.0,0.252,-69.0,-0.62
,2025-08-11 00:00:00+08:00,601118.XSHG,0.81,-593.0,-3.817,-17.0,-0.109,-576.0,-3.708,42.0,0.27,50.0,0.322
,2025-08-12 00:00:00+08:00,601118.XSHG,-0.4,-1023.0,-8.088,-702.0,-5.55,-321.0,-2.538,65.0,0.514,8.0,0.063
,2025-08-13 00:00:00+08:00,601118.XSHG,0.41,-596.0,-3.68,-158.0,-0.976,-438.0,-2.705,18.0,0.111,29.0,0.179
,2025-08-14 00:00:00+08:00,601118.XSHG,0.2,1748.0,6.653,1322.0,5.032,426.0,1.621,-21.0,-0.08,64.0,0.244
,2025-08-15 00:00:00+08:00,601118.XSHG,0.81,1801.0,11.921,1441.0,9.538,360.0,2.383,-2.0,-0.013,60.0,0.397
,2025-08-18 00:00:00+08:00,601118.XSHG,2.21,2569.0,7.99,1998.0,6.214,571.0,1.776,475.0,1.477,17.0,0.053
,2025-08-19 00:00:00+08:00,601118.XSHG,0.39,1390.0,5.775,1140.0,4.737,250.0,1.039,523.0,2.173,59.0,0.245
,2025-08-20 00:00:00+08:00,601118.XSHG,1.37,-1240.0,-4.471,-1159.0,-4.179,-81.0,-0.292,631.0,2.275,-47.0,-0.169
,2025-08-21 00:00:00+08:00,601118.XSHG,0.19,139.0,0.52,-548.0,-2.05,687.0,2.57,138.0,0.516,-47.0,-0.176
,2025-08-22 00:00:00+08:00,601118.XSHG,-0.19,930.0,5.518,733.0,4.349,197.0,1.169,-169.0,-1.003,13.0,0.077
,2025-08-25 00:00:00+08:00,601118.XSHG,0.97,-315.0,-1.252,-433.0,-1.721,118.0,0.469,50.0,0.199,28.0,0.111
,2025-08-26 00:00:00+08:00,601118.XSHG,0.76,-87.0,-0.332,-323.0,-1.233,236.0,0.901,137.0,0.523,87.0,0.332
,2025-08-27 00:00:00+08:00,601118.XSHG,-2.85,-2535.0,-10.213,-1990.0,-8.017,-545.0,-2.196,-76.0,-0.306,94.0,0.379
,2025-08-28 00:00:00+08:00,601118.XSHG,1.17,1309.0,6.206,561.0,2.66,748.0,3.546,-198.0,-0.939,-13.0,-0.062
,2025-08-29 00:00:00+08:00,601118.XSHG,0.58,642.0,3.006,769.0,3.6,-127.0,-0.595,-133.0,-0.623,47.0,0.22
,2025-09-01 00:00:00+08:00,601118.XSHG,0.96,-907.0,-2.753,-653.0,-1.982,-254.0,-0.771,124.0,0.376,138.0,0.419
,2025-09-02 00:00:00+08:00,601118.XSHG,-0.57,-922.0,-4.543,-520.0,-2.562,-402.0,-1.981,152.0,0.749,28.0,0.138
,2025-09-03 00:00:00+08:00,601118.XSHG,-0.38,2239.0,9.186,1649.0,6.765,590.0,2.421,322.0,1.321,-48.0,-0.197
,2025-09-04 00:00:00+08:00,601118.XSHG,0.19,-334.0,-1.803,236.0,1.274,-570.0,-3.077,46.0,0.248,-63.0,-0.34
,2025-09-05 00:00:00+08:00,601118.XSHG,1.34,1454.0,5.506,693.0,2.624,761.0,2.882,36.0,0.136,1.0,0.004
,2025-09-08 00:00:00+08:00,601118.XSHG,1.69,246.0,0.98,-179.0,-0.713,425.0,1.694,195.0,0.777,-9.0,-0.036
,2025-09-09 00:00:00+08:00,601118.XSHG,-0.55,1123.0,7.113,781.0,4.947,342.0,2.166,-68.0,-0.431,-19.0,-0.12
,2025-09-10 00:00:00+08:00,601118.XSHG,-1.11,2.0,0.013,51.0,0.338,-49.0,-0.325,11.0,0.073,35.0,0.232
,2025-09-11 00:00:00+08:00,601118.XSHG,0.56,686.0,3.713,380.0,2.057,306.0,1.656,-79.0,-0.428,7.0,0.038
,2025-09-12 00:00:00+08:00,601118.XSHG,2.23,1354.0,4.412,-6.0,-0.02,1360.0,4.431,358.0,1.167,-75.0,-0.244
,2025-09-15 00:00:00+08:00,601118.XSHG,-1.45,-1056.0,-6.062,-557.0,-3.198,-499.0,-2.865,111.0,0.637,-43.0,-0.247
,2025-09-16 00:00:00+08:00,601118.XSHG,0.55,228.0,1.333,551.0,3.222,-323.0,-1.889,-129.0,-0.754,-14.0,-0.082
,2025-09-17 00:00:00+08:00,601118.XSHG,-1.83,-1112.0,-7.223,-272.0,-1.767,-840.0,-5.456,-161.0,-1.046,10.0,0.065
,2025-09-18 00:00:00+08:00,601118.XSHG,-0.74,736.0,2.887,789.0,3.095,-53.0,-0.208,-17.0,-0.067,-4.0,-0.016
,2025-09-19 00:00:00+08:00,601118.XSHG,-0.38,-669.0,-4.776,-493.0,-3.519,-176.0,-1.256,-69.0,-0.493,-13.0,-0.093
,2025-09-22 00:00:00+08:00,601118.XSHG,-0.75,-391.0,-3.366,-349.0,-3.005,-42.0,-0.362,-194.0,-1.67,22.0,0.189
,2025-09-23 00:00:00+08:00,601118.XSHG,-1.71,-125.0,-0.598,-262.0,-1.253,137.0,0.655,74.0,0.354,32.0,0.153
,2025-09-24 00:00:00+08:00,601118.XSHG,0.97,1000.0,8.628,964.0,8.318,36.0,0.311,29.0,0.25,-19.0,-0.164
,2025-09-25 00:00:00+08:00,601118.XSHG,-0.57,-62.0,-0.679,-418.0,-4.577,356.0,3.898,-24.0,-0.263,9.0,0.099
,2025-09-26 00:00:00+08:00,601118.XSHG,1.16,841.0,6.31,116.0,0.87,725.0,5.44,-8.0,-0.06,-37.0,-0.278
,2025-09-29 00:00:00+08:00,601118.XSHG,0.38,512.0,3.308,183.0,1.182,329.0,2.126,-55.0,-0.355,-2.0,-0.013
,2025-09-30 00:00:00+08:00,601118.XSHG,2.85,2860.0,13.628,2100.0,10.007,760.0,3.621,-25.0,-0.119,2.0,0.01
,2025-10-09 00:00:00+08:00,601118.XSHG,-0.74,-770.0,-4.118,-293.0,-1.567,-477.0,-2.551,-178.0,-0.952,96.0,0.513
,2025-10-10 00:00:00+08:00,601118.XSHG,1.12,-126.0,-0.549,-407.0,-1.772,281.0,1.223,272.0,1.184,11.0,0.048
,2025-10-13 00:00:00+08:00,601118.XSHG,-0.74,-629.0,-3.074,-461.0,-2.253,-168.0,-0.821,-93.0,-0.455,24.0,0.117
,2025-10-14 00:00:00+08:00,601118.XSHG,1.12,1795.0,6.528,2040.0,7.419,-245.0,-0.891,538.0,1.957,-41.0,-0.149
,2025-10-15 00:00:00+08:00,601118.XSHG,-0.37,-925.0,-5.733,-1067.0,-6.613,142.0,0.88,81.0,0.502,-97.0,-0.601
,2025-10-16 00:00:00+08:00,601118.XSHG,1.12,2421.0,11.536,2225.0,10.602,196.0,0.934,-41.0,-0.195,31.0,0.148
,2025-10-17 00:00:00+08:00,601118.XSHG,-0.74,2171.0,8.077,2092.0,7.783,79.0,0.294,-143.0,-0.532,-9.0,-0.033
,2025-10-20 00:00:00+08:00,601118.XSHG,1.85,3096.0,8.113,3477.0,9.112,-381.0,-0.998,39.0,0.102,-14.0,-0.037
,2025-10-21 00:00:00+08:00,601118.XSHG,1.81,2741.0,9.296,2725.0,9.241,16.0,0.054,-47.0,-0.159,-73.0,-0.248
,2025-10-22 00:00:00+08:00,601118.XSHG,-2.68,-1684.0,-7.734,-1864.0,-8.561,180.0,0.827,1.0,0.005,-84.0,-0.386
,2025-10-23 00:00:00+08:00,601118.XSHG,0.55,497.0,3.596,40.0,0.289,457.0,3.307,12.0,0.087,-19.0,-0.137
,2025-10-24 00:00:00+08:00,601118.XSHG,-1.28,-929.0,-4.63,-867.0,-4.321,-62.0,-0.309,-203.0,-1.012,69.0,0.344
,2025-10-27 00:00:00+08:00,601118.XSHG,0.55,204.0,1.239,24.0,0.146,180.0,1.094,-224.0,-1.361,-20.0,-0.122
,2025-10-28 00:00:00+08:00,601118.XSHG,0.0,-458.0,-3.678,-105.0,-0.843,-353.0,-2.834,-374.0,-3.003,41.0,0.329
,2025-10-29 00:00:00+08:00,601118.XSHG,3.3,3079.0,9.745,1904.0,6.026,1175.0,3.719,-366.0,-1.158,19.0,0.06
,2025-10-30 00:00:00+08:00,601118.XSHG,-1.07,1705.0,6.923,1569.0,6.371,136.0,0.552,-206.0,-0.836,70.0,0.284
,2025-10-31 00:00:00+08:00,601118.XSHG,1.62,-157.0,-0.525,-296.0,-0.99,139.0,0.465,152.0,0.508,-21.0,-0.07
,2025-11-03 00:00:00+08:00,601118.XSHG,5.67,2330.0,3.733,1812.0,2.903,518.0,0.83,348.0,0.558,-3.0,-0.005
,2025-11-04 00:00:00+08:00,601118.XSHG,-0.34,3024.0,7.056,1355.0,3.162,1669.0,3.894,223.0,0.52,-48.0,-0.112
,2025-11-05 00:00:00+08:00,601118.XSHG,1.34,840.0,1.46,224.0,0.389,616.0,1.071,79.0,0.137,-98.0,-0.17
,2025-11-06 00:00:00+08:00,601118.XSHG,-2.82,1367.0,3.233,72.0,0.17,1295.0,3.062,-263.0,-0.622,-58.0,-0.137
,2025-11-07 00:00:00+08:00,601118.XSHG,2.74,2068.0,4.302,2587.0,5.382,-519.0,-1.08,81.0,0.168,-14.0,-0.029
,2025-11-10 00:00:00+08:00,601118.XSHG,2.33,2699.0,4.189,3924.0,6.09,-1225.0,-1.901,118.0,0.183,29.0,0.045
,2025-11-11 00:00:00+08:00,601118.XSHG,-0.81,844.0,2.948,297.0,1.037,547.0,1.91,269.0,0.94,-15.0,-0.052
,2025-11-12 00:00:00+08:00,601118.XSHG,-0.82,-124.0,-0.49,236.0,0.933,-360.0,-1.424,-333.0,-1.317,52.0,0.206
,2025-11-13 00:00:00+08:00,601118.XSHG,1.33,997.0,3.84,1222.0,4.707,-225.0,-0.867,-68.0,-0.262,59.0,0.227
,2025-11-14 00:00:00+08:00,601118.XSHG,2.62,5655.0,9.753,4457.0,7.686,1198.0,2.066,-287.0,-0.495,22.0,0.038
,2025-11-17 00:00:00+08:00,601118.XSHG,-0.8,-989.0,-2.407,-79.0,-0.192,-910.0,-2.215,241.0,0.587,-40.0,-0.097
,2025-11-18 00:00:00+08:00,601118.XSHG,-1.77,1537.0,2.776,994.0,1.795,543.0,0.981,142.0,0.256,-18.0,-0.033
,2025-11-19 00:00:00+08:00,601118.XSHG,-3.28,-2035.0,-4.96,-1502.0,-3.661,-533.0,-1.299,-149.0,-0.363,-45.0,-0.11
,2025-11-20 00:00:00+08:00,601118.XSHG,1.86,269.0,0.489,3257.0,5.926,-2988.0,-5.437,133.0,0.242,31.0,0.056
,2025-11-21 00:00:00+08:00,601118.XSHG,-3.33,-2030.0,-4.521,91.0,0.203,-2121.0,-4.724,224.0,0.499,-39.0,-0.087
,2025-11-24 00:00:00+08:00,601118.XSHG,-2.07,-2787.0,-8.077,-1727.0,-5.005,-1060.0,-3.072,70.0,0.203,-50.0,-0.145
,2025-11-25 00:00:00+08:00,601118.XSHG,0.35,-484.0,-1.361,-74.0,-0.208,-410.0,-1.153,-25.0,-0.07,1.0,0.003
,2025-11-26 00:00:00+08:00,601118.XSHG,0.7,3610.0,8.919,4232.0,10.456,-622.0,-1.537,180.0,0.445,65.0,0.161
,2025-11-27 00:00:00+08:00,601118.XSHG,-2.25,-2400.0,-8.287,-2451.0,-8.463,51.0,0.176,-272.0,-0.939,30.0,0.104
,2025-11-28 00:00:00+08:00,601118.XSHG,8.35,10190.0,13.601,9218.0,12.304,972.0,1.297,-17.0,-0.023,-110.0,-0.147
,2025-12-01 00:00:00+08:00,601118.XSHG,-2.79,-4929.0,-11.142,-4083.0,-9.229,-846.0,-1.912,-115.0,-0.26,66.0,0.149
,2025-12-02 00:00:00+08:00,601118.XSHG,0.85,1486.0,3.665,-129.0,-0.318,1615.0,3.983,3.0,0.007,-24.0,-0.059
,2025-12-03 00:00:00+08:00,601118.XSHG,-0.34,1961.0,4.114,1363.0,2.859,598.0,1.255,-109.0,-0.229,-22.0,-0.046
,2025-12-04 00:00:00+08:00,601118.XSHG,-3.71,-1858.0,-4.658,-1841.0,-4.615,-17.0,-0.043,-132.0,-0.331,-17.0,-0.043
,2025-12-05 00:00:00+08:00,601118.XSHG,2.63,3739.0,11.3,3709.0,11.21,30.0,0.091,-287.0,-0.867,115.0,0.348
,2025-12-08 00:00:00+08:00,601118.XSHG,1.19,995.0,2.801,957.0,2.694,38.0,0.107,-434.0,-1.222,-88.0,-0.248
,2025-12-09 00:00:00+08:00,601118.XSHG,-3.38,-4937.0,-12.128,-4037.0,-9.917,-900.0,-2.211,-106.0,-0.26,2.0,0.005
,2025-12-10 00:00:00+08:00,601118.XSHG,5.6,11792.0,13.675,12466.0,14.457,-674.0,-0.782,262.0,0.304,2.0,0.002
,2025-12-11 00:00:00+08:00,601118.XSHG,-4.14,-2034.0,-3.784,-1565.0,-2.911,-469.0,-0.872,-247.0,-0.459,25.0,0.047
,2025-12-12 00:00:00+08:00,601118.XSHG,-2.59,-8107.0,-18.254,-6903.0,-15.543,-1204.0,-2.711,-47.0,-0.106,64.0,0.144
,2025-12-15 00:00:00+08:00,601118.XSHG,0.53,1366.0,4.598,510.0,1.717,856.0,2.881,176.0,0.592,-60.0,-0.202
,2025-12-16 00:00:00+08:00,601118.XSHG,-3.18,-2961.0,-8.372,-1311.0,-3.707,-1650.0,-4.665,-303.0,-0.857,93.0,0.263
,2025-12-17 00:00:00+08:00,601118.XSHG,-1.46,-1688.0,-6.118,-662.0,-2.399,-1026.0,-3.719,-278.0,-1.008,1.0,0.004
,2025-12-18 00:00:00+08:00,601118.XSHG,-2.03,-1646.0,-6.35,-931.0,-3.592,-715.0,-2.758,-135.0,-0.521,-28.0,-0.108
,2025-12-19 00:00:00+08:00,601118.XSHG,4.91,885.0,2.309,778.0,2.03,107.0,0.279,63.0,0.164,-72.0,-0.188
,2025-12-22 00:00:00+08:00,601118.XSHG,9.95,11481.0,14.836,11469.0,14.821,12.0,0.016,6.0,0.008,-4.0,-0.005
,2025-12-23 00:00:00+08:00,601118.XSHG,-0.33,200.0,0.138,441.0,0.304,-241.0,-0.166,24.0,0.017,-12.0,-0.008
,2025-12-24 00:00:00+08:00,601118.XSHG,-1.98,3622.0,4.999,4291.0,5.922,-669.0,-0.923,-94.0,-0.13,-92.0,-0.127
,2025-12-25 00:00:00+08:00,601118.XSHG,-2.36,-4020.0,-8.747,-2930.0,-6.376,-1090.0,-2.372,123.0,0.268,25.0,0.054
,2025-01-02 00:00:00+08:00,601969.XSHG,-3.53,-382.0,-4.145,347.0,3.766,-729.0,-7.911,-130.0,-1.411,-34.0,-0.369
,2025-01-03 00:00:00+08:00,601969.XSHG,-2.63,-84.0,-0.948,0.0,0.0,-84.0,-0.948,-381.0,-4.298,-35.0,-0.395
,2025-01-06 00:00:00+08:00,601969.XSHG,0.9,-123.0,-1.758,-138.0,-1.972,15.0,0.214,105.0,1.501,37.0,0.529
,2025-01-07 00:00:00+08:00,601969.XSHG,0.15,-221.0,-4.213,57.0,1.087,-278.0,-5.299,19.0,0.362,54.0,1.029
,2025-01-08 00:00:00+08:00,601969.XSHG,-3.26,-542.0,-5.733,252.0,2.666,-794.0,-8.399,148.0,1.565,15.0,0.159
,2025-01-09 00:00:00+08:00,601969.XSHG,0.15,-32.0,-0.604,0.0,0.0,-32.0,-0.604,-77.0,-1.453,14.0,0.264
,2025-01-10 00:00:00+08:00,601969.XSHG,-1.83,-358.0,-7.959,-9.0,-0.2,-349.0,-7.759,-121.0,-2.69,-33.0,-0.734
,2025-01-13 00:00:00+08:00,601969.XSHG,1.56,425.0,8.756,0.0,0.0,425.0,8.756,47.0,0.968,-8.0,-0.165
,2025-01-14 00:00:00+08:00,601969.XSHG,2.76,-254.0,-2.963,-333.0,-3.884,79.0,0.921,93.0,1.085,-50.0,-0.583
,2025-01-15 00:00:00+08:00,601969.XSHG,-1.34,-299.0,-4.216,-204.0,-2.876,-95.0,-1.34,-37.0,-0.522,-36.0,-0.508
,2025-01-16 00:00:00+08:00,601969.XSHG,2.72,671.0,7.2,439.0,4.71,232.0,2.489,81.0,0.869,-35.0,-0.376
,2025-01-17 00:00:00+08:00,601969.XSHG,0.29,251.0,4.352,235.0,4.074,16.0,0.277,28.0,0.485,48.0,0.832
,2025-01-20 00:00:00+08:00,601969.XSHG,-0.44,-571.0,-8.92,-762.0,-11.904,191.0,2.984,-60.0,-0.937,50.0,0.781
,2025-01-21 00:00:00+08:00,601969.XSHG,-1.03,-79.0,-1.274,-134.0,-2.161,55.0,0.887,-100.0,-1.613,-26.0,-0.419
,2025-01-22 00:00:00+08:00,601969.XSHG,2.69,744.0,5.453,553.0,4.053,191.0,1.4,68.0,0.498,33.0,0.242
,2025-01-23 00:00:00+08:00,601969.XSHG,-1.16,-324.0,-2.544,-188.0,-1.476,-136.0,-1.068,612.0,4.806,1.0,0.008
,2025-01-24 00:00:00+08:00,601969.XSHG,1.18,181.0,2.226,113.0,1.39,68.0,0.836,-304.0,-3.739,1.0,0.012
,2025-01-27 00:00:00+08:00,601969.XSHG,-0.73,574.0,8.647,226.0,3.405,348.0,5.243,-53.0,-0.798,30.0,0.452
,2025-02-05 00:00:00+08:00,601969.XSHG,-1.03,-469.0,-7.566,-203.0,-3.275,-266.0,-4.291,-36.0,-0.581,-32.0,-0.516
,2025-02-06 00:00:00+08:00,601969.XSHG,1.19,-446.0,-7.059,111.0,1.757,-557.0,-8.816,-35.0,-0.554,5.0,0.079
,2025-02-07 00:00:00+08:00,601969.XSHG,2.06,740.0,7.112,415.0,3.988,325.0,3.123,-254.0,-2.441,4.0,0.038
,2025-02-10 00:00:00+08:00,601969.XSHG,-0.14,-373.0,-4.99,-126.0,-1.686,-247.0,-3.304,93.0,1.244,8.0,0.107
,2025-02-11 00:00:00+08:00,601969.XSHG,-0.43,686.0,10.361,-205.0,-3.096,891.0,13.457,-21.0,-0.317,-16.0,-0.242
,2025-02-12 00:00:00+08:00,601969.XSHG,0.0,-253.0,-4.136,-179.0,-2.926,-74.0,-1.21,-125.0,-2.043,-42.0,-0.687
,2025-02-13 00:00:00+08:00,601969.XSHG,-0.87,-345.0,-5.453,-420.0,-6.638,75.0,1.185,161.0,2.545,1.0,0.016
,2025-02-14 00:00:00+08:00,601969.XSHG,-0.15,612.0,9.284,580.0,8.799,32.0,0.485,47.0,0.713,53.0,0.804
,2025-02-17 00:00:00+08:00,601969.XSHG,-1.03,-173.0,-2.26,-285.0,-3.723,112.0,1.463,-3.0,-0.039,1.0,0.013
,2025-02-18 00:00:00+08:00,601969.XSHG,-1.04,-240.0,-3.563,-112.0,-1.663,-128.0,-1.901,-165.0,-2.45,18.0,0.267
,2025-02-19 00:00:00+08:00,601969.XSHG,0.9,-164.0,-2.694,-112.0,-1.84,-52.0,-0.854,48.0,0.788,20.0,0.329
,2025-02-20 00:00:00+08:00,601969.XSHG,-0.59,273.0,4.676,5.0,0.086,268.0,4.591,159.0,2.724,2.0,0.034
,2025-02-21 00:00:00+08:00,601969.XSHG,0.6,103.0,1.202,469.0,5.474,-366.0,-4.272,105.0,1.225,22.0,0.257
,2025-02-24 00:00:00+08:00,601969.XSHG,-0.45,-338.0,-5.325,-458.0,-7.216,120.0,1.891,85.0,1.339,65.0,1.024
,2025-02-25 00:00:00+08:00,601969.XSHG,0.6,1258.0,9.794,987.0,7.685,271.0,2.11,84.0,0.654,110.0,0.856
,2025-02-26 00:00:00+08:00,601969.XSHG,3.41,2545.0,13.612,1644.0,8.793,901.0,4.819,225.0,1.203,57.0,0.305
,2025-02-27 00:00:00+08:00,601969.XSHG,2.44,144.0,0.682,201.0,0.952,-57.0,-0.27,104.0,0.493,73.0,0.346
,2025-02-28 00:00:00+08:00,601969.XSHG,-3.09,-630.0,-4.092,-171.0,-1.111,-459.0,-2.981,-51.0,-0.331,-5.0,-0.032
,2025-03-03 00:00:00+08:00,601969.XSHG,3.04,1876.0,10.911,1298.0,7.549,578.0,3.362,40.0,0.233,48.0,0.279
,2025-03-04 00:00:00+08:00,601969.XSHG,0.84,637.0,5.103,658.0,5.271,-21.0,-0.168,-316.0,-2.531,27.0,0.216
,2025-03-05 00:00:00+08:00,601969.XSHG,-0.28,767.0,6.696,754.0,6.582,13.0,0.113,-299.0,-2.61,-14.0,-0.122
,2025-03-06 00:00:00+08:00,601969.XSHG,-0.42,292.0,2.436,188.0,1.568,104.0,0.868,-26.0,-0.217,-28.0,-0.234
,2025-03-07 00:00:00+08:00,601969.XSHG,1.69,717.0,4.165,525.0,3.05,192.0,1.115,-197.0,-1.144,-16.0,-0.093
,2025-03-10 00:00:00+08:00,601969.XSHG,-0.28,-621.0,-5.378,-615.0,-5.326,-6.0,-0.052,-97.0,-0.84,20.0,0.173
,2025-03-11 00:00:00+08:00,601969.XSHG,1.38,-695.0,-5.37,-291.0,-2.248,-404.0,-3.122,43.0,0.332,24.0,0.185
,2025-03-12 00:00:00+08:00,601969.XSHG,-1.5,-1046.0,-10.186,-814.0,-7.927,-232.0,-2.259,218.0,2.123,100.0,0.974
,2025-03-13 00:00:00+08:00,601969.XSHG,-0.97,277.0,3.297,0.0,0.0,277.0,3.297,-418.0,-4.975,9.0,0.107
,2025-03-14 00:00:00+08:00,601969.XSHG,1.11,861.0,7.056,709.0,5.81,152.0,1.246,9.0,0.074,46.0,0.377
,2025-03-17 00:00:00+08:00,601969.XSHG,-0.14,874.0,6.758,300.0,2.32,574.0,4.438,23.0,0.178,-29.0,-0.224
,2025-03-18 00:00:00+08:00,601969.XSHG,0.14,130.0,1.591,326.0,3.989,-196.0,-2.398,-55.0,-0.673,-53.0,-0.648
,2025-03-19 00:00:00+08:00,601969.XSHG,-1.51,-626.0,-8.458,-638.0,-8.62,12.0,0.162,-4.0,-0.054,43.0,0.581
,2025-03-20 00:00:00+08:00,601969.XSHG,2.92,3796.0,18.748,2707.0,13.369,1089.0,5.378,-97.0,-0.479,12.0,0.059
,2025-03-21 00:00:00+08:00,601969.XSHG,0.67,1071.0,4.244,1331.0,5.274,-260.0,-1.03,281.0,1.113,26.0,0.103
,2025-03-24 00:00:00+08:00,601969.XSHG,-0.54,757.0,3.892,575.0,2.956,182.0,0.936,-262.0,-1.347,-12.0,-0.062
,2025-03-25 00:00:00+08:00,601969.XSHG,-1.75,-664.0,-5.229,-329.0,-2.591,-335.0,-2.638,-143.0,-1.126,11.0,0.087
,2025-03-26 00:00:00+08:00,601969.XSHG,0.68,2081.0,12.4,2007.0,11.959,74.0,0.441,-230.0,-1.371,-48.0,-0.286
,2025-03-27 00:00:00+08:00,601969.XSHG,-1.77,-971.0,-8.488,97.0,0.848,-1068.0,-9.336,-272.0,-2.378,13.0,0.114
,2025-03-28 00:00:00+08:00,601969.XSHG,-1.39,-53.0,-0.554,-75.0,-0.784,22.0,0.23,-162.0,-1.694,31.0,0.324
,2025-03-31 00:00:00+08:00,601969.XSHG,-0.98,-178.0,-2.356,-7.0,-0.093,-171.0,-2.263,-304.0,-4.024,-45.0,-0.596
,2025-04-01 00:00:00+08:00,601969.XSHG,4.4,2856.0,17.768,1642.0,10.215,1214.0,7.553,-255.0,-1.586,-62.0,-0.386
,2025-04-02 00:00:00+08:00,601969.XSHG,-1.5,-735.0,-8.178,-476.0,-5.297,-259.0,-2.882,-20.0,-0.223,-81.0,-0.901
,2025-04-03 00:00:00+08:00,601969.XSHG,-0.41,-907.0,-10.515,-551.0,-6.388,-356.0,-4.127,-73.0,-0.846,-21.0,-0.243
,2025-04-07 00:00:00+08:00,601969.XSHG,-9.68,771.0,2.935,1229.0,4.678,-458.0,-1.743,-768.0,-2.923,65.0,0.247
,2025-04-08 00:00:00+08:00,601969.XSHG,5.36,-242.0,-1.178,-438.0,-2.131,196.0,0.954,-25.0,-0.122,15.0,0.073
,2025-04-09 00:00:00+08:00,601969.XSHG,1.16,-965.0,-5.262,-1362.0,-7.427,397.0,2.165,325.0,1.772,-9.0,-0.049
,2025-04-10 00:00:00+08:00,601969.XSHG,1.15,2364.0,12.808,2420.0,13.112,-56.0,-0.303,-93.0,-0.504,-27.0,-0.146
,2025-04-11 00:00:00+08:00,601969.XSHG,0.28,488.0,4.673,734.0,7.028,-246.0,-2.355,-36.0,-0.345,7.0,0.067
,2025-04-14 00:00:00+08:00,601969.XSHG,6.93,4692.0,14.178,2195.0,6.633,2497.0,7.545,73.0,0.221,-17.0,-0.051
,2025-04-15 00:00:00+08:00,601969.XSHG,-4.5,-314.0,-0.812,1778.0,4.597,-2092.0,-5.409,230.0,0.595,-9.0,-0.023
,2025-04-16 00:00:00+08:00,601969.XSHG,-2.63,-1096.0,-7.509,-725.0,-4.967,-371.0,-2.542,57.0,0.391,-2.0,-0.014
,2025-04-17 00:00:00+08:00,601969.XSHG,-0.28,-501.0,-6.725,-291.0,-3.906,-210.0,-2.819,-205.0,-2.752,33.0,0.443
,2025-04-18 00:00:00+08:00,601969.XSHG,-0.57,-314.0,-5.223,0.0,0.0,-314.0,-5.223,-36.0,-0.599,-55.0,-0.915
,2025-04-21 00:00:00+08:00,601969.XSHG,3.02,1422.0,14.25,563.0,5.642,859.0,8.608,59.0,0.591,-66.0,-0.661
,2025-04-22 00:00:00+08:00,601969.XSHG,0.28,-375.0,-5.466,-412.0,-6.005,37.0,0.539,-188.0,-2.74,-76.0,-1.108
,2025-04-23 00:00:00+08:00,601969.XSHG,2.23,2133.0,14.116,2158.0,14.281,-25.0,-0.165,50.0,0.331,-62.0,-0.41
,2025-04-24 00:00:00+08:00,601969.XSHG,-0.82,148.0,1.515,759.0,7.769,-611.0,-6.254,-28.0,-0.287,-118.0,-1.208
,2025-04-25 00:00:00+08:00,601969.XSHG,0.55,545.0,6.411,621.0,7.305,-76.0,-0.894,-215.0,-2.529,23.0,0.271
,2025-04-28 00:00:00+08:00,601969.XSHG,0.27,-50.0,-0.708,293.0,4.146,-343.0,-4.854,-30.0,-0.425,-40.0,-0.566
,2025-04-29 00:00:00+08:00,601969.XSHG,0.96,-254.0,-2.936,-287.0,-3.318,33.0,0.382,-147.0,-1.699,20.0,0.231
,2025-04-30 00:00:00+08:00,601969.XSHG,-5.28,-2878.0,-15.169,-2308.0,-12.165,-570.0,-3.004,-60.0,-0.316,20.0,0.105
,2025-05-06 00:00:00+08:00,601969.XSHG,1.14,1134.0,11.156,109.0,1.072,1025.0,10.084,93.0,0.915,-1.0,-0.01
,2025-05-07 00:00:00+08:00,601969.XSHG,0.14,-535.0,-6.956,-119.0,-1.547,-416.0,-5.409,-77.0,-1.001,9.0,0.117
,2025-05-08 00:00:00+08:00,601969.XSHG,0.0,718.0,10.488,499.0,7.289,219.0,3.199,181.0,2.644,29.0,0.424
,2025-05-09 00:00:00+08:00,601969.XSHG,-0.56,-842.0,-14.482,-702.0,-12.074,-140.0,-2.408,-15.0,-0.258,66.0,1.135
,2025-05-12 00:00:00+08:00,601969.XSHG,1.28,230.0,4.401,129.0,2.468,101.0,1.933,-42.0,-0.804,27.0,0.517
,2025-05-13 00:00:00+08:00,601969.XSHG,-0.42,-305.0,-4.948,9.0,0.146,-314.0,-5.094,-4.0,-0.065,0.0,0.0
,2025-05-14 00:00:00+08:00,601969.XSHG,1.13,1168.0,13.599,890.0,10.362,278.0,3.237,-95.0,-1.106,-4.0,-0.047
,2025-05-15 00:00:00+08:00,601969.XSHG,0.0,220.0,3.575,198.0,3.218,22.0,0.358,97.0,1.576,-16.0,-0.26
,2025-05-16 00:00:00+08:00,601969.XSHG,0.84,794.0,10.725,689.0,9.307,105.0,1.418,57.0,0.77,50.0,0.675
,2025-05-19 00:00:00+08:00,601969.XSHG,-0.69,-347.0,-5.286,0.0,0.0,-347.0,-5.286,-68.0,-1.036,50.0,0.762
,2025-05-20 00:00:00+08:00,601969.XSHG,0.56,14.0,0.296,0.0,0.0,14.0,0.296,9.0,0.19,4.0,0.085
,2025-05-21 00:00:00+08:00,601969.XSHG,-0.7,-810.0,-15.713,-517.0,-10.029,-293.0,-5.684,-49.0,-0.951,33.0,0.64
,2025-05-22 00:00:00+08:00,601969.XSHG,-1.41,-1211.0,-23.487,-478.0,-9.271,-733.0,-14.216,-35.0,-0.679,26.0,0.504
,2025-05-23 00:00:00+08:00,601969.XSHG,-1.0,-763.0,-17.532,-490.0,-11.259,-273.0,-6.273,21.0,0.483,24.0,0.551
,2025-05-26 00:00:00+08:00,601969.XSHG,0.43,457.0,5.311,832.0,9.669,-375.0,-4.358,-209.0,-2.429,42.0,0.488
,2025-05-27 00:00:00+08:00,601969.XSHG,-1.88,-517.0,-8.151,-375.0,-5.912,-142.0,-2.239,151.0,2.381,80.0,1.261
,2025-05-28 00:00:00+08:00,601969.XSHG,0.29,275.0,6.848,193.0,4.806,82.0,2.042,103.0,2.565,36.0,0.896
,2025-05-29 00:00:00+08:00,601969.XSHG,0.88,-170.0,-3.246,249.0,4.755,-419.0,-8.001,144.0,2.75,36.0,0.687
,2025-05-30 00:00:00+08:00,601969.XSHG,-0.87,-123.0,-4.042,-115.0,-3.779,-8.0,-0.263,-71.0,-2.333,15.0,0.493
,2025-06-03 00:00:00+08:00,601969.XSHG,-0.44,-244.0,-6.51,0.0,0.0,-244.0,-6.51,-93.0,-2.481,-29.0,-0.774
,2025-06-04 00:00:00+08:00,601969.XSHG,2.79,943.0,13.979,540.0,8.005,403.0,5.974,150.0,2.224,-54.0,-0.8
,2025-06-05 00:00:00+08:00,601969.XSHG,-1.0,-494.0,-10.513,-300.0,-6.384,-194.0,-4.129,-162.0,-3.448,-12.0,-0.255
,2025-06-06 00:00:00+08:00,601969.XSHG,1.15,1255.0,12.757,1188.0,12.076,67.0,0.681,-285.0,-2.897,25.0,0.254
,2025-06-09 00:00:00+08:00,601969.XSHG,-0.28,-489.0,-9.596,-177.0,-3.473,-312.0,-6.122,20.0,0.392,70.0,1.374
,2025-06-10 00:00:00+08:00,601969.XSHG,-0.71,-1351.0,-17.932,-1324.0,-17.574,-27.0,-0.358,20.0,0.265,29.0,0.385
,2025-06-11 00:00:00+08:00,601969.XSHG,1.29,1237.0,12.69,1672.0,17.152,-435.0,-4.462,-17.0,-0.174,-49.0,-0.503
,2025-06-12 00:00:00+08:00,601969.XSHG,0.0,238.0,3.25,138.0,1.885,100.0,1.366,-77.0,-1.052,11.0,0.15
,2025-06-13 00:00:00+08:00,601969.XSHG,3.11,3183.0,12.929,3884.0,15.776,-701.0,-2.847,-103.0,-0.418,-26.0,-0.106
,2025-06-16 00:00:00+08:00,601969.XSHG,2.05,1532.0,5.23,2049.0,6.995,-517.0,-1.765,-140.0,-0.478,-21.0,-0.072
,2025-06-17 00:00:00+08:00,601969.XSHG,-0.67,191.0,1.169,508.0,3.108,-317.0,-1.94,-175.0,-1.071,-40.0,-0.245
,2025-06-18 00:00:00+08:00,601969.XSHG,2.83,2257.0,9.767,1640.0,7.097,617.0,2.67,-420.0,-1.817,40.0,0.173
,2025-06-19 00:00:00+08:00,601969.XSHG,-2.1,-302.0,-1.528,171.0,0.865,-473.0,-2.393,-153.0,-0.774,-67.0,-0.339
,2025-06-20 00:00:00+08:00,601969.XSHG,-1.08,-452.0,-4.814,107.0,1.14,-559.0,-5.953,-100.0,-1.065,-54.0,-0.575
,2025-06-23 00:00:00+08:00,601969.XSHG,3.13,1981.0,9.773,2307.0,11.381,-326.0,-1.608,-353.0,-1.741,-57.0,-0.281
,2025-06-24 00:00:00+08:00,601969.XSHG,-6.08,-3206.0,-10.697,-2321.0,-7.744,-885.0,-2.953,101.0,0.337,22.0,0.073
,2025-06-25 00:00:00+08:00,601969.XSHG,0.98,1473.0,8.812,1334.0,7.98,139.0,0.832,229.0,1.37,28.0,0.168
,2025-06-26 00:00:00+08:00,601969.XSHG,-0.28,724.0,7.246,87.0,0.871,637.0,6.375,96.0,0.961,-53.0,-0.53
,2025-06-27 00:00:00+08:00,601969.XSHG,1.12,1632.0,11.022,1206.0,8.145,426.0,2.877,-116.0,-0.783,41.0,0.277
,2025-06-30 00:00:00+08:00,601969.XSHG,0.0,-1147.0,-11.646,-470.0,-4.772,-677.0,-6.874,-112.0,-1.137,-11.0,-0.112
,2025-07-01 00:00:00+08:00,601969.XSHG,-0.41,276.0,4.332,-211.0,-3.312,487.0,7.644,-40.0,-0.628,61.0,0.957
,2025-07-02 00:00:00+08:00,601969.XSHG,1.66,589.0,4.062,405.0,2.793,184.0,1.269,-3.0,-0.021,47.0,0.324
,2025-07-03 00:00:00+08:00,601969.XSHG,-0.68,-888.0,-8.906,-630.0,-6.318,-258.0,-2.588,20.0,0.201,-31.0,-0.311
,2025-07-04 00:00:00+08:00,601969.XSHG,-1.1,-252.0,-3.266,-111.0,-1.439,-141.0,-1.827,-145.0,-1.879,30.0,0.389
,2025-07-07 00:00:00+08:00,601969.XSHG,-0.55,-247.0,-3.611,-181.0,-2.646,-66.0,-0.965,-144.0,-2.105,12.0,0.175
,2025-07-08 00:00:00+08:00,601969.XSHG,1.95,1226.0,10.711,682.0,5.958,544.0,4.753,166.0,1.45,3.0,0.026
,2025-07-09 00:00:00+08:00,601969.XSHG,-0.14,-482.0,-4.463,-413.0,-3.824,-69.0,-0.639,-113.0,-1.046,-4.0,-0.037
,2025-07-10 00:00:00+08:00,601969.XSHG,1.23,837.0,6.628,725.0,5.741,112.0,0.887,37.0,0.293,-66.0,-0.523
,2025-07-11 00:00:00+08:00,601969.XSHG,1.35,-163.0,-0.78,-293.0,-1.403,130.0,0.622,178.0,0.852,27.0,0.129
,2025-07-14 00:00:00+08:00,601969.XSHG,1.6,-1.0,-0.004,83.0,0.302,-84.0,-0.306,-133.0,-0.485,-11.0,-0.04
,2025-07-15 00:00:00+08:00,601969.XSHG,-1.7,-610.0,-3.995,-726.0,-4.754,116.0,0.76,6.0,0.039,-16.0,-0.105
,2025-07-16 00:00:00+08:00,601969.XSHG,0.0,-617.0,-7.367,-733.0,-8.752,116.0,1.385,-36.0,-0.43,-67.0,-0.8
,2025-07-17 00:00:00+08:00,601969.XSHG,2.94,1881.0,13.562,1018.0,7.34,863.0,6.222,131.0,0.944,-67.0,-0.483
,2025-07-18 00:00:00+08:00,601969.XSHG,0.0,-183.0,-1.48,-160.0,-1.294,-23.0,-0.186,-61.0,-0.493,35.0,0.283
,2025-07-21 00:00:00+08:00,601969.XSHG,4.41,3028.0,9.67,2806.0,8.961,222.0,0.709,39.0,0.125,-72.0,-0.23
,2025-07-22 00:00:00+08:00,601969.XSHG,2.36,-2372.0,-7.498,-1235.0,-3.904,-1137.0,-3.594,81.0,0.256,103.0,0.326
,2025-07-23 00:00:00+08:00,601969.XSHG,-3.03,-851.0,-3.323,-641.0,-2.503,-210.0,-0.82,-424.0,-1.656,-31.0,-0.121
,2025-07-24 00:00:00+08:00,601969.XSHG,10.01,6929.0,15.755,5468.0,12.433,1461.0,3.322,105.0,0.239,15.0,0.034
,2025-07-25 00:00:00+08:00,601969.XSHG,-2.96,-10575.0,-10.239,-9199.0,-8.906,-1376.0,-1.332,-613.0,-0.594,44.0,0.043
,2025-07-28 00:00:00+08:00,601969.XSHG,-3.88,-393.0,-0.86,704.0,1.54,-1097.0,-2.399,-155.0,-0.339,-19.0,-0.042
,2025-07-29 00:00:00+08:00,601969.XSHG,0.37,-486.0,-1.653,-990.0,-3.367,504.0,1.714,-105.0,-0.357,9.0,0.031
,2025-07-30 00:00:00+08:00,601969.XSHG,-0.49,624.0,2.432,792.0,3.087,-168.0,-0.655,-275.0,-1.072,32.0,0.125
,2025-07-31 00:00:00+08:00,601969.XSHG,-2.7,373.0,1.624,-181.0,-0.788,554.0,2.412,-285.0,-1.241,-135.0,-0.588
,2025-08-01 00:00:00+08:00,601969.XSHG,0.13,294.0,2.723,35.0,0.324,259.0,2.399,-357.0,-3.307,-27.0,-0.25
,2025-08-04 00:00:00+08:00,601969.XSHG,0.5,786.0,8.514,456.0,4.939,330.0,3.575,-176.0,-1.906,-3.0,-0.032
,2025-08-05 00:00:00+08:00,601969.XSHG,1.76,-242.0,-1.371,-237.0,-1.343,-5.0,-0.028,34.0,0.193,66.0,0.374
,2025-08-06 00:00:00+08:00,601969.XSHG,-1.23,-1728.0,-10.982,-922.0,-5.86,-806.0,-5.122,-110.0,-0.699,14.0,0.089
,2025-08-07 00:00:00+08:00,601969.XSHG,-0.5,-436.0,-3.501,-290.0,-2.329,-146.0,-1.172,-141.0,-1.132,-9.0,-0.072
,2025-08-08 00:00:00+08:00,601969.XSHG,0.38,640.0,6.706,35.0,0.367,605.0,6.339,164.0,1.718,62.0,0.65
,2025-08-11 00:00:00+08:00,601969.XSHG,3.0,1611.0,5.901,1814.0,6.644,-203.0,-0.744,-123.0,-0.451,-40.0,-0.147
,2025-08-12 00:00:00+08:00,601969.XSHG,-0.73,-293.0,-2.128,16.0,0.116,-309.0,-2.244,19.0,0.138,-123.0,-0.893
,2025-08-13 00:00:00+08:00,601969.XSHG,-0.24,-515.0,-3.2,-460.0,-2.858,-55.0,-0.342,-199.0,-1.237,-18.0,-0.112
,2025-08-14 00:00:00+08:00,601969.XSHG,-1.96,-440.0,-2.798,-387.0,-2.461,-53.0,-0.337,-477.0,-3.033,-21.0,-0.134
,2025-08-15 00:00:00+08:00,601969.XSHG,1.38,636.0,5.289,373.0,3.102,263.0,2.187,96.0,0.798,-53.0,-0.441
,2025-08-18 00:00:00+08:00,601969.XSHG,1.36,-1549.0,-8.071,-577.0,-3.006,-972.0,-5.065,-81.0,-0.422,-10.0,-0.052
,2025-08-19 00:00:00+08:00,601969.XSHG,-0.24,315.0,2.292,-83.0,-0.604,398.0,2.895,37.0,0.269,-44.0,-0.32
,2025-08-20 00:00:00+08:00,601969.XSHG,2.08,2048.0,8.074,1967.0,7.754,81.0,0.319,62.0,0.244,33.0,0.13
,2025-08-21 00:00:00+08:00,601969.XSHG,0.12,872.0,5.018,163.0,0.938,709.0,4.08,93.0,0.535,-53.0,-0.305
,2025-08-22 00:00:00+08:00,601969.XSHG,0.36,-124.0,-0.799,-158.0,-1.018,34.0,0.219,-280.0,-1.804,-35.0,-0.225
,2025-08-25 00:00:00+08:00,601969.XSHG,1.9,877.0,3.502,605.0,2.416,272.0,1.086,-7.0,-0.028,-3.0,-0.012
,2025-08-26 00:00:00+08:00,601969.XSHG,-0.47,5.0,0.031,175.0,1.093,-170.0,-1.062,211.0,1.318,-6.0,-0.037
,2025-08-27 00:00:00+08:00,601969.XSHG,-4.69,-2764.0,-10.586,-1769.0,-6.775,-995.0,-3.811,38.0,0.146,-27.0,-0.103
,2025-08-28 00:00:00+08:00,601969.XSHG,-0.37,-283.0,-1.303,-237.0,-1.091,-46.0,-0.212,132.0,0.608,-14.0,-0.064
,2025-08-29 00:00:00+08:00,601969.XSHG,0.25,1351.0,8.871,1364.0,8.957,-13.0,-0.085,88.0,0.578,-33.0,-0.217
,2025-09-01 00:00:00+08:00,601969.XSHG,1.97,1038.0,6.565,871.0,5.509,167.0,1.056,-111.0,-0.702,86.0,0.544
,2025-09-02 00:00:00+08:00,601969.XSHG,-1.45,-1127.0,-8.35,-114.0,-0.845,-1013.0,-7.505,-113.0,-0.837,-45.0,-0.333
,2025-09-03 00:00:00+08:00,601969.XSHG,-2.94,-798.0,-5.008,-421.0,-2.642,-377.0,-2.366,101.0,0.634,-11.0,-0.069
,2025-09-04 00:00:00+08:00,601969.XSHG,-0.76,-1054.0,-7.828,-658.0,-4.887,-396.0,-2.941,144.0,1.069,5.0,0.037
,2025-09-05 00:00:00+08:00,601969.XSHG,2.53,748.0,5.605,492.0,3.686,256.0,1.918,34.0,0.255,-23.0,-0.172
,2025-09-08 00:00:00+08:00,601969.XSHG,5.8,7046.0,15.829,5879.0,13.208,1167.0,2.622,-234.0,-0.526,-8.0,-0.018
,2025-09-09 00:00:00+08:00,601969.XSHG,0.47,704.0,2.306,672.0,2.201,32.0,0.105,164.0,0.537,5.0,0.016
,2025-09-10 00:00:00+08:00,601969.XSHG,-1.39,18.0,0.113,-44.0,-0.275,62.0,0.388,148.0,0.926,-89.0,-0.557
,2025-09-11 00:00:00+08:00,601969.XSHG,0.0,106.0,0.725,226.0,1.546,-120.0,-0.821,-191.0,-1.306,82.0,0.561
,2025-09-12 00:00:00+08:00,601969.XSHG,2.82,2527.0,8.854,1666.0,5.837,861.0,3.017,96.0,0.336,9.0,0.032
,2025-09-15 00:00:00+08:00,601969.XSHG,-1.03,-6.0,-0.031,451.0,2.315,-457.0,-2.345,-254.0,-1.304,83.0,0.426
,2025-09-16 00:00:00+08:00,601969.XSHG,-0.46,-1243.0,-6.399,-493.0,-2.538,-750.0,-3.861,-76.0,-0.391,-22.0,-0.113
,2025-09-17 00:00:00+08:00,601969.XSHG,-0.69,-191.0,-1.62,-132.0,-1.119,-59.0,-0.5,-196.0,-1.662,2.0,0.017
,2025-09-18 00:00:00+08:00,601969.XSHG,-3.73,-2253.0,-10.431,-1555.0,-7.199,-698.0,-3.231,-17.0,-0.079,25.0,0.116
,2025-09-19 00:00:00+08:00,601969.XSHG,1.33,781.0,6.156,94.0,0.741,687.0,5.415,-258.0,-2.034,-19.0,-0.15
,2025-09-22 00:00:00+08:00,601969.XSHG,-0.84,-368.0,-4.493,-102.0,-1.245,-266.0,-3.248,-25.0,-0.305,33.0,0.403
,2025-09-23 00:00:00+08:00,601969.XSHG,-3.97,-1000.0,-5.72,-267.0,-1.527,-733.0,-4.192,-109.0,-0.623,15.0,0.086
,2025-09-24 00:00:00+08:00,601969.XSHG,1.64,470.0,4.754,-68.0,-0.688,538.0,5.442,39.0,0.394,49.0,0.496
,2025-09-25 00:00:00+08:00,601969.XSHG,-0.25,-88.0,-0.762,128.0,1.108,-216.0,-1.87,-59.0,-0.511,-6.0,-0.052
,2025-09-26 00:00:00+08:00,601969.XSHG,0.75,1037.0,8.189,1.0,0.008,1036.0,8.181,-74.0,-0.584,-4.0,-0.032
,2025-09-29 00:00:00+08:00,601969.XSHG,4.34,2144.0,9.834,1936.0,8.88,208.0,0.954,24.0,0.11,-26.0,-0.119
,2025-09-30 00:00:00+08:00,601969.XSHG,2.26,2198.0,9.172,1860.0,7.762,338.0,1.41,6.0,0.025,-34.0,-0.142
,2025-10-09 00:00:00+08:00,601969.XSHG,4.19,-836.0,-1.835,-426.0,-0.935,-410.0,-0.9,-262.0,-0.575,38.0,0.083
,2025-10-10 00:00:00+08:00,601969.XSHG,-0.78,1176.0,4.161,911.0,3.224,265.0,0.938,-27.0,-0.096,-39.0,-0.138
,2025-10-13 00:00:00+08:00,601969.XSHG,-0.56,1028.0,4.28,663.0,2.76,365.0,1.52,152.0,0.633,68.0,0.283
,2025-10-14 00:00:00+08:00,601969.XSHG,-1.7,229.0,0.892,-294.0,-1.145,523.0,2.038,126.0,0.491,-64.0,-0.249
,2025-10-15 00:00:00+08:00,601969.XSHG,1.04,-276.0,-1.544,-81.0,-0.453,-195.0,-1.091,-123.0,-0.688,-29.0,-0.162
,2025-10-16 00:00:00+08:00,601969.XSHG,1.94,5662.0,14.537,4781.0,12.275,881.0,2.262,2.0,0.005,-13.0,-0.033
,2025-10-17 00:00:00+08:00,601969.XSHG,2.23,7865.0,9.747,7471.0,9.258,394.0,0.488,47.0,0.058,-24.0,-0.03
,2025-10-20 00:00:00+08:00,601969.XSHG,-0.87,-1414.0,-2.609,-344.0,-0.635,-1070.0,-1.974,-357.0,-0.659,-30.0,-0.055
,2025-10-21 00:00:00+08:00,601969.XSHG,3.75,5312.0,8.71,6218.0,10.196,-906.0,-1.486,-149.0,-0.244,-5.0,-0.008
,2025-10-22 00:00:00+08:00,601969.XSHG,-1.81,-859.0,-2.316,102.0,0.275,-961.0,-2.591,-148.0,-0.399,31.0,0.084
,2025-10-23 00:00:00+08:00,601969.XSHG,-1.08,-1255.0,-4.225,-197.0,-0.663,-1058.0,-3.562,-83.0,-0.279,-5.0,-0.017
,2025-10-24 00:00:00+08:00,601969.XSHG,-0.44,-1395.0,-5.503,12.0,0.047,-1407.0,-5.551,-360.0,-1.42,59.0,0.233
,2025-10-27 00:00:00+08:00,601969.XSHG,0.33,1161.0,4.518,1999.0,7.779,-838.0,-3.261,22.0,0.086,-7.0,-0.027
,2025-10-28 00:00:00+08:00,601969.XSHG,-0.77,1865.0,7.938,1700.0,7.235,165.0,0.702,-205.0,-0.872,-12.0,-0.051
,2025-10-29 00:00:00+08:00,601969.XSHG,6.95,10967.0,16.659,11679.0,17.74,-712.0,-1.082,-343.0,-0.521,-10.0,-0.015
,2025-10-30 00:00:00+08:00,601969.XSHG,0.1,-2110.0,-5.18,-1901.0,-4.667,-209.0,-0.513,-120.0,-0.295,66.0,0.162
,2025-10-31 00:00:00+08:00,601969.XSHG,0.52,-1282.0,-2.848,-326.0,-0.724,-956.0,-2.124,42.0,0.093,-449.0,-0.998
,2025-11-03 00:00:00+08:00,601969.XSHG,2.15,-476.0,-0.841,961.0,1.698,-1437.0,-2.539,199.0,0.352,-31.0,-0.055
,2025-11-04 00:00:00+08:00,601969.XSHG,-3.01,-4081.0,-10.381,-2828.0,-7.194,-1253.0,-3.187,112.0,0.285,-39.0,-0.099
,2025-11-05 00:00:00+08:00,601969.XSHG,2.48,1711.0,2.711,1152.0,1.825,559.0,0.886,-65.0,-0.103,49.0,0.078
,2025-11-06 00:00:00+08:00,601969.XSHG,-2.93,-3584.0,-8.749,-3216.0,-7.851,-368.0,-0.898,-425.0,-1.038,46.0,0.112
,2025-11-07 00:00:00+08:00,601969.XSHG,9.97,13272.0,21.404,12658.0,20.413,614.0,0.99,-139.0,-0.224,-3.0,-0.005
,2025-11-10 00:00:00+08:00,601969.XSHG,5.95,791.0,0.48,3249.0,1.973,-2458.0,-1.493,405.0,0.246,-26.0,-0.016
,2025-11-11 00:00:00+08:00,601969.XSHG,-2.77,-6985.0,-7.798,-5514.0,-6.155,-1471.0,-1.642,-78.0,-0.087,96.0,0.107
,2025-11-12 00:00:00+08:00,601969.XSHG,0.82,-1387.0,-1.469,108.0,0.114,-1495.0,-1.583,-130.0,-0.138,-79.0,-0.084
,2025-11-13 00:00:00+08:00,601969.XSHG,7.73,12061.0,11.007,11999.0,10.951,62.0,0.057,-464.0,-0.423,-67.0,-0.061
,2025-11-14 00:00:00+08:00,601969.XSHG,9.97,9753.0,7.139,7053.0,5.163,2700.0,1.976,-174.0,-0.127,5.0,0.004
,2025-11-17 00:00:00+08:00,601969.XSHG,9.68,-4468.0,-2.459,-3403.0,-1.873,-1065.0,-0.586,707.0,0.389,136.0,0.075
,2025-11-18 00:00:00+08:00,601969.XSHG,-10.01,-22541.0,-15.02,-21173.0,-14.108,-1368.0,-0.912,266.0,0.177,35.0,0.023
,2025-11-19 00:00:00+08:00,601969.XSHG,-1.71,4338.0,3.639,5154.0,4.324,-816.0,-0.685,-659.0,-0.553,42.0,0.035
,2025-11-20 00:00:00+08:00,601969.XSHG,5.08,-828.0,-0.624,-5905.0,-4.451,5077.0,3.827,157.0,0.118,32.0,0.024
,2025-11-21 00:00:00+08:00,601969.XSHG,-9.98,-3119.0,-3.801,-3287.0,-4.006,168.0,0.205,-433.0,-0.528,-8.0,-0.01
,2025-11-24 00:00:00+08:00,601969.XSHG,-5.46,5542.0,7.66,6374.0,8.81,-832.0,-1.15,-695.0,-0.961,-161.0,-0.223
,2025-11-25 00:00:00+08:00,601969.XSHG,2.67,971.0,1.55,1253.0,2.0,-282.0,-0.45,-74.0,-0.118,31.0,0.049
,2025-11-26 00:00:00+08:00,601969.XSHG,2.51,917.0,1.255,52.0,0.071,865.0,1.184,-66.0,-0.09,-118.0,-0.162
,2025-11-27 00:00:00+08:00,601969.XSHG,-5.07,-3020.0,-5.444,-2299.0,-4.144,-721.0,-1.3,42.0,0.076,-64.0,-0.115
,2025-11-28 00:00:00+08:00,601969.XSHG,3.65,7305.0,13.675,6185.0,11.578,1120.0,2.097,92.0,0.172,-70.0,-0.131
,2025-12-01 00:00:00+08:00,601969.XSHG,0.17,-1586.0,-3.089,-1474.0,-2.87,-112.0,-0.218,46.0,0.09,-106.0,-0.206
,2025-12-02 00:00:00+08:00,601969.XSHG,-0.68,2527.0,6.412,1549.0,3.93,978.0,2.482,-525.0,-1.332,-70.0,-0.178
,2025-12-03 00:00:00+08:00,601969.XSHG,-0.95,-2089.0,-5.28,-1808.0,-4.57,-281.0,-0.71,-504.0,-1.274,4.0,0.01
,2025-12-04 00:00:00+08:00,601969.XSHG,-4.1,-3678.0,-9.283,-1217.0,-3.072,-2461.0,-6.211,-659.0,-1.663,14.0,0.035
,2025-12-05 00:00:00+08:00,601969.XSHG,1.55,731.0,2.245,527.0,1.618,204.0,0.626,169.0,0.519,18.0,0.055
,2025-12-08 00:00:00+08:00,601969.XSHG,2.86,2808.0,7.295,526.0,1.366,2282.0,5.928,42.0,0.109,-110.0,-0.286
,2025-12-09 00:00:00+08:00,601969.XSHG,-4.17,-2105.0,-6.602,-1957.0,-6.138,-148.0,-0.464,-163.0,-0.511,-4.0,-0.013
,2025-12-10 00:00:00+08:00,601969.XSHG,6.07,7929.0,10.342,8554.0,11.157,-625.0,-0.815,-132.0,-0.172,-178.0,-0.232
,2025-12-11 00:00:00+08:00,601969.XSHG,-4.62,-4185.0,-7.766,-3660.0,-6.792,-525.0,-0.974,-112.0,-0.208,-86.0,-0.16
,2025-12-12 00:00:00+08:00,601969.XSHG,-1.97,-5915.0,-14.102,-2731.0,-6.511,-3184.0,-7.591,265.0,0.632,92.0,0.219
,2025-12-15 00:00:00+08:00,601969.XSHG,-2.2,-505.0,-1.561,-307.0,-0.949,-198.0,-0.612,-348.0,-1.076,27.0,0.083
,2025-12-16 00:00:00+08:00,601969.XSHG,-3.18,566.0,1.799,584.0,1.856,-18.0,-0.057,-341.0,-1.084,-113.0,-0.359
,2025-12-17 00:00:00+08:00,601969.XSHG,2.13,2421.0,6.738,1082.0,3.011,1339.0,3.727,-365.0,-1.016,-74.0,-0.206
,2025-12-18 00:00:00+08:00,601969.XSHG,-5.3,-4666.0,-12.326,-3288.0,-8.686,-1378.0,-3.64,341.0,0.901,0.0,0.0
,2025-12-19 00:00:00+08:00,601969.XSHG,4.4,2851.0,5.496,2218.0,4.276,633.0,1.22,281.0,0.542,-73.0,-0.141
,2025-12-22 00:00:00+08:00,601969.XSHG,9.97,8038.0,12.192,6298.0,9.553,1740.0,2.639,307.0,0.466,-1.0,-0.002
,2025-12-23 00:00:00+08:00,601969.XSHG,-0.26,-8107.0,-5.938,-7060.0,-5.171,-1047.0,-0.767,-330.0,-0.242,-68.0,-0.05
,2025-12-24 00:00:00+08:00,601969.XSHG,-1.49,1735.0,2.466,2949.0,4.192,-1214.0,-1.726,-930.0,-1.322,-25.0,-0.036
,2025-12-25 00:00:00+08:00,601969.XSHG,-3.2,-3241.0,-6.511,-2430.0,-4.881,-811.0,-1.629,-54.0,-0.108,-49.0,-0.098
,2025-01-02 00:00:00+08:00,603069.XSHG,-3.12,278.0,2.57,202.0,1.867,76.0,0.702,-319.0,-2.949,-64.0,-0.592
,2025-01-03 00:00:00+08:00,603069.XSHG,-3.72,-264.0,-2.939,-100.0,-1.113,-164.0,-1.826,-430.0,-4.787,-143.0,-1.592
,2025-01-06 00:00:00+08:00,603069.XSHG,-1.76,-208.0,-2.804,-23.0,-0.31,-185.0,-2.494,-197.0,-2.656,8.0,0.108
,2025-01-07 00:00:00+08:00,603069.XSHG,0.9,-522.0,-9.169,0.0,0.0,-522.0,-9.169,-60.0,-1.054,38.0,0.667
,2025-01-08 00:00:00+08:00,603069.XSHG,-0.24,-224.0,-3.412,0.0,0.0,-224.0,-3.412,-138.0,-2.102,-29.0,-0.442
,2025-01-09 00:00:00+08:00,603069.XSHG,0.3,-496.0,-9.021,-184.0,-3.347,-312.0,-5.675,13.0,0.236,-15.0,-0.273
,2025-01-10 00:00:00+08:00,603069.XSHG,-2.31,-352.0,-6.654,-105.0,-1.985,-247.0,-4.669,-139.0,-2.628,-35.0,-0.662
,2025-01-13 00:00:00+08:00,603069.XSHG,-0.79,-134.0,-2.65,-142.0,-2.809,8.0,0.158,65.0,1.286,-18.0,-0.356
,2025-01-14 00:00:00+08:00,603069.XSHG,3.24,153.0,2.105,0.0,0.0,153.0,2.105,68.0,0.936,33.0,0.454
,2025-01-15 00:00:00+08:00,603069.XSHG,0.3,555.0,8.291,0.0,0.0,555.0,8.291,-30.0,-0.448,25.0,0.373
,2025-01-16 00:00:00+08:00,603069.XSHG,10.03,1738.0,10.792,847.0,5.259,891.0,5.532,111.0,0.689,64.0,0.397
,2025-01-17 00:00:00+08:00,603069.XSHG,1.5,2955.0,8.977,2210.0,6.714,745.0,2.263,-94.0,-0.286,71.0,0.216
,2025-01-20 00:00:00+08:00,603069.XSHG,-2.22,464.0,2.764,259.0,1.543,205.0,1.221,-488.0,-2.907,-142.0,-0.846
,2025-01-21 00:00:00+08:00,603069.XSHG,-0.27,137.0,1.401,369.0,3.774,-232.0,-2.373,-569.0,-5.819,-22.0,-0.225
,2025-01-22 00:00:00+08:00,603069.XSHG,-2.01,-858.0,-9.902,-33.0,-0.381,-825.0,-9.521,-492.0,-5.678,-44.0,-0.508
,2025-01-23 00:00:00+08:00,603069.XSHG,-0.94,-358.0,-3.758,-272.0,-2.855,-86.0,-0.903,-89.0,-0.934,-51.0,-0.535
,2025-01-24 00:00:00+08:00,603069.XSHG,-0.5,-544.0,-7.861,0.0,0.0,-544.0,-7.861,-220.0,-3.179,-8.0,-0.116
,2025-01-27 00:00:00+08:00,603069.XSHG,-0.62,-111.0,-1.454,0.0,0.0,-111.0,-1.454,-248.0,-3.249,-5.0,-0.065
,2025-02-05 00:00:00+08:00,603069.XSHG,1.08,349.0,5.149,0.0,0.0,349.0,5.149,-111.0,-1.638,-25.0,-0.369
,2025-02-06 00:00:00+08:00,603069.XSHG,1.75,10.0,0.103,135.0,1.389,-125.0,-1.286,148.0,1.522,28.0,0.288
,2025-02-07 00:00:00+08:00,603069.XSHG,0.44,-526.0,-4.197,-240.0,-1.915,-286.0,-2.282,211.0,1.684,-52.0,-0.415
,2025-02-10 00:00:00+08:00,603069.XSHG,0.33,166.0,1.794,327.0,3.534,-161.0,-1.74,-262.0,-2.832,-35.0,-0.378
,2025-02-11 00:00:00+08:00,603069.XSHG,-1.04,-632.0,-7.709,-261.0,-3.184,-371.0,-4.525,-256.0,-3.123,-53.0,-0.646
,2025-02-12 00:00:00+08:00,603069.XSHG,1.66,744.0,7.353,258.0,2.55,486.0,4.803,157.0,1.552,-53.0,-0.524
,2025-02-13 00:00:00+08:00,603069.XSHG,1.52,724.0,4.399,186.0,1.13,538.0,3.269,-244.0,-1.482,-108.0,-0.656
,2025-02-14 00:00:00+08:00,603069.XSHG,-3.11,-1599.0,-13.99,-527.0,-4.611,-1072.0,-9.379,-251.0,-2.196,55.0,0.481
,2025-02-17 00:00:00+08:00,603069.XSHG,0.33,-147.0,-2.236,0.0,0.0,-147.0,-2.236,-322.0,-4.898,-50.0,-0.761
,2025-02-18 00:00:00+08:00,603069.XSHG,-3.2,-627.0,-7.409,-15.0,-0.177,-612.0,-7.231,-626.0,-7.397,-29.0,-0.343
,2025-02-19 00:00:00+08:00,603069.XSHG,1.94,573.0,8.295,359.0,5.197,214.0,3.098,-42.0,-0.608,16.0,0.232
,2025-02-20 00:00:00+08:00,603069.XSHG,-0.39,216.0,3.406,0.0,0.0,216.0,3.406,-178.0,-2.807,15.0,0.237
,2025-02-21 00:00:00+08:00,603069.XSHG,1.52,921.0,10.332,63.0,0.707,858.0,9.625,-250.0,-2.805,-14.0,-0.157
,2025-02-24 00:00:00+08:00,603069.XSHG,1.94,1222.0,10.542,1373.0,11.844,-151.0,-1.303,281.0,2.424,-43.0,-0.371
,2025-02-25 00:00:00+08:00,603069.XSHG,-2.06,-538.0,-7.26,-21.0,-0.283,-517.0,-6.977,-214.0,-2.888,40.0,0.54
,2025-02-26 00:00:00+08:00,603069.XSHG,0.72,-655.0,-8.722,-690.0,-9.188,35.0,0.466,2.0,0.027,-37.0,-0.493
,2025-02-27 00:00:00+08:00,603069.XSHG,4.62,2911.0,10.15,1794.0,6.255,1117.0,3.895,-94.0,-0.328,-46.0,-0.16
,2025-02-28 00:00:00+08:00,603069.XSHG,-4.63,-1527.0,-10.152,-437.0,-2.905,-1090.0,-7.247,-754.0,-5.013,59.0,0.392
,2025-03-03 00:00:00+08:00,603069.XSHG,-0.77,-833.0,-8.177,-131.0,-1.286,-702.0,-6.891,-262.0,-2.572,-40.0,-0.393
,2025-03-04 00:00:00+08:00,603069.XSHG,0.22,-417.0,-6.824,-154.0,-2.52,-263.0,-4.304,-117.0,-1.915,69.0,1.129
,2025-03-05 00:00:00+08:00,603069.XSHG,3.99,2119.0,13.45,1315.0,8.347,804.0,5.103,-60.0,-0.381,-84.0,-0.533
,2025-03-06 00:00:00+08:00,603069.XSHG,0.05,-655.0,-4.844,432.0,3.195,-1087.0,-8.039,-454.0,-3.358,23.0,0.17
,2025-03-07 00:00:00+08:00,603069.XSHG,-1.6,70.0,0.855,240.0,2.932,-170.0,-2.077,-475.0,-5.803,-8.0,-0.098
,2025-03-10 00:00:00+08:00,603069.XSHG,0.38,-181.0,-1.813,-421.0,-4.218,240.0,2.405,154.0,1.543,2.0,0.02
,2025-03-11 00:00:00+08:00,603069.XSHG,0.7,232.0,3.033,-38.0,-0.497,270.0,3.53,-58.0,-0.758,-71.0,-0.928
,2025-03-12 00:00:00+08:00,603069.XSHG,-0.85,354.0,3.003,1009.0,8.56,-655.0,-5.557,-252.0,-2.138,66.0,0.56
,2025-03-13 00:00:00+08:00,603069.XSHG,-0.91,415.0,4.171,1037.0,10.423,-622.0,-6.252,-118.0,-1.186,6.0,0.06
,2025-03-14 00:00:00+08:00,603069.XSHG,1.89,1382.0,12.72,517.0,4.758,865.0,7.961,216.0,1.988,-66.0,-0.607
,2025-03-17 00:00:00+08:00,603069.XSHG,3.03,1378.0,6.851,979.0,4.867,399.0,1.984,231.0,1.148,-48.0,-0.239
,2025-03-18 00:00:00+08:00,603069.XSHG,-1.29,-1286.0,-11.993,-1041.0,-9.708,-245.0,-2.285,-64.0,-0.597,26.0,0.242
,2025-03-19 00:00:00+08:00,603069.XSHG,2.2,2561.0,16.0,1659.0,10.365,902.0,5.635,-172.0,-1.075,-5.0,-0.031
,2025-03-20 00:00:00+08:00,603069.XSHG,-0.82,-929.0,-6.902,-232.0,-1.724,-697.0,-5.178,-261.0,-1.939,21.0,0.156
,2025-03-21 00:00:00+08:00,603069.XSHG,0.15,626.0,3.538,772.0,4.363,-146.0,-0.825,-32.0,-0.181,-62.0,-0.35
,2025-03-24 00:00:00+08:00,603069.XSHG,-3.56,-1347.0,-7.199,89.0,0.476,-1436.0,-7.675,-116.0,-0.62,52.0,0.278
,2025-03-25 00:00:00+08:00,603069.XSHG,-2.66,923.0,8.903,1543.0,14.884,-620.0,-5.981,-582.0,-5.614,47.0,0.453
,2025-03-26 00:00:00+08:00,603069.XSHG,1.26,1533.0,18.029,533.0,6.268,1000.0,11.761,-216.0,-2.54,-128.0,-1.505
,2025-03-27 00:00:00+08:00,603069.XSHG,0.05,8.0,0.11,0.0,0.0,8.0,0.11,-118.0,-1.629,-8.0,-0.11
,2025-03-28 00:00:00+08:00,603069.XSHG,-2.54,-623.0,-9.249,41.0,0.609,-664.0,-9.857,-356.0,-5.285,-12.0,-0.178
,2025-03-31 00:00:00+08:00,603069.XSHG,-4.44,-1676.0,-16.324,-588.0,-5.727,-1088.0,-10.597,-590.0,-5.747,-17.0,-0.166
,2025-04-01 00:00:00+08:00,603069.XSHG,-0.58,-1.0,-0.016,152.0,2.436,-153.0,-2.452,-91.0,-1.458,24.0,0.385
,2025-04-02 00:00:00+08:00,603069.XSHG,-0.35,-539.0,-11.841,-199.0,-4.372,-340.0,-7.469,-85.0,-1.867,8.0,0.176
,2025-04-03 00:00:00+08:00,603069.XSHG,1.1,150.0,2.236,-113.0,-1.685,263.0,3.921,95.0,1.416,-46.0,-0.686
,2025-04-07 00:00:00+08:00,603069.XSHG,-9.99,-1289.0,-14.557,-679.0,-7.668,-610.0,-6.889,-311.0,-3.512,11.0,0.124
,2025-04-08 00:00:00+08:00,603069.XSHG,4.85,-219.0,-1.605,-443.0,-3.246,224.0,1.641,171.0,1.253,-111.0,-0.813
,2025-04-09 00:00:00+08:00,603069.XSHG,10.01,1720.0,7.366,1445.0,6.188,275.0,1.178,182.0,0.779,15.0,0.064
,2025-04-10 00:00:00+08:00,603069.XSHG,7.78,8938.0,15.984,7404.0,13.24,1534.0,2.743,-455.0,-0.814,-97.0,-0.173
,2025-04-11 00:00:00+08:00,603069.XSHG,-2.2,-214.0,-0.619,494.0,1.43,-708.0,-2.05,-168.0,-0.486,-113.0,-0.327
,2025-04-14 00:00:00+08:00,603069.XSHG,9.99,5266.0,11.565,5565.0,12.222,-299.0,-0.657,159.0,0.349,-11.0,-0.024
,2025-04-15 00:00:00+08:00,603069.XSHG,-7.66,-4821.0,-9.359,-3563.0,-6.917,-1258.0,-2.442,-420.0,-0.815,4.0,0.008
,2025-04-16 00:00:00+08:00,603069.XSHG,-2.79,-2704.0,-8.233,-1335.0,-4.065,-1369.0,-4.168,-482.0,-1.468,120.0,0.365
,2025-04-17 00:00:00+08:00,603069.XSHG,-0.48,-752.0,-3.467,75.0,0.346,-827.0,-3.812,-144.0,-0.664,-19.0,-0.088
,2025-04-18 00:00:00+08:00,603069.XSHG,-1.12,-588.0,-4.049,100.0,0.689,-688.0,-4.738,-83.0,-0.572,-98.0,-0.675
,2025-04-21 00:00:00+08:00,603069.XSHG,-1.68,794.0,5.465,778.0,5.355,16.0,0.11,-334.0,-2.299,-14.0,-0.096
,2025-04-22 00:00:00+08:00,603069.XSHG,4.56,2652.0,8.254,121.0,0.377,2531.0,7.878,-269.0,-0.837,-76.0,-0.237
,2025-04-23 00:00:00+08:00,603069.XSHG,0.26,612.0,2.747,1058.0,4.748,-446.0,-2.002,71.0,0.319,-144.0,-0.646
,2025-04-24 00:00:00+08:00,603069.XSHG,-1.57,510.0,3.389,1002.0,6.659,-492.0,-3.27,-407.0,-2.705,-7.0,-0.047
,2025-04-25 00:00:00+08:00,603069.XSHG,-4.3,-5047.0,-17.097,-4053.0,-13.73,-994.0,-3.367,55.0,0.186,114.0,0.386
,2025-04-28 00:00:00+08:00,603069.XSHG,-2.88,-3390.0,-17.29,-1348.0,-6.875,-2042.0,-10.415,-709.0,-3.616,45.0,0.23
,2025-04-29 00:00:00+08:00,603069.XSHG,2.05,1027.0,8.436,326.0,2.678,701.0,5.758,405.0,3.327,-76.0,-0.624
,2025-04-30 00:00:00+08:00,603069.XSHG,0.28,798.0,7.186,613.0,5.52,185.0,1.666,-119.0,-1.072,23.0,0.207
,2025-05-06 00:00:00+08:00,603069.XSHG,1.06,-186.0,-1.921,254.0,2.624,-440.0,-4.545,-75.0,-0.775,7.0,0.072
,2025-05-07 00:00:00+08:00,603069.XSHG,0.5,660.0,6.176,368.0,3.443,292.0,2.732,-121.0,-1.132,-90.0,-0.842
,2025-05-08 00:00:00+08:00,603069.XSHG,0.6,127.0,1.299,134.0,1.37,-7.0,-0.072,314.0,3.211,-21.0,-0.215
,2025-05-09 00:00:00+08:00,603069.XSHG,-1.53,-1421.0,-13.796,199.0,1.932,-1620.0,-15.728,37.0,0.359,62.0,0.602
,2025-05-12 00:00:00+08:00,603069.XSHG,-0.82,480.0,5.373,923.0,10.331,-443.0,-4.959,-165.0,-1.847,-3.0,-0.034
,2025-05-13 00:00:00+08:00,603069.XSHG,-0.72,126.0,2.079,-19.0,-0.314,145.0,2.393,-184.0,-3.036,-61.0,-1.007
,2025-05-14 00:00:00+08:00,603069.XSHG,0.56,375.0,5.824,207.0,3.215,168.0,2.609,26.0,0.404,-18.0,-0.28
,2025-05-15 00:00:00+08:00,603069.XSHG,-0.39,-224.0,-3.16,-232.0,-3.273,8.0,0.113,-263.0,-3.71,10.0,0.141
,2025-05-16 00:00:00+08:00,603069.XSHG,2.39,2444.0,22.271,1252.0,11.409,1192.0,10.862,272.0,2.479,-57.0,-0.519
,2025-05-19 00:00:00+08:00,603069.XSHG,0.87,-638.0,-4.724,-148.0,-1.096,-490.0,-3.628,-241.0,-1.784,54.0,0.4
,2025-05-20 00:00:00+08:00,603069.XSHG,0.32,-206.0,-2.135,-224.0,-2.322,18.0,0.187,-272.0,-2.82,-23.0,-0.238
,2025-05-21 00:00:00+08:00,603069.XSHG,-0.38,135.0,1.444,525.0,5.616,-390.0,-4.172,-108.0,-1.155,-19.0,-0.203
,2025-05-22 00:00:00+08:00,603069.XSHG,-0.54,742.0,4.103,1816.0,10.041,-1074.0,-5.938,-130.0,-0.719,73.0,0.404
,2025-05-23 00:00:00+08:00,603069.XSHG,-2.05,-370.0,-4.059,-142.0,-1.558,-228.0,-2.501,-432.0,-4.739,-8.0,-0.088
,2025-05-26 00:00:00+08:00,603069.XSHG,-0.11,-149.0,-2.709,322.0,5.853,-471.0,-8.562,77.0,1.4,-38.0,-0.691
,2025-05-27 00:00:00+08:00,603069.XSHG,0.06,659.0,12.432,227.0,4.282,432.0,8.149,-120.0,-2.264,-73.0,-1.377
,2025-05-28 00:00:00+08:00,603069.XSHG,-0.49,212.0,3.087,122.0,1.777,90.0,1.311,-255.0,-3.713,4.0,0.058
,2025-05-29 00:00:00+08:00,603069.XSHG,3.98,2770.0,15.328,1499.0,8.295,1271.0,7.033,140.0,0.775,-123.0,-0.681
,2025-05-30 00:00:00+08:00,603069.XSHG,-0.05,1142.0,5.901,1388.0,7.172,-246.0,-1.271,-149.0,-0.77,-45.0,-0.233
,2025-06-03 00:00:00+08:00,603069.XSHG,-0.21,-27.0,-0.248,251.0,2.306,-278.0,-2.554,-337.0,-3.096,-52.0,-0.478
,2025-06-04 00:00:00+08:00,603069.XSHG,2.39,2340.0,13.792,921.0,5.429,1419.0,8.364,-239.0,-1.409,-62.0,-0.365
,2025-06-05 00:00:00+08:00,603069.XSHG,-3.11,-2297.0,-18.616,-375.0,-3.039,-1922.0,-15.577,-352.0,-2.853,-89.0,-0.721
,2025-06-06 00:00:00+08:00,603069.XSHG,2.46,3071.0,10.825,3072.0,10.828,-1.0,-0.004,-434.0,-1.53,21.0,0.074
,2025-06-09 00:00:00+08:00,603069.XSHG,-0.89,-916.0,-7.723,19.0,0.16,-935.0,-7.883,-199.0,-1.678,-43.0,-0.363
,2025-06-10 00:00:00+08:00,603069.XSHG,1.53,501.0,2.78,206.0,1.143,295.0,1.637,-81.0,-0.449,-21.0,-0.117
,2025-06-11 00:00:00+08:00,603069.XSHG,2.23,1985.0,8.924,1874.0,8.425,111.0,0.499,-56.0,-0.252,-47.0,-0.211
,2025-06-12 00:00:00+08:00,603069.XSHG,-2.69,-4618.0,-24.84,-2684.0,-14.437,-1934.0,-10.403,-394.0,-2.119,82.0,0.441
,2025-06-13 00:00:00+08:00,603069.XSHG,-1.51,-1730.0,-11.953,-674.0,-4.657,-1056.0,-7.296,218.0,1.506,10.0,0.069
,2025-06-16 00:00:00+08:00,603069.XSHG,-0.26,-463.0,-5.568,-291.0,-3.5,-172.0,-2.069,-108.0,-1.299,31.0,0.373
,2025-06-17 00:00:00+08:00,603069.XSHG,3.5,2209.0,14.637,1304.0,8.64,905.0,5.997,125.0,0.828,10.0,0.066
,2025-06-18 00:00:00+08:00,603069.XSHG,6.77,3774.0,6.221,2079.0,3.427,1695.0,2.794,151.0,0.249,11.0,0.018
,2025-06-19 00:00:00+08:00,603069.XSHG,-1.92,-3004.0,-10.254,-393.0,-1.341,-2611.0,-8.912,-100.0,-0.341,8.0,0.027
,2025-06-20 00:00:00+08:00,603069.XSHG,5.1,4247.0,9.351,3407.0,7.501,840.0,1.849,-337.0,-0.742,5.0,0.011
,2025-06-23 00:00:00+08:00,603069.XSHG,-0.7,-2775.0,-12.297,-1415.0,-6.27,-1360.0,-6.027,-108.0,-0.479,-35.0,-0.155
,2025-06-24 00:00:00+08:00,603069.XSHG,1.84,995.0,2.88,1762.0,5.1,-767.0,-2.22,207.0,0.599,-36.0,-0.104
,2025-06-25 00:00:00+08:00,603069.XSHG,-1.62,-948.0,-2.918,363.0,1.117,-1311.0,-4.035,-500.0,-1.539,-75.0,-0.231
,2025-06-26 00:00:00+08:00,603069.XSHG,-0.89,-328.0,-1.313,964.0,3.858,-1292.0,-5.171,-44.0,-0.176,61.0,0.244
,2025-06-27 00:00:00+08:00,603069.XSHG,-0.52,-300.0,-1.838,131.0,0.802,-431.0,-2.64,-484.0,-2.965,10.0,0.061
,2025-06-30 00:00:00+08:00,603069.XSHG,1.71,1321.0,6.491,1936.0,9.513,-615.0,-3.022,-371.0,-1.823,44.0,0.216
,2025-07-01 00:00:00+08:00,603069.XSHG,-3.14,-2885.0,-14.47,-1353.0,-6.786,-1532.0,-7.684,-703.0,-3.526,-7.0,-0.035
,2025-07-02 00:00:00+08:00,603069.XSHG,-0.53,332.0,3.008,379.0,3.434,-47.0,-0.426,-152.0,-1.377,-5.0,-0.045
,2025-07-03 00:00:00+08:00,603069.XSHG,1.46,1967.0,13.986,826.0,5.873,1141.0,8.113,-447.0,-3.178,19.0,0.135
,2025-07-04 00:00:00+08:00,603069.XSHG,3.88,2515.0,6.059,2446.0,5.893,69.0,0.166,244.0,0.588,-191.0,-0.46
,2025-07-07 00:00:00+08:00,603069.XSHG,-1.94,-1595.0,-6.765,-933.0,-3.957,-662.0,-2.808,178.0,0.755,-42.0,-0.178
,2025-07-08 00:00:00+08:00,603069.XSHG,0.99,1624.0,9.901,633.0,3.859,991.0,6.042,24.0,0.146,27.0,0.165
,2025-07-09 00:00:00+08:00,603069.XSHG,-1.12,-865.0,-6.175,-432.0,-3.084,-433.0,-3.091,-46.0,-0.328,29.0,0.207
,2025-07-10 00:00:00+08:00,603069.XSHG,-0.57,414.0,2.542,1171.0,7.19,-757.0,-4.648,-316.0,-1.94,33.0,0.203
,2025-07-11 00:00:00+08:00,603069.XSHG,-0.71,-1484.0,-11.325,-190.0,-1.45,-1294.0,-9.875,-56.0,-0.427,-1.0,-0.008
,2025-07-14 00:00:00+08:00,603069.XSHG,1.05,747.0,4.913,818.0,5.38,-71.0,-0.467,-327.0,-2.151,-79.0,-0.52
,2025-07-15 00:00:00+08:00,603069.XSHG,-3.35,-2959.0,-13.796,-1436.0,-6.695,-1523.0,-7.101,-165.0,-0.769,-63.0,-0.294
,2025-07-16 00:00:00+08:00,603069.XSHG,1.27,2015.0,9.899,599.0,2.943,1416.0,6.956,269.0,1.321,-289.0,-1.42
,2025-07-17 00:00:00+08:00,603069.XSHG,6.49,9795.0,22.836,7312.0,17.047,2483.0,5.789,-764.0,-1.781,-197.0,-0.459
,2025-07-18 00:00:00+08:00,603069.XSHG,2.75,3198.0,8.926,3003.0,8.381,195.0,0.544,-178.0,-0.497,-201.0,-0.561
,2025-07-21 00:00:00+08:00,603069.XSHG,-1.32,476.0,0.694,1485.0,2.167,-1009.0,-1.472,-335.0,-0.489,2.0,0.003
,2025-07-22 00:00:00+08:00,603069.XSHG,4.44,-3071.0,-4.446,-1248.0,-1.807,-1823.0,-2.639,746.0,1.08,113.0,0.164
,2025-07-23 00:00:00+08:00,603069.XSHG,-8.29,-6916.0,-9.538,-1932.0,-2.664,-4984.0,-6.873,-863.0,-1.19,79.0,0.109
,2025-07-24 00:00:00+08:00,603069.XSHG,10.01,11089.0,16.589,9111.0,13.63,1978.0,2.959,325.0,0.486,7.0,0.01
,2025-07-25 00:00:00+08:00,603069.XSHG,-3.33,-7761.0,-8.744,-7274.0,-8.195,-487.0,-0.549,-65.0,-0.073,35.0,0.039
,2025-07-28 00:00:00+08:00,603069.XSHG,-3.59,-3315.0,-8.928,-1809.0,-4.872,-1506.0,-4.056,-538.0,-1.449,54.0,0.145
,2025-07-29 00:00:00+08:00,603069.XSHG,0.54,-2014.0,-7.824,-1370.0,-5.322,-644.0,-2.502,-185.0,-0.719,144.0,0.559
,2025-07-30 00:00:00+08:00,603069.XSHG,-0.95,-1894.0,-7.097,-858.0,-3.215,-1036.0,-3.882,-430.0,-1.611,56.0,0.21
,2025-07-31 00:00:00+08:00,603069.XSHG,-3.6,-3510.0,-14.123,-1850.0,-7.444,-1660.0,-6.679,-789.0,-3.175,59.0,0.237
,2025-08-01 00:00:00+08:00,603069.XSHG,-1.04,-1281.0,-9.8,-595.0,-4.552,-686.0,-5.248,-387.0,-2.961,-9.0,-0.069
,2025-08-04 00:00:00+08:00,603069.XSHG,0.96,169.0,1.659,347.0,3.407,-178.0,-1.748,-58.0,-0.569,-22.0,-0.216
,2025-08-05 00:00:00+08:00,603069.XSHG,0.05,-538.0,-6.238,-118.0,-1.368,-420.0,-4.87,-170.0,-1.971,-8.0,-0.093
,2025-08-06 00:00:00+08:00,603069.XSHG,-0.52,-562.0,-5.157,-449.0,-4.12,-113.0,-1.037,-520.0,-4.772,12.0,0.11
,2025-08-07 00:00:00+08:00,603069.XSHG,-0.43,-358.0,-3.554,294.0,2.918,-652.0,-6.472,-390.0,-3.871,-18.0,-0.179
,2025-08-08 00:00:00+08:00,603069.XSHG,0.62,-30.0,-0.321,355.0,3.798,-385.0,-4.119,-136.0,-1.455,-10.0,-0.107
,2025-08-11 00:00:00+08:00,603069.XSHG,0.38,-487.0,-3.243,-47.0,-0.313,-440.0,-2.93,-309.0,-2.057,37.0,0.246
,2025-08-12 00:00:00+08:00,603069.XSHG,-0.9,-1327.0,-12.782,-1218.0,-11.732,-109.0,-1.05,-101.0,-0.973,35.0,0.337
,2025-08-13 00:00:00+08:00,603069.XSHG,-0.48,-1572.0,-13.104,-329.0,-2.743,-1243.0,-10.362,-191.0,-1.592,30.0,0.25
,2025-08-14 00:00:00+08:00,603069.XSHG,-2.87,-766.0,-5.233,-184.0,-1.257,-582.0,-3.976,-645.0,-4.407,-65.0,-0.444
,2025-08-15 00:00:00+08:00,603069.XSHG,0.1,-64.0,-0.586,-202.0,-1.848,138.0,1.263,-332.0,-3.038,-84.0,-0.769
,2025-08-18 00:00:00+08:00,603069.XSHG,2.46,-504.0,-3.165,234.0,1.469,-738.0,-4.635,81.0,0.509,62.0,0.389
,2025-08-19 00:00:00+08:00,603069.XSHG,0.05,-1118.0,-7.926,-258.0,-1.829,-860.0,-6.097,-257.0,-1.822,16.0,0.113
,2025-08-20 00:00:00+08:00,603069.XSHG,0.62,-490.0,-3.753,112.0,0.858,-602.0,-4.611,-40.0,-0.306,47.0,0.36
,2025-08-21 00:00:00+08:00,603069.XSHG,-0.71,-219.0,-1.707,-280.0,-2.183,61.0,0.476,-261.0,-2.035,20.0,0.156
,2025-08-22 00:00:00+08:00,603069.XSHG,-0.43,-1115.0,-9.782,-197.0,-1.728,-918.0,-8.054,145.0,1.272,-71.0,-0.623
,2025-08-25 00:00:00+08:00,603069.XSHG,0.14,590.0,4.115,296.0,2.065,294.0,2.051,-138.0,-0.963,20.0,0.139
,2025-08-26 00:00:00+08:00,603069.XSHG,2.36,1957.0,8.459,619.0,2.675,1338.0,5.783,-162.0,-0.7,45.0,0.195
,2025-08-27 00:00:00+08:00,603069.XSHG,-4.23,-4724.0,-20.847,-2627.0,-11.593,-2097.0,-9.254,-557.0,-2.458,99.0,0.437
,2025-08-28 00:00:00+08:00,603069.XSHG,-1.28,-1218.0,-6.403,-742.0,-3.901,-476.0,-2.502,-588.0,-3.091,-26.0,-0.137
,2025-08-29 00:00:00+08:00,603069.XSHG,0.05,-363.0,-3.665,-277.0,-2.797,-86.0,-0.868,-217.0,-2.191,6.0,0.061
,2025-09-01 00:00:00+08:00,603069.XSHG,-0.6,-727.0,-7.384,-251.0,-2.549,-476.0,-4.834,-136.0,-1.381,-49.0,-0.498
,2025-09-02 00:00:00+08:00,603069.XSHG,-1.0,-298.0,-2.845,256.0,2.444,-554.0,-5.288,-274.0,-2.616,-65.0,-0.62
,2025-09-03 00:00:00+08:00,603069.XSHG,-2.78,-865.0,-11.267,-336.0,-4.377,-529.0,-6.891,-257.0,-3.348,-22.0,-0.287
,2025-09-04 00:00:00+08:00,603069.XSHG,1.77,891.0,7.837,518.0,4.556,373.0,3.281,265.0,2.331,-63.0,-0.554
,2025-09-05 00:00:00+08:00,603069.XSHG,5.1,3343.0,15.761,1653.0,7.793,1690.0,7.968,266.0,1.254,-151.0,-0.712
,2025-09-08 00:00:00+08:00,603069.XSHG,-0.44,519.0,3.763,2.0,0.014,517.0,3.748,-417.0,-3.023,-15.0,-0.109
,2025-09-09 00:00:00+08:00,603069.XSHG,-1.12,-1070.0,-11.564,-281.0,-3.037,-789.0,-8.527,-335.0,-3.62,40.0,0.432
,2025-09-10 00:00:00+08:00,603069.XSHG,1.18,1657.0,16.092,1472.0,14.295,185.0,1.797,-7.0,-0.068,-75.0,-0.728
,2025-09-11 00:00:00+08:00,603069.XSHG,1.36,845.0,5.546,677.0,4.443,168.0,1.103,-151.0,-0.991,27.0,0.177
,2025-09-12 00:00:00+08:00,603069.XSHG,4.12,9055.0,19.994,8973.0,19.813,82.0,0.181,-459.0,-1.013,-121.0,-0.267
,2025-09-15 00:00:00+08:00,603069.XSHG,0.05,1537.0,5.606,1176.0,4.289,361.0,1.317,-20.0,-0.073,-125.0,-0.456
,2025-09-16 00:00:00+08:00,603069.XSHG,1.1,2009.0,7.354,1545.0,5.655,464.0,1.698,-162.0,-0.593,-54.0,-0.198
,2025-09-17 00:00:00+08:00,603069.XSHG,-2.14,-1795.0,-9.792,-118.0,-0.644,-1677.0,-9.148,-685.0,-3.737,-11.0,-0.06
,2025-09-18 00:00:00+08:00,603069.XSHG,-0.84,379.0,1.607,505.0,2.141,-126.0,-0.534,-314.0,-1.331,-20.0,-0.085
,2025-09-19 00:00:00+08:00,603069.XSHG,1.64,1942.0,8.768,806.0,3.639,1136.0,5.129,16.0,0.072,-22.0,-0.099
,2025-09-22 00:00:00+08:00,603069.XSHG,-0.97,-915.0,-7.346,-60.0,-0.482,-855.0,-6.865,-142.0,-1.14,-44.0,-0.353
,2025-09-23 00:00:00+08:00,603069.XSHG,-0.7,280.0,1.514,409.0,2.212,-129.0,-0.698,-275.0,-1.487,-4.0,-0.022
,2025-09-24 00:00:00+08:00,603069.XSHG,1.59,1893.0,12.295,1366.0,8.872,527.0,3.423,-148.0,-0.961,30.0,0.195
,2025-09-25 00:00:00+08:00,603069.XSHG,-2.07,-1516.0,-11.583,-208.0,-1.589,-1308.0,-9.994,-361.0,-2.758,83.0,0.634
,2025-09-26 00:00:00+08:00,603069.XSHG,1.41,2725.0,14.658,1820.0,9.79,905.0,4.868,140.0,0.753,-43.0,-0.231
,2025-09-29 00:00:00+08:00,603069.XSHG,1.76,1294.0,6.446,1309.0,6.52,-15.0,-0.075,306.0,1.524,-64.0,-0.319
,2025-09-30 00:00:00+08:00,603069.XSHG,2.0,1738.0,7.343,782.0,3.304,956.0,4.039,-19.0,-0.08,-105.0,-0.444
,2025-10-09 00:00:00+08:00,603069.XSHG,-3.52,-3658.0,-14.941,-1128.0,-4.607,-2530.0,-10.334,46.0,0.188,54.0,0.221
,2025-10-10 00:00:00+08:00,603069.XSHG,1.75,4191.0,17.577,2207.0,9.256,1984.0,8.321,-226.0,-0.948,-62.0,-0.26
,2025-10-13 00:00:00+08:00,603069.XSHG,-1.27,312.0,1.575,-36.0,-0.182,348.0,1.757,280.0,1.414,42.0,0.212
,2025-10-14 00:00:00+08:00,603069.XSHG,1.97,1882.0,5.492,2121.0,6.189,-239.0,-0.697,-157.0,-0.458,-37.0,-0.108
,2025-10-15 00:00:00+08:00,603069.XSHG,1.44,1709.0,8.305,1532.0,7.445,177.0,0.86,159.0,0.773,-131.0,-0.637
,2025-10-16 00:00:00+08:00,603069.XSHG,6.42,5967.0,10.828,4811.0,8.73,1156.0,2.098,225.0,0.408,70.0,0.127
,2025-10-17 00:00:00+08:00,603069.XSHG,1.12,5443.0,8.469,4926.0,7.665,517.0,0.804,-120.0,-0.187,-139.0,-0.216
,2025-10-20 00:00:00+08:00,603069.XSHG,10.0,7172.0,27.218,6667.0,25.302,505.0,1.917,14.0,0.053,0.0,0.0
,2025-10-21 00:00:00+08:00,603069.XSHG,7.15,19857.0,15.0,18086.0,13.662,1771.0,1.338,-1084.0,-0.819,-107.0,-0.081
,2025-10-22 00:00:00+08:00,603069.XSHG,-7.64,-15115.0,-15.299,-12356.0,-12.506,-2759.0,-2.793,569.0,0.576,-9.0,-0.009
,2025-10-23 00:00:00+08:00,603069.XSHG,3.93,-2379.0,-2.909,-582.0,-0.712,-1797.0,-2.197,25.0,0.031,-2.0,-0.002
,2025-10-24 00:00:00+08:00,603069.XSHG,-0.8,7601.0,10.55,9164.0,12.72,-1563.0,-2.17,-1469.0,-2.039,-45.0,-0.062
,2025-10-27 00:00:00+08:00,603069.XSHG,-4.71,1310.0,2.099,2430.0,3.894,-1120.0,-1.795,-1334.0,-2.138,-75.0,-0.12
,2025-10-28 00:00:00+08:00,603069.XSHG,0.19,369.0,1.018,356.0,0.983,13.0,0.036,-35.0,-0.097,-63.0,-0.174
,2025-10-29 00:00:00+08:00,603069.XSHG,9.99,20728.0,19.714,17091.0,16.255,3637.0,3.459,-444.0,-0.422,-95.0,-0.09
,2025-10-30 00:00:00+08:00,603069.XSHG,-2.42,-2715.0,-3.651,-744.0,-1.001,-1971.0,-2.651,-399.0,-0.537,95.0,0.128
,2025-10-31 00:00:00+08:00,603069.XSHG,1.88,-5830.0,-4.515,-4483.0,-3.472,-1347.0,-1.043,-196.0,-0.152,129.0,0.1
,2025-11-03 00:00:00+08:00,603069.XSHG,2.13,-8480.0,-8.106,-8062.0,-7.707,-418.0,-0.4,752.0,0.719,-49.0,-0.047
,2025-11-04 00:00:00+08:00,603069.XSHG,-0.97,-3517.0,-4.665,-1064.0,-1.411,-2453.0,-3.254,-586.0,-0.777,-43.0,-0.057
,2025-11-05 00:00:00+08:00,603069.XSHG,5.16,5316.0,5.318,3594.0,3.595,1722.0,1.723,140.0,0.14,-59.0,-0.059
,2025-11-06 00:00:00+08:00,603069.XSHG,-9.68,-11383.0,-11.434,-5603.0,-5.628,-5780.0,-5.806,-758.0,-0.761,47.0,0.047
,2025-11-07 00:00:00+08:00,603069.XSHG,1.81,-7720.0,-10.367,-8373.0,-11.243,653.0,0.877,128.0,0.172,-132.0,-0.177
,2025-11-10 00:00:00+08:00,603069.XSHG,6.07,13951.0,14.974,12620.0,13.545,1331.0,1.429,-1216.0,-1.305,-65.0,-0.07
,2025-11-11 00:00:00+08:00,603069.XSHG,-4.7,-7193.0,-11.412,-2692.0,-4.271,-4501.0,-7.141,152.0,0.241,-21.0,-0.033
,2025-11-12 00:00:00+08:00,603069.XSHG,-1.87,-5864.0,-13.746,-4360.0,-10.221,-1504.0,-3.526,-215.0,-0.504,44.0,0.103
,2025-11-13 00:00:00+08:00,603069.XSHG,-1.29,-4286.0,-11.711,-2141.0,-5.85,-2145.0,-5.861,111.0,0.303,47.0,0.128
,2025-11-14 00:00:00+08:00,603069.XSHG,6.89,18558.0,23.475,14952.0,18.914,3606.0,4.561,-1265.0,-1.6,-281.0,-0.355
,2025-11-17 00:00:00+08:00,603069.XSHG,-1.43,-922.0,-1.907,643.0,1.33,-1565.0,-3.237,-178.0,-0.368,59.0,0.122
,2025-11-18 00:00:00+08:00,603069.XSHG,-2.12,-3744.0,-7.934,-2269.0,-4.808,-1475.0,-3.126,193.0,0.409,-122.0,-0.259
,2025-11-19 00:00:00+08:00,603069.XSHG,-5.14,-3571.0,-8.64,-1923.0,-4.653,-1648.0,-3.987,-1086.0,-2.628,113.0,0.273
,2025-11-20 00:00:00+08:00,603069.XSHG,0.69,911.0,2.813,1031.0,3.183,-120.0,-0.371,-89.0,-0.275,62.0,0.191
,2025-11-21 00:00:00+08:00,603069.XSHG,-3.41,-580.0,-1.881,161.0,0.522,-741.0,-2.403,-806.0,-2.614,-44.0,-0.143
,2025-11-24 00:00:00+08:00,603069.XSHG,-3.3,-3067.0,-9.767,-909.0,-2.895,-2158.0,-6.872,-493.0,-1.57,95.0,0.303
,2025-11-25 00:00:00+08:00,603069.XSHG,1.42,-1019.0,-4.171,-348.0,-1.424,-671.0,-2.746,-104.0,-0.426,31.0,0.127
,2025-11-26 00:00:00+08:00,603069.XSHG,1.12,1955.0,6.225,1340.0,4.266,615.0,1.958,-160.0,-0.509,-128.0,-0.408
,2025-11-27 00:00:00+08:00,603069.XSHG,-3.29,-1085.0,-5.224,-248.0,-1.194,-837.0,-4.03,-449.0,-2.162,22.0,0.106
,2025-11-28 00:00:00+08:00,603069.XSHG,4.55,3812.0,13.5,1947.0,6.895,1865.0,6.605,541.0,1.916,-53.0,-0.188
,2025-12-01 00:00:00+08:00,603069.XSHG,-0.12,-1249.0,-4.979,89.0,0.355,-1338.0,-5.334,-273.0,-1.088,-5.0,-0.02
,2025-12-02 00:00:00+08:00,603069.XSHG,1.96,2695.0,9.32,1701.0,5.883,994.0,3.438,65.0,0.225,-146.0,-0.505
,2025-12-03 00:00:00+08:00,603069.XSHG,-2.92,-976.0,-3.712,-66.0,-0.251,-910.0,-3.461,-371.0,-1.411,-38.0,-0.145
,2025-12-04 00:00:00+08:00,603069.XSHG,-4.0,-1129.0,-4.964,-157.0,-0.69,-972.0,-4.274,-482.0,-2.119,-23.0,-0.101
,2025-12-05 00:00:00+08:00,603069.XSHG,2.35,2405.0,12.905,643.0,3.45,1762.0,9.455,36.0,0.193,-106.0,-0.569
,2025-12-08 00:00:00+08:00,603069.XSHG,3.59,2840.0,11.264,1593.0,6.318,1247.0,4.946,-94.0,-0.373,-115.0,-0.456
,2025-12-09 00:00:00+08:00,603069.XSHG,-2.84,-3553.0,-15.0,-1803.0,-7.612,-1750.0,-7.388,72.0,0.304,-63.0,-0.266
,2025-12-10 00:00:00+08:00,603069.XSHG,6.0,5545.0,9.123,5773.0,9.498,-228.0,-0.375,-527.0,-0.867,91.0,0.15
,2025-12-11 00:00:00+08:00,603069.XSHG,-6.26,-8054.0,-15.962,-2913.0,-5.773,-5141.0,-10.189,-554.0,-1.098,72.0,0.143
,2025-12-12 00:00:00+08:00,603069.XSHG,-2.78,-1779.0,-6.396,11.0,0.04,-1790.0,-6.435,-347.0,-1.248,-58.0,-0.209
,2025-12-15 00:00:00+08:00,603069.XSHG,-2.28,-750.0,-3.248,-251.0,-1.087,-499.0,-2.161,-318.0,-1.377,-50.0,-0.217
,2025-12-16 00:00:00+08:00,603069.XSHG,4.19,-4244.0,-9.761,-221.0,-0.508,-4023.0,-9.253,257.0,0.591,61.0,0.14
,2025-12-17 00:00:00+08:00,603069.XSHG,-5.24,-2420.0,-7.613,-949.0,-2.985,-1471.0,-4.627,-385.0,-1.211,-26.0,-0.082
,2025-12-18 00:00:00+08:00,603069.XSHG,-6.61,-3949.0,-12.481,-1544.0,-4.88,-2405.0,-7.601,-910.0,-2.876,-43.0,-0.136
,2025-12-19 00:00:00+08:00,603069.XSHG,10.0,14793.0,27.288,12308.0,22.704,2485.0,4.584,232.0,0.428,-84.0,-0.155
,2025-12-22 00:00:00+08:00,603069.XSHG,10.02,3869.0,9.771,3869.0,9.771,0.0,0.0,0.0,0.0,0.0,0.0
,2025-12-23 00:00:00+08:00,603069.XSHG,10.02,0.0,0.0,0.0,0.0,0.0,0.0,0.0,0.0,0.0,0.0
,2025-12-24 00:00:00+08:00,603069.XSHG,1.25,11021.0,5.609,15080.0,7.675,-4059.0,-2.066,-781.0,-0.397,18.0,0.009
,2025-12-25 00:00:00+08:00,603069.XSHG,-5.54,-17868.0,-13.882,-14518.0,-11.279,-3350.0,-2.603,-235.0,-0.183,20.0,0.016
,2025-01-02 00:00:00+08:00,605199.XSHG,-0.31,730.0,3.437,342.0,1.61,388.0,1.827,-327.0,-1.539,-91.0,-0.428
,2025-01-03 00:00:00+08:00,605199.XSHG,10.0,6693.0,12.756,3181.0,6.062,3512.0,6.693,-317.0,-0.604,-96.0,-0.183
,2025-01-06 00:00:00+08:00,605199.XSHG,10.01,-1449.0,-2.005,-2272.0,-3.144,823.0,1.139,287.0,0.397,17.0,0.024
,2025-01-07 00:00:00+08:00,605199.XSHG,1.61,-3937.0,-4.763,-3291.0,-3.982,-646.0,-0.782,-17.0,-0.021,91.0,0.11
,2025-01-08 00:00:00+08:00,605199.XSHG,2.3,2964.0,3.595,2874.0,3.486,90.0,0.109,312.0,0.378,-78.0,-0.095
,2025-01-09 00:00:00+08:00,605199.XSHG,-5.15,296.0,0.549,1072.0,1.987,-776.0,-1.438,-1150.0,-2.131,-3.0,-0.006
,2025-01-10 00:00:00+08:00,605199.XSHG,-9.86,-1964.0,-4.041,152.0,0.313,-2116.0,-4.353,-826.0,-1.699,-112.0,-0.23
,2025-01-13 00:00:00+08:00,605199.XSHG,-4.74,-663.0,-2.033,519.0,1.591,-1182.0,-3.624,109.0,0.334,-158.0,-0.484
,2025-01-14 00:00:00+08:00,605199.XSHG,4.54,853.0,2.586,-309.0,-0.937,1162.0,3.523,13.0,0.039,22.0,0.067
,2025-01-15 00:00:00+08:00,605199.XSHG,-1.35,-1801.0,-4.679,-382.0,-0.992,-1419.0,-3.686,-86.0,-0.223,-65.0,-0.169
,2025-01-16 00:00:00+08:00,605199.XSHG,1.07,1098.0,3.4,1408.0,4.36,-310.0,-0.96,-216.0,-0.669,75.0,0.232
,2025-01-17 00:00:00+08:00,605199.XSHG,10.02,8990.0,15.718,7096.0,12.407,1894.0,3.312,48.0,0.084,-62.0,-0.108
,2025-01-20 00:00:00+08:00,605199.XSHG,-2.52,-1897.0,-3.686,977.0,1.898,-2874.0,-5.585,-310.0,-0.602,123.0,0.239
,2025-01-21 00:00:00+08:00,605199.XSHG,-2.01,-740.0,-2.588,207.0,0.724,-947.0,-3.312,-454.0,-1.588,-84.0,-0.294
,2025-01-22 00:00:00+08:00,605199.XSHG,-2.11,-5326.0,-16.064,-3109.0,-9.377,-2217.0,-6.687,-22.0,-0.066,-5.0,-0.015
,2025-01-23 00:00:00+08:00,605199.XSHG,-1.87,-725.0,-2.764,-713.0,-2.718,-12.0,-0.046,-747.0,-2.847,-82.0,-0.313
,2025-01-24 00:00:00+08:00,605199.XSHG,-0.23,-518.0,-2.413,-242.0,-1.127,-276.0,-1.286,-202.0,-0.941,40.0,0.186
,2025-01-27 00:00:00+08:00,605199.XSHG,-5.66,-2894.0,-13.438,-1348.0,-6.259,-1546.0,-7.179,-898.0,-4.17,-10.0,-0.046
,2025-02-05 00:00:00+08:00,605199.XSHG,4.29,2354.0,11.407,1508.0,7.308,846.0,4.1,-404.0,-1.958,-80.0,-0.388
,2025-02-06 00:00:00+08:00,605199.XSHG,0.35,3.0,0.014,238.0,1.083,-235.0,-1.069,-238.0,-1.083,-33.0,-0.15
,2025-02-07 00:00:00+08:00,605199.XSHG,2.58,-464.0,-1.367,-390.0,-1.149,-74.0,-0.218,-91.0,-0.268,45.0,0.133
,2025-02-10 00:00:00+08:00,605199.XSHG,2.0,530.0,1.766,802.0,2.673,-272.0,-0.907,-221.0,-0.737,-31.0,-0.103
,2025-02-11 00:00:00+08:00,605199.XSHG,0.78,-1718.0,-3.787,-1728.0,-3.809,10.0,0.022,-505.0,-1.113,-6.0,-0.013
,2025-02-12 00:00:00+08:00,605199.XSHG,-0.72,-299.0,-1.091,-102.0,-0.372,-197.0,-0.719,-311.0,-1.135,50.0,0.182
,2025-02-13 00:00:00+08:00,605199.XSHG,1.57,2896.0,6.176,2738.0,5.839,158.0,0.337,-514.0,-1.096,74.0,0.158
,2025-02-14 00:00:00+08:00,605199.XSHG,1.71,405.0,0.829,1476.0,3.023,-1071.0,-2.193,193.0,0.395,94.0,0.192
,2025-02-17 00:00:00+08:00,605199.XSHG,-2.27,-568.0,-1.854,212.0,0.692,-780.0,-2.545,-447.0,-1.459,-84.0,-0.274
,2025-02-18 00:00:00+08:00,605199.XSHG,-6.36,-540.0,-1.701,358.0,1.128,-898.0,-2.829,-1178.0,-3.71,-40.0,-0.126
,2025-02-19 00:00:00+08:00,605199.XSHG,1.42,-488.0,-2.806,-17.0,-0.098,-471.0,-2.708,-268.0,-1.541,44.0,0.253
,2025-02-20 00:00:00+08:00,605199.XSHG,-0.52,-1153.0,-7.053,62.0,0.379,-1215.0,-7.432,-270.0,-1.652,3.0,0.018
,2025-02-21 00:00:00+08:00,605199.XSHG,-1.05,-694.0,-3.648,18.0,0.095,-712.0,-3.743,-458.0,-2.408,-9.0,-0.047
,2025-02-24 00:00:00+08:00,605199.XSHG,-0.89,-1082.0,-6.972,-443.0,-2.854,-639.0,-4.117,-343.0,-2.21,-38.0,-0.245
,2025-02-25 00:00:00+08:00,605199.XSHG,-1.49,-765.0,-6.05,-358.0,-2.831,-407.0,-3.219,-138.0,-1.091,-10.0,-0.079
,2025-02-26 00:00:00+08:00,605199.XSHG,1.27,156.0,1.409,366.0,3.305,-210.0,-1.896,-157.0,-1.418,35.0,0.316
,2025-02-27 00:00:00+08:00,605199.XSHG,2.81,1899.0,6.198,2299.0,7.503,-400.0,-1.305,228.0,0.744,-6.0,-0.02
,2025-02-28 00:00:00+08:00,605199.XSHG,-5.24,-1446.0,-6.138,793.0,3.366,-2239.0,-9.504,-826.0,-3.506,29.0,0.123
,2025-03-03 00:00:00+08:00,605199.XSHG,0.43,-1.0,-0.007,117.0,0.818,-118.0,-0.825,-473.0,-3.307,-59.0,-0.412
,2025-03-04 00:00:00+08:00,605199.XSHG,-1.59,-407.0,-2.802,-82.0,-0.565,-325.0,-2.238,-406.0,-2.795,32.0,0.22
,2025-03-05 00:00:00+08:00,605199.XSHG,-1.93,-525.0,-3.67,-97.0,-0.678,-428.0,-2.992,-260.0,-1.817,9.0,0.063
,2025-03-06 00:00:00+08:00,605199.XSHG,1.65,1442.0,10.659,348.0,2.572,1094.0,8.087,85.0,0.628,-78.0,-0.577
,2025-03-07 00:00:00+08:00,605199.XSHG,-1.56,-882.0,-8.466,-128.0,-1.229,-754.0,-7.237,-298.0,-2.86,-10.0,-0.096
,2025-03-10 00:00:00+08:00,605199.XSHG,3.29,1739.0,10.989,697.0,4.404,1042.0,6.585,91.0,0.575,9.0,0.057
,2025-03-11 00:00:00+08:00,605199.XSHG,-0.55,-6.0,-0.067,0.0,0.0,-6.0,-0.067,-40.0,-0.449,-12.0,-0.135
,2025-03-12 00:00:00+08:00,605199.XSHG,0.43,312.0,3.1,374.0,3.717,-62.0,-0.616,-30.0,-0.298,11.0,0.109
,2025-03-13 00:00:00+08:00,605199.XSHG,-2.08,-633.0,-6.785,-139.0,-1.49,-494.0,-5.295,-275.0,-2.947,4.0,0.043
,2025-03-14 00:00:00+08:00,605199.XSHG,10.03,12306.0,28.361,11609.0,26.754,697.0,1.606,-222.0,-0.512,15.0,0.035
,2025-03-17 00:00:00+08:00,605199.XSHG,-2.68,-1276.0,-2.788,246.0,0.538,-1522.0,-3.326,-520.0,-1.136,43.0,0.094
,2025-03-18 00:00:00+08:00,605199.XSHG,-1.35,-790.0,-4.09,-30.0,-0.155,-760.0,-3.935,-459.0,-2.377,33.0,0.171
,2025-03-19 00:00:00+08:00,605199.XSHG,-1.6,-1054.0,-7.611,-454.0,-3.278,-600.0,-4.333,-352.0,-2.542,24.0,0.173
,2025-03-20 00:00:00+08:00,605199.XSHG,0.12,-625.0,-3.302,-209.0,-1.104,-416.0,-2.198,-25.0,-0.132,-59.0,-0.312
,2025-03-21 00:00:00+08:00,605199.XSHG,1.55,-1994.0,-3.898,100.0,0.195,-2094.0,-4.094,-274.0,-0.536,124.0,0.242
,2025-03-24 00:00:00+08:00,605199.XSHG,-6.83,-534.0,-1.682,-21.0,-0.066,-513.0,-1.615,-623.0,-1.962,-48.0,-0.151
,2025-03-25 00:00:00+08:00,605199.XSHG,-5.69,-2873.0,-11.947,-750.0,-3.119,-2123.0,-8.829,-148.0,-0.615,37.0,0.154
,2025-03-26 00:00:00+08:00,605199.XSHG,0.4,-63.0,-0.555,-257.0,-2.265,194.0,1.71,67.0,0.591,-24.0,-0.212
,2025-03-27 00:00:00+08:00,605199.XSHG,1.4,799.0,6.444,153.0,1.234,646.0,5.21,5.0,0.04,38.0,0.306
,2025-03-28 00:00:00+08:00,605199.XSHG,3.75,967.0,3.082,841.0,2.68,126.0,0.402,-85.0,-0.271,-45.0,-0.143
,2025-03-31 00:00:00+08:00,605199.XSHG,-6.21,-1661.0,-9.128,-362.0,-1.989,-1299.0,-7.139,-493.0,-2.709,-110.0,-0.605
,2025-04-01 00:00:00+08:00,605199.XSHG,3.65,2210.0,11.942,729.0,3.939,1481.0,8.003,-64.0,-0.346,-90.0,-0.486
,2025-04-02 00:00:00+08:00,605199.XSHG,-2.28,-1049.0,-8.874,-546.0,-4.619,-503.0,-4.255,-234.0,-1.98,-35.0,-0.296
,2025-04-03 00:00:00+08:00,605199.XSHG,0.13,-252.0,-2.764,127.0,1.393,-379.0,-4.157,-297.0,-3.258,-10.0,-0.11
,2025-04-07 00:00:00+08:00,605199.XSHG,-9.97,-733.0,-7.066,-107.0,-1.032,-626.0,-6.035,-216.0,-2.082,-4.0,-0.039
,2025-04-08 00:00:00+08:00,605199.XSHG,-0.07,88.0,0.795,94.0,0.849,-6.0,-0.054,-79.0,-0.714,-42.0,-0.379
,2025-04-09 00:00:00+08:00,605199.XSHG,0.22,-264.0,-1.964,252.0,1.874,-516.0,-3.838,-73.0,-0.543,36.0,0.268
,2025-04-10 00:00:00+08:00,605199.XSHG,5.97,2012.0,9.546,1589.0,7.539,423.0,2.007,158.0,0.75,19.0,0.09
,2025-04-11 00:00:00+08:00,605199.XSHG,-1.25,-711.0,-5.398,-773.0,-5.869,62.0,0.471,-312.0,-2.369,-23.0,-0.175
,2025-04-14 00:00:00+08:00,605199.XSHG,10.0,6708.0,24.473,5173.0,18.873,1535.0,5.6,-162.0,-0.591,-74.0,-0.27
,2025-04-15 00:00:00+08:00,605199.XSHG,-3.46,-2040.0,-7.788,-849.0,-3.241,-1191.0,-4.547,-209.0,-0.798,-48.0,-0.183
,2025-04-16 00:00:00+08:00,605199.XSHG,-1.66,-666.0,-4.82,-216.0,-1.563,-450.0,-3.257,-568.0,-4.111,-31.0,-0.224
,2025-04-17 00:00:00+08:00,605199.XSHG,3.59,3249.0,15.953,1715.0,8.421,1534.0,7.532,-392.0,-1.925,-3.0,-0.015
,2025-04-18 00:00:00+08:00,605199.XSHG,-2.62,-979.0,-5.953,42.0,0.255,-1021.0,-6.208,-166.0,-1.009,-29.0,-0.176
,2025-04-21 00:00:00+08:00,605199.XSHG,0.74,136.0,1.153,111.0,0.941,25.0,0.212,-149.0,-1.263,-60.0,-0.509
,2025-04-22 00:00:00+08:00,605199.XSHG,0.0,348.0,3.433,102.0,1.006,246.0,2.427,-125.0,-1.233,-83.0,-0.819
,2025-04-23 00:00:00+08:00,605199.XSHG,-9.99,-1541.0,-5.54,-110.0,-0.395,-1431.0,-5.145,-197.0,-0.708,29.0,0.104
,2025-04-24 00:00:00+08:00,605199.XSHG,-0.22,1139.0,7.713,433.0,2.932,706.0,4.781,-355.0,-2.404,-72.0,-0.488
,2025-04-25 00:00:00+08:00,605199.XSHG,-1.34,77.0,0.871,-134.0,-1.515,211.0,2.386,-179.0,-2.024,-73.0,-0.826
,2025-04-28 00:00:00+08:00,605199.XSHG,-1.88,-252.0,-4.399,0.0,0.0,-252.0,-4.399,-243.0,-4.242,10.0,0.175
,2025-04-30 00:00:00+08:00,605199.XSHG,-4.98,0.0,0.0,0.0,0.0,0.0,0.0,0.0,0.0,0.0,0.0
,2025-05-06 00:00:00+08:00,605199.XSHG,-5.0,0.0,0.0,0.0,0.0,0.0,0.0,0.0,0.0,0.0,0.0
,2025-05-07 00:00:00+08:00,605199.XSHG,-5.0,0.0,0.0,0.0,0.0,0.0,0.0,0.0,0.0,0.0,0.0
,2025-05-08 00:00:00+08:00,605199.XSHG,-4.91,-39.0,-0.11,603.0,1.708,-642.0,-1.818,-54.0,-0.153,38.0,0.108
,2025-05-09 00:00:00+08:00,605199.XSHG,-4.88,-2033.0,-8.34,-1065.0,-4.369,-968.0,-3.971,230.0,0.944,-97.0,-0.398
,2025-05-12 00:00:00+08:00,605199.XSHG,2.07,909.0,5.814,671.0,4.292,238.0,1.522,-264.0,-1.689,16.0,0.102
,2025-05-13 00:00:00+08:00,605199.XSHG,-4.25,-1868.0,-12.901,-1058.0,-7.307,-810.0,-5.594,-286.0,-1.975,-55.0,-0.38
,2025-05-14 00:00:00+08:00,605199.XSHG,-4.95,-1916.0,-13.655,-473.0,-3.371,-1443.0,-10.284,-303.0,-2.159,-10.0,-0.071
,2025-05-15 00:00:00+08:00,605199.XSHG,3.4,581.0,4.391,413.0,3.121,168.0,1.27,-60.0,-0.453,-47.0,-0.355
,2025-05-16 00:00:00+08:00,605199.XSHG,1.13,563.0,6.227,274.0,3.031,289.0,3.197,12.0,0.133,-43.0,-0.476
,2025-05-19 00:00:00+08:00,605199.XSHG,2.75,-331.0,-2.997,-131.0,-1.186,-200.0,-1.811,315.0,2.852,-5.0,-0.045
,2025-05-20 00:00:00+08:00,605199.XSHG,-0.69,-114.0,-1.041,-46.0,-0.42,-68.0,-0.621,160.0,1.461,1.0,0.009
,2025-05-21 00:00:00+08:00,605199.XSHG,1.6,1346.0,12.679,1032.0,9.721,314.0,2.958,-157.0,-1.479,-38.0,-0.358
,2025-05-22 00:00:00+08:00,605199.XSHG,-1.57,-895.0,-7.923,178.0,1.576,-1073.0,-9.499,-232.0,-2.054,-15.0,-0.133
,2025-05-23 00:00:00+08:00,605199.XSHG,-0.1,1113.0,11.837,255.0,2.712,858.0,9.125,42.0,0.447,3.0,0.032
,2025-05-26 00:00:00+08:00,605199.XSHG,-4.12,-741.0,-5.43,-553.0,-4.052,-188.0,-1.378,30.0,0.22,-138.0,-1.011
,2025-05-27 00:00:00+08:00,605199.XSHG,-0.1,-184.0,-2.133,243.0,2.816,-427.0,-4.949,-27.0,-0.313,23.0,0.267
,2025-05-28 00:00:00+08:00,605199.XSHG,0.52,-7.0,-0.103,132.0,1.933,-139.0,-2.035,277.0,4.056,-45.0,-0.659
,2025-05-29 00:00:00+08:00,605199.XSHG,5.01,1786.0,14.613,1180.0,9.655,606.0,4.958,-2.0,-0.016,22.0,0.18
,2025-05-30 00:00:00+08:00,605199.XSHG,-1.39,-829.0,-5.792,-864.0,-6.036,35.0,0.245,-78.0,-0.545,-5.0,-0.035
,2025-06-03 00:00:00+08:00,605199.XSHG,-0.7,136.0,2.042,0.0,0.0,136.0,2.042,158.0,2.373,12.0,0.18
,2025-06-04 00:00:00+08:00,605199.XSHG,0.51,26.0,0.348,125.0,1.674,-99.0,-1.326,166.0,2.223,-20.0,-0.268
,2025-06-05 00:00:00+08:00,605199.XSHG,-2.62,-1011.0,-12.375,-383.0,-4.688,-628.0,-7.687,-225.0,-2.754,-24.0,-0.294
,2025-06-06 00:00:00+08:00,605199.XSHG,-0.72,-794.0,-15.593,-332.0,-6.52,-462.0,-9.073,-81.0,-1.591,-37.0,-0.727
,2025-06-09 00:00:00+08:00,605199.XSHG,1.77,1074.0,18.485,902.0,15.525,172.0,2.96,-14.0,-0.241,21.0,0.361
,2025-06-10 00:00:00+08:00,605199.XSHG,0.61,-404.0,-4.741,-181.0,-2.124,-223.0,-2.617,-308.0,-3.614,66.0,0.774
,2025-06-11 00:00:00+08:00,605199.XSHG,-0.1,220.0,4.004,-165.0,-3.003,385.0,7.006,56.0,1.019,9.0,0.164
,2025-06-12 00:00:00+08:00,605199.XSHG,-1.43,-486.0,-7.793,0.0,0.0,-486.0,-7.793,-268.0,-4.298,-9.0,-0.144
,2025-06-13 00:00:00+08:00,605199.XSHG,-3.31,-758.0,-10.801,-314.0,-4.474,-444.0,-6.327,-404.0,-5.757,-46.0,-0.655
,2025-06-16 00:00:00+08:00,605199.XSHG,-1.07,141.0,3.562,0.0,0.0,141.0,3.562,-124.0,-3.133,16.0,0.404
,2025-06-17 00:00:00+08:00,605199.XSHG,0.65,-474.0,-10.812,-103.0,-2.349,-371.0,-8.463,96.0,2.19,23.0,0.525
,2025-06-18 00:00:00+08:00,605199.XSHG,-3.33,-428.0,-6.707,-128.0,-2.006,-300.0,-4.701,-452.0,-7.084,-60.0,-0.94
,2025-06-19 00:00:00+08:00,605199.XSHG,-1.0,-215.0,-3.447,166.0,2.662,-381.0,-6.109,-133.0,-2.132,-52.0,-0.834
,2025-06-20 00:00:00+08:00,605199.XSHG,-4.71,-1027.0,-14.148,-335.0,-4.615,-692.0,-9.533,-151.0,-2.08,-60.0,-0.827
,2025-06-23 00:00:00+08:00,605199.XSHG,0.0,280.0,5.579,181.0,3.606,99.0,1.973,-105.0,-2.092,-12.0,-0.239
,2025-06-24 00:00:00+08:00,605199.XSHG,2.36,210.0,4.381,26.0,0.542,184.0,3.839,61.0,1.273,-8.0,-0.167
,2025-06-25 00:00:00+08:00,605199.XSHG,4.95,1019.0,18.595,936.0,17.08,83.0,1.515,56.0,1.022,-5.0,-0.091
,2025-06-26 00:00:00+08:00,605199.XSHG,0.22,-333.0,-3.02,436.0,3.954,-769.0,-6.974,25.0,0.227,-7.0,-0.063
,2025-06-27 00:00:00+08:00,605199.XSHG,-0.44,-498.0,-8.371,0.0,0.0,-498.0,-8.371,-166.0,-2.79,4.0,0.067
,2025-06-30 00:00:00+08:00,605199.XSHG,0.11,-119.0,-2.214,0.0,0.0,-119.0,-2.214,15.0,0.279,14.0,0.26
,2025-07-01 00:00:00+08:00,605199.XSHG,-0.22,82.0,1.841,0.0,0.0,82.0,1.841,-55.0,-1.235,-7.0,-0.157
,2025-07-02 00:00:00+08:00,605199.XSHG,-0.11,-24.0,-0.693,0.0,0.0,-24.0,-0.693,-79.0,-2.282,-30.0,-0.867
,2025-07-03 00:00:00+08:00,605199.XSHG,1.55,285.0,4.203,-24.0,-0.354,309.0,4.557,208.0,3.067,-33.0,-0.487
,2025-07-04 00:00:00+08:00,605199.XSHG,-1.09,-300.0,-6.466,0.0,0.0,-300.0,-6.466,24.0,0.517,-34.0,-0.733
,2025-07-07 00:00:00+08:00,605199.XSHG,-0.33,-244.0,-8.561,-166.0,-5.825,-78.0,-2.737,27.0,0.947,13.0,0.456
,2025-07-08 00:00:00+08:00,605199.XSHG,-0.33,-476.0,-12.341,-189.0,-4.9,-287.0,-7.441,-90.0,-2.333,-17.0,-0.441
,2025-07-09 00:00:00+08:00,605199.XSHG,-0.22,159.0,4.641,125.0,3.649,34.0,0.992,-17.0,-0.496,16.0,0.467
,2025-07-10 00:00:00+08:00,605199.XSHG,-0.22,65.0,2.447,-135.0,-5.083,200.0,7.53,-75.0,-2.824,22.0,0.828
,2025-07-11 00:00:00+08:00,605199.XSHG,1.9,407.0,5.125,298.0,3.752,109.0,1.372,-206.0,-2.594,20.0,0.252
,2025-07-14 00:00:00+08:00,605199.XSHG,-1.42,-635.0,-13.856,-335.0,-7.31,-300.0,-6.546,0.0,0.0,-26.0,-0.567
,2025-07-15 00:00:00+08:00,605199.XSHG,-3.11,-132.0,-2.328,124.0,2.187,-256.0,-4.514,-290.0,-5.114,-46.0,-0.811
,2025-07-16 00:00:00+08:00,605199.XSHG,2.52,556.0,13.98,127.0,3.193,429.0,10.787,30.0,0.754,22.0,0.553
,2025-07-17 00:00:00+08:00,605199.XSHG,2.57,1037.0,12.565,948.0,11.487,89.0,1.078,18.0,0.218,1.0,0.012
,2025-07-18 00:00:00+08:00,605199.XSHG,-0.65,-162.0,-4.936,0.0,0.0,-162.0,-4.936,-5.0,-0.152,48.0,1.463
,2025-07-21 00:00:00+08:00,605199.XSHG,0.33,17.0,0.529,0.0,0.0,17.0,0.529,88.0,2.737,-19.0,-0.591
,2025-07-22 00:00:00+08:00,605199.XSHG,0.44,204.0,3.187,154.0,2.405,50.0,0.781,-53.0,-0.828,-44.0,-0.687
,2025-07-23 00:00:00+08:00,605199.XSHG,-1.3,-366.0,-8.49,-166.0,-3.851,-200.0,-4.639,-190.0,-4.407,-56.0,-1.299
,2025-07-24 00:00:00+08:00,605199.XSHG,4.95,1117.0,12.086,466.0,5.042,651.0,7.044,129.0,1.396,30.0,0.325
,2025-07-25 00:00:00+08:00,605199.XSHG,-2.52,-1574.0,-13.526,-287.0,-2.466,-1287.0,-11.06,-304.0,-2.612,5.0,0.043
,2025-07-28 00:00:00+08:00,605199.XSHG,-0.65,-182.0,-2.545,7.0,0.098,-189.0,-2.643,-120.0,-1.678,-5.0,-0.07
,2025-07-29 00:00:00+08:00,605199.XSHG,1.3,598.0,6.11,428.0,4.373,170.0,1.737,-139.0,-1.42,-54.0,-0.552
,2025-07-30 00:00:00+08:00,605199.XSHG,-1.71,-519.0,-7.95,103.0,1.578,-622.0,-9.528,-25.0,-0.383,-60.0,-0.919
,2025-07-31 00:00:00+08:00,605199.XSHG,-0.76,-737.0,-13.253,0.0,0.0,-737.0,-13.253,22.0,0.396,-37.0,-0.665
,2025-08-01 00:00:00+08:00,605199.XSHG,0.99,650.0,11.68,580.0,10.422,70.0,1.258,9.0,0.162,53.0,0.952
,2025-08-04 00:00:00+08:00,605199.XSHG,0.22,-85.0,-2.087,0.0,0.0,-85.0,-2.087,-189.0,-4.64,25.0,0.614
,2025-08-05 00:00:00+08:00,605199.XSHG,2.49,1217.0,14.519,505.0,6.025,712.0,8.494,-12.0,-0.143,4.0,0.048
,2025-08-06 00:00:00+08:00,605199.XSHG,-1.69,-845.0,-12.532,0.0,0.0,-845.0,-12.532,-331.0,-4.909,4.0,0.059
,2025-08-07 00:00:00+08:00,605199.XSHG,-0.54,-151.0,-3.351,0.0,0.0,-151.0,-3.351,-112.0,-2.486,45.0,0.999
,2025-08-08 00:00:00+08:00,605199.XSHG,-0.86,-399.0,-10.299,-130.0,-3.356,-269.0,-6.944,-76.0,-1.962,-4.0,-0.103
,2025-08-11 00:00:00+08:00,605199.XSHG,0.54,5.0,0.141,0.0,0.0,5.0,0.141,18.0,0.509,3.0,0.085
,2025-08-12 00:00:00+08:00,605199.XSHG,-0.32,-207.0,-7.361,0.0,0.0,-207.0,-7.361,10.0,0.356,-3.0,-0.107
,2025-08-13 00:00:00+08:00,605199.XSHG,0.0,317.0,8.645,165.0,4.5,152.0,4.145,33.0,0.9,-50.0,-1.364
,2025-08-14 00:00:00+08:00,605199.XSHG,-1.95,-133.0,-2.337,0.0,0.0,-133.0,-2.337,95.0,1.67,-72.0,-1.265
,2025-08-15 00:00:00+08:00,605199.XSHG,0.78,27.0,0.91,0.0,0.0,27.0,0.91,107.0,3.608,-34.0,-1.146
,2025-08-18 00:00:00+08:00,605199.XSHG,0.99,364.0,9.445,66.0,1.713,298.0,7.732,159.0,4.126,-24.0,-0.623
,2025-08-19 00:00:00+08:00,605199.XSHG,0.33,211.0,3.829,316.0,5.735,-105.0,-1.906,156.0,2.831,19.0,0.345
,2025-08-20 00:00:00+08:00,605199.XSHG,0.43,43.0,1.008,-108.0,-2.531,151.0,3.539,74.0,1.734,-12.0,-0.281
,2025-08-21 00:00:00+08:00,605199.XSHG,1.62,646.0,7.873,149.0,1.816,497.0,6.057,130.0,1.584,-30.0,-0.366
,2025-08-22 00:00:00+08:00,605199.XSHG,-1.28,-417.0,-7.856,-107.0,-2.016,-310.0,-5.84,-108.0,-2.035,-21.0,-0.396
,2025-08-25 00:00:00+08:00,605199.XSHG,0.11,-121.0,-2.597,-129.0,-2.769,8.0,0.172,-82.0,-1.76,-25.0,-0.537
,2025-08-26 00:00:00+08:00,605199.XSHG,1.29,279.0,5.618,-23.0,-0.463,302.0,6.081,82.0,1.651,1.0,0.02
,2025-08-27 00:00:00+08:00,605199.XSHG,0.32,-689.0,-3.884,131.0,0.738,-820.0,-4.622,-326.0,-1.838,36.0,0.203
,2025-08-28 00:00:00+08:00,605199.XSHG,-2.22,-841.0,-7.744,-303.0,-2.79,-538.0,-4.954,-293.0,-2.698,19.0,0.175
,2025-08-29 00:00:00+08:00,605199.XSHG,-1.19,-157.0,-3.277,-151.0,-3.152,-6.0,-0.125,-135.0,-2.818,-42.0,-0.877
,2025-09-01 00:00:00+08:00,605199.XSHG,1.54,162.0,4.726,108.0,3.151,54.0,1.575,-36.0,-1.05,28.0,0.817
,2025-09-02 00:00:00+08:00,605199.XSHG,0.87,278.0,4.129,245.0,3.639,33.0,0.49,130.0,1.931,-69.0,-1.025
,2025-09-03 00:00:00+08:00,605199.XSHG,-1.5,-500.0,-11.596,-104.0,-2.412,-396.0,-9.184,-315.0,-7.305,15.0,0.348
,2025-09-04 00:00:00+08:00,605199.XSHG,0.33,-23.0,-0.574,0.0,0.0,-23.0,-0.574,58.0,1.449,37.0,0.924
,2025-09-05 00:00:00+08:00,605199.XSHG,0.43,-435.0,-11.96,-192.0,-5.279,-243.0,-6.681,-132.0,-3.629,-2.0,-0.055
,2025-09-08 00:00:00+08:00,605199.XSHG,1.41,99.0,2.118,0.0,0.0,99.0,2.118,162.0,3.466,-20.0,-0.428
,2025-09-09 00:00:00+08:00,605199.XSHG,-1.17,-485.0,-10.74,0.0,0.0,-485.0,-10.74,-97.0,-2.148,26.0,0.576
,2025-09-10 00:00:00+08:00,605199.XSHG,0.54,89.0,2.552,167.0,4.789,-78.0,-2.237,-133.0,-3.814,47.0,1.348
,2025-09-11 00:00:00+08:00,605199.XSHG,-0.75,-452.0,-10.287,5.0,0.114,-457.0,-10.401,-19.0,-0.432,-50.0,-1.138
,2025-09-12 00:00:00+08:00,605199.XSHG,-0.22,349.0,10.029,146.0,4.195,203.0,5.833,-17.0,-0.489,-21.0,-0.603
,2025-09-15 00:00:00+08:00,605199.XSHG,-0.76,-319.0,-8.702,-115.0,-3.137,-204.0,-5.565,-45.0,-1.227,-3.0,-0.082
,2025-09-16 00:00:00+08:00,605199.XSHG,0.98,269.0,6.678,160.0,3.972,109.0,2.706,5.0,0.124,-8.0,-0.199
,2025-09-17 00:00:00+08:00,605199.XSHG,-0.43,-229.0,-8.701,0.0,0.0,-229.0,-8.701,-107.0,-4.065,18.0,0.684
,2025-09-18 00:00:00+08:00,605199.XSHG,-0.76,-120.0,-2.616,0.0,0.0,-120.0,-2.616,42.0,0.915,-24.0,-0.523
,2025-09-19 00:00:00+08:00,605199.XSHG,-0.77,-690.0,-19.541,-108.0,-3.059,-582.0,-16.483,-98.0,-2.775,17.0,0.481
,2025-09-22 00:00:00+08:00,605199.XSHG,-0.33,-66.0,-3.677,0.0,0.0,-66.0,-3.677,33.0,1.838,-16.0,-0.891
,2025-09-23 00:00:00+08:00,605199.XSHG,-2.43,-316.0,-7.572,0.0,0.0,-316.0,-7.572,-186.0,-4.457,-102.0,-2.444
,2025-09-24 00:00:00+08:00,605199.XSHG,0.68,-115.0,-6.505,0.0,0.0,-115.0,-6.505,60.0,3.394,2.0,0.113
,2025-09-25 00:00:00+08:00,605199.XSHG,-1.01,-292.0,-13.958,0.0,0.0,-292.0,-13.958,-101.0,-4.828,-39.0,-1.864
,2025-09-26 00:00:00+08:00,605199.XSHG,1.14,148.0,5.123,0.0,0.0,148.0,5.123,68.0,2.354,-13.0,-0.45
,2025-09-30 00:00:00+08:00,605199.XSHG,0.8,-115.0,-7.121,0.0,0.0,-115.0,-7.121,-141.0,-8.731,1.0,0.062
,2025-10-09 00:00:00+08:00,605199.XSHG,-0.23,-159.0,-11.497,-101.0,-7.303,-58.0,-4.194,-16.0,-1.157,5.0,0.362
,2025-10-10 00:00:00+08:00,605199.XSHG,0.79,223.0,12.486,0.0,0.0,223.0,12.486,26.0,1.456,-19.0,-1.064
,2025-10-13 00:00:00+08:00,605199.XSHG,-1.35,-97.0,-5.111,0.0,0.0,-97.0,-5.111,-127.0,-6.691,8.0,0.421
,2025-10-14 00:00:00+08:00,605199.XSHG,0.11,44.0,2.156,0.0,0.0,44.0,2.156,-31.0,-1.519,7.0,0.343
,2025-10-15 00:00:00+08:00,605199.XSHG,0.57,16.0,1.196,0.0,0.0,16.0,1.196,-83.0,-6.203,5.0,0.374
,2025-10-16 00:00:00+08:00,605199.XSHG,-0.23,-165.0,-8.963,0.0,0.0,-165.0,-8.963,34.0,1.847,0.0,0.0
,2025-10-17 00:00:00+08:00,605199.XSHG,2.05,519.0,10.066,152.0,2.948,367.0,7.118,148.0,2.87,-65.0,-1.261
,2025-10-20 00:00:00+08:00,605199.XSHG,-0.11,86.0,3.263,0.0,0.0,86.0,3.263,-66.0,-2.504,0.0,0.0
,2025-10-21 00:00:00+08:00,605199.XSHG,0.11,195.0,8.99,173.0,7.976,22.0,1.014,18.0,0.83,-2.0,-0.092
,2025-10-22 00:00:00+08:00,605199.XSHG,1.34,365.0,11.421,0.0,0.0,365.0,11.421,-7.0,-0.219,-6.0,-0.188
,2025-10-23 00:00:00+08:00,605199.XSHG,-0.22,-42.0,-1.571,0.0,0.0,-42.0,-1.571,-42.0,-1.571,-1.0,-0.037
,2025-10-24 00:00:00+08:00,605199.XSHG,-0.44,208.0,10.087,110.0,5.335,98.0,4.753,32.0,1.552,-24.0,-1.164
,2025-10-27 00:00:00+08:00,605199.XSHG,-0.78,7.0,0.268,9.0,0.345,-2.0,-0.077,14.0,0.536,-10.0,-0.383
,2025-10-28 00:00:00+08:00,605199.XSHG,2.01,804.0,19.615,482.0,11.759,322.0,7.856,107.0,2.61,10.0,0.244
,2025-10-29 00:00:00+08:00,605199.XSHG,-0.55,-52.0,-1.364,0.0,0.0,-52.0,-1.364,-65.0,-1.706,21.0,0.551
,2025-10-30 00:00:00+08:00,605199.XSHG,-0.55,49.0,1.683,0.0,0.0,49.0,1.683,-53.0,-1.821,19.0,0.653
,2025-10-31 00:00:00+08:00,605199.XSHG,2.0,559.0,10.216,64.0,1.17,495.0,9.046,-24.0,-0.439,43.0,0.786
,2025-11-03 00:00:00+08:00,605199.XSHG,2.83,276.0,2.886,243.0,2.541,33.0,0.345,-3.0,-0.031,25.0,0.261
,2025-11-04 00:00:00+08:00,605199.XSHG,-0.42,229.0,4.44,-2.0,-0.039,231.0,4.478,18.0,0.349,-91.0,-1.764
,2025-11-05 00:00:00+08:00,605199.XSHG,4.99,1985.0,23.455,1715.0,20.265,270.0,3.19,187.0,2.21,30.0,0.354
,2025-11-06 00:00:00+08:00,605199.XSHG,-0.91,-1920.0,-11.456,-618.0,-3.687,-1302.0,-7.768,-340.0,-2.029,-18.0,-0.107
,2025-11-07 00:00:00+08:00,605199.XSHG,4.09,1674.0,9.199,1346.0,7.397,328.0,1.802,-7.0,-0.038,-24.0,-0.132
,2025-11-10 00:00:00+08:00,605199.XSHG,-4.12,-2893.0,-21.458,-721.0,-5.348,-2172.0,-16.11,-223.0,-1.654,50.0,0.371
,2025-11-11 00:00:00+08:00,605199.XSHG,-0.51,201.0,2.896,46.0,0.663,155.0,2.233,-40.0,-0.576,-19.0,-0.274
,2025-11-12 00:00:00+08:00,605199.XSHG,1.54,31.0,0.371,322.0,3.853,-291.0,-3.482,-241.0,-2.883,15.0,0.179
,2025-11-13 00:00:00+08:00,605199.XSHG,-2.34,-1190.0,-16.272,-384.0,-5.251,-806.0,-11.021,-175.0,-2.393,27.0,0.369
,2025-11-14 00:00:00+08:00,605199.XSHG,2.91,1540.0,14.642,604.0,5.743,936.0,8.899,217.0,2.063,-19.0,-0.181
,2025-11-17 00:00:00+08:00,605199.XSHG,0.61,-87.0,-1.027,-36.0,-0.425,-51.0,-0.602,-42.0,-0.496,33.0,0.389
,2025-11-18 00:00:00+08:00,605199.XSHG,0.8,719.0,7.251,332.0,3.348,387.0,3.903,-208.0,-2.098,-39.0,-0.393
,2025-11-19 00:00:00+08:00,605199.XSHG,-3.78,-652.0,-9.061,-134.0,-1.862,-518.0,-7.198,-259.0,-3.599,-50.0,-0.695
,2025-11-20 00:00:00+08:00,605199.XSHG,-0.1,-580.0,-9.23,-59.0,-0.939,-521.0,-8.291,113.0,1.798,-23.0,-0.366
,2025-11-21 00:00:00+08:00,605199.XSHG,-4.87,-1251.0,-17.538,-321.0,-4.5,-930.0,-13.038,-339.0,-4.753,-46.0,-0.645
,2025-11-24 00:00:00+08:00,605199.XSHG,0.33,-97.0,-2.375,0.0,0.0,-97.0,-2.375,-92.0,-2.252,-5.0,-0.122
,2025-11-25 00:00:00+08:00,605199.XSHG,2.06,-28.0,-0.668,0.0,0.0,-28.0,-0.668,94.0,2.243,-7.0,-0.167
,2025-11-26 00:00:00+08:00,605199.XSHG,-0.32,196.0,4.463,0.0,0.0,196.0,4.463,69.0,1.571,-37.0,-0.842
,2025-11-27 00:00:00+08:00,605199.XSHG,-1.28,-318.0,-9.104,100.0,2.863,-418.0,-11.967,-109.0,-3.121,10.0,0.286
,2025-11-28 00:00:00+08:00,605199.XSHG,0.97,-192.0,-5.976,-167.0,-5.198,-25.0,-0.778,5.0,0.156,0.0,0.0
,2025-12-01 00:00:00+08:00,605199.XSHG,-0.75,-530.0,-18.301,0.0,0.0,-530.0,-18.301,-223.0,-7.7,20.0,0.691
,2025-12-02 00:00:00+08:00,605199.XSHG,-1.19,-420.0,-11.928,-113.0,-3.209,-307.0,-8.719,38.0,1.079,-10.0,-0.284
,2025-12-03 00:00:00+08:00,605199.XSHG,-0.44,-112.0,-4.033,0.0,0.0,-112.0,-4.033,6.0,0.216,-18.0,-0.648
,2025-12-04 00:00:00+08:00,605199.XSHG,-2.41,-747.0,-18.811,-147.0,-3.702,-600.0,-15.11,-61.0,-1.536,-52.0,-1.309
,2025-12-05 00:00:00+08:00,605199.XSHG,0.45,-82.0,-3.254,0.0,0.0,-82.0,-3.254,45.0,1.786,-1.0,-0.04
,2025-12-08 00:00:00+08:00,605199.XSHG,-0.56,-309.0,-10.489,0.0,0.0,-309.0,-10.489,12.0,0.407,13.0,0.441
,2025-12-09 00:00:00+08:00,605199.XSHG,-0.34,352.0,15.232,0.0,0.0,352.0,15.232,-87.0,-3.765,-5.0,-0.216
,2025-12-10 00:00:00+08:00,605199.XSHG,2.93,444.0,8.641,241.0,4.691,203.0,3.951,-50.0,-0.973,54.0,1.051
,2025-12-11 00:00:00+08:00,605199.XSHG,-3.07,-558.0,-16.197,0.0,0.0,-558.0,-16.197,-198.0,-5.747,-22.0,-0.639
,2025-12-12 00:00:00+08:00,605199.XSHG,-0.9,-69.0,-2.647,0.0,0.0,-69.0,-2.647,-242.0,-9.283,10.0,0.384
,2025-12-15 00:00:00+08:00,605199.XSHG,-1.48,-12.0,-0.473,0.0,0.0,-12.0,-0.473,-115.0,-4.529,-4.0,-0.158
,2025-12-16 00:00:00+08:00,605199.XSHG,-0.81,134.0,6.339,0.0,0.0,134.0,6.339,-29.0,-1.372,-59.0,-2.791
,2025-12-17 00:00:00+08:00,605199.XSHG,0.0,-175.0,-8.409,0.0,0.0,-175.0,-8.409,-107.0,-5.142,-18.0,-0.865
,2025-12-18 00:00:00+08:00,605199.XSHG,0.0,47.0,2.655,0.0,0.0,47.0,2.655,-60.0,-3.39,-13.0,-0.734
,2025-12-19 00:00:00+08:00,605199.XSHG,3.98,600.0,13.739,0.0,0.0,600.0,13.739,261.0,5.977,-18.0,-0.412
,2025-12-22 00:00:00+08:00,605199.XSHG,4.95,856.0,7.85,132.0,1.21,724.0,6.639,-40.0,-0.367,32.0,0.293
,2025-12-23 00:00:00+08:00,605199.XSHG,-3.97,-307.0,-3.561,0.0,0.0,-307.0,-3.561,-227.0,-2.633,-31.0,-0.36
,2025-12-24 00:00:00+08:00,605199.XSHG,-1.45,-300.0,-7.636,107.0,2.723,-407.0,-10.359,-200.0,-5.09,-8.0,-0.204
,2025-12-25 00:00:00+08:00,605199.XSHG,0.11,-143.0,-6.075,0.0,0.0,-143.0,-6.075,-81.0,-3.441,-5.0,-0.212
,2025-01-02 00:00:00+08:00,688676.XSHG,-6.35,-7828.0,-5.92,-4785.0,-3.619,-3043.0,-2.301,-631.0,-0.477,71.0,0.054
,2025-01-03 00:00:00+08:00,688676.XSHG,-4.65,-10395.0,-11.517,-4538.0,-5.028,-5857.0,-6.489,-447.0,-0.495,87.0,0.096
,2025-01-06 00:00:00+08:00,688676.XSHG,6.43,-1130.0,-0.894,1970.0,1.559,-3100.0,-2.453,41.0,0.032,-8.0,-0.006
,2025-01-07 00:00:00+08:00,688676.XSHG,6.53,3515.0,2.496,4987.0,3.541,-1472.0,-1.045,255.0,0.181,-31.0,-0.022
,2025-01-08 00:00:00+08:00,688676.XSHG,-1.28,-7534.0,-7.062,-5297.0,-4.965,-2237.0,-2.097,-61.0,-0.057,87.0,0.082
,2025-01-09 00:00:00+08:00,688676.XSHG,-3.08,-5095.0,-5.786,-821.0,-0.932,-4274.0,-4.854,-90.0,-0.102,-104.0,-0.118
,2025-01-10 00:00:00+08:00,688676.XSHG,-7.08,-9914.0,-12.51,-6131.0,-7.736,-3783.0,-4.774,-265.0,-0.334,-66.0,-0.083
,2025-01-13 00:00:00+08:00,688676.XSHG,2.46,4404.0,6.235,2210.0,3.129,2194.0,3.106,-629.0,-0.891,-108.0,-0.153
,2025-01-14 00:00:00+08:00,688676.XSHG,8.6,10835.0,11.939,8386.0,9.24,2449.0,2.698,-671.0,-0.739,-151.0,-0.166
,2025-01-15 00:00:00+08:00,688676.XSHG,-4.56,-10281.0,-15.371,-6496.0,-9.712,-3785.0,-5.659,-381.0,-0.57,159.0,0.238
,2025-01-16 00:00:00+08:00,688676.XSHG,2.11,-175.0,-0.277,-1399.0,-2.213,1224.0,1.937,243.0,0.384,59.0,0.093
,2025-01-17 00:00:00+08:00,688676.XSHG,-1.97,-4825.0,-8.56,-2718.0,-4.822,-2107.0,-3.738,-239.0,-0.424,-23.0,-0.041
,2025-01-20 00:00:00+08:00,688676.XSHG,5.35,12728.0,11.246,15419.0,13.623,-2691.0,-2.378,-1125.0,-0.994,-75.0,-0.066
,2025-01-21 00:00:00+08:00,688676.XSHG,1.52,860.0,1.151,439.0,0.587,421.0,0.563,-673.0,-0.901,6.0,0.008
,2025-01-22 00:00:00+08:00,688676.XSHG,4.84,4367.0,3.658,5775.0,4.838,-1408.0,-1.18,305.0,0.256,29.0,0.024
,2025-01-23 00:00:00+08:00,688676.XSHG,-4.18,-9735.0,-10.376,-5161.0,-5.501,-4574.0,-4.875,-196.0,-0.209,-5.0,-0.005
,2025-01-24 00:00:00+08:00,688676.XSHG,1.59,1411.0,1.421,3149.0,3.171,-1738.0,-1.75,205.0,0.206,25.0,0.025
,2025-01-27 00:00:00+08:00,688676.XSHG,-8.41,-9195.0,-11.484,-5061.0,-6.321,-4134.0,-5.163,-260.0,-0.325,181.0,0.226
,2025-02-05 00:00:00+08:00,688676.XSHG,-12.04,-17758.0,-17.636,-12188.0,-12.104,-5570.0,-5.532,292.0,0.29,-38.0,-0.038
,2025-02-06 00:00:00+08:00,688676.XSHG,4.62,706.0,0.889,-941.0,-1.185,1647.0,2.073,642.0,0.808,26.0,0.033
,2025-02-07 00:00:00+08:00,688676.XSHG,1.65,-5257.0,-6.128,-2587.0,-3.016,-2670.0,-3.113,-190.0,-0.221,-68.0,-0.079
,2025-02-10 00:00:00+08:00,688676.XSHG,-0.41,-4362.0,-6.578,-5422.0,-8.176,1060.0,1.599,-395.0,-0.596,-264.0,-0.398
,2025-02-11 00:00:00+08:00,688676.XSHG,0.93,-3264.0,-4.723,-2753.0,-3.984,-511.0,-0.739,490.0,0.709,84.0,0.122
,2025-02-12 00:00:00+08:00,688676.XSHG,5.33,14772.0,16.647,13956.0,15.727,816.0,0.92,-301.0,-0.339,37.0,0.042
,2025-02-13 00:00:00+08:00,688676.XSHG,-4.11,-12880.0,-14.473,-8958.0,-10.066,-3922.0,-4.407,201.0,0.226,72.0,0.081
,2025-02-14 00:00:00+08:00,688676.XSHG,4.52,6956.0,7.489,6971.0,7.505,-15.0,-0.016,-159.0,-0.171,53.0,0.057
,2025-02-17 00:00:00+08:00,688676.XSHG,6.37,8511.0,7.312,7249.0,6.228,1262.0,1.084,89.0,0.076,-117.0,-0.101
,2025-02-18 00:00:00+08:00,688676.XSHG,-2.53,-1144.0,-0.963,1414.0,1.19,-2558.0,-2.154,-422.0,-0.355,-26.0,-0.022
,2025-02-19 00:00:00+08:00,688676.XSHG,-0.17,-4969.0,-5.854,-2985.0,-3.517,-1984.0,-2.337,180.0,0.212,10.0,0.012
,2025-02-20 00:00:00+08:00,688676.XSHG,-3.78,-9546.0,-10.836,-4011.0,-4.553,-5535.0,-6.283,-240.0,-0.272,222.0,0.252
,2025-02-21 00:00:00+08:00,688676.XSHG,7.99,18617.0,11.999,17763.0,11.449,854.0,0.55,-743.0,-0.479,-95.0,-0.061
,2025-02-24 00:00:00+08:00,688676.XSHG,4.97,4565.0,2.838,3695.0,2.297,870.0,0.541,44.0,0.027,8.0,0.005
,2025-02-25 00:00:00+08:00,688676.XSHG,-3.78,-7084.0,-6.743,-4032.0,-3.838,-3052.0,-2.905,-249.0,-0.237,-33.0,-0.031
,2025-02-26 00:00:00+08:00,688676.XSHG,1.77,-1812.0,-1.653,-1953.0,-1.781,141.0,0.129,29.0,0.026,-1.0,-0.001
,2025-02-27 00:00:00+08:00,688676.XSHG,1.69,2889.0,2.799,2394.0,2.32,495.0,0.48,-672.0,-0.651,-66.0,-0.064
,2025-02-28 00:00:00+08:00,688676.XSHG,-6.98,-15699.0,-16.497,-10077.0,-10.59,-5622.0,-5.908,77.0,0.081,114.0,0.12
,2025-03-03 00:00:00+08:00,688676.XSHG,-3.21,-9313.0,-16.146,-5324.0,-9.23,-3989.0,-6.916,-92.0,-0.16,241.0,0.418
,2025-03-04 00:00:00+08:00,688676.XSHG,-1.06,-3017.0,-5.944,-1600.0,-3.153,-1417.0,-2.792,1012.0,1.994,14.0,0.028
,2025-03-05 00:00:00+08:00,688676.XSHG,2.3,1389.0,3.198,1810.0,4.167,-421.0,-0.969,-59.0,-0.136,21.0,0.048
,2025-03-06 00:00:00+08:00,688676.XSHG,4.35,8887.0,10.082,7625.0,8.65,1262.0,1.432,-526.0,-0.597,22.0,0.025
,2025-03-07 00:00:00+08:00,688676.XSHG,-2.25,-4698.0,-8.857,-943.0,-1.778,-3755.0,-7.079,-185.0,-0.349,116.0,0.219
,2025-03-10 00:00:00+08:00,688676.XSHG,4.21,6571.0,7.358,9523.0,10.664,-2952.0,-3.306,-666.0,-0.746,33.0,0.037
,2025-03-11 00:00:00+08:00,688676.XSHG,1.81,6808.0,8.318,6164.0,7.532,644.0,0.787,93.0,0.114,-205.0,-0.25
,2025-03-12 00:00:00+08:00,688676.XSHG,3.69,2812.0,2.349,6148.0,5.135,-3336.0,-2.787,125.0,0.104,171.0,0.143
,2025-03-13 00:00:00+08:00,688676.XSHG,-2.85,-8283.0,-10.62,-2985.0,-3.827,-5298.0,-6.793,-347.0,-0.445,154.0,0.197
,2025-03-14 00:00:00+08:00,688676.XSHG,6.24,12438.0,10.746,15563.0,13.446,-3125.0,-2.7,-171.0,-0.148,171.0,0.148
,2025-03-17 00:00:00+08:00,688676.XSHG,-0.93,-8732.0,-11.738,-8571.0,-11.522,-161.0,-0.216,595.0,0.8,-54.0,-0.073
,2025-03-18 00:00:00+08:00,688676.XSHG,-2.24,-9366.0,-12.424,-3886.0,-5.155,-5480.0,-7.269,-244.0,-0.324,42.0,0.056
,2025-03-19 00:00:00+08:00,688676.XSHG,-0.98,-4124.0,-10.592,-1325.0,-3.403,-2799.0,-7.189,-319.0,-0.819,69.0,0.177
,2025-03-20 00:00:00+08:00,688676.XSHG,-4.04,-13488.0,-19.593,-6650.0,-9.66,-6838.0,-9.933,-137.0,-0.199,70.0,0.102
,2025-03-21 00:00:00+08:00,688676.XSHG,0.23,-2268.0,-5.114,499.0,1.125,-2767.0,-6.239,-255.0,-0.575,89.0,0.201
,2025-03-24 00:00:00+08:00,688676.XSHG,1.4,-2119.0,-4.726,-520.0,-1.16,-1599.0,-3.566,-140.0,-0.312,61.0,0.136
,2025-03-25 00:00:00+08:00,688676.XSHG,-4.19,-8100.0,-16.97,-3943.0,-8.261,-4157.0,-8.709,-1194.0,-2.502,165.0,0.346
,2025-03-26 00:00:00+08:00,688676.XSHG,-0.31,-976.0,-4.268,-331.0,-1.447,-645.0,-2.82,144.0,0.63,-14.0,-0.061
,2025-03-27 00:00:00+08:00,688676.XSHG,-2.82,-5337.0,-14.406,-3337.0,-9.008,-2000.0,-5.399,-107.0,-0.289,-2.0,-0.005
,2025-03-28 00:00:00+08:00,688676.XSHG,-0.15,-1436.0,-7.68,-611.0,-3.268,-825.0,-4.412,-451.0,-2.412,35.0,0.187
,2025-03-31 00:00:00+08:00,688676.XSHG,-0.92,-2798.0,-6.818,-1611.0,-3.925,-1187.0,-2.892,-447.0,-1.089,-41.0,-0.1
,2025-04-01 00:00:00+08:00,688676.XSHG,1.38,84.0,0.366,583.0,2.541,-499.0,-2.175,68.0,0.296,-46.0,-0.2
,2025-04-02 00:00:00+08:00,688676.XSHG,0.97,814.0,4.026,1525.0,7.543,-711.0,-3.517,-62.0,-0.307,-32.0,-0.158
,2025-04-03 00:00:00+08:00,688676.XSHG,-6.18,-8689.0,-17.263,-4682.0,-9.302,-4007.0,-7.961,-858.0,-1.705,179.0,0.356
,2025-04-07 00:00:00+08:00,688676.XSHG,-20.0,-4855.0,-8.556,-3106.0,-5.474,-1749.0,-3.082,-525.0,-0.925,13.0,0.023
,2025-04-08 00:00:00+08:00,688676.XSHG,-1.31,-1924.0,-3.717,585.0,1.13,-2509.0,-4.848,-1080.0,-2.087,94.0,0.182
,2025-04-09 00:00:00+08:00,688676.XSHG,-1.46,-4107.0,-7.763,-3324.0,-6.283,-783.0,-1.48,304.0,0.575,240.0,0.454
,2025-04-10 00:00:00+08:00,688676.XSHG,4.97,-3755.0,-6.443,-2073.0,-3.557,-1682.0,-2.886,-290.0,-0.498,66.0,0.113
,2025-04-11 00:00:00+08:00,688676.XSHG,1.34,4363.0,8.887,2461.0,5.013,1902.0,3.874,-398.0,-0.811,-21.0,-0.043
,2025-04-14 00:00:00+08:00,688676.XSHG,2.37,-3269.0,-6.618,-1353.0,-2.739,-1916.0,-3.879,677.0,1.371,-44.0,-0.089
,2025-04-15 00:00:00+08:00,688676.XSHG,-1.17,-755.0,-3.064,-41.0,-0.166,-714.0,-2.898,-867.0,-3.519,-47.0,-0.191
,2025-04-16 00:00:00+08:00,688676.XSHG,-4.58,-15131.0,-26.52,-8581.0,-15.04,-6550.0,-11.48,-259.0,-0.454,166.0,0.291
,2025-04-17 00:00:00+08:00,688676.XSHG,0.0,-521.0,-1.795,-872.0,-3.004,351.0,1.209,328.0,1.13,-78.0,-0.269
,2025-04-18 00:00:00+08:00,688676.XSHG,0.46,-205.0,-1.052,-8.0,-0.041,-197.0,-1.011,-272.0,-1.395,-60.0,-0.308
,2025-04-21 00:00:00+08:00,688676.XSHG,1.56,-170.0,-0.757,415.0,1.849,-585.0,-2.606,-39.0,-0.174,28.0,0.125
,2025-04-22 00:00:00+08:00,688676.XSHG,-2.53,-4126.0,-14.74,-2392.0,-8.546,-1734.0,-6.195,-202.0,-0.722,-18.0,-0.064
,2025-04-23 00:00:00+08:00,688676.XSHG,4.57,5673.0,11.354,4498.0,9.002,1175.0,2.352,71.0,0.142,-36.0,-0.072
,2025-04-24 00:00:00+08:00,688676.XSHG,-2.99,-4482.0,-13.17,-2358.0,-6.929,-2124.0,-6.241,-505.0,-1.484,182.0,0.535
,2025-04-25 00:00:00+08:00,688676.XSHG,0.97,-165.0,-0.624,-664.0,-2.512,499.0,1.888,-46.0,-0.174,-78.0,-0.295
,2025-04-28 00:00:00+08:00,688676.XSHG,-0.64,-1889.0,-8.469,-1.0,-0.004,-1888.0,-8.464,-198.0,-0.888,3.0,0.013
,2025-04-29 00:00:00+08:00,688676.XSHG,0.55,-353.0,-1.742,-635.0,-3.134,282.0,1.392,-63.0,-0.311,-20.0,-0.099
,2025-04-30 00:00:00+08:00,688676.XSHG,2.7,4523.0,13.469,2314.0,6.891,2209.0,6.578,-58.0,-0.173,-73.0,-0.217
,2025-05-06 00:00:00+08:00,688676.XSHG,2.6,710.0,2.189,847.0,2.611,-137.0,-0.422,-27.0,-0.083,-43.0,-0.133
,2025-05-07 00:00:00+08:00,688676.XSHG,1.25,-2268.0,-5.716,-657.0,-1.656,-1611.0,-4.06,-158.0,-0.398,29.0,0.073
,2025-05-08 00:00:00+08:00,688676.XSHG,1.24,1610.0,5.399,884.0,2.964,726.0,2.435,-421.0,-1.412,53.0,0.178
,2025-05-09 00:00:00+08:00,688676.XSHG,-3.79,-5859.0,-14.453,-2932.0,-7.233,-2927.0,-7.221,-1228.0,-3.029,180.0,0.444
,2025-05-12 00:00:00+08:00,688676.XSHG,3.07,2874.0,7.705,2609.0,6.995,265.0,0.71,-294.0,-0.788,-17.0,-0.046
,2025-05-13 00:00:00+08:00,688676.XSHG,2.8,2282.0,3.078,3054.0,4.12,-772.0,-1.041,492.0,0.664,-205.0,-0.277
,2025-05-14 00:00:00+08:00,688676.XSHG,0.53,-2141.0,-4.337,1645.0,3.332,-3786.0,-7.669,-352.0,-0.713,152.0,0.308
,2025-05-15 00:00:00+08:00,688676.XSHG,-3.24,-4943.0,-16.245,-1744.0,-5.732,-3199.0,-10.513,197.0,0.647,-71.0,-0.233
,2025-05-16 00:00:00+08:00,688676.XSHG,-1.08,-2745.0,-12.722,-1069.0,-4.955,-1676.0,-7.768,-573.0,-2.656,54.0,0.25
,2025-05-19 00:00:00+08:00,688676.XSHG,-0.67,-2804.0,-17.153,-982.0,-6.007,-1822.0,-11.146,33.0,0.202,45.0,0.275
,2025-05-20 00:00:00+08:00,688676.XSHG,1.44,-249.0,-1.439,412.0,2.381,-661.0,-3.82,-28.0,-0.162,42.0,0.243
,2025-05-21 00:00:00+08:00,688676.XSHG,-1.36,-2892.0,-17.702,-760.0,-4.652,-2132.0,-13.05,-209.0,-1.279,-170.0,-1.041
,2025-05-22 00:00:00+08:00,688676.XSHG,-1.04,-509.0,-2.147,630.0,2.657,-1139.0,-4.803,-638.0,-2.691,-52.0,-0.219
,2025-05-23 00:00:00+08:00,688676.XSHG,-0.09,-50.0,-0.238,69.0,0.328,-119.0,-0.566,-218.0,-1.036,-107.0,-0.509
,2025-05-26 00:00:00+08:00,688676.XSHG,1.76,829.0,4.46,1615.0,8.689,-786.0,-4.229,240.0,1.291,-98.0,-0.527
,2025-05-27 00:00:00+08:00,688676.XSHG,-2.26,-3103.0,-17.449,-849.0,-4.774,-2254.0,-12.675,-461.0,-2.592,129.0,0.725
,2025-05-28 00:00:00+08:00,688676.XSHG,-2.88,-5133.0,-21.37,-2849.0,-11.861,-2284.0,-9.509,-813.0,-3.385,88.0,0.366
,2025-05-29 00:00:00+08:00,688676.XSHG,2.84,4957.0,23.307,1850.0,8.699,3107.0,14.609,-150.0,-0.705,-159.0,-0.748
,2025-05-30 00:00:00+08:00,688676.XSHG,-1.36,-1293.0,-8.594,-430.0,-2.858,-863.0,-5.736,-107.0,-0.711,21.0,0.14
,2025-06-03 00:00:00+08:00,688676.XSHG,-0.84,-1201.0,-9.894,-252.0,-2.076,-949.0,-7.818,-296.0,-2.438,49.0,0.404
,2025-06-04 00:00:00+08:00,688676.XSHG,1.65,2888.0,14.93,1952.0,10.091,936.0,4.839,-135.0,-0.698,-36.0,-0.186
,2025-06-05 00:00:00+08:00,688676.XSHG,4.62,7074.0,17.515,4977.0,12.323,2097.0,5.192,395.0,0.978,-18.0,-0.045
,2025-06-06 00:00:00+08:00,688676.XSHG,-0.43,972.0,5.246,1206.0,6.508,-234.0,-1.263,-236.0,-1.274,56.0,0.302
,2025-06-09 00:00:00+08:00,688676.XSHG,1.07,506.0,2.366,898.0,4.199,-392.0,-1.833,-473.0,-2.212,123.0,0.575
,2025-06-10 00:00:00+08:00,688676.XSHG,-2.15,-2367.0,-10.845,-650.0,-2.978,-1717.0,-7.867,-204.0,-0.935,94.0,0.431
,2025-06-11 00:00:00+08:00,688676.XSHG,0.59,529.0,2.746,720.0,3.738,-191.0,-0.991,-420.0,-2.18,178.0,0.924
,2025-06-12 00:00:00+08:00,688676.XSHG,-1.17,-186.0,-0.851,336.0,1.537,-522.0,-2.388,-719.0,-3.289,30.0,0.137
,2025-06-13 00:00:00+08:00,688676.XSHG,-2.27,-3403.0,-8.956,-2181.0,-5.74,-1222.0,-3.216,-86.0,-0.226,2.0,0.005
,2025-06-16 00:00:00+08:00,688676.XSHG,2.92,4530.0,12.494,5874.0,16.201,-1344.0,-3.707,-359.0,-0.99,-44.0,-0.121
,2025-06-17 00:00:00+08:00,688676.XSHG,-0.8,-2865.0,-17.314,-1237.0,-7.476,-1628.0,-9.839,-345.0,-2.085,127.0,0.768
,2025-06-18 00:00:00+08:00,688676.XSHG,-0.28,-1172.0,-7.589,-435.0,-2.817,-737.0,-4.772,-185.0,-1.198,29.0,0.188
,2025-06-19 00:00:00+08:00,688676.XSHG,-1.87,-1282.0,-7.584,-393.0,-2.325,-889.0,-5.259,-569.0,-3.366,62.0,0.367
,2025-06-20 00:00:00+08:00,688676.XSHG,-0.41,-1344.0,-8.868,-228.0,-1.504,-1116.0,-7.364,-525.0,-3.464,79.0,0.521
,2025-06-23 00:00:00+08:00,688676.XSHG,0.54,293.0,2.547,535.0,4.651,-242.0,-2.104,43.0,0.374,41.0,0.356
,2025-06-24 00:00:00+08:00,688676.XSHG,3.27,4123.0,16.038,1693.0,6.585,2430.0,9.452,-187.0,-0.727,-33.0,-0.128
,2025-06-25 00:00:00+08:00,688676.XSHG,1.35,-486.0,-1.849,-623.0,-2.37,137.0,0.521,72.0,0.274,93.0,0.354
,2025-06-26 00:00:00+08:00,688676.XSHG,-1.49,-3014.0,-14.938,-1425.0,-7.062,-1589.0,-7.875,-592.0,-2.934,39.0,0.193
,2025-06-27 00:00:00+08:00,688676.XSHG,1.63,5505.0,15.989,4003.0,11.627,1502.0,4.363,222.0,0.645,-133.0,-0.386
,2025-06-30 00:00:00+08:00,688676.XSHG,1.46,660.0,2.383,438.0,1.582,222.0,0.802,144.0,0.52,157.0,0.567
,2025-07-01 00:00:00+08:00,688676.XSHG,0.3,778.0,3.303,1119.0,4.751,-341.0,-1.448,35.0,0.149,44.0,0.187
,2025-07-02 00:00:00+08:00,688676.XSHG,-0.8,-2230.0,-14.006,-1555.0,-9.766,-675.0,-4.239,-289.0,-1.815,109.0,0.685
,2025-07-03 00:00:00+08:00,688676.XSHG,-0.48,-977.0,-6.624,-106.0,-0.719,-871.0,-5.905,-100.0,-0.678,-43.0,-0.292
,2025-07-04 00:00:00+08:00,688676.XSHG,0.73,1134.0,4.016,1460.0,5.17,-326.0,-1.154,71.0,0.251,47.0,0.166
,2025-07-07 00:00:00+08:00,688676.XSHG,0.96,704.0,3.195,1421.0,6.449,-717.0,-3.254,-286.0,-1.298,63.0,0.286
,2025-07-08 00:00:00+08:00,688676.XSHG,4.28,4018.0,7.918,3781.0,7.451,237.0,0.467,154.0,0.303,72.0,0.142
,2025-07-09 00:00:00+08:00,688676.XSHG,-0.71,-1787.0,-4.828,-364.0,-0.983,-1423.0,-3.844,-1060.0,-2.864,49.0,0.132
,2025-07-10 00:00:00+08:00,688676.XSHG,-0.4,-2515.0,-9.011,-18.0,-0.064,-2497.0,-8.947,13.0,0.047,68.0,0.244
,2025-07-11 00:00:00+08:00,688676.XSHG,0.14,-2219.0,-10.286,-727.0,-3.37,-1492.0,-6.916,-340.0,-1.576,217.0,1.006
,2025-07-14 00:00:00+08:00,688676.XSHG,1.81,1722.0,6.347,1723.0,6.351,-1.0,-0.004,229.0,0.844,39.0,0.144
,2025-07-15 00:00:00+08:00,688676.XSHG,-1.61,-3254.0,-10.678,-1845.0,-6.054,-1409.0,-4.624,-242.0,-0.794,115.0,0.377
,2025-07-16 00:00:00+08:00,688676.XSHG,2.67,6997.0,18.194,6144.0,15.976,853.0,2.218,-435.0,-1.131,23.0,0.06
,2025-07-17 00:00:00+08:00,688676.XSHG,0.67,-516.0,-1.727,-1025.0,-3.432,509.0,1.704,-111.0,-0.372,72.0,0.241
,2025-07-18 00:00:00+08:00,688676.XSHG,1.81,-962.0,-1.911,448.0,0.89,-1410.0,-2.801,161.0,0.32,-72.0,-0.143
,2025-07-21 00:00:00+08:00,688676.XSHG,6.05,6462.0,7.421,4914.0,5.643,1548.0,1.778,491.0,0.564,-176.0,-0.202
,2025-07-22 00:00:00+08:00,688676.XSHG,-0.95,-3819.0,-5.669,-1441.0,-2.139,-2378.0,-3.53,-875.0,-1.299,62.0,0.092
,2025-07-23 00:00:00+08:00,688676.XSHG,-3.12,-12767.0,-15.587,-7224.0,-8.82,-5543.0,-6.767,-514.0,-0.628,93.0,0.114
,2025-07-24 00:00:00+08:00,688676.XSHG,8.32,15103.0,11.551,11461.0,8.765,3642.0,2.785,38.0,0.029,-3.0,-0.002
,2025-07-25 00:00:00+08:00,688676.XSHG,-5.92,-13479.0,-14.914,-11438.0,-12.656,-2041.0,-2.258,-465.0,-0.515,84.0,0.093
,2025-07-28 00:00:00+08:00,688676.XSHG,-0.63,-6057.0,-13.263,-4267.0,-9.343,-1790.0,-3.92,264.0,0.578,-11.0,-0.024
,2025-07-29 00:00:00+08:00,688676.XSHG,1.24,-2735.0,-5.228,-1022.0,-1.954,-1713.0,-3.275,-309.0,-0.591,142.0,0.271
,2025-07-30 00:00:00+08:00,688676.XSHG,-1.86,-4574.0,-12.945,-2753.0,-7.792,-1821.0,-5.154,-419.0,-1.186,14.0,0.04
,2025-07-31 00:00:00+08:00,688676.XSHG,1.15,3748.0,8.244,3795.0,8.347,-47.0,-0.103,-38.0,-0.084,-96.0,-0.211
,2025-08-01 00:00:00+08:00,688676.XSHG,6.86,27747.0,22.124,29296.0,23.359,-1549.0,-1.235,-621.0,-0.495,-87.0,-0.069
,2025-08-04 00:00:00+08:00,688676.XSHG,4.17,6450.0,5.061,7882.0,6.185,-1432.0,-1.124,-729.0,-0.572,-84.0,-0.066
,2025-08-05 00:00:00+08:00,688676.XSHG,-0.43,865.0,1.372,1662.0,2.636,-797.0,-1.264,-310.0,-0.492,-53.0,-0.084
,2025-08-06 00:00:00+08:00,688676.XSHG,5.28,-45.0,-0.044,1683.0,1.645,-1728.0,-1.689,684.0,0.669,114.0,0.111
,2025-08-07 00:00:00+08:00,688676.XSHG,-3.39,-10951.0,-14.765,-8378.0,-11.296,-2573.0,-3.469,686.0,0.925,-100.0,-0.135
,2025-08-08 00:00:00+08:00,688676.XSHG,0.51,3732.0,6.81,4514.0,8.237,-782.0,-1.427,-56.0,-0.102,84.0,0.153
,2025-08-11 00:00:00+08:00,688676.XSHG,6.28,7659.0,8.097,7802.0,8.248,-143.0,-0.151,-246.0,-0.26,-26.0,-0.027
,2025-08-12 00:00:00+08:00,688676.XSHG,0.0,2119.0,2.159,4233.0,4.313,-2114.0,-2.154,-1126.0,-1.147,-12.0,-0.012
,2025-08-13 00:00:00+08:00,688676.XSHG,3.22,2614.0,3.276,4221.0,5.29,-1607.0,-2.014,170.0,0.213,-50.0,-0.063
,2025-08-14 00:00:00+08:00,688676.XSHG,-1.02,-7432.0,-9.043,-4775.0,-5.81,-2657.0,-3.233,466.0,0.567,-73.0,-0.089
,2025-08-15 00:00:00+08:00,688676.XSHG,11.28,15010.0,11.336,14799.0,11.176,211.0,0.159,-590.0,-0.446,130.0,0.098
,2025-08-18 00:00:00+08:00,688676.XSHG,4.18,1157.0,0.737,1779.0,1.134,-622.0,-0.396,296.0,0.189,6.0,0.004
,2025-08-19 00:00:00+08:00,688676.XSHG,0.46,-1558.0,-1.368,-162.0,-0.142,-1396.0,-1.226,-885.0,-0.777,-12.0,-0.011
,2025-08-20 00:00:00+08:00,688676.XSHG,-0.09,-76.0,-0.099,571.0,0.741,-647.0,-0.839,-496.0,-0.643,43.0,0.056
,2025-08-21 00:00:00+08:00,688676.XSHG,-5.72,-3170.0,-3.362,1948.0,2.066,-5118.0,-5.428,-1171.0,-1.242,23.0,0.024
,2025-08-22 00:00:00+08:00,688676.XSHG,1.4,1784.0,2.72,2414.0,3.681,-630.0,-0.961,-519.0,-0.791,2.0,0.003
,2025-08-25 00:00:00+08:00,688676.XSHG,7.73,18491.0,13.668,18687.0,13.813,-196.0,-0.145,-795.0,-0.588,-40.0,-0.03
,2025-08-26 00:00:00+08:00,688676.XSHG,2.94,3435.0,3.629,2323.0,2.454,1112.0,1.175,-290.0,-0.306,-125.0,-0.132
,2025-08-27 00:00:00+08:00,688676.XSHG,-3.89,-6275.0,-5.635,-3461.0,-3.108,-2814.0,-2.527,-726.0,-0.652,-35.0,-0.031
,2025-08-28 00:00:00+08:00,688676.XSHG,5.62,10215.0,10.623,6422.0,6.678,3793.0,3.944,-45.0,-0.047,-247.0,-0.257
,2025-08-29 00:00:00+08:00,688676.XSHG,2.02,1372.0,1.334,2803.0,2.726,-1431.0,-1.392,566.0,0.55,-146.0,-0.142
,2025-09-01 00:00:00+08:00,688676.XSHG,-3.56,-7648.0,-6.201,-10801.0,-8.758,3153.0,2.557,-708.0,-0.574,-86.0,-0.07
,2025-09-02 00:00:00+08:00,688676.XSHG,-6.89,-133.0,-0.099,6152.0,4.588,-6285.0,-4.687,58.0,0.043,43.0,0.032
,2025-09-03 00:00:00+08:00,688676.XSHG,1.43,2639.0,3.556,2424.0,3.267,215.0,0.29,-443.0,-0.597,32.0,0.043
,2025-09-04 00:00:00+08:00,688676.XSHG,-4.52,-4144.0,-3.748,-412.0,-0.373,-3732.0,-3.376,-1182.0,-1.069,129.0,0.117
,2025-09-05 00:00:00+08:00,688676.XSHG,6.31,5241.0,4.273,6112.0,4.983,-871.0,-0.71,52.0,0.042,174.0,0.142
,2025-09-08 00:00:00+08:00,688676.XSHG,-9.27,-7221.0,-5.711,-1944.0,-1.538,-5277.0,-4.174,-386.0,-0.305,95.0,0.075
,2025-09-09 00:00:00+08:00,688676.XSHG,0.99,2862.0,3.579,1635.0,2.045,1227.0,1.534,-744.0,-0.93,-19.0,-0.024
,2025-09-10 00:00:00+08:00,688676.XSHG,2.0,2131.0,3.315,2196.0,3.416,-65.0,-0.101,419.0,0.652,-37.0,-0.058
,2025-09-11 00:00:00+08:00,688676.XSHG,3.95,3647.0,4.502,3143.0,3.879,504.0,0.622,305.0,0.376,29.0,0.036
,2025-09-12 00:00:00+08:00,688676.XSHG,-1.02,-3884.0,-4.44,-2581.0,-2.95,-1303.0,-1.489,-800.0,-0.914,143.0,0.163
,2025-09-15 00:00:00+08:00,688676.XSHG,-2.2,-1759.0,-2.494,-27.0,-0.038,-1732.0,-2.456,-909.0,-1.289,107.0,0.152
,2025-09-16 00:00:00+08:00,688676.XSHG,1.22,2049.0,2.993,3938.0,5.753,-1889.0,-2.759,-851.0,-1.243,91.0,0.133
,2025-09-17 00:00:00+08:00,688676.XSHG,4.34,15352.0,15.173,11615.0,11.479,3737.0,3.693,-770.0,-0.761,-113.0,-0.112
,2025-09-18 00:00:00+08:00,688676.XSHG,-1.36,-5164.0,-5.43,-4002.0,-4.208,-1162.0,-1.222,-335.0,-0.352,116.0,0.122
,2025-09-19 00:00:00+08:00,688676.XSHG,3.22,-176.0,-0.203,575.0,0.662,-751.0,-0.865,-348.0,-0.401,96.0,0.111
,2025-09-22 00:00:00+08:00,688676.XSHG,2.1,302.0,0.43,1649.0,2.348,-1347.0,-1.918,1011.0,1.44,56.0,0.08
,2025-09-23 00:00:00+08:00,688676.XSHG,-2.49,-9033.0,-10.272,-6715.0,-7.636,-2318.0,-2.636,-228.0,-0.259,-15.0,-0.017
,2025-09-24 00:00:00+08:00,688676.XSHG,0.21,-2832.0,-3.768,-21.0,-0.028,-2811.0,-3.74,-412.0,-0.548,273.0,0.363
,2025-09-25 00:00:00+08:00,688676.XSHG,-0.64,-2337.0,-5.008,-1122.0,-2.404,-1215.0,-2.603,-473.0,-1.014,59.0,0.126
,2025-09-26 00:00:00+08:00,688676.XSHG,-5.89,-3401.0,-5.796,-1263.0,-2.153,-2138.0,-3.644,-499.0,-0.85,-33.0,-0.056
,2025-09-30 00:00:00+08:00,688676.XSHG,-1.14,-1238.0,-2.689,477.0,1.036,-1715.0,-3.726,-275.0,-0.597,171.0,0.371
,2025-10-09 00:00:00+08:00,688676.XSHG,3.76,6115.0,6.871,7324.0,8.23,-1209.0,-1.359,-538.0,-0.605,148.0,0.166
,2025-10-10 00:00:00+08:00,688676.XSHG,7.23,24786.0,12.329,25267.0,12.569,-481.0,-0.239,-568.0,-0.283,-40.0,-0.02
,2025-10-13 00:00:00+08:00,688676.XSHG,-2.42,-2651.0,-1.918,1238.0,0.896,-3889.0,-2.814,13.0,0.009,137.0,0.099
,2025-10-14 00:00:00+08:00,688676.XSHG,1.5,3340.0,1.705,2227.0,1.137,1113.0,0.568,-490.0,-0.25,-82.0,-0.042
,2025-10-15 00:00:00+08:00,688676.XSHG,20.0,33998.0,13.77,31047.0,12.575,2951.0,1.195,325.0,0.132,7.0,0.003
,2025-10-16 00:00:00+08:00,688676.XSHG,3.23,-14254.0,-4.138,-19007.0,-5.518,4753.0,1.38,1016.0,0.295,-49.0,-0.014
,2025-10-17 00:00:00+08:00,688676.XSHG,-12.45,-26525.0,-11.244,-23370.0,-9.907,-3155.0,-1.337,382.0,0.162,44.0,0.019
,2025-10-20 00:00:00+08:00,688676.XSHG,2.13,3685.0,2.388,5233.0,3.392,-1548.0,-1.003,-1223.0,-0.793,-10.0,-0.006
,2025-10-21 00:00:00+08:00,688676.XSHG,2.31,-680.0,-0.379,-1479.0,-0.824,799.0,0.445,310.0,0.173,-81.0,-0.045
,2025-10-22 00:00:00+08:00,688676.XSHG,-5.03,1062.0,0.926,2512.0,2.189,-1450.0,-1.264,-156.0,-0.136,-50.0,-0.044
,2025-10-23 00:00:00+08:00,688676.XSHG,-4.22,-3860.0,-3.466,-1560.0,-1.401,-2300.0,-2.065,-819.0,-0.735,-8.0,-0.007
,2025-10-24 00:00:00+08:00,688676.XSHG,8.11,6740.0,4.327,3702.0,2.377,3038.0,1.95,224.0,0.144,-82.0,-0.053
,2025-10-27 00:00:00+08:00,688676.XSHG,4.29,-2788.0,-1.637,-3204.0,-1.882,416.0,0.244,473.0,0.278,69.0,0.041
,2025-10-28 00:00:00+08:00,688676.XSHG,0.64,221.0,0.144,1475.0,0.962,-1254.0,-0.818,-441.0,-0.288,-12.0,-0.008
,2025-10-29 00:00:00+08:00,688676.XSHG,11.19,21920.0,9.221,22297.0,9.38,-377.0,-0.159,31.0,0.013,26.0,0.011
,2025-10-30 00:00:00+08:00,688676.XSHG,-2.83,-4970.0,-2.186,-1491.0,-0.656,-3479.0,-1.53,-483.0,-0.212,-78.0,-0.034
,2025-10-31 00:00:00+08:00,688676.XSHG,-6.62,-7980.0,-3.851,-7456.0,-3.598,-524.0,-0.253,-1474.0,-0.711,20.0,0.01
,2025-11-03 00:00:00+08:00,688676.XSHG,6.67,10689.0,4.66,11118.0,4.847,-429.0,-0.187,68.0,0.03,-21.0,-0.009
,2025-11-04 00:00:00+08:00,688676.XSHG,0.76,-2969.0,-1.238,3025.0,1.261,-5994.0,-2.499,-382.0,-0.159,-45.0,-0.019
,2025-11-05 00:00:00+08:00,688676.XSHG,17.74,19243.0,4.381,19094.0,4.347,149.0,0.034,-133.0,-0.03,86.0,0.02
,2025-11-06 00:00:00+08:00,688676.XSHG,1.47,3280.0,0.828,4032.0,1.018,-752.0,-0.19,200.0,0.05,-20.0,-0.005
,2025-11-07 00:00:00+08:00,688676.XSHG,4.1,12662.0,3.667,18094.0,5.241,-5432.0,-1.573,-49.0,-0.014,-4.0,-0.001
,2025-11-10 00:00:00+08:00,688676.XSHG,-1.52,-17983.0,-5.205,-16379.0,-4.741,-1604.0,-0.464,40.0,0.012,-44.0,-0.013
,2025-11-11 00:00:00+08:00,688676.XSHG,-8.3,-42034.0,-13.064,-39494.0,-12.274,-2540.0,-0.789,-240.0,-0.075,53.0,0.016
,2025-11-12 00:00:00+08:00,688676.XSHG,-5.31,2013.0,0.753,5060.0,1.892,-3047.0,-1.139,-1257.0,-0.47,-67.0,-0.025
,2025-11-13 00:00:00+08:00,688676.XSHG,-0.31,-15249.0,-7.364,-16578.0,-8.006,1329.0,0.642,315.0,0.152,118.0,0.057
,2025-11-14 00:00:00+08:00,688676.XSHG,-2.18,-3520.0,-1.537,-63.0,-0.028,-3457.0,-1.51,-686.0,-0.3,-44.0,-0.019
,2025-11-17 00:00:00+08:00,688676.XSHG,3.2,5572.0,3.576,6626.0,4.252,-1054.0,-0.676,336.0,0.216,155.0,0.099
,2025-11-18 00:00:00+08:00,688676.XSHG,-6.56,-19127.0,-10.356,-14522.0,-7.862,-4605.0,-2.493,-1520.0,-0.823,12.0,0.006
,2025-11-19 00:00:00+08:00,688676.XSHG,0.59,340.0,0.36,4228.0,4.48,-3888.0,-4.12,-1081.0,-1.146,74.0,0.078
,2025-11-20 00:00:00+08:00,688676.XSHG,2.85,-8509.0,-6.124,-5946.0,-4.28,-2563.0,-1.845,422.0,0.304,-125.0,-0.09
,2025-11-21 00:00:00+08:00,688676.XSHG,-5.12,-3618.0,-2.11,246.0,0.143,-3864.0,-2.253,-913.0,-0.532,-51.0,-0.03
,2025-11-24 00:00:00+08:00,688676.XSHG,-0.59,247.0,0.218,1031.0,0.91,-784.0,-0.692,46.0,0.041,-13.0,-0.011
,2025-11-25 00:00:00+08:00,688676.XSHG,6.69,7412.0,4.692,7199.0,4.558,213.0,0.135,43.0,0.027,33.0,0.021
,2025-11-26 00:00:00+08:00,688676.XSHG,1.69,-2000.0,-1.221,-1804.0,-1.101,-196.0,-0.12,81.0,0.049,41.0,0.025
,2025-11-27 00:00:00+08:00,688676.XSHG,-3.69,-15804.0,-10.89,-8591.0,-5.92,-7213.0,-4.97,-112.0,-0.077,76.0,0.052
,2025-11-28 00:00:00+08:00,688676.XSHG,8.86,34823.0,17.175,37130.0,18.313,-2307.0,-1.138,-395.0,-0.195,-3.0,-0.001
,2025-12-01 00:00:00+08:00,688676.XSHG,-2.48,-23529.0,-15.674,-20953.0,-13.958,-2576.0,-1.716,1018.0,0.678,86.0,0.057
,2025-12-02 00:00:00+08:00,688676.XSHG,-1.01,-6498.0,-6.914,-3544.0,-3.771,-2954.0,-3.143,196.0,0.209,66.0,0.07
,2025-12-03 00:00:00+08:00,688676.XSHG,-2.04,-5119.0,-6.706,-2791.0,-3.656,-2328.0,-3.05,-841.0,-1.102,-42.0,-0.055
,2025-12-04 00:00:00+08:00,688676.XSHG,0.97,1760.0,2.04,2897.0,3.358,-1137.0,-1.318,64.0,0.074,-86.0,-0.1
,2025-12-05 00:00:00+08:00,688676.XSHG,3.55,11318.0,8.049,9656.0,6.867,1662.0,1.182,-598.0,-0.425,-69.0,-0.049
,2025-12-08 00:00:00+08:00,688676.XSHG,2.38,7250.0,5.833,8761.0,7.049,-1511.0,-1.216,-199.0,-0.16,-61.0,-0.049
,2025-12-09 00:00:00+08:00,688676.XSHG,-1.26,-8120.0,-7.153,-5151.0,-4.538,-2969.0,-2.616,268.0,0.236,55.0,0.048
,2025-12-10 00:00:00+08:00,688676.XSHG,1.98,1732.0,1.215,3774.0,2.647,-2042.0,-1.432,174.0,0.122,40.0,0.028
,2025-12-11 00:00:00+08:00,688676.XSHG,-5.86,-19387.0,-13.105,-13461.0,-9.099,-5926.0,-4.006,-979.0,-0.662,51.0,0.034
,2025-12-12 00:00:00+08:00,688676.XSHG,5.47,17685.0,11.157,18156.0,11.454,-471.0,-0.297,-902.0,-0.569,-97.0,-0.061
,2025-12-15 00:00:00+08:00,688676.XSHG,2.39,6263.0,4.04,7095.0,4.577,-832.0,-0.537,4.0,0.003,29.0,0.019
,2025-12-16 00:00:00+08:00,688676.XSHG,-5.09,-16721.0,-13.762,-12084.0,-9.946,-4637.0,-3.816,463.0,0.381,26.0,0.021
,2025-12-17 00:00:00+08:00,688676.XSHG,9.64,28357.0,10.697,33151.0,12.505,-4794.0,-1.808,-194.0,-0.073,222.0,0.084
,2025-12-18 00:00:00+08:00,688676.XSHG,-7.55,-27236.0,-15.648,-24620.0,-14.145,-2616.0,-1.503,665.0,0.382,90.0,0.052
,2025-12-19 00:00:00+08:00,688676.XSHG,1.44,-7452.0,-6.5,-4565.0,-3.982,-2887.0,-2.518,-547.0,-0.477,60.0,0.052
,2025-12-22 00:00:00+08:00,688676.XSHG,7.81,39340.0,14.353,34998.0,12.769,4342.0,1.584,-1408.0,-0.514,-97.0,-0.035
,2025-12-23 00:00:00+08:00,688676.XSHG,-2.98,-22850.0,-12.066,-14384.0,-7.595,-8466.0,-4.47,246.0,0.13,130.0,0.069
,2025-12-24 00:00:00+08:00,688676.XSHG,4.01,3908.0,1.964,3151.0,1.584,757.0,0.381,190.0,0.096,-27.0,-0.014
,2025-12-25 00:00:00+08:00,688676.XSHG,-0.24,710.0,0.471,4974.0,3.301,-4264.0,-2.83,-692.0,-0.459,78.0,0.052
