date,code,open,high,low,close,volume,money
2025-01-02 00:00:00+08:00,000505.XSHE,6.13,6.25,5.98,6.03,90023.6,5545.19
2025-01-03 00:00:00+08:00,000505.XSHE,6.0,6.07,5.73,5.74,94662.29,5564.14
2025-01-06 00:00:00+08:00,000505.XSHE,5.74,5.82,5.57,5.74,66028.0,3786.1
2025-01-07 00:00:00+08:00,000505.XSHE,5.74,5.83,5.7,5.82,55637.0,3223.71
2025-01-08 00:00:00+08:00,000505.XSHE,5.83,5.88,5.69,5.83,69602.0,4052.23
2025-01-09 00:00:00+08:00,000505.XSHE,5.82,5.91,5.77,5.88,55927.0,3286.92
2025-01-10 00:00:00+08:00,000505.XSHE,5.85,5.88,5.72,5.72,48685.0,2836.14
2025-01-13 00:00:00+08:00,000505.XSHE,5.69,5.85,5.62,5.82,49849.19,2881.75
2025-01-14 00:00:00+08:00,000505.XSHE,5.83,5.97,5.83,5.96,78350.92,4657.86
2025-01-15 00:00:00+08:00,000505.XSHE,5.95,6.0,5.91,5.97,48495.83,2899.45
2025-01-16 00:00:00+08:00,000505.XSHE,5.99,6.05,5.93,5.97,78234.0,4704.7
2025-01-17 00:00:00+08:00,000505.XSHE,5.98,5.98,5.9,5.96,37851.0,2257.46
2025-01-20 00:00:00+08:00,000505.XSHE,5.99,6.02,5.89,5.96,40120.0,2399.41
2025-01-21 00:00:00+08:00,000505.XSHE,5.98,6.13,5.9,5.97,80154.52,4830.94
2025-01-22 00:00:00+08:00,000505.XSHE,5.96,5.98,5.89,5.9,40582.19,2409.83
2025-01-23 00:00:00+08:00,000505.XSHE,5.94,6.0,5.86,5.86,57691.0,3438.02
2025-01-24 00:00:00+08:00,000505.XSHE,5.82,5.86,5.78,5.82,50751.1,2961.91
2025-01-27 00:00:00+08:00,000505.XSHE,5.84,5.99,5.84,5.88,59321.44,3528.93
2025-02-05 00:00:00+08:00,000505.XSHE,5.93,5.94,5.84,5.87,37159.23,2195.55
2025-02-06 00:00:00+08:00,000505.XSHE,5.88,5.88,5.79,5.88,57216.01,3357.59
2025-02-07 00:00:00+08:00,000505.XSHE,5.88,6.0,5.86,5.95,99976.01,5975.23
2025-02-10 00:00:00+08:00,000505.XSHE,5.98,6.07,5.97,6.06,88359.11,5332.7
2025-02-11 00:00:00+08:00,000505.XSHE,6.08,6.09,5.98,6.03,47671.02,2880.69
2025-02-12 00:00:00+08:00,000505.XSHE,6.05,6.05,5.97,6.04,57449.01,3464.84
2025-02-13 00:00:00+08:00,000505.XSHE,6.04,6.1,6.03,6.04,61529.74,3742.01
2025-02-14 00:00:00+08:00,000505.XSHE,6.04,6.04,5.94,5.97,60676.83,3644.72
2025-02-17 00:00:00+08:00,000505.XSHE,6.0,6.1,5.95,6.08,90837.72,5508.49
2025-02-18 00:00:00+08:00,000505.XSHE,6.07,6.07,5.86,5.88,91691.77,5478.36
2025-02-19 00:00:00+08:00,000505.XSHE,5.89,5.9,5.85,5.9,53606.83,3161.84
2025-02-20 00:00:00+08:00,000505.XSHE,5.91,5.95,5.85,5.92,44792.0,2655.79
2025-02-21 00:00:00+08:00,000505.XSHE,5.89,5.95,5.85,5.91,50947.0,3010.63
2025-02-24 00:00:00+08:00,000505.XSHE,6.03,6.15,6.0,6.0,126894.69,7706.88
2025-02-25 00:00:00+08:00,000505.XSHE,5.99,5.99,5.86,5.88,70261.38,4165.75
2025-02-26 00:00:00+08:00,000505.XSHE,5.9,5.94,5.89,5.93,45341.23,2690.16
2025-02-27 00:00:00+08:00,000505.XSHE,5.93,6.05,5.92,6.02,91529.98,5511.23
2025-02-28 00:00:00+08:00,000505.XSHE,6.0,6.04,5.86,5.88,72027.59,4297.18
2025-03-03 00:00:00+08:00,000505.XSHE,5.9,5.94,5.87,5.91,55324.0,3281.87
2025-03-04 00:00:00+08:00,000505.XSHE,5.92,6.03,5.89,6.01,77057.48,4614.05
2025-03-05 00:00:00+08:00,000505.XSHE,6.05,6.06,5.89,5.94,63868.05,3808.84
2025-03-06 00:00:00+08:00,000505.XSHE,5.93,5.97,5.88,5.96,59888.1,3565.78
2025-03-07 00:00:00+08:00,000505.XSHE,5.95,5.96,5.9,5.91,42219.67,2510.9
2025-03-10 00:00:00+08:00,000505.XSHE,6.07,6.26,6.04,6.19,209810.23,12923.48
2025-03-11 00:00:00+08:00,000505.XSHE,6.09,6.16,6.07,6.15,111236.44,6828.38
2025-03-12 00:00:00+08:00,000505.XSHE,6.16,6.18,6.06,6.09,84712.0,5174.89
2025-03-13 00:00:00+08:00,000505.XSHE,6.08,6.1,5.98,6.07,70891.9,4286.04
2025-03-14 00:00:00+08:00,000505.XSHE,6.07,6.15,6.05,6.14,106021.27,6501.14
2025-03-17 00:00:00+08:00,000505.XSHE,6.15,6.21,6.13,6.18,91757.66,5684.57
2025-03-18 00:00:00+08:00,000505.XSHE,6.18,6.19,6.11,6.15,53326.48,3282.66
2025-03-19 00:00:00+08:00,000505.XSHE,6.14,6.15,6.09,6.13,42631.0,2617.52
2025-03-20 00:00:00+08:00,000505.XSHE,6.12,6.19,6.1,6.15,56444.0,3482.4
2025-03-21 00:00:00+08:00,000505.XSHE,6.15,6.25,6.13,6.16,84405.0,5235.91
2025-03-24 00:00:00+08:00,000505.XSHE,6.17,6.22,5.96,6.07,90374.0,5500.23
2025-03-25 00:00:00+08:00,000505.XSHE,6.04,6.15,6.0,6.13,72239.0,4401.38
2025-03-26 00:00:00+08:00,000505.XSHE,6.12,6.2,6.09,6.19,72154.0,4465.88
2025-03-27 00:00:00+08:00,000505.XSHE,6.17,6.21,6.09,6.12,43216.07,2658.94
2025-03-28 00:00:00+08:00,000505.XSHE,6.15,6.15,6.01,6.05,61416.0,3737.58
2025-03-31 00:00:00+08:00,000505.XSHE,6.03,6.04,5.79,5.86,88309.0,5222.84
2025-04-01 00:00:00+08:00,000505.XSHE,5.91,6.06,5.85,6.0,71576.0,4301.22
2025-04-02 00:00:00+08:00,000505.XSHE,6.02,6.02,5.92,5.95,44984.0,2690.43
2025-04-03 00:00:00+08:00,000505.XSHE,5.93,6.18,5.89,6.15,105421.0,6433.1
2025-04-07 00:00:00+08:00,000505.XSHE,6.18,6.73,6.01,6.35,471394.24,29907.84
2025-04-08 00:00:00+08:00,000505.XSHE,6.35,6.96,6.16,6.89,579996.72,38604.3
2025-04-09 00:00:00+08:00,000505.XSHE,6.66,7.12,6.48,6.72,540178.18,36578.23
2025-04-10 00:00:00+08:00,000505.XSHE,6.46,7.28,6.38,6.87,553164.15,37769.8
2025-04-11 00:00:00+08:00,000505.XSHE,6.71,6.83,6.5,6.54,377248.58,24996.05
2025-04-14 00:00:00+08:00,000505.XSHE,6.47,7.2,6.43,7.2,370122.31,25651.35
2025-04-15 00:00:00+08:00,000505.XSHE,7.19,7.92,6.99,7.92,962239.7,72463.58
2025-04-16 00:00:00+08:00,000505.XSHE,7.81,8.13,7.13,7.38,953120.91,72119.02
2025-04-17 00:00:00+08:00,000505.XSHE,7.2,7.78,6.96,7.55,776650.76,57533.79
2025-04-18 00:00:00+08:00,000505.XSHE,7.4,7.42,6.79,6.79,652610.23,45870.73
2025-04-21 00:00:00+08:00,000505.XSHE,6.7,6.91,6.6,6.79,356351.42,24159.95
2025-04-22 00:00:00+08:00,000505.XSHE,6.73,7.01,6.68,6.95,401129.96,27521.87
2025-04-23 00:00:00+08:00,000505.XSHE,6.81,6.86,6.64,6.65,353386.28,23833.55
2025-04-24 00:00:00+08:00,000505.XSHE,6.58,6.62,6.38,6.44,279711.23,18219.9
2025-04-25 00:00:00+08:00,000505.XSHE,6.38,6.51,6.38,6.41,158048.0,10202.57
2025-04-28 00:00:00+08:00,000505.XSHE,6.44,6.44,6.18,6.19,186701.0,11738.97
2025-04-29 00:00:00+08:00,000505.XSHE,6.16,6.35,6.14,6.2,122189.0,7644.26
2025-04-30 00:00:00+08:00,000505.XSHE,6.2,6.26,6.17,6.19,135588.09,8465.51
2025-05-06 00:00:00+08:00,000505.XSHE,6.23,6.33,6.22,6.32,165792.02,10456.66
2025-05-07 00:00:00+08:00,000505.XSHE,6.36,6.62,6.34,6.6,365851.33,23838.89
2025-05-08 00:00:00+08:00,000505.XSHE,6.48,6.52,6.41,6.51,200541.08,13027.97
2025-05-09 00:00:00+08:00,000505.XSHE,6.51,6.68,6.46,6.57,229860.63,15141.69
2025-05-12 00:00:00+08:00,000505.XSHE,6.53,6.54,6.36,6.46,195779.89,12628.41
2025-05-13 00:00:00+08:00,000505.XSHE,6.46,6.46,6.29,6.37,182310.78,11636.88
2025-05-14 00:00:00+08:00,000505.XSHE,6.34,6.4,6.31,6.39,107296.19,6852.9
2025-05-15 00:00:00+08:00,000505.XSHE,6.38,6.52,6.35,6.47,214199.0,13907.3
2025-05-16 00:00:00+08:00,000505.XSHE,6.42,6.45,6.34,6.34,131172.94,8381.1
2025-05-19 00:00:00+08:00,000505.XSHE,6.32,6.62,6.31,6.54,234609.15,15321.6
2025-05-20 00:00:00+08:00,000505.XSHE,6.56,6.6,6.49,6.58,137746.0,9052.84
2025-05-21 00:00:00+08:00,000505.XSHE,6.57,6.6,6.51,6.53,108981.21,7145.38
2025-05-22 00:00:00+08:00,000505.XSHE,6.53,6.56,6.38,6.4,100387.01,6488.53
2025-05-23 00:00:00+08:00,000505.XSHE,6.4,6.42,6.26,6.27,124447.3,7914.7
2025-05-26 00:00:00+08:00,000505.XSHE,6.26,6.33,6.25,6.33,60353.0,3812.71
2025-05-27 00:00:00+08:00,000505.XSHE,6.32,6.48,6.29,6.48,119667.0,7719.53
2025-05-28 00:00:00+08:00,000505.XSHE,6.43,6.47,6.37,6.4,62787.0,4030.03
2025-05-29 00:00:00+08:00,000505.XSHE,6.39,6.44,6.32,6.43,79446.57,5102.69
2025-05-30 00:00:00+08:00,000505.XSHE,6.43,6.51,6.38,6.39,100595.63,6500.61
2025-06-03 00:00:00+08:00,000505.XSHE,6.33,6.49,6.33,6.48,112424.0,7275.97
2025-06-04 00:00:00+08:00,000505.XSHE,6.48,6.53,6.41,6.52,105668.0,6873.34
2025-06-05 00:00:00+08:00,000505.XSHE,6.5,6.52,6.4,6.44,106882.0,6903.58
2025-06-06 00:00:00+08:00,000505.XSHE,6.44,6.61,6.4,6.55,166492.01,10882.23
2025-06-09 00:00:00+08:00,000505.XSHE,6.54,6.54,6.45,6.5,137609.56,8948.88
2025-06-10 00:00:00+08:00,000505.XSHE,6.48,6.58,6.39,6.56,212085.13,13826.04
2025-06-11 00:00:00+08:00,000505.XSHE,6.49,6.54,6.48,6.5,120755.0,7859.11
2025-06-12 00:00:00+08:00,000505.XSHE,6.51,6.51,6.38,6.42,118612.01,7618.16
2025-06-13 00:00:00+08:00,000505.XSHE,6.4,6.48,6.36,6.39,108177.0,6938.87
2025-06-16 00:00:00+08:00,000505.XSHE,6.4,6.45,6.38,6.43,62783.0,4026.09
2025-06-17 00:00:00+08:00,000505.XSHE,6.44,6.49,6.4,6.42,78836.0,5079.41
2025-06-18 00:00:00+08:00,000505.XSHE,6.4,6.42,6.32,6.33,85103.0,5410.08
2025-06-19 00:00:00+08:00,000505.XSHE,6.32,6.34,6.17,6.18,93321.01,5814.25
2025-06-20 00:00:00+08:00,000505.XSHE,6.17,6.24,6.16,6.18,54102.01,3347.57
2025-06-23 00:00:00+08:00,000505.XSHE,6.2,6.32,6.12,6.28,75875.01,4741.52
2025-06-24 00:00:00+08:00,000505.XSHE,6.28,6.33,6.22,6.33,68838.0,4336.81
2025-06-25 00:00:00+08:00,000505.XSHE,6.3,6.36,6.28,6.34,67821.01,4291.24
2025-06-26 00:00:00+08:00,000505.XSHE,6.32,6.36,6.3,6.34,65556.0,4153.89
2025-06-27 00:00:00+08:00,000505.XSHE,6.34,6.38,6.31,6.32,64042.01,4060.14
2025-06-30 00:00:00+08:00,000505.XSHE,6.34,6.34,6.29,6.33,61708.01,3898.47
2025-07-01 00:00:00+08:00,000505.XSHE,6.34,6.43,6.31,6.41,109342.01,6971.41
2025-07-02 00:00:00+08:00,000505.XSHE,6.4,6.45,6.38,6.43,91185.34,5857.78
2025-07-03 00:00:00+08:00,000505.XSHE,6.44,6.44,6.39,6.43,78114.43,5014.42
2025-07-04 00:00:00+08:00,000505.XSHE,6.43,6.49,6.39,6.47,142220.01,9165.46
2025-07-07 00:00:00+08:00,000505.XSHE,6.47,6.53,6.42,6.51,117365.01,7614.95
2025-07-08 00:00:00+08:00,000505.XSHE,6.52,6.53,6.46,6.51,85507.01,5555.11
2025-07-09 00:00:00+08:00,000505.XSHE,6.5,6.53,6.47,6.47,91086.01,5924.33
2025-07-10 00:00:00+08:00,000505.XSHE,6.48,6.59,6.46,6.52,127323.0,8284.22
2025-07-11 00:00:00+08:00,000505.XSHE,6.52,6.76,6.51,6.61,239930.0,15917.07
2025-07-14 00:00:00+08:00,000505.XSHE,6.62,6.74,6.58,6.7,132130.1,8825.71
2025-07-15 00:00:00+08:00,000505.XSHE,6.69,6.69,6.47,6.54,110360.0,7227.89
2025-07-16 00:00:00+08:00,000505.XSHE,6.54,6.96,6.51,6.84,277203.02,18830.59
2025-07-17 00:00:00+08:00,000505.XSHE,6.85,6.95,6.8,6.87,204999.73,14070.88
2025-07-18 00:00:00+08:00,000505.XSHE,6.87,7.15,6.81,7.04,215404.0,15006.7
2025-07-21 00:00:00+08:00,000505.XSHE,7.03,7.4,6.94,7.26,298671.44,21494.92
2025-07-22 00:00:00+08:00,000505.XSHE,7.26,7.38,7.13,7.2,244711.0,17643.5
2025-07-23 00:00:00+08:00,000505.XSHE,7.18,7.2,6.79,6.82,411167.7,28438.86
2025-07-24 00:00:00+08:00,000505.XSHE,6.82,7.5,6.81,7.5,513742.71,37186.93
2025-07-25 00:00:00+08:00,000505.XSHE,7.5,7.5,7.08,7.11,491068.96,35265.75
2025-07-28 00:00:00+08:00,000505.XSHE,7.11,7.12,6.87,6.93,292997.0,20429.06
2025-07-29 00:00:00+08:00,000505.XSHE,6.93,7.0,6.78,6.85,230720.97,15790.29
2025-07-30 00:00:00+08:00,000505.XSHE,6.82,6.89,6.79,6.85,201852.76,13814.12
2025-07-31 00:00:00+08:00,000505.XSHE,6.8,6.81,6.65,6.67,209281.0,14021.29
2025-08-01 00:00:00+08:00,000505.XSHE,6.63,6.7,6.63,6.65,101589.0,6759.34
2025-08-04 00:00:00+08:00,000505.XSHE,6.64,6.68,6.6,6.66,82114.37,5462.75
2025-08-05 00:00:00+08:00,000505.XSHE,6.7,6.73,6.68,6.71,92068.0,6165.66
2025-08-06 00:00:00+08:00,000505.XSHE,6.7,6.72,6.65,6.68,79612.0,5315.57
2025-08-07 00:00:00+08:00,000505.XSHE,6.67,6.74,6.65,6.74,94318.1,6327.12
2025-08-08 00:00:00+08:00,000505.XSHE,6.74,6.75,6.68,6.73,93480.0,6275.94
2025-08-11 00:00:00+08:00,000505.XSHE,6.75,6.77,6.68,6.77,97285.37,6557.87
2025-08-12 00:00:00+08:00,000505.XSHE,6.78,6.81,6.74,6.8,117335.0,7947.8
2025-08-13 00:00:00+08:00,000505.XSHE,6.88,6.88,6.77,6.8,115239.11,7846.42
2025-08-14 00:00:00+08:00,000505.XSHE,6.79,6.87,6.66,6.66,148027.0,9997.49
2025-08-15 00:00:00+08:00,000505.XSHE,6.66,6.7,6.66,6.69,94229.1,6294.48
2025-08-18 00:00:00+08:00,000505.XSHE,6.68,6.75,6.67,6.71,126593.32,8494.98
2025-08-19 00:00:00+08:00,000505.XSHE,6.71,6.78,6.69,6.75,107157.0,7227.33
2025-08-20 00:00:00+08:00,000505.XSHE,6.74,6.77,6.7,6.77,111534.11,7511.53
2025-08-21 00:00:00+08:00,000505.XSHE,6.77,6.86,6.74,6.8,146284.67,9947.73
2025-08-22 00:00:00+08:00,000505.XSHE,6.78,6.82,6.7,6.76,116744.0,7861.53
2025-08-25 00:00:00+08:00,000505.XSHE,6.76,6.81,6.72,6.8,144115.0,9769.14
2025-08-26 00:00:00+08:00,000505.XSHE,6.8,6.87,6.78,6.85,144987.29,9916.95
2025-08-27 00:00:00+08:00,000505.XSHE,6.83,6.88,6.7,6.7,152214.0,10336.0
2025-08-28 00:00:00+08:00,000505.XSHE,6.7,6.79,6.49,6.67,151349.0,10065.4
2025-08-29 00:00:00+08:00,000505.XSHE,6.62,6.77,6.62,6.66,99909.0,6701.09
2025-09-01 00:00:00+08:00,000505.XSHE,6.67,6.76,6.6,6.75,118989.0,7991.12
2025-09-02 00:00:00+08:00,000505.XSHE,6.78,6.78,6.64,6.68,90475.94,6043.91
2025-09-03 00:00:00+08:00,000505.XSHE,6.69,6.71,6.49,6.51,95785.19,6296.02
2025-09-04 00:00:00+08:00,000505.XSHE,6.53,6.68,6.47,6.62,105607.19,6973.3
2025-09-05 00:00:00+08:00,000505.XSHE,6.66,6.66,6.51,6.62,99870.02,6557.28
2025-09-08 00:00:00+08:00,000505.XSHE,6.62,6.72,6.59,6.71,90967.0,6087.57
2025-09-09 00:00:00+08:00,000505.XSHE,6.71,6.74,6.66,6.67,65118.0,4357.15
2025-09-10 00:00:00+08:00,000505.XSHE,6.69,6.75,6.66,6.75,83764.89,5625.82
2025-09-11 00:00:00+08:00,000505.XSHE,6.75,6.77,6.67,6.76,97042.78,6519.74
2025-09-12 00:00:00+08:00,000505.XSHE,6.75,6.81,6.72,6.73,105340.0,7125.37
2025-09-15 00:00:00+08:00,000505.XSHE,6.73,6.79,6.71,6.74,72367.89,4874.77
2025-09-16 00:00:00+08:00,000505.XSHE,6.76,6.76,6.69,6.76,71909.99,4836.73
2025-09-17 00:00:00+08:00,000505.XSHE,6.75,6.76,6.68,6.72,80338.7,5386.15
2025-09-18 00:00:00+08:00,000505.XSHE,6.71,6.75,6.58,6.63,104405.16,6976.29
2025-09-19 00:00:00+08:00,000505.XSHE,6.6,6.66,6.54,6.66,72845.84,4805.05
2025-09-22 00:00:00+08:00,000505.XSHE,6.62,6.66,6.49,6.52,78315.0,5118.93
2025-09-23 00:00:00+08:00,000505.XSHE,6.54,6.54,6.33,6.44,78564.75,5030.44
2025-09-24 00:00:00+08:00,000505.XSHE,6.4,6.47,6.37,6.47,58840.67,3793.86
2025-09-25 00:00:00+08:00,000505.XSHE,6.43,6.48,6.38,6.4,49530.1,3178.72
2025-09-26 00:00:00+08:00,000505.XSHE,6.39,6.49,6.35,6.44,55159.0,3550.0
2025-09-29 00:00:00+08:00,000505.XSHE,6.12,6.25,6.0,6.11,194044.71,11798.98
2025-09-30 00:00:00+08:00,000505.XSHE,6.13,6.13,6.06,6.09,75079.08,4579.18
2025-10-09 00:00:00+08:00,000505.XSHE,6.07,6.2,6.07,6.19,83505.67,5128.23
2025-10-10 00:00:00+08:00,000505.XSHE,6.2,6.36,6.16,6.32,88590.67,5570.71
2025-10-13 00:00:00+08:00,000505.XSHE,6.28,6.5,6.25,6.33,100818.93,6395.65
2025-10-14 00:00:00+08:00,000505.XSHE,6.36,6.5,6.33,6.48,126722.78,8152.79
2025-10-15 00:00:00+08:00,000505.XSHE,6.47,6.53,6.4,6.47,69354.31,4480.59
2025-10-16 00:00:00+08:00,000505.XSHE,6.46,6.53,6.45,6.51,89290.93,5795.72
2025-10-17 00:00:00+08:00,000505.XSHE,6.49,6.83,6.48,6.73,298117.36,19964.47
2025-10-20 00:00:00+08:00,000505.XSHE,6.72,6.85,6.59,6.78,235527.47,15907.24
2025-10-21 00:00:00+08:00,000505.XSHE,6.76,6.85,6.67,6.83,180521.39,12244.25
2025-10-22 00:00:00+08:00,000505.XSHE,6.83,6.85,6.72,6.73,122509.0,8307.89
2025-10-23 00:00:00+08:00,000505.XSHE,6.76,6.97,6.7,6.88,216155.28,14869.86
2025-10-24 00:00:00+08:00,000505.XSHE,6.87,6.89,6.74,6.76,144693.05,9840.07
2025-10-27 00:00:00+08:00,000505.XSHE,6.6,6.65,6.42,6.55,214845.69,14006.28
2025-10-28 00:00:00+08:00,000505.XSHE,6.56,6.66,6.53,6.57,104190.24,6855.21
2025-10-29 00:00:00+08:00,000505.XSHE,6.64,7.12,6.54,6.82,259273.75,17695.97
2025-10-30 00:00:00+08:00,000505.XSHE,6.86,6.92,6.76,6.82,193779.46,13277.53
2025-10-31 00:00:00+08:00,000505.XSHE,6.83,6.9,6.72,6.8,143367.31,9749.19
2025-11-03 00:00:00+08:00,000505.XSHE,6.78,7.02,6.75,7.02,253245.67,17586.38
2025-11-04 00:00:00+08:00,000505.XSHE,6.99,7.05,6.96,7.01,186456.74,13045.39
2025-11-05 00:00:00+08:00,000505.XSHE,6.97,7.23,6.95,7.14,271465.41,19426.92
2025-11-06 00:00:00+08:00,000505.XSHE,7.11,7.19,7.03,7.04,190988.54,13511.65
2025-11-07 00:00:00+08:00,000505.XSHE,7.22,7.28,7.0,7.06,191018.05,13537.86
2025-11-10 00:00:00+08:00,000505.XSHE,7.03,7.13,6.94,7.08,142115.0,10026.06
2025-11-11 00:00:00+08:00,000505.XSHE,7.05,7.11,7.01,7.08,106932.77,7559.99
2025-11-12 00:00:00+08:00,000505.XSHE,7.08,7.19,7.03,7.11,138865.34,9865.94
2025-11-13 00:00:00+08:00,000505.XSHE,7.1,7.13,7.03,7.12,106423.05,7548.94
2025-11-14 00:00:00+08:00,000505.XSHE,7.09,7.34,7.09,7.27,212594.7,15422.39
2025-11-17 00:00:00+08:00,000505.XSHE,7.22,7.45,7.2,7.38,181406.53,13301.91
2025-11-18 00:00:00+08:00,000505.XSHE,7.33,7.62,7.23,7.39,247175.91,18250.5
2025-11-19 00:00:00+08:00,000505.XSHE,7.32,7.39,7.12,7.22,193856.3,13977.84
2025-11-20 00:00:00+08:00,000505.XSHE,7.18,7.94,7.08,7.69,799409.03,61642.22
2025-11-21 00:00:00+08:00,000505.XSHE,7.7,8.46,7.7,8.1,1118766.78,91004.83
2025-11-24 00:00:00+08:00,000505.XSHE,8.0,8.91,7.88,8.91,372583.98,32060.96
2025-11-25 00:00:00+08:00,000505.XSHE,8.83,9.5,8.02,9.02,1415212.74,117730.36
2025-11-26 00:00:00+08:00,000505.XSHE,8.41,8.8,8.12,8.12,915190.15,77375.18
2025-11-27 00:00:00+08:00,000505.XSHE,7.88,7.89,7.49,7.55,723935.81,55492.36
2025-11-28 00:00:00+08:00,000505.XSHE,7.48,7.8,7.26,7.74,591674.29,44940.42
2025-12-01 00:00:00+08:00,000505.XSHE,7.69,7.89,7.56,7.76,497874.97,38561.9
2025-12-02 00:00:00+08:00,000505.XSHE,7.55,7.89,7.4,7.88,558825.12,42959.17
2025-12-03 00:00:00+08:00,000505.XSHE,7.79,8.24,7.75,7.89,571083.25,45744.06
2025-12-04 00:00:00+08:00,000505.XSHE,7.89,7.96,7.54,7.55,408710.14,31294.32
2025-12-05 00:00:00+08:00,000505.XSHE,7.51,7.73,7.39,7.73,369522.49,28120.58
2025-12-08 00:00:00+08:00,000505.XSHE,7.75,7.98,7.71,7.88,348408.01,27396.44
2025-12-09 00:00:00+08:00,000505.XSHE,7.89,7.91,7.51,7.61,310275.78,23775.81
2025-12-10 00:00:00+08:00,000505.XSHE,7.61,8.37,7.49,8.37,886905.79,71639.41
2025-12-11 00:00:00+08:00,000505.XSHE,8.87,9.15,8.14,8.54,1292659.02,111419.37
2025-12-12 00:00:00+08:00,000505.XSHE,8.5,8.61,8.17,8.23,687943.08,57268.27
2025-12-15 00:00:00+08:00,000505.XSHE,8.11,8.25,7.9,8.06,481620.53,38838.32
2025-12-16 00:00:00+08:00,000505.XSHE,8.13,8.87,8.05,8.67,1230458.26,106601.72
2025-12-17 00:00:00+08:00,000505.XSHE,8.37,8.47,7.8,7.8,858395.83,67764.99
2025-12-18 00:00:00+08:00,000505.XSHE,7.43,7.5,7.09,7.15,709914.12,51523.57
2025-12-19 00:00:00+08:00,000505.XSHE,7.09,7.61,6.99,7.44,659375.36,47878.76
2025-12-22 00:00:00+08:00,000505.XSHE,7.51,8.18,7.51,8.18,845057.27,67611.64
2025-12-23 00:00:00+08:00,000505.XSHE,8.44,9.0,8.25,8.51,1313949.25,113546.19
2025-12-24 00:00:00+08:00,000505.XSHE,8.55,8.71,8.26,8.43,857417.3,72178.35
2025-12-25 00:00:00+08:00,000505.XSHE,8.41,8.43,8.09,8.11,473999.23,38751.77
2025-01-02 00:00:00+08:00,000566.XSHE,4.8,4.86,4.63,4.68,241186.0,11454.1
2025-01-03 00:00:00+08:00,000566.XSHE,4.71,4.73,4.5,4.5,228638.0,10478.39
2025-01-06 00:00:00+08:00,000566.XSHE,4.49,4.68,4.45,4.56,282887.44,12962.86
2025-01-07 00:00:00+08:00,000566.XSHE,4.54,4.54,4.39,4.52,252975.04,11269.39
2025-01-08 00:00:00+08:00,000566.XSHE,4.54,4.58,4.39,4.52,218631.0,9828.95
2025-01-09 00:00:00+08:00,000566.XSHE,4.47,4.59,4.43,4.53,156102.32,7063.59
2025-01-10 00:00:00+08:00,000566.XSHE,4.53,4.57,4.35,4.35,183507.98,8144.16
2025-01-13 00:00:00+08:00,000566.XSHE,4.26,4.34,4.16,4.33,158142.0,6759.97
2025-01-14 00:00:00+08:00,000566.XSHE,4.33,4.57,4.33,4.56,214654.4,9601.69
2025-01-15 00:00:00+08:00,000566.XSHE,4.6,4.6,4.46,4.5,150246.4,6774.16
2025-01-16 00:00:00+08:00,000566.XSHE,4.5,4.63,4.5,4.57,164512.48,7504.81
2025-01-17 00:00:00+08:00,000566.XSHE,4.52,4.56,4.46,4.48,134318.0,6046.35
2025-01-20 00:00:00+08:00,000566.XSHE,4.52,4.55,4.43,4.52,128156.17,5771.85
2025-01-21 00:00:00+08:00,000566.XSHE,4.55,4.57,4.39,4.42,150762.06,6689.41
2025-01-22 00:00:00+08:00,000566.XSHE,4.41,4.41,4.29,4.33,132038.0,5723.37
2025-01-23 00:00:00+08:00,000566.XSHE,4.39,4.46,4.3,4.31,154747.48,6796.58
2025-01-24 00:00:00+08:00,000566.XSHE,4.31,4.34,4.27,4.33,125536.0,5410.05
2025-01-27 00:00:00+08:00,000566.XSHE,4.32,4.45,4.29,4.3,128674.32,5615.63
2025-02-05 00:00:00+08:00,000566.XSHE,4.25,4.32,4.19,4.32,200308.72,8565.6
2025-02-06 00:00:00+08:00,000566.XSHE,4.29,4.72,4.14,4.68,460179.72,20203.31
2025-02-07 00:00:00+08:00,000566.XSHE,4.55,4.91,4.52,4.79,736373.84,34923.72
2025-02-10 00:00:00+08:00,000566.XSHE,4.73,4.87,4.71,4.84,420479.69,20227.33
2025-02-11 00:00:00+08:00,000566.XSHE,4.85,5.05,4.74,4.86,389584.49,18974.38
2025-02-12 00:00:00+08:00,000566.XSHE,4.86,4.96,4.82,4.89,292774.51,14332.02
2025-02-13 00:00:00+08:00,000566.XSHE,4.89,5.08,4.8,4.93,398107.73,19614.74
2025-02-14 00:00:00+08:00,000566.XSHE,4.94,5.2,4.8,5.11,718803.51,36198.63
2025-02-17 00:00:00+08:00,000566.XSHE,5.05,5.08,4.97,5.01,387184.34,19402.87
2025-02-18 00:00:00+08:00,000566.XSHE,4.99,5.02,4.72,4.74,383258.0,18609.66
2025-02-19 00:00:00+08:00,000566.XSHE,4.74,4.82,4.67,4.82,230890.51,11028.08
2025-02-20 00:00:00+08:00,000566.XSHE,4.84,5.1,4.82,4.92,329517.0,16343.61
2025-02-21 00:00:00+08:00,000566.XSHE,4.88,4.93,4.78,4.83,257896.0,12461.29
2025-02-24 00:00:00+08:00,000566.XSHE,4.79,4.87,4.78,4.81,159261.0,7680.13
2025-02-25 00:00:00+08:00,000566.XSHE,4.78,4.87,4.75,4.83,165410.02,7958.58
2025-02-26 00:00:00+08:00,000566.XSHE,4.81,5.31,4.8,5.31,492514.85,25657.77
2025-02-27 00:00:00+08:00,000566.XSHE,5.26,5.84,5.2,5.54,1511269.06,84435.98
2025-02-28 00:00:00+08:00,000566.XSHE,5.37,5.53,5.08,5.12,933036.53,49232.72
2025-03-03 00:00:00+08:00,000566.XSHE,5.14,5.2,4.98,5.01,510520.0,25878.12
2025-03-04 00:00:00+08:00,000566.XSHE,5.03,5.27,4.94,5.05,546538.2,27702.22
2025-03-05 00:00:00+08:00,000566.XSHE,5.04,5.08,4.88,5.07,377956.68,18715.5
2025-03-06 00:00:00+08:00,000566.XSHE,5.11,5.19,5.08,5.18,441801.15,22743.89
2025-03-07 00:00:00+08:00,000566.XSHE,5.13,5.17,4.99,5.02,385626.01,19510.79
2025-03-10 00:00:00+08:00,000566.XSHE,5.08,5.28,5.03,5.18,427787.01,21992.9
2025-03-11 00:00:00+08:00,000566.XSHE,5.1,5.27,5.05,5.23,362562.41,18799.77
2025-03-12 00:00:00+08:00,000566.XSHE,5.24,5.28,5.15,5.17,235464.25,12210.58
2025-03-13 00:00:00+08:00,000566.XSHE,5.15,5.16,4.95,5.03,266447.0,13407.12
2025-03-14 00:00:00+08:00,000566.XSHE,5.0,5.08,5.0,5.06,181252.17,9140.31
2025-03-17 00:00:00+08:00,000566.XSHE,5.06,5.14,5.04,5.11,238953.17,12165.77
2025-03-18 00:00:00+08:00,000566.XSHE,5.11,5.13,4.98,5.02,256852.0,12906.77
2025-03-19 00:00:00+08:00,000566.XSHE,4.98,5.04,4.98,5.0,137062.59,6851.17
2025-03-20 00:00:00+08:00,000566.XSHE,5.02,5.08,4.96,5.02,174834.61,8742.23
2025-03-21 00:00:00+08:00,000566.XSHE,5.05,5.15,5.02,5.08,376143.43,19122.48
2025-03-24 00:00:00+08:00,000566.XSHE,5.09,5.12,4.58,4.75,426922.13,20546.18
2025-03-25 00:00:00+08:00,000566.XSHE,4.7,4.71,4.55,4.6,237224.0,10932.98
2025-03-26 00:00:00+08:00,000566.XSHE,4.6,4.68,4.56,4.63,110631.64,5120.03
2025-03-27 00:00:00+08:00,000566.XSHE,4.62,4.75,4.53,4.7,176049.02,8197.55
2025-03-28 00:00:00+08:00,000566.XSHE,4.71,4.79,4.61,4.61,148747.0,6972.52
2025-03-31 00:00:00+08:00,000566.XSHE,4.56,4.59,4.45,4.52,151568.0,6832.19
2025-04-01 00:00:00+08:00,000566.XSHE,4.54,4.73,4.53,4.64,162764.93,7564.93
2025-04-02 00:00:00+08:00,000566.XSHE,4.62,4.7,4.57,4.58,103822.03,4779.5
2025-04-03 00:00:00+08:00,000566.XSHE,4.53,4.65,4.51,4.57,98260.0,4503.81
2025-04-07 00:00:00+08:00,000566.XSHE,4.36,4.37,4.11,4.11,205761.53,8559.85
2025-04-08 00:00:00+08:00,000566.XSHE,3.98,4.16,3.9,4.14,234414.9,9398.86
2025-04-09 00:00:00+08:00,000566.XSHE,4.07,4.25,3.76,4.16,237307.0,9546.44
2025-04-10 00:00:00+08:00,000566.XSHE,4.26,4.36,4.18,4.3,231156.39,9948.25
2025-04-11 00:00:00+08:00,000566.XSHE,4.3,4.73,4.26,4.73,336734.0,15749.33
2025-04-14 00:00:00+08:00,000566.XSHE,4.69,5.2,4.49,5.0,1455038.77,72942.39
2025-04-15 00:00:00+08:00,000566.XSHE,4.8,4.92,4.67,4.81,878771.91,41954.59
2025-04-16 00:00:00+08:00,000566.XSHE,4.8,5.17,4.73,5.1,918393.03,45905.48
2025-04-17 00:00:00+08:00,000566.XSHE,5.0,5.32,5.0,5.03,614661.8,31537.34
2025-04-18 00:00:00+08:00,000566.XSHE,5.08,5.2,5.01,5.1,458024.04,23389.1
2025-04-21 00:00:00+08:00,000566.XSHE,5.15,5.61,4.98,5.52,909168.64,49091.75
2025-04-22 00:00:00+08:00,000566.XSHE,5.48,5.9,5.4,5.52,987964.4,55455.45
2025-04-23 00:00:00+08:00,000566.XSHE,5.47,5.51,5.09,5.1,863591.82,45421.99
2025-04-24 00:00:00+08:00,000566.XSHE,5.15,5.29,5.1,5.13,462031.99,23938.54
2025-04-25 00:00:00+08:00,000566.XSHE,5.15,5.18,4.91,4.94,422038.0,20987.65
2025-04-28 00:00:00+08:00,000566.XSHE,4.95,4.95,4.78,4.83,262055.0,12687.99
2025-04-29 00:00:00+08:00,000566.XSHE,4.83,4.91,4.74,4.81,215024.4,10380.87
2025-04-30 00:00:00+08:00,000566.XSHE,4.79,5.16,4.78,4.8,427056.41,20841.41
2025-05-06 00:00:00+08:00,000566.XSHE,4.83,5.11,4.83,5.04,373543.76,18740.93
2025-05-07 00:00:00+08:00,000566.XSHE,5.11,5.28,4.98,5.04,289348.02,14719.91
2025-05-08 00:00:00+08:00,000566.XSHE,5.08,5.35,5.08,5.3,591238.73,30807.55
2025-05-09 00:00:00+08:00,000566.XSHE,5.35,5.56,5.24,5.26,608125.95,32685.67
2025-05-12 00:00:00+08:00,000566.XSHE,5.21,5.26,5.01,5.14,477549.69,24445.28
2025-05-13 00:00:00+08:00,000566.XSHE,5.13,5.18,4.96,5.0,438398.0,22112.2
2025-05-14 00:00:00+08:00,000566.XSHE,4.95,4.99,4.85,4.94,318458.04,15681.22
2025-05-15 00:00:00+08:00,000566.XSHE,4.96,5.43,4.91,5.43,746589.62,39040.81
2025-05-16 00:00:00+08:00,000566.XSHE,5.43,5.85,5.31,5.65,1443283.41,80397.96
2025-05-19 00:00:00+08:00,000566.XSHE,5.64,5.71,5.4,5.67,843688.0,47180.95
2025-05-20 00:00:00+08:00,000566.XSHE,5.7,5.87,5.66,5.68,818427.0,47128.14
2025-05-21 00:00:00+08:00,000566.XSHE,5.68,6.08,5.66,5.96,1202489.4,70661.25
2025-05-22 00:00:00+08:00,000566.XSHE,5.85,6.09,5.72,6.08,749961.4,44003.41
2025-05-23 00:00:00+08:00,000566.XSHE,5.93,6.17,5.79,5.86,948696.41,56446.94
2025-05-26 00:00:00+08:00,000566.XSHE,5.88,5.88,5.27,5.4,1348872.38,72808.16
2025-05-27 00:00:00+08:00,000566.XSHE,5.38,5.57,5.23,5.53,784554.4,42607.24
2025-05-28 00:00:00+08:00,000566.XSHE,5.49,5.49,5.2,5.26,696468.07,36807.85
2025-05-29 00:00:00+08:00,000566.XSHE,5.22,5.78,5.18,5.56,881210.72,48470.24
2025-05-30 00:00:00+08:00,000566.XSHE,5.54,6.12,5.54,6.12,666603.57,40397.73
2025-06-03 00:00:00+08:00,000566.XSHE,6.24,6.73,6.2,6.73,720319.92,47014.96
2025-06-04 00:00:00+08:00,000566.XSHE,7.4,7.4,6.58,7.12,3176623.8,223698.65
2025-06-05 00:00:00+08:00,000566.XSHE,7.01,7.07,6.41,6.49,2273276.81,150929.86
2025-06-06 00:00:00+08:00,000566.XSHE,6.49,6.83,6.27,6.7,2001222.26,131537.64
2025-06-09 00:00:00+08:00,000566.XSHE,6.62,7.12,6.6,6.84,1940189.18,133681.52
2025-06-10 00:00:00+08:00,000566.XSHE,6.84,7.03,6.6,6.69,1491825.8,101272.83
2025-06-11 00:00:00+08:00,000566.XSHE,6.8,6.83,6.54,6.66,995883.73,66334.88
2025-06-12 00:00:00+08:00,000566.XSHE,6.61,6.8,6.46,6.6,1111591.84,73716.81
2025-06-13 00:00:00+08:00,000566.XSHE,6.45,6.66,6.2,6.25,1078164.69,68876.1
2025-06-16 00:00:00+08:00,000566.XSHE,6.34,6.49,6.18,6.34,588894.0,37394.49
2025-06-17 00:00:00+08:00,000566.XSHE,6.44,6.46,5.95,5.99,1005150.0,61642.16
2025-06-18 00:00:00+08:00,000566.XSHE,5.98,6.0,5.86,5.95,445669.0,26424.71
2025-06-19 00:00:00+08:00,000566.XSHE,5.9,5.97,5.67,5.71,538599.04,31062.82
2025-06-20 00:00:00+08:00,000566.XSHE,5.68,5.74,5.61,5.7,338215.26,19227.84
2025-06-23 00:00:00+08:00,000566.XSHE,5.61,5.73,5.57,5.72,432338.0,24486.65
2025-06-24 00:00:00+08:00,000566.XSHE,5.75,5.89,5.71,5.8,539667.0,31336.32
2025-06-25 00:00:00+08:00,000566.XSHE,5.82,5.88,5.72,5.76,439111.0,25382.46
2025-06-26 00:00:00+08:00,000566.XSHE,5.7,5.81,5.6,5.77,440796.0,25262.71
2025-06-27 00:00:00+08:00,000566.XSHE,5.78,5.92,5.75,5.85,526948.66,30833.08
2025-06-30 00:00:00+08:00,000566.XSHE,5.84,5.89,5.74,5.88,391263.66,22815.22
2025-07-01 00:00:00+08:00,000566.XSHE,5.89,6.25,5.89,6.24,1047738.55,63611.83
2025-07-02 00:00:00+08:00,000566.XSHE,6.26,6.27,5.95,5.98,786324.55,47513.69
2025-07-03 00:00:00+08:00,000566.XSHE,5.94,6.19,5.91,6.08,691187.04,42215.19
2025-07-04 00:00:00+08:00,000566.XSHE,6.09,6.25,6.01,6.09,696001.55,42630.0
2025-07-07 00:00:00+08:00,000566.XSHE,6.06,6.2,5.91,5.94,615393.16,37038.01
2025-07-08 00:00:00+08:00,000566.XSHE,5.94,6.53,5.89,6.14,1299710.78,81429.08
2025-07-09 00:00:00+08:00,000566.XSHE,6.04,6.13,5.92,6.0,780406.51,46854.89
2025-07-10 00:00:00+08:00,000566.XSHE,6.02,6.56,5.98,6.39,1599324.19,101432.57
2025-07-11 00:00:00+08:00,000566.XSHE,6.22,6.46,6.19,6.28,858575.13,54099.99
2025-07-14 00:00:00+08:00,000566.XSHE,6.23,6.43,6.18,6.24,678312.52,42595.5
2025-07-15 00:00:00+08:00,000566.XSHE,6.16,6.19,5.86,6.01,789543.55,47112.05
2025-07-16 00:00:00+08:00,000566.XSHE,5.94,6.3,5.94,6.22,804378.76,49499.35
2025-07-17 00:00:00+08:00,000566.XSHE,6.16,6.68,6.15,6.64,1404973.15,91256.44
2025-07-18 00:00:00+08:00,000566.XSHE,6.56,6.61,6.42,6.58,781617.7,50969.69
2025-07-21 00:00:00+08:00,000566.XSHE,6.52,6.85,6.44,6.69,1207250.4,80369.45
2025-07-22 00:00:00+08:00,000566.XSHE,6.81,7.34,6.63,6.97,1876299.34,129402.56
2025-07-23 00:00:00+08:00,000566.XSHE,6.85,7.14,6.5,6.53,1607846.77,109222.08
2025-07-24 00:00:00+08:00,000566.XSHE,6.49,7.18,6.49,7.18,1883372.53,131250.97
2025-07-25 00:00:00+08:00,000566.XSHE,7.3,7.3,6.66,6.74,1837948.16,125799.44
2025-07-28 00:00:00+08:00,000566.XSHE,6.69,6.78,6.63,6.71,819720.66,54850.09
2025-07-29 00:00:00+08:00,000566.XSHE,6.75,6.78,6.51,6.66,784028.29,52124.72
2025-07-30 00:00:00+08:00,000566.XSHE,6.6,6.77,6.51,6.55,674184.78,44707.86
2025-07-31 00:00:00+08:00,000566.XSHE,6.53,6.61,6.4,6.42,703251.7,45719.79
2025-08-01 00:00:00+08:00,000566.XSHE,6.39,6.6,6.35,6.45,551828.04,35777.8
2025-08-04 00:00:00+08:00,000566.XSHE,6.45,6.56,6.23,6.56,595201.06,38173.97
2025-08-05 00:00:00+08:00,000566.XSHE,6.55,6.6,6.44,6.5,413555.95,26875.41
2025-08-06 00:00:00+08:00,000566.XSHE,6.47,6.5,6.36,6.38,449584.0,28768.9
2025-08-07 00:00:00+08:00,000566.XSHE,6.38,6.4,6.27,6.31,355982.55,22496.88
2025-08-08 00:00:00+08:00,000566.XSHE,6.28,6.34,6.26,6.32,263461.66,16605.72
2025-08-11 00:00:00+08:00,000566.XSHE,6.29,6.36,6.27,6.34,304706.66,19242.87
2025-08-12 00:00:00+08:00,000566.XSHE,6.34,6.44,6.24,6.28,338323.45,21308.09
2025-08-13 00:00:00+08:00,000566.XSHE,6.27,6.27,6.13,6.2,450580.71,27925.83
2025-08-14 00:00:00+08:00,000566.XSHE,6.18,6.34,6.14,6.33,538247.26,33660.45
2025-08-15 00:00:00+08:00,000566.XSHE,6.34,6.38,6.23,6.3,373325.97,23454.96
2025-08-18 00:00:00+08:00,000566.XSHE,6.3,6.41,6.28,6.34,478888.55,30434.34
2025-08-19 00:00:00+08:00,000566.XSHE,6.32,6.5,6.3,6.45,640815.6,41248.44
2025-08-20 00:00:00+08:00,000566.XSHE,6.41,6.42,6.26,6.33,460325.88,29044.51
2025-08-21 00:00:00+08:00,000566.XSHE,6.32,6.33,6.25,6.27,305858.63,19199.33
2025-08-22 00:00:00+08:00,000566.XSHE,6.26,6.26,6.17,6.22,316186.19,19594.13
2025-08-25 00:00:00+08:00,000566.XSHE,6.19,6.22,6.13,6.2,386705.92,23882.17
2025-08-26 00:00:00+08:00,000566.XSHE,6.18,6.24,6.15,6.21,280028.81,17357.75
2025-08-27 00:00:00+08:00,000566.XSHE,6.2,6.2,5.99,5.99,521034.0,31736.0
2025-08-28 00:00:00+08:00,000566.XSHE,6.0,6.04,5.79,5.96,335783.07,19869.25
2025-08-29 00:00:00+08:00,000566.XSHE,5.96,6.04,5.92,6.01,198946.72,11930.61
2025-09-01 00:00:00+08:00,000566.XSHE,6.02,6.06,5.93,6.03,217358.74,13090.18
2025-09-02 00:00:00+08:00,000566.XSHE,6.01,6.02,5.88,5.91,247488.03,14673.62
2025-09-03 00:00:00+08:00,000566.XSHE,5.89,5.93,5.81,5.83,182729.64,10727.32
2025-09-04 00:00:00+08:00,000566.XSHE,5.82,5.94,5.79,5.85,257715.42,15084.12
2025-09-05 00:00:00+08:00,000566.XSHE,5.85,5.92,5.75,5.91,239350.38,14030.38
2025-09-08 00:00:00+08:00,000566.XSHE,5.87,6.03,5.86,6.03,223897.93,13365.43
2025-09-09 00:00:00+08:00,000566.XSHE,6.0,6.02,5.88,5.92,205243.33,12196.45
2025-09-10 00:00:00+08:00,000566.XSHE,5.89,6.0,5.87,5.98,175820.01,10457.09
2025-09-11 00:00:00+08:00,000566.XSHE,5.97,5.98,5.87,5.97,168660.77,10022.84
2025-09-12 00:00:00+08:00,000566.XSHE,5.97,6.05,5.93,6.0,225687.31,13544.06
2025-09-15 00:00:00+08:00,000566.XSHE,5.97,5.99,5.91,5.94,197708.15,11753.21
2025-09-16 00:00:00+08:00,000566.XSHE,5.96,6.04,5.9,6.02,251170.93,14996.06
2025-09-17 00:00:00+08:00,000566.XSHE,5.99,6.03,5.95,5.96,166888.73,9955.28
2025-09-18 00:00:00+08:00,000566.XSHE,5.95,6.17,5.94,6.02,466288.58,28333.34
2025-09-19 00:00:00+08:00,000566.XSHE,5.97,6.0,5.85,5.88,286809.0,16887.59
2025-09-22 00:00:00+08:00,000566.XSHE,5.86,5.86,5.7,5.74,210146.02,12110.95
2025-09-23 00:00:00+08:00,000566.XSHE,5.74,5.75,5.47,5.57,240862.15,13401.26
2025-09-24 00:00:00+08:00,000566.XSHE,5.53,5.62,5.49,5.6,191516.9,10665.35
2025-09-25 00:00:00+08:00,000566.XSHE,5.57,5.61,5.5,5.51,167366.9,9280.64
2025-09-26 00:00:00+08:00,000566.XSHE,5.47,5.53,5.34,5.41,243256.0,13205.0
2025-09-29 00:00:00+08:00,000566.XSHE,5.4,5.42,5.27,5.42,186079.49,9978.44
2025-09-30 00:00:00+08:00,000566.XSHE,5.44,5.55,5.39,5.5,167226.62,9191.92
2025-10-09 00:00:00+08:00,000566.XSHE,5.49,5.5,5.38,5.46,202548.15,10978.95
2025-10-10 00:00:00+08:00,000566.XSHE,5.44,5.51,5.39,5.46,155264.51,8486.76
2025-10-13 00:00:00+08:00,000566.XSHE,5.26,5.41,5.18,5.39,163431.61,8691.16
2025-10-14 00:00:00+08:00,000566.XSHE,5.4,5.53,5.4,5.46,201372.18,11020.36
2025-10-15 00:00:00+08:00,000566.XSHE,5.48,5.59,5.4,5.54,226020.32,12484.86
2025-10-16 00:00:00+08:00,000566.XSHE,5.58,5.9,5.53,5.88,704965.56,40933.33
2025-10-17 00:00:00+08:00,000566.XSHE,5.83,6.1,5.73,5.89,689840.98,40607.57
2025-10-20 00:00:00+08:00,000566.XSHE,5.83,5.98,5.79,5.83,410989.18,24141.1
2025-10-21 00:00:00+08:00,000566.XSHE,5.78,5.94,5.69,5.91,380520.11,22309.21
2025-10-22 00:00:00+08:00,000566.XSHE,5.89,6.02,5.85,5.88,343116.9,20369.26
2025-10-23 00:00:00+08:00,000566.XSHE,5.84,5.92,5.73,5.83,245693.0,14262.18
2025-10-24 00:00:00+08:00,000566.XSHE,5.8,5.85,5.71,5.72,204593.18,11768.17
2025-10-27 00:00:00+08:00,000566.XSHE,5.72,5.78,5.67,5.69,166176.02,9465.35
2025-10-28 00:00:00+08:00,000566.XSHE,5.69,5.82,5.67,5.77,220580.21,12731.54
2025-10-29 00:00:00+08:00,000566.XSHE,5.77,6.04,5.76,5.94,446701.42,26569.62
2025-10-30 00:00:00+08:00,000566.XSHE,5.92,5.98,5.83,5.89,294814.42,17386.13
2025-10-31 00:00:00+08:00,000566.XSHE,5.88,6.13,5.87,6.12,580392.39,35113.71
2025-11-03 00:00:00+08:00,000566.XSHE,6.12,6.3,6.04,6.27,772603.63,47890.98
2025-11-04 00:00:00+08:00,000566.XSHE,6.26,6.32,6.17,6.21,496272.07,30898.43
2025-11-05 00:00:00+08:00,000566.XSHE,6.11,6.41,6.06,6.29,881977.0,55709.37
2025-11-06 00:00:00+08:00,000566.XSHE,6.25,6.36,6.06,6.11,645112.0,39706.15
2025-11-07 00:00:00+08:00,000566.XSHE,6.3,6.38,6.06,6.19,644383.98,39910.77
2025-11-10 00:00:00+08:00,000566.XSHE,6.18,6.55,6.13,6.35,881585.46,56126.45
2025-11-11 00:00:00+08:00,000566.XSHE,6.23,6.25,6.14,6.19,479439.64,29666.15
2025-11-12 00:00:00+08:00,000566.XSHE,6.18,6.3,6.09,6.13,404620.31,24955.66
2025-11-13 00:00:00+08:00,000566.XSHE,6.13,6.19,6.05,6.15,312733.0,19177.52
2025-11-14 00:00:00+08:00,000566.XSHE,6.15,6.77,6.15,6.77,972516.66,65108.99
2025-11-17 00:00:00+08:00,000566.XSHE,7.02,7.45,6.94,7.45,2568376.57,187098.26
2025-11-18 00:00:00+08:00,000566.XSHE,7.52,8.2,7.52,8.0,3377631.84,269787.56
2025-11-19 00:00:00+08:00,000566.XSHE,7.61,7.76,7.2,7.2,2192542.38,162521.28
2025-11-20 00:00:00+08:00,000566.XSHE,6.96,7.92,6.9,7.92,2187455.13,163443.57
2025-11-21 00:00:00+08:00,000566.XSHE,8.4,8.71,8.36,8.38,3995998.8,344546.56
2025-11-24 00:00:00+08:00,000566.XSHE,8.05,9.2,7.62,7.64,3515459.46,291070.71
2025-11-25 00:00:00+08:00,000566.XSHE,7.73,8.4,7.56,8.4,2130413.81,168018.51
2025-11-26 00:00:00+08:00,000566.XSHE,8.69,9.24,8.66,8.7,3547780.66,318976.2
2025-11-27 00:00:00+08:00,000566.XSHE,8.69,8.8,7.9,8.11,2734350.18,223907.93
2025-11-28 00:00:00+08:00,000566.XSHE,8.22,8.61,7.99,8.3,2490610.15,206334.62
2025-12-01 00:00:00+08:00,000566.XSHE,8.11,8.46,7.87,7.96,2132427.73,172163.1
2025-12-02 00:00:00+08:00,000566.XSHE,7.78,8.26,7.49,8.05,2103256.71,167032.96
2025-12-03 00:00:00+08:00,000566.XSHE,7.91,8.58,7.9,8.13,2187404.33,180818.77
2025-12-04 00:00:00+08:00,000566.XSHE,7.83,8.65,7.52,8.09,2464792.99,197661.86
2025-12-05 00:00:00+08:00,000566.XSHE,8.06,8.28,7.61,8.14,2094030.08,167785.64
2025-12-08 00:00:00+08:00,000566.XSHE,8.38,8.68,8.23,8.47,2212276.92,187548.26
2025-12-09 00:00:00+08:00,000566.XSHE,8.48,8.5,7.82,7.82,2015857.9,161234.83
2025-12-10 00:00:00+08:00,000566.XSHE,7.64,8.41,7.6,8.28,2311376.68,186066.6
2025-12-11 00:00:00+08:00,000566.XSHE,8.49,8.6,7.97,7.99,1785371.23,146781.82
2025-12-12 00:00:00+08:00,000566.XSHE,7.71,7.88,7.58,7.62,1297400.28,99728.59
2025-12-15 00:00:00+08:00,000566.XSHE,7.55,7.73,7.2,7.43,982869.41,73137.51
2025-12-16 00:00:00+08:00,000566.XSHE,7.33,7.55,7.0,7.11,979782.17,70230.01
2025-12-17 00:00:00+08:00,000566.XSHE,7.08,7.08,6.58,6.73,895448.76,60332.69
2025-12-18 00:00:00+08:00,000566.XSHE,6.75,6.93,6.52,6.58,825780.55,55386.27
2025-12-19 00:00:00+08:00,000566.XSHE,6.58,7.24,6.5,7.24,1325933.4,91399.12
2025-12-22 00:00:00+08:00,000566.XSHE,7.29,7.96,7.25,7.96,1711584.16,132917.14
2025-12-23 00:00:00+08:00,000566.XSHE,8.51,8.76,8.4,8.76,3430748.78,296602.79
2025-12-24 00:00:00+08:00,000566.XSHE,8.62,8.7,8.0,8.28,2876445.04,238342.12
2025-12-25 00:00:00+08:00,000566.XSHE,8.55,8.6,8.01,8.1,1889301.15,155704.86
2025-01-02 00:00:00+08:00,000567.XSHE,6.8,6.85,6.5,6.59,150880.96,10096.2
2025-01-03 00:00:00+08:00,000567.XSHE,6.6,6.65,6.27,6.29,171055.17,10983.73
2025-01-06 00:00:00+08:00,000567.XSHE,6.26,6.36,6.18,6.32,126119.99,7932.41
2025-01-07 00:00:00+08:00,000567.XSHE,6.31,6.35,6.23,6.35,103081.92,6486.45
2025-01-08 00:00:00+08:00,000567.XSHE,6.33,6.35,6.03,6.24,146455.95,9031.24
2025-01-09 00:00:00+08:00,000567.XSHE,6.24,6.29,6.14,6.21,101801.81,6343.2
2025-01-10 00:00:00+08:00,000567.XSHE,6.33,6.36,6.03,6.03,127341.61,7861.43
2025-01-13 00:00:00+08:00,000567.XSHE,5.89,6.09,5.85,6.01,123336.28,7374.6
2025-01-14 00:00:00+08:00,000567.XSHE,6.02,6.26,6.0,6.24,151564.21,9331.86
2025-01-15 00:00:00+08:00,000567.XSHE,6.24,6.27,6.15,6.23,119389.03,7412.06
2025-01-16 00:00:00+08:00,000567.XSHE,6.24,6.47,6.23,6.34,147340.25,9380.0
2025-01-17 00:00:00+08:00,000567.XSHE,6.31,6.44,6.25,6.37,110061.29,6993.58
2025-01-20 00:00:00+08:00,000567.XSHE,6.42,6.49,6.32,6.42,112713.99,7245.18
2025-01-21 00:00:00+08:00,000567.XSHE,6.46,6.46,6.27,6.32,108293.86,6859.82
2025-01-22 00:00:00+08:00,000567.XSHE,6.28,6.33,6.12,6.16,122504.07,7565.49
2025-01-23 00:00:00+08:00,000567.XSHE,6.25,6.47,6.15,6.15,156845.66,9880.58
2025-01-24 00:00:00+08:00,000567.XSHE,6.16,6.25,6.11,6.16,107338.18,6625.37
2025-01-27 00:00:00+08:00,000567.XSHE,6.22,6.29,5.98,5.99,172444.95,10551.83
2025-02-05 00:00:00+08:00,000567.XSHE,6.05,6.1,5.96,6.0,142683.39,8592.74
2025-02-06 00:00:00+08:00,000567.XSHE,5.98,6.1,5.91,6.05,168489.22,10145.44
2025-02-07 00:00:00+08:00,000567.XSHE,6.07,6.66,6.06,6.48,580102.84,37369.93
2025-02-10 00:00:00+08:00,000567.XSHE,6.5,6.62,6.4,6.58,438250.16,28728.74
2025-02-11 00:00:00+08:00,000567.XSHE,6.54,6.61,6.35,6.44,251560.23,16141.76
2025-02-12 00:00:00+08:00,000567.XSHE,6.43,6.64,6.39,6.62,259298.72,17008.1
2025-02-13 00:00:00+08:00,000567.XSHE,6.64,6.74,6.48,6.57,278337.69,18333.72
2025-02-14 00:00:00+08:00,000567.XSHE,6.55,6.6,6.45,6.51,167738.07,10894.88
2025-02-17 00:00:00+08:00,000567.XSHE,6.78,6.83,6.54,6.58,326598.53,21761.97
2025-02-18 00:00:00+08:00,000567.XSHE,6.55,6.58,6.27,6.3,227274.81,14583.54
2025-02-19 00:00:00+08:00,000567.XSHE,6.32,6.41,6.26,6.35,172254.97,10885.1
2025-02-20 00:00:00+08:00,000567.XSHE,6.32,6.36,6.21,6.28,151931.48,9539.29
2025-02-21 00:00:00+08:00,000567.XSHE,6.3,6.38,6.17,6.35,206371.4,12969.2
2025-02-24 00:00:00+08:00,000567.XSHE,6.35,6.51,6.26,6.41,208940.6,13319.02
2025-02-25 00:00:00+08:00,000567.XSHE,6.36,6.44,6.28,6.3,167873.25,10619.4
2025-02-26 00:00:00+08:00,000567.XSHE,6.3,6.38,6.26,6.38,173959.99,11002.03
2025-02-27 00:00:00+08:00,000567.XSHE,6.4,6.78,6.34,6.59,437000.79,28818.77
2025-02-28 00:00:00+08:00,000567.XSHE,6.55,6.7,6.38,6.41,304373.49,19828.57
2025-03-03 00:00:00+08:00,000567.XSHE,6.4,6.52,6.3,6.35,197585.87,12667.28
2025-03-04 00:00:00+08:00,000567.XSHE,6.31,6.36,6.23,6.31,197230.13,12389.64
2025-03-05 00:00:00+08:00,000567.XSHE,6.31,6.34,6.13,6.25,208908.03,12968.82
2025-03-06 00:00:00+08:00,000567.XSHE,6.28,6.44,6.25,6.44,238626.06,15201.87
2025-03-07 00:00:00+08:00,000567.XSHE,6.39,6.42,6.16,6.21,288757.52,18050.45
2025-03-10 00:00:00+08:00,000567.XSHE,6.21,6.26,6.13,6.24,146553.05,9064.4
2025-03-11 00:00:00+08:00,000567.XSHE,6.17,6.18,6.11,6.17,122950.16,7555.25
2025-03-12 00:00:00+08:00,000567.XSHE,6.19,6.25,6.14,6.17,130938.02,8083.85
2025-03-13 00:00:00+08:00,000567.XSHE,6.15,6.2,6.06,6.1,127794.42,7798.73
2025-03-14 00:00:00+08:00,000567.XSHE,6.08,6.32,6.08,6.23,283935.93,17680.4
2025-03-17 00:00:00+08:00,000567.XSHE,6.27,6.3,6.2,6.22,147824.42,9217.58
2025-03-18 00:00:00+08:00,000567.XSHE,6.26,6.27,6.15,6.18,120304.55,7441.42
2025-03-19 00:00:00+08:00,000567.XSHE,6.2,6.22,6.13,6.17,87452.39,5398.59
2025-03-20 00:00:00+08:00,000567.XSHE,6.16,6.18,6.1,6.12,120082.88,7369.69
2025-03-21 00:00:00+08:00,000567.XSHE,6.11,6.14,6.05,6.07,163199.59,9938.98
2025-03-24 00:00:00+08:00,000567.XSHE,6.11,6.11,5.87,5.96,173890.62,10390.91
2025-03-25 00:00:00+08:00,000567.XSHE,5.98,6.04,5.92,6.0,86768.02,5182.23
2025-03-26 00:00:00+08:00,000567.XSHE,6.04,6.04,5.97,5.99,65354.3,3922.56
2025-03-27 00:00:00+08:00,000567.XSHE,5.98,6.04,5.93,6.01,89758.88,5376.57
2025-03-28 00:00:00+08:00,000567.XSHE,6.03,6.05,5.98,6.0,120240.11,7228.57
2025-03-31 00:00:00+08:00,000567.XSHE,5.98,6.02,5.77,5.79,135911.26,7934.82
2025-04-01 00:00:00+08:00,000567.XSHE,5.82,5.88,5.76,5.84,82995.93,4833.73
2025-04-02 00:00:00+08:00,000567.XSHE,5.83,5.89,5.82,5.87,61916.23,3628.67
2025-04-03 00:00:00+08:00,000567.XSHE,5.82,5.91,5.79,5.86,78476.32,4598.84
2025-04-07 00:00:00+08:00,000567.XSHE,5.54,5.6,5.27,5.27,154112.05,8210.11
2025-04-08 00:00:00+08:00,000567.XSHE,5.24,5.3,5.09,5.22,205227.19,10661.17
2025-04-09 00:00:00+08:00,000567.XSHE,5.15,5.44,4.96,5.4,191590.65,10007.19
2025-04-10 00:00:00+08:00,000567.XSHE,5.41,5.57,5.37,5.49,163069.92,8976.25
2025-04-11 00:00:00+08:00,000567.XSHE,5.41,5.53,5.4,5.48,100802.03,5520.77
2025-04-14 00:00:00+08:00,000567.XSHE,5.54,6.03,5.51,6.03,275694.52,16190.26
2025-04-15 00:00:00+08:00,000567.XSHE,6.03,6.07,5.85,5.91,444783.31,26425.01
2025-04-16 00:00:00+08:00,000567.XSHE,5.85,5.9,5.6,5.77,229358.0,13236.87
2025-04-17 00:00:00+08:00,000567.XSHE,5.76,5.85,5.71,5.74,146167.21,8451.13
2025-04-18 00:00:00+08:00,000567.XSHE,5.8,5.84,5.7,5.8,140355.28,8132.98
2025-04-21 00:00:00+08:00,000567.XSHE,5.76,5.88,5.71,5.8,166967.61,9698.55
2025-04-22 00:00:00+08:00,000567.XSHE,5.8,5.98,5.8,5.91,212251.04,12542.2
2025-04-23 00:00:00+08:00,000567.XSHE,5.9,5.95,5.8,5.84,157961.54,9261.55
2025-04-24 00:00:00+08:00,000567.XSHE,5.81,5.83,5.71,5.72,108504.97,6251.47
2025-04-25 00:00:00+08:00,000567.XSHE,5.72,5.77,5.69,5.73,94169.83,5393.55
2025-04-28 00:00:00+08:00,000567.XSHE,5.75,5.75,5.6,5.6,79751.31,4493.1
2025-04-29 00:00:00+08:00,000567.XSHE,5.5,5.61,5.41,5.44,136378.26,7500.73
2025-04-30 00:00:00+08:00,000567.XSHE,5.43,5.52,5.41,5.43,83765.98,4580.63
2025-05-06 00:00:00+08:00,000567.XSHE,5.48,5.83,5.48,5.72,227191.99,12889.89
2025-05-07 00:00:00+08:00,000567.XSHE,5.83,5.89,5.63,5.65,160065.5,9168.16
2025-05-08 00:00:00+08:00,000567.XSHE,5.61,5.75,5.61,5.71,116447.57,6617.3
2025-05-09 00:00:00+08:00,000567.XSHE,5.68,5.71,5.57,5.59,87366.28,4903.49
2025-05-12 00:00:00+08:00,000567.XSHE,5.62,5.68,5.6,5.68,90975.53,5143.19
2025-05-13 00:00:00+08:00,000567.XSHE,5.73,5.73,5.63,5.67,81977.2,4656.14
2025-05-14 00:00:00+08:00,000567.XSHE,5.67,5.88,5.61,5.8,166061.16,9548.98
2025-05-15 00:00:00+08:00,000567.XSHE,5.76,5.77,5.67,5.68,91551.91,5221.94
2025-05-16 00:00:00+08:00,000567.XSHE,5.66,5.69,5.6,5.61,76287.52,4291.58
2025-05-19 00:00:00+08:00,000567.XSHE,5.64,5.7,5.61,5.68,78921.41,4465.75
2025-05-20 00:00:00+08:00,000567.XSHE,5.71,5.74,5.65,5.7,70867.91,4034.96
2025-05-21 00:00:00+08:00,000567.XSHE,5.71,5.72,5.63,5.67,58851.37,3339.66
2025-05-22 00:00:00+08:00,000567.XSHE,5.66,5.68,5.58,5.59,83684.83,4695.19
2025-05-23 00:00:00+08:00,000567.XSHE,5.58,5.61,5.45,5.46,85851.97,4741.45
2025-05-26 00:00:00+08:00,000567.XSHE,5.46,5.48,5.43,5.46,51307.63,2799.37
2025-05-27 00:00:00+08:00,000567.XSHE,5.46,5.5,5.37,5.43,61062.63,3302.59
2025-05-28 00:00:00+08:00,000567.XSHE,5.45,5.46,5.36,5.37,58186.88,3136.4
2025-05-29 00:00:00+08:00,000567.XSHE,5.41,5.52,5.37,5.52,85138.58,4656.62
2025-05-30 00:00:00+08:00,000567.XSHE,5.53,5.53,5.45,5.47,55261.38,3030.1
2025-06-03 00:00:00+08:00,000567.XSHE,5.44,5.56,5.43,5.54,97454.0,5392.32
2025-06-04 00:00:00+08:00,000567.XSHE,5.55,5.68,5.52,5.68,128501.44,7228.55
2025-06-05 00:00:00+08:00,000567.XSHE,5.69,5.73,5.61,5.66,89834.2,5089.22
2025-06-06 00:00:00+08:00,000567.XSHE,5.66,5.83,5.64,5.71,189185.25,10836.58
2025-06-09 00:00:00+08:00,000567.XSHE,5.73,5.81,5.68,5.78,144150.7,8317.46
2025-06-10 00:00:00+08:00,000567.XSHE,5.78,5.93,5.68,5.76,167819.33,9690.36
2025-06-11 00:00:00+08:00,000567.XSHE,5.75,5.87,5.71,5.81,131508.05,7655.35
2025-06-12 00:00:00+08:00,000567.XSHE,5.81,5.91,5.76,5.85,124530.16,7289.43
2025-06-13 00:00:00+08:00,000567.XSHE,5.83,5.84,5.71,5.72,119514.08,6882.05
2025-06-16 00:00:00+08:00,000567.XSHE,5.71,5.79,5.61,5.78,139053.51,7980.54
2025-06-17 00:00:00+08:00,000567.XSHE,5.77,5.84,5.73,5.82,98038.16,5690.75
2025-06-18 00:00:00+08:00,000567.XSHE,5.82,5.85,5.72,5.78,94355.17,5450.83
2025-06-19 00:00:00+08:00,000567.XSHE,5.8,5.81,5.58,5.59,112027.88,6335.36
2025-06-20 00:00:00+08:00,000567.XSHE,5.59,5.69,5.55,5.58,111985.45,6284.61
2025-06-23 00:00:00+08:00,000567.XSHE,5.56,5.64,5.53,5.62,61048.58,3419.06
2025-06-24 00:00:00+08:00,000567.XSHE,5.6,5.8,5.6,5.74,109089.15,6243.18
2025-06-25 00:00:00+08:00,000567.XSHE,5.78,6.01,5.76,5.99,360502.35,21352.19
2025-06-26 00:00:00+08:00,000567.XSHE,6.0,6.05,5.92,5.96,249645.83,14928.64
2025-06-27 00:00:00+08:00,000567.XSHE,5.92,6.09,5.92,5.95,209889.27,12594.0
2025-06-30 00:00:00+08:00,000567.XSHE,5.96,5.96,5.86,5.92,163922.61,9692.96
2025-07-01 00:00:00+08:00,000567.XSHE,5.93,5.97,5.79,5.85,147650.89,8634.14
2025-07-02 00:00:00+08:00,000567.XSHE,5.88,5.88,5.78,5.86,144363.82,8418.71
2025-07-03 00:00:00+08:00,000567.XSHE,5.87,6.01,5.85,5.89,162702.06,9629.32
2025-07-04 00:00:00+08:00,000567.XSHE,5.86,6.14,5.84,5.99,295946.47,17772.5
2025-07-07 00:00:00+08:00,000567.XSHE,5.99,6.11,5.96,6.01,243944.28,14682.62
2025-07-08 00:00:00+08:00,000567.XSHE,6.0,6.28,5.96,6.26,434718.16,26776.87
2025-07-09 00:00:00+08:00,000567.XSHE,6.23,6.41,6.21,6.3,508164.14,32043.89
2025-07-10 00:00:00+08:00,000567.XSHE,6.28,6.46,6.26,6.34,410508.19,26182.91
2025-07-11 00:00:00+08:00,000567.XSHE,6.3,6.54,6.24,6.45,440651.41,28229.28
2025-07-14 00:00:00+08:00,000567.XSHE,6.42,6.55,6.2,6.24,333470.15,20955.08
2025-07-15 00:00:00+08:00,000567.XSHE,6.2,6.23,6.0,6.05,286690.28,17436.59
2025-07-16 00:00:00+08:00,000567.XSHE,6.02,6.66,6.01,6.4,908617.11,58481.4
2025-07-17 00:00:00+08:00,000567.XSHE,6.24,6.55,6.24,6.48,687307.09,44127.84
2025-07-18 00:00:00+08:00,000567.XSHE,6.43,6.57,6.42,6.47,508897.32,32939.8
2025-07-21 00:00:00+08:00,000567.XSHE,6.47,6.85,6.43,6.61,773708.77,51644.77
2025-07-22 00:00:00+08:00,000567.XSHE,7.16,7.27,6.7,7.01,1121679.96,77957.91
2025-07-23 00:00:00+08:00,000567.XSHE,6.81,7.04,6.52,6.65,856307.78,57951.24
2025-07-24 00:00:00+08:00,000567.XSHE,6.68,7.32,6.65,7.32,780332.96,55458.24
2025-07-25 00:00:00+08:00,000567.XSHE,7.6,7.8,7.0,7.02,1247840.53,90137.28
2025-07-28 00:00:00+08:00,000567.XSHE,6.94,6.99,6.81,6.84,574306.63,39487.52
2025-07-29 00:00:00+08:00,000567.XSHE,6.84,6.95,6.77,6.84,390188.4,26681.27
2025-07-30 00:00:00+08:00,000567.XSHE,6.78,6.92,6.68,6.73,381957.58,25921.8
2025-07-31 00:00:00+08:00,000567.XSHE,6.72,6.72,6.51,6.53,336243.15,22172.69
2025-08-01 00:00:00+08:00,000567.XSHE,6.54,6.58,6.5,6.54,179596.18,11740.6
2025-08-04 00:00:00+08:00,000567.XSHE,6.51,6.53,6.43,6.5,183476.38,11863.02
2025-08-05 00:00:00+08:00,000567.XSHE,6.54,6.58,6.48,6.52,167029.89,10882.89
2025-08-06 00:00:00+08:00,000567.XSHE,6.53,6.55,6.49,6.53,168981.02,11011.31
2025-08-07 00:00:00+08:00,000567.XSHE,6.55,6.56,6.44,6.48,175210.85,11355.89
2025-08-08 00:00:00+08:00,000567.XSHE,6.46,6.53,6.43,6.52,147954.01,9603.25
2025-08-11 00:00:00+08:00,000567.XSHE,6.52,6.55,6.48,6.55,160626.64,10484.29
2025-08-12 00:00:00+08:00,000567.XSHE,6.56,6.74,6.55,6.72,351090.29,23454.86
2025-08-13 00:00:00+08:00,000567.XSHE,6.71,6.77,6.66,6.7,287873.81,19324.19
2025-08-14 00:00:00+08:00,000567.XSHE,6.66,6.71,6.55,6.57,244500.75,16210.44
2025-08-15 00:00:00+08:00,000567.XSHE,6.53,6.68,6.5,6.65,204010.54,13489.84
2025-08-18 00:00:00+08:00,000567.XSHE,6.67,6.93,6.64,6.85,428315.46,29268.48
2025-08-19 00:00:00+08:00,000567.XSHE,6.85,6.95,6.78,6.89,377558.65,25907.53
2025-08-20 00:00:00+08:00,000567.XSHE,6.85,6.87,6.75,6.87,257524.22,17533.36
2025-08-21 00:00:00+08:00,000567.XSHE,6.88,6.95,6.75,6.79,292222.23,20032.58
2025-08-22 00:00:00+08:00,000567.XSHE,6.84,6.84,6.74,6.81,248602.42,16875.8
2025-08-25 00:00:00+08:00,000567.XSHE,6.81,6.91,6.77,6.83,304268.16,20815.23
2025-08-26 00:00:00+08:00,000567.XSHE,6.77,6.91,6.69,6.82,324806.82,22068.63
2025-08-27 00:00:00+08:00,000567.XSHE,6.79,6.81,6.55,6.55,276552.0,18530.0
2025-08-28 00:00:00+08:00,000567.XSHE,6.55,6.62,6.4,6.57,252725.25,16475.8
2025-08-29 00:00:00+08:00,000567.XSHE,6.55,6.62,6.46,6.46,171843.22,11208.45
2025-09-01 00:00:00+08:00,000567.XSHE,6.45,6.51,6.43,6.46,143327.16,9269.17
2025-09-02 00:00:00+08:00,000567.XSHE,6.45,6.46,6.25,6.29,191145.34,12070.63
2025-09-03 00:00:00+08:00,000567.XSHE,6.3,6.33,6.12,6.15,129145.81,8010.67
2025-09-04 00:00:00+08:00,000567.XSHE,6.19,6.34,6.16,6.25,185414.63,11619.25
2025-09-05 00:00:00+08:00,000567.XSHE,6.26,6.42,6.16,6.4,154091.17,9725.25
2025-09-08 00:00:00+08:00,000567.XSHE,6.4,6.48,6.34,6.37,148667.67,9504.01
2025-09-09 00:00:00+08:00,000567.XSHE,6.35,6.35,6.27,6.31,92871.97,5863.93
2025-09-10 00:00:00+08:00,000567.XSHE,6.32,6.38,6.29,6.32,77917.49,4931.72
2025-09-11 00:00:00+08:00,000567.XSHE,6.32,6.48,6.28,6.47,154607.13,9884.9
2025-09-12 00:00:00+08:00,000567.XSHE,6.46,6.66,6.42,6.57,237988.97,15592.15
2025-09-15 00:00:00+08:00,000567.XSHE,6.55,6.67,6.51,6.57,157151.41,10353.77
2025-09-16 00:00:00+08:00,000567.XSHE,6.58,6.74,6.54,6.72,229013.99,15249.58
2025-09-17 00:00:00+08:00,000567.XSHE,6.7,6.75,6.61,6.71,190831.72,12756.19
2025-09-18 00:00:00+08:00,000567.XSHE,6.7,6.76,6.52,6.59,260177.57,17353.12
2025-09-19 00:00:00+08:00,000567.XSHE,6.54,6.59,6.42,6.48,144784.41,9381.54
2025-09-22 00:00:00+08:00,000567.XSHE,6.48,6.53,6.4,6.51,113940.83,7358.74
2025-09-23 00:00:00+08:00,000567.XSHE,6.47,6.5,6.2,6.29,182965.69,11495.38
2025-09-24 00:00:00+08:00,000567.XSHE,6.28,6.38,6.23,6.38,94822.94,6001.04
2025-09-25 00:00:00+08:00,000567.XSHE,6.39,6.47,6.33,6.33,97527.53,6220.62
2025-09-26 00:00:00+08:00,000567.XSHE,6.34,6.54,6.31,6.44,178480.0,11534.0
2025-09-29 00:00:00+08:00,000567.XSHE,6.46,6.6,6.39,6.57,183743.62,12004.12
2025-09-30 00:00:00+08:00,000567.XSHE,6.6,6.7,6.54,6.65,181092.35,12023.02
2025-10-09 00:00:00+08:00,000567.XSHE,6.64,6.65,6.47,6.56,169674.33,11086.26
2025-10-10 00:00:00+08:00,000567.XSHE,6.53,6.85,6.52,6.75,357631.69,24102.73
2025-10-13 00:00:00+08:00,000567.XSHE,6.55,6.7,6.54,6.67,225637.72,14926.88
2025-10-14 00:00:00+08:00,000567.XSHE,6.67,6.89,6.67,6.78,355117.48,24185.72
2025-10-15 00:00:00+08:00,000567.XSHE,6.73,6.84,6.71,6.78,187954.28,12705.05
2025-10-16 00:00:00+08:00,000567.XSHE,6.79,7.2,6.76,7.11,638626.02,44878.8
2025-10-17 00:00:00+08:00,000567.XSHE,7.06,7.23,6.98,7.13,591486.04,42061.33
2025-10-20 00:00:00+08:00,000567.XSHE,7.16,7.47,7.07,7.11,612072.78,44294.76
2025-10-21 00:00:00+08:00,000567.XSHE,7.11,7.33,6.93,7.27,497734.24,35855.73
2025-10-22 00:00:00+08:00,000567.XSHE,7.21,7.24,6.93,6.93,395165.02,27680.21
2025-10-23 00:00:00+08:00,000567.XSHE,6.93,7.0,6.8,6.92,241014.69,16595.75
2025-10-24 00:00:00+08:00,000567.XSHE,6.93,7.08,6.79,6.81,290518.67,19987.79
2025-10-27 00:00:00+08:00,000567.XSHE,6.85,6.89,6.74,6.78,231006.89,15715.57
2025-10-28 00:00:00+08:00,000567.XSHE,6.8,6.99,6.76,6.94,278858.01,19280.0
2025-10-29 00:00:00+08:00,000567.XSHE,6.95,7.63,6.86,7.63,385152.67,28830.11
2025-10-30 00:00:00+08:00,000567.XSHE,7.63,7.67,7.29,7.32,805010.32,59805.32
2025-10-31 00:00:00+08:00,000567.XSHE,7.46,7.62,7.32,7.5,696268.05,52284.14
2025-11-03 00:00:00+08:00,000567.XSHE,7.49,7.9,7.46,7.86,946122.11,73037.42
2025-11-04 00:00:00+08:00,000567.XSHE,7.81,8.05,7.71,7.95,762409.7,59959.75
2025-11-05 00:00:00+08:00,000567.XSHE,7.75,8.24,7.71,8.03,876624.18,70699.59
2025-11-06 00:00:00+08:00,000567.XSHE,8.04,8.39,7.66,7.73,809355.94,64183.32
2025-11-07 00:00:00+08:00,000567.XSHE,8.1,8.25,7.51,7.87,667671.52,52580.81
2025-11-10 00:00:00+08:00,000567.XSHE,7.76,8.12,7.71,7.83,555517.65,43830.21
2025-11-11 00:00:00+08:00,000567.XSHE,7.75,7.86,7.65,7.7,376154.55,29112.43
2025-11-12 00:00:00+08:00,000567.XSHE,7.67,7.77,7.53,7.55,274566.31,20851.62
2025-11-13 00:00:00+08:00,000567.XSHE,7.52,7.65,7.48,7.55,243671.87,18464.6
2025-11-14 00:00:00+08:00,000567.XSHE,7.52,8.0,7.52,7.84,568421.64,44628.47
2025-11-17 00:00:00+08:00,000567.XSHE,7.85,8.09,7.7,8.0,479317.69,37900.69
2025-11-18 00:00:00+08:00,000567.XSHE,7.93,8.1,7.7,7.9,408740.23,32194.26
2025-11-19 00:00:00+08:00,000567.XSHE,7.89,7.92,7.34,7.44,408223.65,30810.41
2025-11-20 00:00:00+08:00,000567.XSHE,7.42,7.86,7.38,7.7,387733.31,29522.75
2025-11-21 00:00:00+08:00,000567.XSHE,7.53,7.79,7.41,7.5,434714.12,32956.76
2025-11-24 00:00:00+08:00,000567.XSHE,7.45,7.86,7.08,7.22,473010.27,34732.43
2025-11-25 00:00:00+08:00,000567.XSHE,7.26,7.59,7.16,7.52,392804.01,28896.77
2025-11-26 00:00:00+08:00,000567.XSHE,7.48,7.98,7.43,7.69,552442.2,42953.51
2025-11-27 00:00:00+08:00,000567.XSHE,7.69,7.74,7.31,7.49,328197.46,24609.33
2025-11-28 00:00:00+08:00,000567.XSHE,7.47,7.79,7.3,7.72,357003.35,27180.89
2025-12-01 00:00:00+08:00,000567.XSHE,6.95,7.08,6.95,6.95,299800.46,20846.7
2025-12-02 00:00:00+08:00,000567.XSHE,6.68,6.76,6.45,6.62,847483.89,55741.87
2025-12-03 00:00:00+08:00,000567.XSHE,6.63,7.12,6.6,6.81,701650.45,48365.12
2025-12-04 00:00:00+08:00,000567.XSHE,6.75,6.78,6.47,6.48,438321.56,28671.39
2025-12-05 00:00:00+08:00,000567.XSHE,6.45,6.63,6.23,6.57,360408.58,23250.04
2025-12-08 00:00:00+08:00,000567.XSHE,6.57,6.77,6.57,6.67,371207.88,24728.29
2025-12-09 00:00:00+08:00,000567.XSHE,6.6,6.63,6.28,6.31,433584.48,27697.86
2025-12-10 00:00:00+08:00,000567.XSHE,6.32,6.94,6.22,6.94,715203.63,47842.18
2025-12-11 00:00:00+08:00,000567.XSHE,7.06,7.22,6.8,6.82,765764.76,53196.02
2025-12-12 00:00:00+08:00,000567.XSHE,6.83,6.88,6.65,6.7,386581.04,25944.09
2025-12-15 00:00:00+08:00,000567.XSHE,6.75,6.76,6.46,6.56,278636.71,18340.42
2025-12-16 00:00:00+08:00,000567.XSHE,6.55,6.69,6.32,6.37,328201.03,21126.31
2025-12-17 00:00:00+08:00,000567.XSHE,6.37,6.38,5.94,6.12,433402.21,26296.02
2025-12-18 00:00:00+08:00,000567.XSHE,6.1,6.12,5.94,5.95,320633.94,19295.95
2025-12-19 00:00:00+08:00,000567.XSHE,5.96,6.39,5.95,6.23,469208.47,28857.63
2025-12-22 00:00:00+08:00,000567.XSHE,6.38,6.85,6.35,6.85,540603.37,36255.23
2025-12-23 00:00:00+08:00,000567.XSHE,7.11,7.31,6.79,6.89,1067442.08,75052.74
2025-12-24 00:00:00+08:00,000567.XSHE,6.76,6.9,6.68,6.81,613165.41,41694.78
2025-12-25 00:00:00+08:00,000567.XSHE,6.81,6.83,6.57,6.59,394588.0,26198.51
2025-01-02 00:00:00+08:00,000571.XSHE,3.49,3.53,3.31,3.35,167305.05,5711.56
2025-01-03 00:00:00+08:00,000571.XSHE,3.38,3.59,3.3,3.44,365898.89,12651.86
2025-01-06 00:00:00+08:00,000571.XSHE,3.31,3.42,3.18,3.3,270348.68,8875.98
2025-01-07 00:00:00+08:00,000571.XSHE,3.25,3.36,3.21,3.31,157191.23,5152.41
2025-01-08 00:00:00+08:00,000571.XSHE,3.3,3.5,3.25,3.44,218760.62,7370.32
2025-01-09 00:00:00+08:00,000571.XSHE,3.44,3.53,3.37,3.52,194478.77,6761.9
2025-01-10 00:00:00+08:00,000571.XSHE,3.5,3.52,3.33,3.33,137758.9,4692.62
2025-01-13 00:00:00+08:00,000571.XSHE,3.28,3.45,3.28,3.45,87800.21,2947.67
2025-01-14 00:00:00+08:00,000571.XSHE,3.47,3.54,3.42,3.53,131034.07,4561.61
2025-01-15 00:00:00+08:00,000571.XSHE,3.53,3.53,3.39,3.43,129107.54,4443.62
2025-01-16 00:00:00+08:00,000571.XSHE,3.45,3.5,3.4,3.44,84832.47,2926.01
2025-01-17 00:00:00+08:00,000571.XSHE,3.43,3.52,3.4,3.45,85278.61,2945.7
2025-01-20 00:00:00+08:00,000571.XSHE,3.42,3.5,3.35,3.49,123549.41,4260.96
2025-01-21 00:00:00+08:00,000571.XSHE,3.5,3.55,3.43,3.49,87491.3,3047.87
2025-01-22 00:00:00+08:00,000571.XSHE,3.49,3.5,3.43,3.48,102108.0,3528.62
2025-01-23 00:00:00+08:00,000571.XSHE,3.48,3.57,3.44,3.46,130191.7,4538.78
2025-01-24 00:00:00+08:00,000571.XSHE,3.45,3.45,3.38,3.39,93702.0,3193.2
2025-01-27 00:00:00+08:00,000571.XSHE,3.39,3.58,3.38,3.48,242204.46,8520.69
2025-02-05 00:00:00+08:00,000571.XSHE,3.52,3.61,3.44,3.51,127294.31,4454.36
2025-02-06 00:00:00+08:00,000571.XSHE,3.5,3.56,3.46,3.55,138154.67,4864.17
2025-02-07 00:00:00+08:00,000571.XSHE,3.56,3.56,3.47,3.51,178509.76,6282.57
2025-02-10 00:00:00+08:00,000571.XSHE,3.52,3.71,3.51,3.66,243039.56,8773.09
2025-02-11 00:00:00+08:00,000571.XSHE,3.66,3.8,3.6,3.74,189971.68,7040.9
2025-02-12 00:00:00+08:00,000571.XSHE,3.75,3.76,3.64,3.68,120711.0,4442.46
2025-02-13 00:00:00+08:00,000571.XSHE,3.68,3.77,3.66,3.7,91420.89,3390.27
2025-02-14 00:00:00+08:00,000571.XSHE,3.71,3.76,3.67,3.68,88941.0,3290.78
2025-02-17 00:00:00+08:00,000571.XSHE,3.69,3.82,3.69,3.8,180094.15,6802.43
2025-02-18 00:00:00+08:00,000571.XSHE,3.8,3.97,3.67,3.7,186961.25,7027.94
2025-02-19 00:00:00+08:00,000571.XSHE,3.7,3.76,3.65,3.73,109276.14,4038.07
2025-02-20 00:00:00+08:00,000571.XSHE,3.75,3.76,3.68,3.73,75356.16,2810.82
2025-02-21 00:00:00+08:00,000571.XSHE,3.72,3.73,3.67,3.69,92628.67,3417.21
2025-02-24 00:00:00+08:00,000571.XSHE,3.69,3.73,3.65,3.68,99265.3,3655.02
2025-02-25 00:00:00+08:00,000571.XSHE,3.65,3.74,3.6,3.7,147195.55,5411.15
2025-02-26 00:00:00+08:00,000571.XSHE,3.7,3.78,3.67,3.73,133256.92,4981.84
2025-02-27 00:00:00+08:00,000571.XSHE,3.73,3.92,3.73,3.9,274536.39,10499.37
2025-02-28 00:00:00+08:00,000571.XSHE,3.93,3.96,3.79,3.81,166503.71,6431.83
2025-03-03 00:00:00+08:00,000571.XSHE,3.82,3.95,3.79,3.83,144902.35,5588.16
2025-03-04 00:00:00+08:00,000571.XSHE,3.83,3.83,3.76,3.79,92550.21,3506.6
2025-03-05 00:00:00+08:00,000571.XSHE,3.79,3.81,3.71,3.75,118405.62,4427.57
2025-03-06 00:00:00+08:00,000571.XSHE,3.8,4.0,3.73,3.93,297666.68,11614.08
2025-03-07 00:00:00+08:00,000571.XSHE,3.93,4.02,3.9,3.95,199116.89,7906.96
2025-03-10 00:00:00+08:00,000571.XSHE,3.95,4.02,3.9,3.92,127536.32,5046.81
2025-03-11 00:00:00+08:00,000571.XSHE,3.95,4.07,3.92,3.95,217807.02,8693.91
2025-03-12 00:00:00+08:00,000571.XSHE,3.97,3.99,3.91,3.92,130757.37,5146.55
2025-03-13 00:00:00+08:00,000571.XSHE,3.95,4.01,3.89,3.97,189787.92,7493.16
2025-03-14 00:00:00+08:00,000571.XSHE,3.99,4.0,3.9,3.96,143293.0,5645.74
2025-03-17 00:00:00+08:00,000571.XSHE,3.95,3.99,3.92,3.95,85636.38,3385.02
2025-03-18 00:00:00+08:00,000571.XSHE,3.95,3.98,3.9,3.95,123020.72,4848.71
2025-03-19 00:00:00+08:00,000571.XSHE,3.93,4.35,3.93,4.27,586346.23,24766.13
2025-03-20 00:00:00+08:00,000571.XSHE,4.25,4.51,4.2,4.4,494628.57,21380.26
2025-03-21 00:00:00+08:00,000571.XSHE,4.43,4.84,4.38,4.84,434444.58,20349.89
2025-03-24 00:00:00+08:00,000571.XSHE,5.08,5.32,4.66,4.87,1117643.5,55908.33
2025-03-25 00:00:00+08:00,000571.XSHE,4.7,5.2,4.69,5.02,789925.88,39133.12
2025-03-26 00:00:00+08:00,000571.XSHE,4.9,4.9,4.52,4.64,615624.78,29095.28
2025-03-27 00:00:00+08:00,000571.XSHE,4.74,4.77,4.44,4.59,371350.32,17040.2
2025-03-28 00:00:00+08:00,000571.XSHE,4.62,4.76,4.51,4.51,301316.56,13951.6
2025-03-31 00:00:00+08:00,000571.XSHE,4.42,4.5,4.25,4.44,312615.3,13620.32
2025-04-01 00:00:00+08:00,000571.XSHE,4.52,4.53,4.39,4.41,225587.0,10044.57
2025-04-02 00:00:00+08:00,000571.XSHE,4.43,4.51,4.33,4.38,210809.31,9273.04
2025-04-03 00:00:00+08:00,000571.XSHE,4.36,4.42,4.2,4.26,173074.37,7442.28
2025-04-07 00:00:00+08:00,000571.XSHE,3.89,4.08,3.83,3.83,198987.0,7703.91
2025-04-08 00:00:00+08:00,000571.XSHE,3.8,3.85,3.52,3.61,312265.16,11481.08
2025-04-09 00:00:00+08:00,000571.XSHE,3.59,3.88,3.28,3.77,311719.1,11226.72
2025-04-10 00:00:00+08:00,000571.XSHE,3.85,4.0,3.82,3.85,237281.46,9298.71
2025-04-11 00:00:00+08:00,000571.XSHE,3.83,4.02,3.8,3.94,208391.64,8213.48
2025-04-14 00:00:00+08:00,000571.XSHE,3.98,4.25,3.98,4.15,246296.41,10237.49
2025-04-15 00:00:00+08:00,000571.XSHE,4.2,4.22,4.11,4.15,153079.67,6355.46
2025-04-16 00:00:00+08:00,000571.XSHE,4.15,4.29,4.0,4.12,193343.75,7978.39
2025-04-17 00:00:00+08:00,000571.XSHE,4.12,4.37,4.1,4.22,228515.75,9660.03
2025-04-18 00:00:00+08:00,000571.XSHE,4.23,4.27,4.06,4.13,161637.67,6677.6
2025-04-21 00:00:00+08:00,000571.XSHE,4.08,4.22,4.08,4.16,141154.22,5838.7
2025-04-22 00:00:00+08:00,000571.XSHE,4.14,4.23,4.08,4.15,147430.07,6118.43
2025-04-23 00:00:00+08:00,000571.XSHE,4.13,4.33,4.12,4.15,173840.0,7282.32
2025-04-24 00:00:00+08:00,000571.XSHE,4.13,4.16,4.04,4.05,141607.96,5767.85
2025-04-25 00:00:00+08:00,000571.XSHE,4.0,4.16,4.0,4.05,151144.51,6174.26
2025-04-28 00:00:00+08:00,000571.XSHE,4.07,4.11,3.97,4.02,97128.0,3919.66
2025-04-29 00:00:00+08:00,000571.XSHE,4.05,4.33,4.02,4.28,329956.8,13981.92
2025-04-30 00:00:00+08:00,000571.XSHE,4.24,4.33,4.22,4.31,176957.25,7579.78
2025-05-06 00:00:00+08:00,000571.XSHE,4.31,4.44,4.31,4.37,222016.97,9724.67
2025-05-07 00:00:00+08:00,000571.XSHE,4.45,4.56,4.34,4.51,195109.46,8741.98
2025-05-08 00:00:00+08:00,000571.XSHE,4.52,4.61,4.42,4.6,214329.0,9693.66
2025-05-09 00:00:00+08:00,000571.XSHE,4.53,4.56,4.4,4.45,213783.01,9513.18
2025-05-12 00:00:00+08:00,000571.XSHE,4.48,4.8,4.47,4.65,313891.9,14622.44
2025-05-13 00:00:00+08:00,000571.XSHE,4.64,4.74,4.61,4.74,218244.0,10219.93
2025-05-14 00:00:00+08:00,000571.XSHE,4.76,4.78,4.54,4.66,238273.94,11057.32
2025-05-15 00:00:00+08:00,000571.XSHE,4.66,4.78,4.58,4.78,222496.0,10401.9
2025-05-16 00:00:00+08:00,000571.XSHE,4.79,4.82,4.72,4.75,205878.88,9816.58
2025-05-19 00:00:00+08:00,000571.XSHE,4.75,4.83,4.63,4.66,181679.73,8583.75
2025-05-20 00:00:00+08:00,000571.XSHE,4.69,4.69,4.53,4.6,220706.64,10168.99
2025-05-21 00:00:00+08:00,000571.XSHE,4.58,4.66,4.48,4.61,150595.0,6906.6
2025-05-22 00:00:00+08:00,000571.XSHE,4.62,4.62,4.47,4.48,158919.0,7176.82
2025-05-23 00:00:00+08:00,000571.XSHE,4.48,4.54,4.37,4.41,165434.71,7364.01
2025-05-26 00:00:00+08:00,000571.XSHE,4.4,4.6,4.39,4.6,150549.71,6809.44
2025-05-27 00:00:00+08:00,000571.XSHE,4.6,4.61,4.47,4.5,110463.71,4989.22
2025-05-28 00:00:00+08:00,000571.XSHE,4.5,4.56,4.47,4.54,96016.09,4342.49
2025-05-29 00:00:00+08:00,000571.XSHE,4.54,4.67,4.54,4.67,134385.51,6175.06
2025-05-30 00:00:00+08:00,000571.XSHE,4.67,4.82,4.52,4.57,239541.71,11115.37
2025-06-03 00:00:00+08:00,000571.XSHE,4.51,4.65,4.49,4.53,161121.0,7344.86
2025-06-04 00:00:00+08:00,000571.XSHE,4.49,4.65,4.49,4.61,121989.34,5597.95
2025-06-05 00:00:00+08:00,000571.XSHE,4.58,4.65,4.52,4.53,107402.0,4904.98
2025-06-06 00:00:00+08:00,000571.XSHE,4.54,4.68,4.5,4.53,144406.52,6584.89
2025-06-09 00:00:00+08:00,000571.XSHE,4.53,4.69,4.53,4.64,118559.55,5473.58
2025-06-10 00:00:00+08:00,000571.XSHE,4.69,4.71,4.53,4.6,123531.15,5679.28
2025-06-11 00:00:00+08:00,000571.XSHE,4.56,4.69,4.56,4.64,107045.66,4974.83
2025-06-12 00:00:00+08:00,000571.XSHE,4.64,4.72,4.57,4.65,122394.0,5684.25
2025-06-13 00:00:00+08:00,000571.XSHE,4.67,4.67,4.53,4.53,117623.83,5371.66
2025-06-16 00:00:00+08:00,000571.XSHE,4.55,4.64,4.52,4.58,137557.0,6303.04
2025-06-17 00:00:00+08:00,000571.XSHE,4.57,4.6,4.5,4.56,117447.91,5330.73
2025-06-18 00:00:00+08:00,000571.XSHE,4.57,4.57,4.49,4.5,74918.0,3379.32
2025-06-19 00:00:00+08:00,000571.XSHE,4.5,4.53,4.38,4.4,121950.12,5425.55
2025-06-20 00:00:00+08:00,000571.XSHE,4.42,4.55,4.4,4.51,139849.95,6272.21
2025-06-23 00:00:00+08:00,000571.XSHE,4.5,4.5,4.4,4.48,84449.89,3765.69
2025-06-24 00:00:00+08:00,000571.XSHE,4.5,4.66,4.47,4.53,134178.59,6140.78
2025-06-25 00:00:00+08:00,000571.XSHE,4.53,4.7,4.51,4.66,190473.0,8826.74
2025-06-26 00:00:00+08:00,000571.XSHE,4.67,4.68,4.5,4.53,158399.3,7213.95
2025-06-27 00:00:00+08:00,000571.XSHE,4.54,4.55,4.48,4.5,122162.38,5507.65
2025-06-30 00:00:00+08:00,000571.XSHE,4.5,4.56,4.44,4.52,116851.8,5238.56
2025-07-01 00:00:00+08:00,000571.XSHE,4.51,4.54,4.48,4.51,111638.61,5039.23
2025-07-02 00:00:00+08:00,000571.XSHE,4.51,4.51,4.45,4.49,87454.1,3911.21
2025-07-03 00:00:00+08:00,000571.XSHE,4.49,4.62,4.48,4.5,102465.36,4640.53
2025-07-04 00:00:00+08:00,000571.XSHE,4.5,4.52,4.42,4.43,122538.25,5461.32
2025-07-07 00:00:00+08:00,000571.XSHE,4.41,4.51,4.4,4.49,99207.72,4432.07
2025-07-08 00:00:00+08:00,000571.XSHE,4.5,4.67,4.48,4.61,203617.25,9321.26
2025-07-09 00:00:00+08:00,000571.XSHE,4.63,4.65,4.5,4.52,120953.0,5513.88
2025-07-10 00:00:00+08:00,000571.XSHE,4.51,4.6,4.48,4.57,121659.01,5515.09
2025-07-11 00:00:00+08:00,000571.XSHE,4.59,4.59,4.48,4.5,134496.0,6078.91
2025-07-14 00:00:00+08:00,000571.XSHE,4.5,4.54,4.46,4.49,105985.46,4754.85
2025-07-15 00:00:00+08:00,000571.XSHE,4.46,4.59,4.36,4.55,198937.24,8911.71
2025-07-16 00:00:00+08:00,000571.XSHE,4.54,4.77,4.5,4.71,282259.82,13162.82
2025-07-17 00:00:00+08:00,000571.XSHE,4.76,4.8,4.66,4.74,138355.98,6525.95
2025-07-18 00:00:00+08:00,000571.XSHE,4.73,4.82,4.67,4.72,112915.16,5320.0
2025-07-21 00:00:00+08:00,000571.XSHE,4.73,4.9,4.68,4.84,202202.55,9767.39
2025-07-22 00:00:00+08:00,000571.XSHE,4.85,4.96,4.75,4.92,238202.0,11619.9
2025-07-23 00:00:00+08:00,000571.XSHE,4.95,4.98,4.7,4.76,202124.24,9705.75
2025-07-24 00:00:00+08:00,000571.XSHE,4.74,5.24,4.71,5.12,739366.53,37703.47
2025-07-25 00:00:00+08:00,000571.XSHE,5.0,5.02,4.77,4.8,494904.76,23963.02
2025-07-28 00:00:00+08:00,000571.XSHE,4.74,4.82,4.65,4.76,222533.94,10547.39
2025-07-29 00:00:00+08:00,000571.XSHE,4.74,4.78,4.68,4.71,156693.04,7379.85
2025-07-30 00:00:00+08:00,000571.XSHE,4.71,4.77,4.67,4.68,134329.78,6316.43
2025-07-31 00:00:00+08:00,000571.XSHE,4.69,4.7,4.52,4.52,198873.78,9129.65
2025-08-01 00:00:00+08:00,000571.XSHE,4.52,4.59,4.49,4.52,103725.77,4708.89
2025-08-04 00:00:00+08:00,000571.XSHE,4.52,4.67,4.51,4.62,167103.59,7693.36
2025-08-05 00:00:00+08:00,000571.XSHE,4.65,4.81,4.63,4.8,257249.21,12175.34
2025-08-06 00:00:00+08:00,000571.XSHE,4.76,4.8,4.73,4.74,121993.8,5799.86
2025-08-07 00:00:00+08:00,000571.XSHE,4.74,4.74,4.64,4.69,119769.6,5601.65
2025-08-08 00:00:00+08:00,000571.XSHE,4.65,4.7,4.64,4.68,96041.08,4480.85
2025-08-11 00:00:00+08:00,000571.XSHE,4.67,4.73,4.65,4.67,107478.96,5033.46
2025-08-12 00:00:00+08:00,000571.XSHE,4.67,4.69,4.63,4.67,108034.28,5032.25
2025-08-13 00:00:00+08:00,000571.XSHE,4.68,4.68,4.58,4.62,142345.22,6566.12
2025-08-14 00:00:00+08:00,000571.XSHE,4.59,4.62,4.51,4.54,164208.48,7478.37
2025-08-15 00:00:00+08:00,000571.XSHE,4.55,4.58,4.47,4.5,141481.68,6381.44
2025-08-18 00:00:00+08:00,000571.XSHE,4.51,4.52,4.43,4.44,170430.8,7599.72
2025-08-19 00:00:00+08:00,000571.XSHE,4.41,4.55,4.37,4.53,157309.97,7063.02
2025-08-20 00:00:00+08:00,000571.XSHE,4.5,4.54,4.49,4.53,82625.89,3727.85
2025-08-21 00:00:00+08:00,000571.XSHE,4.51,4.54,4.47,4.53,103674.6,4666.31
2025-08-22 00:00:00+08:00,000571.XSHE,4.53,4.63,4.45,4.5,164957.07,7427.3
2025-08-25 00:00:00+08:00,000571.XSHE,4.5,4.51,4.41,4.46,170453.91,7589.23
2025-08-26 00:00:00+08:00,000571.XSHE,4.46,4.47,4.42,4.45,119818.87,5326.6
2025-08-27 00:00:00+08:00,000571.XSHE,4.45,4.65,4.4,4.5,302812.0,13677.0
2025-08-28 00:00:00+08:00,000571.XSHE,4.48,4.64,4.45,4.64,250380.48,11389.21
2025-08-29 00:00:00+08:00,000571.XSHE,4.64,4.75,4.52,4.54,227699.33,10468.42
2025-09-01 00:00:00+08:00,000571.XSHE,4.52,4.8,4.45,4.76,396201.95,18685.93
2025-09-02 00:00:00+08:00,000571.XSHE,4.77,4.84,4.69,4.72,242765.14,11534.85
2025-09-03 00:00:00+08:00,000571.XSHE,4.72,4.75,4.55,4.57,167848.0,7777.13
2025-09-04 00:00:00+08:00,000571.XSHE,4.57,4.65,4.5,4.56,128652.01,5891.15
2025-09-05 00:00:00+08:00,000571.XSHE,4.56,4.64,4.48,4.62,157374.16,7205.14
2025-09-08 00:00:00+08:00,000571.XSHE,4.65,4.98,4.64,4.94,387938.62,18918.75
2025-09-09 00:00:00+08:00,000571.XSHE,4.93,5.09,4.93,5.02,306186.29,15323.68
2025-09-10 00:00:00+08:00,000571.XSHE,5.0,5.22,4.93,5.08,316346.36,16137.13
2025-09-11 00:00:00+08:00,000571.XSHE,5.07,5.22,4.97,5.22,292285.77,14964.69
2025-09-12 00:00:00+08:00,000571.XSHE,5.18,5.22,5.08,5.1,184714.7,9470.03
2025-09-15 00:00:00+08:00,000571.XSHE,5.05,5.08,4.9,4.92,272913.0,13575.52
2025-09-16 00:00:00+08:00,000571.XSHE,4.97,5.04,4.91,4.98,186076.0,9247.91
2025-09-17 00:00:00+08:00,000571.XSHE,4.96,5.08,4.92,5.01,163950.77,8235.97
2025-09-18 00:00:00+08:00,000571.XSHE,5.06,5.18,4.83,4.89,207472.57,10307.81
2025-09-19 00:00:00+08:00,000571.XSHE,4.89,5.04,4.83,5.01,217452.15,10754.78
2025-09-22 00:00:00+08:00,000571.XSHE,5.03,5.04,4.92,4.99,145034.0,7221.02
2025-09-23 00:00:00+08:00,000571.XSHE,4.99,4.99,4.77,4.9,195417.92,9503.72
2025-09-24 00:00:00+08:00,000571.XSHE,4.9,5.08,4.87,5.07,191178.43,9544.3
2025-09-25 00:00:00+08:00,000571.XSHE,5.09,5.58,5.09,5.32,547234.18,29525.07
2025-09-26 00:00:00+08:00,000571.XSHE,5.27,5.35,5.11,5.14,299302.0,15619.0
2025-09-29 00:00:00+08:00,000571.XSHE,5.18,5.19,4.96,5.08,198444.51,10052.86
2025-09-30 00:00:00+08:00,000571.XSHE,5.1,5.13,5.04,5.08,155738.23,7922.7
2025-10-09 00:00:00+08:00,000571.XSHE,5.12,5.59,5.05,5.59,480825.28,26135.01
2025-10-10 00:00:00+08:00,000571.XSHE,5.69,5.75,5.5,5.6,513267.16,29015.28
2025-10-13 00:00:00+08:00,000571.XSHE,5.25,5.68,5.25,5.64,393833.13,21658.31
2025-10-14 00:00:00+08:00,000571.XSHE,5.75,6.2,5.65,5.88,823026.83,49086.96
2025-10-15 00:00:00+08:00,000571.XSHE,5.83,6.04,5.71,5.84,419917.62,24376.19
2025-10-16 00:00:00+08:00,000571.XSHE,5.86,6.02,5.77,5.98,524212.97,30932.78
2025-10-17 00:00:00+08:00,000571.XSHE,5.88,6.05,5.73,5.73,401048.97,23485.63
2025-10-20 00:00:00+08:00,000571.XSHE,5.77,5.9,5.69,5.89,298156.16,17358.2
2025-10-21 00:00:00+08:00,000571.XSHE,5.85,5.89,5.59,5.83,248358.05,14321.7
2025-10-22 00:00:00+08:00,000571.XSHE,5.81,5.89,5.71,5.74,146802.82,8482.34
2025-10-23 00:00:00+08:00,000571.XSHE,5.74,5.82,5.64,5.78,227630.61,13090.46
2025-10-24 00:00:00+08:00,000571.XSHE,5.69,6.0,5.68,5.89,283336.18,16568.2
2025-10-27 00:00:00+08:00,000571.XSHE,5.88,5.88,5.68,5.76,258480.19,14899.42
2025-10-28 00:00:00+08:00,000571.XSHE,5.75,5.8,5.69,5.79,135943.25,7808.05
2025-10-29 00:00:00+08:00,000571.XSHE,5.76,5.82,5.65,5.77,130239.51,7488.34
2025-10-30 00:00:00+08:00,000571.XSHE,5.71,5.75,5.32,5.36,327766.65,18063.97
2025-10-31 00:00:00+08:00,000571.XSHE,5.35,5.45,5.15,5.4,253804.72,13510.02
2025-11-03 00:00:00+08:00,000571.XSHE,5.4,5.7,5.4,5.62,291914.82,16258.23
2025-11-04 00:00:00+08:00,000571.XSHE,5.68,5.78,5.56,5.75,273985.92,15590.8
2025-11-05 00:00:00+08:00,000571.XSHE,5.7,5.95,5.67,5.86,247279.3,14468.18
2025-11-06 00:00:00+08:00,000571.XSHE,5.85,5.9,5.65,5.67,196464.15,11254.41
2025-11-07 00:00:00+08:00,000571.XSHE,5.71,5.81,5.59,5.61,202291.51,11489.65
2025-11-10 00:00:00+08:00,000571.XSHE,5.57,5.64,5.45,5.46,188752.44,10394.91
2025-11-11 00:00:00+08:00,000571.XSHE,5.48,5.51,5.36,5.38,156079.89,8451.91
2025-11-12 00:00:00+08:00,000571.XSHE,5.36,5.41,5.28,5.33,170802.69,9118.39
2025-11-13 00:00:00+08:00,000571.XSHE,5.33,5.44,5.29,5.39,148087.8,7955.06
2025-11-14 00:00:00+08:00,000571.XSHE,5.39,5.65,5.36,5.55,229604.95,12697.2
2025-11-17 00:00:00+08:00,000571.XSHE,5.5,5.78,5.49,5.66,272548.76,15365.24
2025-11-18 00:00:00+08:00,000571.XSHE,5.6,5.71,5.53,5.6,245424.69,13768.31
2025-11-19 00:00:00+08:00,000571.XSHE,5.56,6.05,5.56,5.71,429621.35,24927.06
2025-11-20 00:00:00+08:00,000571.XSHE,5.71,5.9,5.56,5.76,342203.38,19534.22
2025-11-21 00:00:00+08:00,000571.XSHE,5.71,5.75,5.49,5.49,296629.02,16657.52
2025-11-24 00:00:00+08:00,000571.XSHE,5.56,5.57,5.33,5.42,226245.5,12250.24
2025-11-25 00:00:00+08:00,000571.XSHE,5.47,5.51,5.4,5.43,173527.9,9456.0
2025-11-26 00:00:00+08:00,000571.XSHE,5.44,5.87,5.4,5.46,336281.28,18925.73
2025-11-27 00:00:00+08:00,000571.XSHE,5.38,5.77,5.3,5.67,365865.27,20267.78
2025-11-28 00:00:00+08:00,000571.XSHE,5.62,5.64,5.46,5.54,218168.4,12021.46
2025-12-01 00:00:00+08:00,000571.XSHE,5.5,5.74,5.45,5.66,250192.42,14017.27
2025-12-02 00:00:00+08:00,000571.XSHE,5.7,6.1,5.6,5.9,577524.24,33787.03
2025-12-03 00:00:00+08:00,000571.XSHE,5.77,6.49,5.76,6.49,1065327.37,67212.02
2025-12-04 00:00:00+08:00,000571.XSHE,6.58,6.81,6.05,6.27,1179509.65,74499.54
2025-12-05 00:00:00+08:00,000571.XSHE,6.24,6.65,6.01,6.37,913704.9,58120.54
2025-12-08 00:00:00+08:00,000571.XSHE,6.38,7.01,6.3,7.01,1050113.41,70629.47
2025-12-09 00:00:00+08:00,000571.XSHE,6.31,6.45,6.31,6.31,939612.29,59429.61
2025-12-10 00:00:00+08:00,000571.XSHE,6.05,6.82,6.02,6.58,1272172.55,82409.62
2025-12-11 00:00:00+08:00,000571.XSHE,6.36,6.58,5.96,6.35,1054205.15,65894.61
2025-12-12 00:00:00+08:00,000571.XSHE,6.33,6.91,6.25,6.56,975571.81,64168.62
2025-12-15 00:00:00+08:00,000571.XSHE,6.41,6.54,6.17,6.19,675952.94,42600.84
2025-12-16 00:00:00+08:00,000571.XSHE,6.07,6.17,5.57,5.63,802112.51,46067.55
2025-12-17 00:00:00+08:00,000571.XSHE,5.62,5.66,5.37,5.59,394851.76,21848.01
2025-12-18 00:00:00+08:00,000571.XSHE,5.67,5.78,5.52,5.52,270289.39,15211.69
2025-12-19 00:00:00+08:00,000571.XSHE,5.5,5.79,5.42,5.59,443404.46,24696.2
2025-12-22 00:00:00+08:00,000571.XSHE,5.59,6.15,5.52,6.15,893820.08,53428.07
2025-12-23 00:00:00+08:00,000571.XSHE,6.15,6.19,5.76,5.79,903754.07,53445.29
2025-12-24 00:00:00+08:00,000571.XSHE,5.71,5.73,5.6,5.67,581942.55,32881.18
2025-12-25 00:00:00+08:00,000571.XSHE,5.66,5.75,5.55,5.62,325303.42,18310.84
2025-01-02 00:00:00+08:00,000572.XSHE,4.19,4.24,4.01,4.05,391143.1,16135.1
2025-01-03 00:00:00+08:00,000572.XSHE,4.06,4.12,3.84,3.87,389891.72,15411.79
2025-01-06 00:00:00+08:00,000572.XSHE,3.84,3.98,3.72,3.91,312165.08,12102.21
2025-01-07 00:00:00+08:00,000572.XSHE,3.98,4.02,3.91,4.02,343764.89,13641.17
2025-01-08 00:00:00+08:00,000572.XSHE,3.99,4.03,3.87,3.99,319119.01,12635.35
2025-01-09 00:00:00+08:00,000572.XSHE,3.98,4.06,3.96,4.02,258332.5,10393.96
2025-01-10 00:00:00+08:00,000572.XSHE,4.02,4.07,3.84,3.85,274263.1,10847.78
2025-01-13 00:00:00+08:00,000572.XSHE,3.81,3.85,3.73,3.81,260315.98,9873.06
2025-01-14 00:00:00+08:00,000572.XSHE,3.84,4.05,3.81,4.02,373478.29,14820.54
2025-01-15 00:00:00+08:00,000572.XSHE,4.03,4.03,3.93,3.98,269543.0,10730.39
2025-01-16 00:00:00+08:00,000572.XSHE,4.01,4.11,3.99,4.06,316249.01,12813.51
2025-01-17 00:00:00+08:00,000572.XSHE,4.01,4.04,3.96,4.0,231966.06,9283.3
2025-01-20 00:00:00+08:00,000572.XSHE,4.02,4.06,3.97,4.02,210044.0,8436.68
2025-01-21 00:00:00+08:00,000572.XSHE,4.03,4.04,3.94,4.01,226615.09,9005.87
2025-01-22 00:00:00+08:00,000572.XSHE,3.97,4.05,3.94,3.97,240368.3,9583.22
2025-01-23 00:00:00+08:00,000572.XSHE,4.02,4.1,3.95,3.96,315239.55,12713.72
2025-01-24 00:00:00+08:00,000572.XSHE,3.94,4.02,3.91,4.02,290012.62,11492.77
2025-01-27 00:00:00+08:00,000572.XSHE,3.99,4.12,3.94,3.94,432339.28,17366.66
2025-02-05 00:00:00+08:00,000572.XSHE,3.99,4.04,3.95,4.0,277077.18,11087.99
2025-02-06 00:00:00+08:00,000572.XSHE,3.98,4.14,3.93,4.12,502861.32,20317.63
2025-02-07 00:00:00+08:00,000572.XSHE,4.11,4.25,4.1,4.2,561501.12,23534.77
2025-02-10 00:00:00+08:00,000572.XSHE,4.25,4.29,4.2,4.28,427701.38,18205.63
2025-02-11 00:00:00+08:00,000572.XSHE,4.28,4.29,4.14,4.16,414591.0,17308.34
2025-02-12 00:00:00+08:00,000572.XSHE,4.13,4.21,4.12,4.2,306575.9,12792.18
2025-02-13 00:00:00+08:00,000572.XSHE,4.21,4.26,4.16,4.19,328420.16,13855.87
2025-02-14 00:00:00+08:00,000572.XSHE,4.19,4.26,4.14,4.15,324673.67,13599.88
2025-02-17 00:00:00+08:00,000572.XSHE,4.13,4.24,4.12,4.19,348011.47,14544.76
2025-02-18 00:00:00+08:00,000572.XSHE,4.19,4.2,4.0,4.02,403160.12,16504.6
2025-02-19 00:00:00+08:00,000572.XSHE,4.05,4.12,4.04,4.11,303961.78,12422.97
2025-02-20 00:00:00+08:00,000572.XSHE,4.1,4.13,4.06,4.1,249447.63,10205.42
2025-02-21 00:00:00+08:00,000572.XSHE,4.1,4.12,4.0,4.06,355777.01,14388.46
2025-02-24 00:00:00+08:00,000572.XSHE,4.08,4.17,4.06,4.08,505420.79,20760.31
2025-02-25 00:00:00+08:00,000572.XSHE,4.05,4.25,4.02,4.15,674433.01,28081.89
2025-02-26 00:00:00+08:00,000572.XSHE,4.14,4.29,4.13,4.27,704821.01,29825.79
2025-02-27 00:00:00+08:00,000572.XSHE,4.27,4.65,4.26,4.4,1320747.94,58538.38
2025-02-28 00:00:00+08:00,000572.XSHE,4.36,4.38,4.15,4.18,870186.3,36827.55
2025-03-03 00:00:00+08:00,000572.XSHE,4.22,4.32,4.15,4.2,669272.28,28344.58
2025-03-04 00:00:00+08:00,000572.XSHE,4.17,4.25,4.14,4.25,534517.5,22479.6
2025-03-05 00:00:00+08:00,000572.XSHE,4.24,4.3,4.18,4.27,534493.0,22661.55
2025-03-06 00:00:00+08:00,000572.XSHE,4.28,4.31,4.23,4.27,529729.03,22623.21
2025-03-07 00:00:00+08:00,000572.XSHE,4.24,4.26,4.13,4.16,561795.4,23536.36
2025-03-10 00:00:00+08:00,000572.XSHE,4.14,4.24,4.14,4.21,425486.45,17866.39
2025-03-11 00:00:00+08:00,000572.XSHE,4.17,4.21,4.11,4.17,365773.0,15189.71
2025-03-12 00:00:00+08:00,000572.XSHE,4.18,4.28,4.17,4.17,406436.78,17112.75
2025-03-13 00:00:00+08:00,000572.XSHE,4.15,4.16,3.98,4.01,536686.65,21698.22
2025-03-14 00:00:00+08:00,000572.XSHE,4.01,4.09,3.97,4.09,385000.26,15593.42
2025-03-17 00:00:00+08:00,000572.XSHE,4.1,4.2,4.1,4.16,385807.8,16043.63
2025-03-18 00:00:00+08:00,000572.XSHE,4.16,4.17,4.1,4.12,285522.5,11759.17
2025-03-19 00:00:00+08:00,000572.XSHE,4.11,4.17,4.1,4.12,296864.0,12290.93
2025-03-20 00:00:00+08:00,000572.XSHE,4.1,4.28,4.08,4.22,728687.0,30686.46
2025-03-21 00:00:00+08:00,000572.XSHE,4.19,4.35,4.11,4.22,871475.0,36616.0
2025-03-24 00:00:00+08:00,000572.XSHE,4.23,4.29,3.99,4.09,852912.52,35046.82
2025-03-25 00:00:00+08:00,000572.XSHE,4.03,4.06,3.99,4.01,383900.05,15404.65
2025-03-26 00:00:00+08:00,000572.XSHE,3.99,4.12,3.98,4.06,338806.35,13684.43
2025-03-27 00:00:00+08:00,000572.XSHE,4.02,4.12,3.92,4.06,465372.76,18756.58
2025-03-28 00:00:00+08:00,000572.XSHE,4.06,4.11,4.01,4.04,344330.78,13970.52
2025-03-31 00:00:00+08:00,000572.XSHE,4.04,4.08,3.99,3.99,349591.69,14051.17
2025-04-01 00:00:00+08:00,000572.XSHE,3.96,4.15,3.96,4.06,534870.99,21793.83
2025-04-02 00:00:00+08:00,000572.XSHE,4.02,4.11,3.98,4.03,375274.0,15108.66
2025-04-03 00:00:00+08:00,000572.XSHE,4.0,4.04,3.98,3.99,268194.81,10733.05
2025-04-07 00:00:00+08:00,000572.XSHE,3.76,3.76,3.59,3.59,353244.61,12774.48
2025-04-08 00:00:00+08:00,000572.XSHE,3.4,3.54,3.24,3.35,602510.24,20330.84
2025-04-09 00:00:00+08:00,000572.XSHE,3.24,3.57,3.04,3.49,589324.19,19513.15
2025-04-10 00:00:00+08:00,000572.XSHE,3.52,3.64,3.51,3.58,475993.68,17047.86
2025-04-11 00:00:00+08:00,000572.XSHE,3.52,3.62,3.51,3.57,244496.0,8772.92
2025-04-14 00:00:00+08:00,000572.XSHE,3.62,3.93,3.62,3.93,639692.94,24235.08
2025-04-15 00:00:00+08:00,000572.XSHE,3.95,3.97,3.75,3.77,868157.76,32996.32
2025-04-16 00:00:00+08:00,000572.XSHE,3.73,3.76,3.59,3.65,416456.82,15268.13
2025-04-17 00:00:00+08:00,000572.XSHE,3.62,3.7,3.6,3.65,293422.01,10717.37
2025-04-18 00:00:00+08:00,000572.XSHE,3.64,3.65,3.57,3.61,204841.2,7376.97
2025-04-21 00:00:00+08:00,000572.XSHE,3.59,3.63,3.56,3.61,213996.1,7720.55
2025-04-22 00:00:00+08:00,000572.XSHE,3.64,3.79,3.64,3.65,389944.18,14451.94
2025-04-23 00:00:00+08:00,000572.XSHE,3.72,3.75,3.64,3.71,323229.0,12002.96
2025-04-24 00:00:00+08:00,000572.XSHE,3.68,3.81,3.67,3.7,344882.59,12841.02
2025-04-25 00:00:00+08:00,000572.XSHE,3.72,3.88,3.69,3.79,513258.74,19487.72
2025-04-28 00:00:00+08:00,000572.XSHE,3.82,3.82,3.64,3.68,370328.59,13645.79
2025-04-29 00:00:00+08:00,000572.XSHE,3.7,3.72,3.66,3.71,208157.0,7688.6
2025-04-30 00:00:00+08:00,000572.XSHE,3.7,3.82,3.69,3.8,364204.0,13755.9
2025-05-06 00:00:00+08:00,000572.XSHE,3.82,3.86,3.8,3.85,301310.09,11543.52
2025-05-07 00:00:00+08:00,000572.XSHE,3.91,3.92,3.83,3.87,316189.0,12255.79
2025-05-08 00:00:00+08:00,000572.XSHE,3.83,3.95,3.83,3.91,229468.12,8970.01
2025-05-09 00:00:00+08:00,000572.XSHE,3.91,3.92,3.83,3.85,209915.94,8104.66
2025-05-12 00:00:00+08:00,000572.XSHE,3.9,3.93,3.88,3.91,210412.01,8207.72
2025-05-13 00:00:00+08:00,000572.XSHE,3.92,3.98,3.85,3.87,290379.51,11348.51
2025-05-14 00:00:00+08:00,000572.XSHE,3.85,3.87,3.81,3.85,208014.74,7982.24
2025-05-15 00:00:00+08:00,000572.XSHE,3.83,3.85,3.77,3.79,215657.0,8198.03
2025-05-16 00:00:00+08:00,000572.XSHE,3.79,4.01,3.78,3.98,639824.8,25112.48
2025-05-19 00:00:00+08:00,000572.XSHE,4.0,4.19,3.92,4.15,688408.82,27960.38
2025-05-20 00:00:00+08:00,000572.XSHE,4.17,4.21,4.11,4.17,411908.5,17147.52
2025-05-21 00:00:00+08:00,000572.XSHE,4.15,4.24,4.14,4.17,366407.22,15275.06
2025-05-22 00:00:00+08:00,000572.XSHE,4.16,4.19,4.05,4.07,395853.88,16278.7
2025-05-23 00:00:00+08:00,000572.XSHE,4.04,4.23,4.04,4.06,644703.89,26669.06
2025-05-26 00:00:00+08:00,000572.XSHE,3.98,4.02,3.93,3.95,384246.42,15231.32
2025-05-27 00:00:00+08:00,000572.XSHE,3.96,4.09,3.93,4.02,407523.0,16305.43
2025-05-28 00:00:00+08:00,000572.XSHE,4.02,4.11,3.95,3.96,324742.0,13057.44
2025-05-29 00:00:00+08:00,000572.XSHE,3.94,4.16,3.93,4.11,713760.0,29257.47
2025-05-30 00:00:00+08:00,000572.XSHE,4.09,4.14,3.99,4.0,398706.0,16147.0
2025-06-03 00:00:00+08:00,000572.XSHE,3.99,4.16,3.94,4.05,588964.01,23807.51
2025-06-04 00:00:00+08:00,000572.XSHE,4.11,4.25,4.09,4.18,855705.63,35740.16
2025-06-05 00:00:00+08:00,000572.XSHE,4.16,4.22,4.12,4.17,558905.0,23288.81
2025-06-06 00:00:00+08:00,000572.XSHE,4.15,4.32,4.13,4.15,835279.01,35103.02
2025-06-09 00:00:00+08:00,000572.XSHE,4.13,4.17,4.08,4.14,484685.82,19980.27
2025-06-10 00:00:00+08:00,000572.XSHE,4.13,4.18,4.01,4.05,455011.0,18565.27
2025-06-11 00:00:00+08:00,000572.XSHE,4.06,4.14,4.05,4.07,324393.0,13302.61
2025-06-12 00:00:00+08:00,000572.XSHE,4.07,4.14,4.06,4.11,311345.01,12774.33
2025-06-13 00:00:00+08:00,000572.XSHE,4.08,4.12,4.01,4.02,364434.59,14716.41
2025-06-16 00:00:00+08:00,000572.XSHE,4.01,4.01,3.95,3.98,220654.71,8759.0
2025-06-17 00:00:00+08:00,000572.XSHE,4.0,4.0,3.92,3.98,225806.61,8925.82
2025-06-18 00:00:00+08:00,000572.XSHE,3.95,3.98,3.92,3.94,199949.07,7884.07
2025-06-19 00:00:00+08:00,000572.XSHE,3.92,3.93,3.77,3.79,360541.0,13862.08
2025-06-20 00:00:00+08:00,000572.XSHE,3.79,3.86,3.77,3.79,250863.41,9548.55
2025-06-23 00:00:00+08:00,000572.XSHE,3.75,3.91,3.7,3.89,285630.41,10905.44
2025-06-24 00:00:00+08:00,000572.XSHE,4.18,4.28,4.15,4.28,703264.55,29971.22
2025-06-25 00:00:00+08:00,000572.XSHE,4.4,4.6,4.21,4.34,2279687.91,99850.2
2025-06-26 00:00:00+08:00,000572.XSHE,4.2,4.39,4.17,4.23,1268510.65,54258.1
2025-06-27 00:00:00+08:00,000572.XSHE,4.23,4.53,4.23,4.44,1535317.3,67451.49
2025-06-30 00:00:00+08:00,000572.XSHE,4.44,4.52,4.39,4.44,1043476.23,46400.26
2025-07-01 00:00:00+08:00,000572.XSHE,4.47,4.6,4.42,4.55,1037256.5,46816.92
2025-07-02 00:00:00+08:00,000572.XSHE,4.54,4.61,4.45,4.51,742378.11,33447.63
2025-07-03 00:00:00+08:00,000572.XSHE,4.5,4.67,4.49,4.59,819064.32,37621.97
2025-07-04 00:00:00+08:00,000572.XSHE,4.62,4.78,4.53,4.53,868462.08,40254.91
2025-07-07 00:00:00+08:00,000572.XSHE,4.51,4.63,4.47,4.63,614354.79,28104.42
2025-07-08 00:00:00+08:00,000572.XSHE,4.62,4.68,4.58,4.67,508808.02,23609.7
2025-07-09 00:00:00+08:00,000572.XSHE,4.63,4.69,4.51,4.53,673338.0,30897.88
2025-07-10 00:00:00+08:00,000572.XSHE,4.52,4.55,4.44,4.55,552673.08,24824.98
2025-07-11 00:00:00+08:00,000572.XSHE,4.52,4.54,4.43,4.45,434242.79,19383.76
2025-07-14 00:00:00+08:00,000572.XSHE,4.46,4.51,4.44,4.47,261776.99,11697.62
2025-07-15 00:00:00+08:00,000572.XSHE,4.45,4.47,4.36,4.45,333005.0,14692.7
2025-07-16 00:00:00+08:00,000572.XSHE,4.43,4.64,4.43,4.57,577163.3,26300.99
2025-07-17 00:00:00+08:00,000572.XSHE,4.55,4.85,4.55,4.79,921731.74,43673.62
2025-07-18 00:00:00+08:00,000572.XSHE,4.75,4.82,4.69,4.76,484491.0,22948.8
2025-07-21 00:00:00+08:00,000572.XSHE,4.76,4.95,4.69,4.8,771877.88,37204.52
2025-07-22 00:00:00+08:00,000572.XSHE,4.81,4.87,4.68,4.78,767035.68,36679.0
2025-07-23 00:00:00+08:00,000572.XSHE,4.75,4.9,4.45,4.47,1377241.62,63382.11
2025-07-24 00:00:00+08:00,000572.XSHE,4.47,4.92,4.47,4.92,1123491.23,53350.18
2025-07-25 00:00:00+08:00,000572.XSHE,4.91,4.91,4.56,4.6,1472058.68,68338.24
2025-07-28 00:00:00+08:00,000572.XSHE,4.62,4.65,4.5,4.51,682692.41,31014.82
2025-07-29 00:00:00+08:00,000572.XSHE,4.5,4.56,4.45,4.5,503881.49,22627.47
2025-07-30 00:00:00+08:00,000572.XSHE,4.5,4.58,4.47,4.54,590211.22,26672.1
2025-07-31 00:00:00+08:00,000572.XSHE,4.5,4.51,4.37,4.38,549314.41,24318.07
2025-08-01 00:00:00+08:00,000572.XSHE,4.37,4.49,4.36,4.44,484335.09,21490.37
2025-08-04 00:00:00+08:00,000572.XSHE,4.43,4.49,4.37,4.46,355226.19,15800.37
2025-08-05 00:00:00+08:00,000572.XSHE,4.46,4.57,4.46,4.53,523616.5,23710.17
2025-08-06 00:00:00+08:00,000572.XSHE,4.52,4.64,4.5,4.64,690367.22,31649.32
2025-08-07 00:00:00+08:00,000572.XSHE,4.63,4.77,4.61,4.68,772478.37,36262.3
2025-08-08 00:00:00+08:00,000572.XSHE,4.68,4.74,4.59,4.66,501023.98,23374.86
2025-08-11 00:00:00+08:00,000572.XSHE,4.65,4.72,4.63,4.67,459366.9,21490.14
2025-08-12 00:00:00+08:00,000572.XSHE,4.67,4.69,4.61,4.63,382987.06,17774.83
2025-08-13 00:00:00+08:00,000572.XSHE,4.62,4.65,4.53,4.61,489064.74,22414.65
2025-08-14 00:00:00+08:00,000572.XSHE,4.61,4.62,4.45,4.46,503665.15,22696.09
2025-08-15 00:00:00+08:00,000572.XSHE,4.46,4.54,4.44,4.5,357910.19,16123.16
2025-08-18 00:00:00+08:00,000572.XSHE,4.51,4.58,4.48,4.51,397688.0,18011.7
2025-08-19 00:00:00+08:00,000572.XSHE,4.52,4.54,4.46,4.52,416002.23,18752.37
2025-08-20 00:00:00+08:00,000572.XSHE,4.49,4.57,4.47,4.57,474660.02,21465.59
2025-08-21 00:00:00+08:00,000572.XSHE,4.57,4.67,4.5,4.61,719288.29,32988.13
2025-08-22 00:00:00+08:00,000572.XSHE,4.6,4.62,4.53,4.6,400188.95,18293.33
2025-08-25 00:00:00+08:00,000572.XSHE,4.59,4.72,4.53,4.67,872006.83,40261.05
2025-08-26 00:00:00+08:00,000572.XSHE,4.67,4.97,4.65,4.87,1306169.24,63092.86
2025-08-27 00:00:00+08:00,000572.XSHE,4.77,4.97,4.72,4.74,891238.0,43322.0
2025-08-28 00:00:00+08:00,000572.XSHE,4.67,4.82,4.46,4.64,885818.92,41198.23
2025-08-29 00:00:00+08:00,000572.XSHE,4.61,4.79,4.58,4.65,636678.22,29809.99
2025-09-01 00:00:00+08:00,000572.XSHE,4.67,4.92,4.65,4.9,1001542.6,48374.46
2025-09-02 00:00:00+08:00,000572.XSHE,4.86,4.94,4.79,4.83,844243.22,40977.26
2025-09-03 00:00:00+08:00,000572.XSHE,4.87,5.14,4.78,4.95,1409594.06,69932.52
2025-09-04 00:00:00+08:00,000572.XSHE,4.92,5.03,4.75,4.85,1114680.0,54595.16
2025-09-05 00:00:00+08:00,000572.XSHE,4.82,4.94,4.75,4.85,759858.28,36673.85
2025-09-08 00:00:00+08:00,000572.XSHE,4.84,4.99,4.78,4.82,669997.11,32598.26
2025-09-09 00:00:00+08:00,000572.XSHE,4.82,4.96,4.78,4.84,806309.51,39249.18
2025-09-10 00:00:00+08:00,000572.XSHE,4.8,4.93,4.77,4.81,884315.23,42935.58
2025-09-11 00:00:00+08:00,000572.XSHE,4.78,4.84,4.71,4.84,665607.06,31757.38
2025-09-12 00:00:00+08:00,000572.XSHE,4.86,5.07,4.86,4.91,1005840.48,49749.71
2025-09-15 00:00:00+08:00,000572.XSHE,4.94,5.4,4.94,5.4,684483.97,36337.54
2025-09-16 00:00:00+08:00,000572.XSHE,5.35,5.43,5.2,5.27,1619346.4,85505.57
2025-09-17 00:00:00+08:00,000572.XSHE,5.27,5.45,5.23,5.24,1028693.32,54649.63
2025-09-18 00:00:00+08:00,000572.XSHE,5.28,5.41,5.12,5.21,1137121.25,60140.42
2025-09-19 00:00:00+08:00,000572.XSHE,5.18,5.7,5.17,5.46,2021572.27,110233.77
2025-09-22 00:00:00+08:00,000572.XSHE,5.48,5.79,5.48,5.72,1774677.34,100602.64
2025-09-23 00:00:00+08:00,000572.XSHE,5.62,5.65,5.46,5.65,1306470.09,72384.49
2025-09-24 00:00:00+08:00,000572.XSHE,5.6,5.75,5.45,5.55,936727.24,51990.47
2025-09-25 00:00:00+08:00,000572.XSHE,5.53,5.7,5.5,5.52,958921.44,53718.13
2025-09-26 00:00:00+08:00,000572.XSHE,5.45,5.64,5.31,5.4,1020399.0,55864.0
2025-09-29 00:00:00+08:00,000572.XSHE,5.6,5.85,5.47,5.73,1478569.77,84217.55
2025-09-30 00:00:00+08:00,000572.XSHE,5.83,6.3,5.8,5.82,2165231.0,131182.16
2025-10-09 00:00:00+08:00,000572.XSHE,5.76,5.87,5.45,5.57,1616859.04,91004.67
2025-10-10 00:00:00+08:00,000572.XSHE,5.52,5.87,5.5,5.73,1311800.58,74547.04
2025-10-13 00:00:00+08:00,000572.XSHE,5.48,5.7,5.46,5.57,891824.08,49646.33
2025-10-14 00:00:00+08:00,000572.XSHE,5.64,6.13,5.61,5.9,2045410.64,122570.19
2025-10-15 00:00:00+08:00,000572.XSHE,6.04,6.49,6.04,6.49,1820473.19,116897.92
2025-10-16 00:00:00+08:00,000572.XSHE,6.68,7.14,6.4,7.14,3451109.28,234850.69
2025-10-17 00:00:00+08:00,000572.XSHE,7.13,7.75,6.69,6.83,3669200.17,260814.74
2025-10-20 00:00:00+08:00,000572.XSHE,6.9,7.18,6.55,6.68,2875945.47,198613.44
2025-10-21 00:00:00+08:00,000572.XSHE,6.64,6.72,6.33,6.59,2300896.02,150338.39
2025-10-22 00:00:00+08:00,000572.XSHE,6.55,6.59,5.96,6.04,2457869.27,150772.32
2025-10-23 00:00:00+08:00,000572.XSHE,5.98,6.04,5.57,5.7,1881232.05,108317.37
2025-10-24 00:00:00+08:00,000572.XSHE,5.68,5.79,5.63,5.67,1091093.38,62195.84
2025-10-27 00:00:00+08:00,000572.XSHE,5.67,5.83,5.66,5.72,1060425.94,60734.61
2025-10-28 00:00:00+08:00,000572.XSHE,5.77,6.12,5.75,5.98,1929896.48,115210.62
2025-10-29 00:00:00+08:00,000572.XSHE,5.95,6.28,5.88,6.11,1841751.41,113691.92
2025-10-30 00:00:00+08:00,000572.XSHE,6.01,6.17,5.9,6.0,1257985.02,75690.78
2025-10-31 00:00:00+08:00,000572.XSHE,6.18,6.6,6.15,6.6,1485881.81,95922.91
2025-11-03 00:00:00+08:00,000572.XSHE,6.89,7.26,6.83,7.26,1430989.76,102436.23
2025-11-04 00:00:00+08:00,000572.XSHE,7.95,7.99,7.47,7.99,1989023.33,157567.0
2025-11-05 00:00:00+08:00,000572.XSHE,8.7,8.79,8.54,8.79,602486.42,52597.67
2025-11-06 00:00:00+08:00,000572.XSHE,9.67,9.67,8.32,9.0,6599376.37,600551.92
2025-11-07 00:00:00+08:00,000572.XSHE,9.9,9.9,9.28,9.9,4620695.29,452335.02
2025-11-10 00:00:00+08:00,000572.XSHE,10.35,10.89,9.9,10.15,6614443.82,700745.83
2025-11-11 00:00:00+08:00,000572.XSHE,9.7,10.5,9.7,9.95,5272451.59,535233.92
2025-11-12 00:00:00+08:00,000572.XSHE,9.74,10.44,9.13,9.13,4447482.76,425179.89
2025-11-13 00:00:00+08:00,000572.XSHE,9.06,10.04,9.02,10.04,2555410.2,250079.13
2025-11-14 00:00:00+08:00,000572.XSHE,10.5,11.04,10.04,10.94,4765674.72,506493.69
2025-11-17 00:00:00+08:00,000572.XSHE,11.27,11.58,10.79,10.94,5294925.91,592033.34
2025-11-18 00:00:00+08:00,000572.XSHE,11.16,12.03,11.16,11.5,5270986.07,616064.77
2025-11-19 00:00:00+08:00,000572.XSHE,10.8,11.21,10.35,10.35,3215459.26,341832.0
2025-11-20 00:00:00+08:00,000572.XSHE,9.8,11.1,9.72,10.5,4217612.59,438204.42
2025-11-21 00:00:00+08:00,000572.XSHE,10.29,10.45,9.45,9.45,2798118.7,276032.19
2025-11-24 00:00:00+08:00,000572.XSHE,9.43,9.72,8.51,8.51,3296730.37,292780.08
2025-11-25 00:00:00+08:00,000572.XSHE,8.77,9.11,8.58,8.97,2992900.06,264121.26
2025-11-26 00:00:00+08:00,000572.XSHE,8.95,9.37,8.75,8.77,2926094.5,266042.01
2025-11-27 00:00:00+08:00,000572.XSHE,8.77,8.94,8.54,8.6,2172394.61,189130.25
2025-11-28 00:00:00+08:00,000572.XSHE,8.63,9.1,8.45,9.04,2370064.02,209076.96
2025-12-01 00:00:00+08:00,000572.XSHE,8.95,9.15,8.88,8.94,1948917.39,175309.4
2025-12-02 00:00:00+08:00,000572.XSHE,9.06,9.83,8.81,9.83,2518823.7,234539.43
2025-12-03 00:00:00+08:00,000572.XSHE,10.09,10.43,9.51,9.59,4375551.37,438718.3
2025-12-04 00:00:00+08:00,000572.XSHE,9.51,9.78,8.91,8.94,2748318.79,251034.19
2025-12-05 00:00:00+08:00,000572.XSHE,8.92,9.78,8.57,9.22,2818662.15,259127.98
2025-12-08 00:00:00+08:00,000572.XSHE,9.22,9.84,9.06,9.69,2799677.94,266898.88
2025-12-09 00:00:00+08:00,000572.XSHE,9.5,9.55,8.95,9.1,2343512.57,215077.88
2025-12-10 00:00:00+08:00,000572.XSHE,9.04,10.01,8.86,10.01,3952857.14,375695.27
2025-12-11 00:00:00+08:00,000572.XSHE,10.45,10.71,9.53,9.53,4277899.0,434281.72
2025-12-12 00:00:00+08:00,000572.XSHE,9.53,9.6,9.13,9.16,2550748.61,237337.41
2025-12-15 00:00:00+08:00,000572.XSHE,9.06,10.08,8.81,9.67,3572129.24,344572.36
2025-12-16 00:00:00+08:00,000572.XSHE,9.58,9.98,9.0,9.76,3222361.17,303087.67
2025-12-17 00:00:00+08:00,000572.XSHE,9.75,9.75,9.02,9.1,2058023.13,189673.12
2025-12-18 00:00:00+08:00,000572.XSHE,8.82,8.98,8.19,8.25,2463475.96,208047.99
2025-12-19 00:00:00+08:00,000572.XSHE,8.0,8.81,7.83,8.51,2759919.85,229072.91
2025-12-22 00:00:00+08:00,000572.XSHE,8.44,9.36,8.43,9.36,2822137.82,257696.01
2025-12-23 00:00:00+08:00,000572.XSHE,9.86,10.2,9.15,9.16,4527913.82,436456.79
2025-12-24 00:00:00+08:00,000572.XSHE,9.0,9.26,8.8,8.98,2785734.57,251396.31
2025-12-25 00:00:00+08:00,000572.XSHE,8.94,9.06,8.64,8.7,2031915.42,178084.82
2025-01-02 00:00:00+08:00,000657.XSHE,9.03,9.07,8.68,8.78,157049.97,14232.2
2025-01-03 00:00:00+08:00,000657.XSHE,8.78,8.98,8.54,8.61,189668.44,16915.03
2025-01-06 00:00:00+08:00,000657.XSHE,8.57,8.86,8.53,8.72,140107.4,12451.64
2025-01-07 00:00:00+08:00,000657.XSHE,8.72,8.85,8.62,8.82,106070.46,9446.95
2025-01-08 00:00:00+08:00,000657.XSHE,8.82,8.82,8.34,8.66,148719.42,13043.19
2025-01-09 00:00:00+08:00,000657.XSHE,8.6,9.47,8.59,9.22,379608.61,35299.26
2025-01-10 00:00:00+08:00,000657.XSHE,9.24,9.3,8.94,8.94,198449.88,18350.52
2025-01-13 00:00:00+08:00,000657.XSHE,8.85,9.02,8.81,8.92,131813.25,11959.3
2025-01-14 00:00:00+08:00,000657.XSHE,8.98,9.19,8.9,9.12,179788.99,16611.11
2025-01-15 00:00:00+08:00,000657.XSHE,9.12,9.16,8.95,9.02,119364.63,10959.83
2025-01-16 00:00:00+08:00,000657.XSHE,9.05,9.18,9.0,9.1,126051.22,11675.07
2025-01-17 00:00:00+08:00,000657.XSHE,9.43,9.53,9.19,9.38,306239.28,29088.33
2025-01-20 00:00:00+08:00,000657.XSHE,9.38,9.48,9.34,9.37,158853.89,15188.86
2025-01-21 00:00:00+08:00,000657.XSHE,9.4,9.43,9.16,9.23,113487.39,10676.05
2025-01-22 00:00:00+08:00,000657.XSHE,9.24,9.28,9.12,9.13,123629.96,11529.15
2025-01-23 00:00:00+08:00,000657.XSHE,9.2,9.41,9.14,9.18,156030.4,14766.25
2025-01-24 00:00:00+08:00,000657.XSHE,9.15,9.46,9.12,9.42,187839.92,17808.55
2025-01-27 00:00:00+08:00,000657.XSHE,9.41,9.54,9.3,9.3,117739.12,11284.68
2025-02-05 00:00:00+08:00,000657.XSHE,9.53,9.64,9.42,9.51,169623.7,16450.09
2025-02-06 00:00:00+08:00,000657.XSHE,9.44,9.68,9.44,9.64,168305.83,16363.93
2025-02-07 00:00:00+08:00,000657.XSHE,9.6,9.74,9.57,9.68,185187.52,18176.91
2025-02-10 00:00:00+08:00,000657.XSHE,9.64,9.71,9.53,9.55,192675.4,18774.07
2025-02-11 00:00:00+08:00,000657.XSHE,9.55,9.59,9.43,9.47,125127.08,12071.91
2025-02-12 00:00:00+08:00,000657.XSHE,9.44,9.5,9.29,9.47,138599.86,13270.54
2025-02-13 00:00:00+08:00,000657.XSHE,9.47,9.53,9.33,9.35,127618.35,12197.24
2025-02-14 00:00:00+08:00,000657.XSHE,9.33,9.47,9.3,9.37,94323.88,8988.4
2025-02-17 00:00:00+08:00,000657.XSHE,9.34,9.37,9.21,9.25,160136.81,15089.04
2025-02-18 00:00:00+08:00,000657.XSHE,9.24,9.49,9.12,9.19,227480.42,21470.25
2025-02-19 00:00:00+08:00,000657.XSHE,9.14,9.42,9.12,9.36,195415.36,18518.23
2025-02-20 00:00:00+08:00,000657.XSHE,9.33,9.47,9.3,9.4,162423.12,15483.3
2025-02-21 00:00:00+08:00,000657.XSHE,9.37,9.55,9.37,9.49,203571.86,19624.78
2025-02-24 00:00:00+08:00,000657.XSHE,9.45,9.5,9.36,9.4,143304.93,13726.24
2025-02-25 00:00:00+08:00,000657.XSHE,9.34,9.43,9.25,9.32,128948.58,12280.51
2025-02-26 00:00:00+08:00,000657.XSHE,9.35,9.59,9.33,9.53,184911.14,17873.23
2025-02-27 00:00:00+08:00,000657.XSHE,9.54,9.56,9.2,9.32,187309.65,17802.82
2025-02-28 00:00:00+08:00,000657.XSHE,9.24,9.29,9.05,9.08,139308.78,12977.81
2025-03-03 00:00:00+08:00,000657.XSHE,9.09,9.45,9.08,9.27,199840.15,18996.25
2025-03-04 00:00:00+08:00,000657.XSHE,9.24,9.43,9.18,9.4,130233.45,12379.51
2025-03-05 00:00:00+08:00,000657.XSHE,9.4,9.47,9.16,9.37,123648.95,11680.6
2025-03-06 00:00:00+08:00,000657.XSHE,9.37,9.63,9.35,9.61,257014.87,24902.38
2025-03-07 00:00:00+08:00,000657.XSHE,9.74,10.59,9.69,10.28,916911.43,95423.66
2025-03-10 00:00:00+08:00,000657.XSHE,10.74,11.0,10.44,10.55,870928.42,94474.4
2025-03-11 00:00:00+08:00,000657.XSHE,10.4,10.88,10.35,10.88,627770.43,68093.49
2025-03-12 00:00:00+08:00,000657.XSHE,10.94,11.14,10.6,10.64,495067.45,54317.47
2025-03-13 00:00:00+08:00,000657.XSHE,10.66,10.84,10.34,10.52,350974.52,37325.19
2025-03-14 00:00:00+08:00,000657.XSHE,10.83,10.95,10.51,10.57,439219.78,47485.39
2025-03-17 00:00:00+08:00,000657.XSHE,10.5,10.51,10.2,10.3,339289.37,35532.3
2025-03-18 00:00:00+08:00,000657.XSHE,10.3,10.51,10.25,10.32,222355.63,23402.87
2025-03-19 00:00:00+08:00,000657.XSHE,10.26,10.32,10.07,10.14,212100.3,21855.15
2025-03-20 00:00:00+08:00,000657.XSHE,10.14,10.23,10.04,10.09,150374.14,15441.39
2025-03-21 00:00:00+08:00,000657.XSHE,10.03,10.23,9.92,9.96,200251.65,20413.69
2025-03-24 00:00:00+08:00,000657.XSHE,9.98,10.13,9.82,10.03,260468.8,26372.98
2025-03-25 00:00:00+08:00,000657.XSHE,9.94,10.14,9.86,10.06,255914.4,26007.25
2025-03-26 00:00:00+08:00,000657.XSHE,10.05,10.29,9.93,9.96,303618.81,31124.89
2025-03-27 00:00:00+08:00,000657.XSHE,9.84,9.93,9.74,9.79,176626.86,17635.51
2025-03-28 00:00:00+08:00,000657.XSHE,9.8,9.86,9.63,9.71,149252.43,14736.46
2025-03-31 00:00:00+08:00,000657.XSHE,9.71,9.88,9.56,9.75,247794.06,24513.35
2025-04-01 00:00:00+08:00,000657.XSHE,9.75,10.02,9.75,9.99,247815.65,24951.81
2025-04-02 00:00:00+08:00,000657.XSHE,9.99,10.05,9.85,9.93,162968.67,16486.29
2025-04-03 00:00:00+08:00,000657.XSHE,9.93,9.99,9.72,9.79,175742.49,17528.88
2025-04-07 00:00:00+08:00,000657.XSHE,9.34,9.44,8.8,8.8,241957.07,22158.25
2025-04-08 00:00:00+08:00,000657.XSHE,8.87,8.9,8.44,8.82,330279.63,29306.68
2025-04-09 00:00:00+08:00,000657.XSHE,8.74,8.94,8.39,8.9,245870.27,21838.94
2025-04-10 00:00:00+08:00,000657.XSHE,9.03,9.29,8.95,8.98,236645.72,21879.57
2025-04-11 00:00:00+08:00,000657.XSHE,9.0,9.12,8.93,8.98,179916.95,16519.0
2025-04-14 00:00:00+08:00,000657.XSHE,9.04,9.43,9.04,9.34,278335.16,26249.09
2025-04-15 00:00:00+08:00,000657.XSHE,9.35,9.36,9.1,9.14,168614.26,15746.77
2025-04-16 00:00:00+08:00,000657.XSHE,9.15,9.19,8.89,9.01,139264.11,12769.43
2025-04-17 00:00:00+08:00,000657.XSHE,8.97,9.08,8.95,8.96,111729.31,10235.28
2025-04-18 00:00:00+08:00,000657.XSHE,8.97,8.98,8.85,8.95,107739.6,9780.73
2025-04-21 00:00:00+08:00,000657.XSHE,8.93,9.39,8.87,9.3,205323.65,19176.86
2025-04-22 00:00:00+08:00,000657.XSHE,9.29,9.62,9.2,9.41,205530.92,19633.79
2025-04-23 00:00:00+08:00,000657.XSHE,9.54,9.68,9.46,9.52,208483.44,20280.38
2025-04-24 00:00:00+08:00,000657.XSHE,9.54,9.57,9.33,9.43,146028.04,13999.6
2025-04-25 00:00:00+08:00,000657.XSHE,9.39,9.87,9.37,9.48,292281.86,28452.34
2025-04-28 00:00:00+08:00,000657.XSHE,9.49,9.54,9.35,9.37,168697.4,16172.23
2025-04-29 00:00:00+08:00,000657.XSHE,9.36,9.52,9.29,9.39,118886.12,11396.75
2025-04-30 00:00:00+08:00,000657.XSHE,9.42,9.47,9.31,9.39,141317.99,13487.17
2025-05-06 00:00:00+08:00,000657.XSHE,9.43,9.78,9.43,9.77,261001.38,25615.31
2025-05-07 00:00:00+08:00,000657.XSHE,9.84,9.88,9.68,9.78,209923.56,20853.1
2025-05-08 00:00:00+08:00,000657.XSHE,9.83,10.02,9.73,9.9,268408.94,26925.6
2025-05-09 00:00:00+08:00,000657.XSHE,9.97,10.5,9.93,10.21,641248.85,66464.91
2025-05-12 00:00:00+08:00,000657.XSHE,10.12,10.58,9.86,10.41,568032.14,59322.42
2025-05-13 00:00:00+08:00,000657.XSHE,10.48,10.5,10.06,10.21,402364.97,41659.72
2025-05-14 00:00:00+08:00,000657.XSHE,10.16,10.53,10.12,10.48,497545.43,52561.74
2025-05-15 00:00:00+08:00,000657.XSHE,10.48,10.72,10.41,10.56,519723.95,55776.61
2025-05-16 00:00:00+08:00,000657.XSHE,10.55,11.63,10.48,11.37,1159473.86,131986.05
2025-05-19 00:00:00+08:00,000657.XSHE,11.44,11.44,10.99,11.0,834403.21,93978.01
2025-05-20 00:00:00+08:00,000657.XSHE,11.0,11.11,10.82,11.04,528418.26,58951.32
2025-05-21 00:00:00+08:00,000657.XSHE,11.04,11.06,10.66,10.89,474416.46,52037.49
2025-05-22 00:00:00+08:00,000657.XSHE,10.84,10.9,10.51,10.52,406186.14,43967.61
2025-05-23 00:00:00+08:00,000657.XSHE,10.5,10.73,10.5,10.52,279692.46,30117.07
2025-05-26 00:00:00+08:00,000657.XSHE,10.51,10.68,10.44,10.49,234234.6,25065.65
2025-05-27 00:00:00+08:00,000657.XSHE,10.51,10.56,10.28,10.34,210375.86,22099.89
2025-05-28 00:00:00+08:00,000657.XSHE,10.34,10.78,10.29,10.6,425592.43,45525.84
2025-05-29 00:00:00+08:00,000657.XSHE,10.79,11.35,10.77,11.18,569932.3,64001.49
2025-05-30 00:00:00+08:00,000657.XSHE,11.13,11.24,10.92,11.15,327150.46,36708.07
2025-06-03 00:00:00+08:00,000657.XSHE,11.16,11.59,10.99,11.47,526187.26,60297.22
2025-06-04 00:00:00+08:00,000657.XSHE,11.48,12.19,11.45,11.88,680273.88,81837.55
2025-06-05 00:00:00+08:00,000657.XSHE,11.94,12.05,11.6,11.76,418897.07,49835.16
2025-06-06 00:00:00+08:00,000657.XSHE,11.85,11.96,11.65,11.83,430465.85,51481.29
2025-06-09 00:00:00+08:00,000657.XSHE,11.89,11.98,11.69,11.85,443707.81,53117.9
2025-06-10 00:00:00+08:00,000657.XSHE,11.79,11.99,11.64,11.8,393184.33,47055.21
2025-06-11 00:00:00+08:00,000657.XSHE,11.79,12.23,11.74,11.87,565980.34,68949.18
2025-06-12 00:00:00+08:00,000657.XSHE,11.87,11.87,11.5,11.75,489122.39,57688.63
2025-06-13 00:00:00+08:00,000657.XSHE,11.76,11.98,11.64,11.83,378679.63,45371.89
2025-06-16 00:00:00+08:00,000657.XSHE,11.89,12.04,11.7,11.88,391608.46,47127.38
2025-06-17 00:00:00+08:00,000657.XSHE,11.8,12.4,11.77,11.87,457504.31,55727.91
2025-06-18 00:00:00+08:00,000657.XSHE,11.74,11.92,11.5,11.89,310419.8,36919.29
2025-06-19 00:00:00+08:00,000657.XSHE,11.87,12.05,11.76,11.78,298531.26,35544.52
2025-06-20 00:00:00+08:00,000657.XSHE,11.81,11.89,11.5,11.55,318518.03,37162.42
2025-06-23 00:00:00+08:00,000657.XSHE,11.49,11.68,11.43,11.61,232939.0,26988.14
2025-06-24 00:00:00+08:00,000657.XSHE,11.58,11.7,11.48,11.57,242253.07,28085.74
2025-06-25 00:00:00+08:00,000657.XSHE,11.57,11.82,11.44,11.56,299249.26,34666.33
2025-06-26 00:00:00+08:00,000657.XSHE,11.59,11.8,11.44,11.45,323725.47,37450.77
2025-06-27 00:00:00+08:00,000657.XSHE,11.53,11.73,11.41,11.56,328279.54,38054.17
2025-06-30 00:00:00+08:00,000657.XSHE,11.6,11.92,11.46,11.86,406951.69,47805.95
2025-07-01 00:00:00+08:00,000657.XSHE,11.83,12.2,11.63,12.15,439851.93,52576.4
2025-07-02 00:00:00+08:00,000657.XSHE,12.25,12.25,11.91,12.13,325292.98,39255.74
2025-07-03 00:00:00+08:00,000657.XSHE,12.13,12.17,11.77,12.0,313167.71,37409.98
2025-07-04 00:00:00+08:00,000657.XSHE,11.92,12.45,11.83,12.07,503330.74,61231.17
2025-07-07 00:00:00+08:00,000657.XSHE,12.05,12.2,11.88,11.99,276107.53,33126.87
2025-07-08 00:00:00+08:00,000657.XSHE,11.94,12.19,11.92,12.07,322479.33,38888.03
2025-07-09 00:00:00+08:00,000657.XSHE,12.07,12.14,11.73,11.94,304170.93,36327.02
2025-07-10 00:00:00+08:00,000657.XSHE,11.98,12.19,11.88,12.08,318304.33,38333.0
2025-07-11 00:00:00+08:00,000657.XSHE,12.13,12.78,12.06,12.46,656686.72,81681.12
2025-07-14 00:00:00+08:00,000657.XSHE,12.6,12.83,12.4,12.68,540070.57,68028.26
2025-07-15 00:00:00+08:00,000657.XSHE,12.57,12.76,12.32,12.56,413299.27,51803.8
2025-07-16 00:00:00+08:00,000657.XSHE,12.57,13.29,12.57,13.05,613127.81,79871.4
2025-07-17 00:00:00+08:00,000657.XSHE,13.03,13.42,12.89,13.2,482307.19,63338.8
2025-07-18 00:00:00+08:00,000657.XSHE,13.29,13.88,13.17,13.61,670374.47,90430.93
2025-07-21 00:00:00+08:00,000657.XSHE,13.77,14.0,13.52,13.87,595243.11,82156.33
2025-07-22 00:00:00+08:00,000657.XSHE,14.47,15.26,14.11,15.26,778339.38,116507.5
2025-07-23 00:00:00+08:00,000657.XSHE,16.0,16.79,15.35,16.18,1905328.58,307590.59
2025-07-24 00:00:00+08:00,000657.XSHE,16.51,17.8,16.01,17.8,2122693.87,365710.62
2025-07-25 00:00:00+08:00,000657.XSHE,18.13,19.58,18.0,19.08,2537344.33,482838.35
2025-07-28 00:00:00+08:00,000657.XSHE,18.58,18.91,17.41,18.01,2103841.73,380290.26
2025-07-29 00:00:00+08:00,000657.XSHE,18.3,19.35,17.86,19.0,2186892.01,404141.13
2025-07-30 00:00:00+08:00,000657.XSHE,18.62,18.73,17.1,17.1,1953398.46,343915.27
2025-07-31 00:00:00+08:00,000657.XSHE,16.66,16.89,16.06,16.11,1658767.73,271827.41
2025-08-01 00:00:00+08:00,000657.XSHE,16.06,16.15,15.72,15.84,956954.69,152030.9
2025-08-04 00:00:00+08:00,000657.XSHE,15.78,15.96,15.7,15.76,648639.65,102396.36
2025-08-05 00:00:00+08:00,000657.XSHE,15.8,16.05,15.59,15.79,905117.89,143017.18
2025-08-06 00:00:00+08:00,000657.XSHE,15.78,16.4,15.69,16.12,1099601.88,176478.41
2025-08-07 00:00:00+08:00,000657.XSHE,16.03,16.48,15.58,16.18,1150370.76,184162.64
2025-08-08 00:00:00+08:00,000657.XSHE,15.9,16.78,15.83,16.46,1247128.37,204812.4
2025-08-11 00:00:00+08:00,000657.XSHE,16.47,16.88,16.05,16.62,964377.35,158863.47
2025-08-12 00:00:00+08:00,000657.XSHE,16.82,16.95,16.31,16.59,845674.24,140217.29
2025-08-13 00:00:00+08:00,000657.XSHE,16.65,17.1,16.51,16.98,1086045.71,182997.97
2025-08-14 00:00:00+08:00,000657.XSHE,17.0,17.94,16.91,17.2,1208583.4,210760.52
2025-08-15 00:00:00+08:00,000657.XSHE,16.91,18.0,16.91,17.84,989632.61,174031.95
2025-08-18 00:00:00+08:00,000657.XSHE,18.04,18.48,17.35,18.09,1158270.01,207156.72
2025-08-19 00:00:00+08:00,000657.XSHE,18.02,19.9,17.91,19.1,1673478.71,318202.33
2025-08-20 00:00:00+08:00,000657.XSHE,19.44,20.29,18.91,19.17,1539343.31,300426.21
2025-08-21 00:00:00+08:00,000657.XSHE,19.18,20.08,18.1,18.21,1610768.12,305099.01
2025-08-22 00:00:00+08:00,000657.XSHE,18.26,19.23,18.26,18.75,1399093.35,263135.05
2025-08-25 00:00:00+08:00,000657.XSHE,19.1,19.58,18.63,19.17,1474198.01,281158.38
2025-08-26 00:00:00+08:00,000657.XSHE,19.07,19.87,18.55,19.36,1158217.32,221529.66
2025-08-27 00:00:00+08:00,000657.XSHE,19.4,20.68,19.25,19.62,1506026.0,299688.0
2025-08-28 00:00:00+08:00,000657.XSHE,19.66,19.95,18.86,19.62,1235232.19,240459.05
2025-08-29 00:00:00+08:00,000657.XSHE,19.9,21.28,19.6,20.68,1469012.37,300517.07
2025-09-01 00:00:00+08:00,000657.XSHE,21.0,21.9,20.5,21.83,1375217.89,292186.49
2025-09-02 00:00:00+08:00,000657.XSHE,22.29,22.29,20.8,21.34,1214468.74,260432.89
2025-09-03 00:00:00+08:00,000657.XSHE,21.45,21.58,19.77,19.99,993990.21,204027.98
2025-09-04 00:00:00+08:00,000657.XSHE,19.9,20.31,18.38,18.76,1097644.25,211344.28
2025-09-05 00:00:00+08:00,000657.XSHE,18.69,19.29,18.6,19.27,739157.51,141024.79
2025-09-08 00:00:00+08:00,000657.XSHE,20.0,20.45,19.68,19.79,912025.32,182493.61
2025-09-09 00:00:00+08:00,000657.XSHE,19.64,20.24,19.21,19.33,764663.19,150239.04
2025-09-10 00:00:00+08:00,000657.XSHE,19.06,19.45,18.56,18.8,634808.54,119948.65
2025-09-11 00:00:00+08:00,000657.XSHE,18.71,19.79,18.62,19.53,654948.71,126635.98
2025-09-12 00:00:00+08:00,000657.XSHE,19.53,19.99,19.35,19.79,622998.71,122997.84
2025-09-15 00:00:00+08:00,000657.XSHE,19.79,19.79,19.0,19.11,571005.41,109770.21
2025-09-16 00:00:00+08:00,000657.XSHE,19.09,19.18,17.91,18.52,753701.36,138571.35
2025-09-17 00:00:00+08:00,000657.XSHE,18.31,18.9,18.16,18.82,453094.59,84400.6
2025-09-18 00:00:00+08:00,000657.XSHE,18.54,18.8,17.9,18.15,565830.99,103912.72
2025-09-19 00:00:00+08:00,000657.XSHE,18.09,18.37,17.91,18.02,370765.97,67285.16
2025-09-22 00:00:00+08:00,000657.XSHE,18.1,18.25,17.62,17.98,371175.32,66391.08
2025-09-23 00:00:00+08:00,000657.XSHE,17.98,18.22,16.98,17.35,427852.34,74625.88
2025-09-24 00:00:00+08:00,000657.XSHE,17.26,17.7,17.23,17.49,287047.08,50160.41
2025-09-25 00:00:00+08:00,000657.XSHE,17.68,17.95,17.41,17.81,443674.31,78621.05
2025-09-26 00:00:00+08:00,000657.XSHE,18.11,18.86,17.95,18.42,839631.0,155159.0
2025-09-29 00:00:00+08:00,000657.XSHE,18.73,18.81,17.83,18.35,585714.05,107092.93
2025-09-30 00:00:00+08:00,000657.XSHE,18.38,18.88,18.38,18.63,486040.67,90703.86
2025-10-09 00:00:00+08:00,000657.XSHE,19.08,19.6,18.85,19.57,628377.55,121376.74
2025-10-10 00:00:00+08:00,000657.XSHE,19.6,19.6,18.6,18.63,534803.81,101510.31
2025-10-13 00:00:00+08:00,000657.XSHE,17.94,19.8,17.85,19.53,660591.8,125896.34
2025-10-14 00:00:00+08:00,000657.XSHE,19.65,20.12,18.69,18.93,666077.91,129587.11
2025-10-15 00:00:00+08:00,000657.XSHE,18.76,18.94,18.03,18.45,417859.92,76725.66
2025-10-16 00:00:00+08:00,000657.XSHE,18.12,18.22,16.8,17.13,1050720.83,181461.47
2025-10-17 00:00:00+08:00,000657.XSHE,16.87,17.06,16.3,16.32,585898.99,96965.72
2025-10-20 00:00:00+08:00,000657.XSHE,16.48,16.74,16.35,16.64,348407.53,57795.7
2025-10-21 00:00:00+08:00,000657.XSHE,16.85,17.59,16.77,17.52,580305.43,100313.47
2025-10-22 00:00:00+08:00,000657.XSHE,17.29,18.5,17.04,18.14,830791.83,148988.28
2025-10-23 00:00:00+08:00,000657.XSHE,18.0,18.74,18.0,18.61,784150.85,144235.37
2025-10-24 00:00:00+08:00,000657.XSHE,18.85,19.35,18.7,18.95,802076.89,152580.36
2025-10-27 00:00:00+08:00,000657.XSHE,19.6,20.85,19.6,20.46,1554776.11,317720.82
2025-10-28 00:00:00+08:00,000657.XSHE,21.48,22.51,21.3,22.51,1463666.34,323233.01
2025-10-29 00:00:00+08:00,000657.XSHE,23.97,24.76,23.95,24.76,725996.44,178023.01
2025-10-30 00:00:00+08:00,000657.XSHE,26.24,26.87,25.31,26.01,2781139.54,722113.26
2025-10-31 00:00:00+08:00,000657.XSHE,26.01,26.15,23.41,23.41,1376769.56,332351.85
2025-11-03 00:00:00+08:00,000657.XSHE,23.0,23.29,22.15,22.75,1642588.35,372954.91
2025-11-04 00:00:00+08:00,000657.XSHE,23.03,23.26,22.61,22.77,1156322.1,264870.81
2025-11-05 00:00:00+08:00,000657.XSHE,22.31,25.05,22.26,25.05,1759267.72,417574.87
2025-11-06 00:00:00+08:00,000657.XSHE,25.1,25.4,24.4,25.1,1597190.33,398507.28
2025-11-07 00:00:00+08:00,000657.XSHE,24.71,25.31,24.4,24.7,1162048.36,287937.25
2025-11-10 00:00:00+08:00,000657.XSHE,24.5,24.67,22.87,23.19,1273670.25,296694.28
2025-11-11 00:00:00+08:00,000657.XSHE,23.56,23.77,22.14,22.3,1091343.12,246019.99
2025-11-12 00:00:00+08:00,000657.XSHE,23.0,23.44,22.36,22.76,1275319.38,291723.39
2025-11-13 00:00:00+08:00,000657.XSHE,22.3,23.35,22.18,22.56,1172680.73,267370.82
2025-11-14 00:00:00+08:00,000657.XSHE,22.19,23.35,21.66,22.59,1059087.58,240413.72
2025-11-17 00:00:00+08:00,000657.XSHE,22.36,23.34,22.29,22.82,785792.59,179991.07
2025-11-18 00:00:00+08:00,000657.XSHE,22.82,23.88,22.45,23.06,1298641.3,303025.89
2025-11-19 00:00:00+08:00,000657.XSHE,22.87,23.25,21.87,22.26,999019.21,223252.59
2025-11-20 00:00:00+08:00,000657.XSHE,22.6,23.2,22.4,22.46,683281.28,155490.56
2025-11-21 00:00:00+08:00,000657.XSHE,22.0,22.32,20.94,20.99,797246.3,170935.57
2025-11-24 00:00:00+08:00,000657.XSHE,20.99,21.95,20.98,21.66,651389.8,140664.18
2025-11-25 00:00:00+08:00,000657.XSHE,21.97,22.48,21.7,22.01,561627.42,124223.14
2025-11-26 00:00:00+08:00,000657.XSHE,22.32,22.5,21.76,22.03,506718.7,112180.78
2025-11-27 00:00:00+08:00,000657.XSHE,22.08,22.44,21.35,21.4,585349.55,128047.08
2025-11-28 00:00:00+08:00,000657.XSHE,21.33,22.57,21.2,22.2,587872.34,128852.34
2025-12-01 00:00:00+08:00,000657.XSHE,22.48,22.65,21.85,22.05,537060.54,119189.95
2025-12-02 00:00:00+08:00,000657.XSHE,22.05,22.72,21.92,22.15,548724.04,122320.77
2025-12-03 00:00:00+08:00,000657.XSHE,22.01,22.59,21.97,22.22,590988.11,131744.59
2025-12-04 00:00:00+08:00,000657.XSHE,22.25,22.68,21.96,22.28,753812.77,168418.45
2025-12-05 00:00:00+08:00,000657.XSHE,22.23,23.49,22.17,23.2,1093408.22,252484.55
2025-12-08 00:00:00+08:00,000657.XSHE,23.37,24.22,23.19,24.11,1092205.89,259756.54
2025-12-09 00:00:00+08:00,000657.XSHE,23.87,25.28,23.62,24.8,1090580.59,267111.6
2025-12-10 00:00:00+08:00,000657.XSHE,24.58,24.99,23.66,24.72,834862.35,203051.01
2025-12-11 00:00:00+08:00,000657.XSHE,25.05,25.15,24.21,24.3,673668.7,165609.41
2025-12-12 00:00:00+08:00,000657.XSHE,24.65,24.9,23.63,24.9,959763.09,233311.59
2025-12-15 00:00:00+08:00,000657.XSHE,24.81,25.6,24.71,25.21,750719.45,189044.88
2025-12-16 00:00:00+08:00,000657.XSHE,25.5,26.61,25.15,26.05,1038250.29,269084.74
2025-12-17 00:00:00+08:00,000657.XSHE,26.17,28.66,25.46,28.51,1683828.69,463003.15
2025-12-18 00:00:00+08:00,000657.XSHE,28.12,28.4,27.17,27.21,1155094.38,320371.02
2025-12-19 00:00:00+08:00,000657.XSHE,27.36,28.11,27.01,27.3,743647.17,204327.58
2025-12-22 00:00:00+08:00,000657.XSHE,27.8,30.0,27.56,29.64,1326230.63,385431.34
2025-12-23 00:00:00+08:00,000657.XSHE,29.51,32.18,29.15,31.06,1469862.79,451868.77
2025-12-24 00:00:00+08:00,000657.XSHE,31.01,31.12,28.81,29.41,1391980.02,410449.46
2025-12-25 00:00:00+08:00,000657.XSHE,28.89,29.35,28.48,28.82,857756.67,247298.2
2025-01-02 00:00:00+08:00,000735.XSHE,6.67,6.79,6.27,6.36,410950.03,26972.33
2025-01-03 00:00:00+08:00,000735.XSHE,6.35,6.39,5.92,5.95,359414.04,22017.75
2025-01-06 00:00:00+08:00,000735.XSHE,5.95,6.0,5.76,5.91,225673.01,13359.01
2025-01-07 00:00:00+08:00,000735.XSHE,5.95,6.03,5.88,6.01,177180.0,10610.85
2025-01-08 00:00:00+08:00,000735.XSHE,5.97,6.0,5.74,5.93,253516.01,14924.26
2025-01-09 00:00:00+08:00,000735.XSHE,5.89,6.01,5.85,5.96,205607.0,12274.76
2025-01-10 00:00:00+08:00,000735.XSHE,5.97,5.97,5.74,5.74,178390.8,10459.19
2025-01-13 00:00:00+08:00,000735.XSHE,5.68,5.78,5.56,5.75,163134.47,9323.03
2025-01-14 00:00:00+08:00,000735.XSHE,5.77,6.02,5.77,6.01,224599.87,13331.47
2025-01-15 00:00:00+08:00,000735.XSHE,6.01,6.09,5.94,6.06,204225.0,12344.81
2025-01-16 00:00:00+08:00,000735.XSHE,6.08,6.2,6.02,6.12,222988.01,13674.64
2025-01-17 00:00:00+08:00,000735.XSHE,6.1,6.12,6.01,6.09,135925.42,8280.07
2025-01-20 00:00:00+08:00,000735.XSHE,6.15,6.2,6.06,6.12,148082.06,9119.56
2025-01-21 00:00:00+08:00,000735.XSHE,6.13,6.16,6.03,6.12,179218.63,10954.26
2025-01-22 00:00:00+08:00,000735.XSHE,6.08,6.09,5.97,6.01,152111.0,9164.73
2025-01-23 00:00:00+08:00,000735.XSHE,6.07,6.16,5.99,6.0,191626.72,11686.03
2025-01-24 00:00:00+08:00,000735.XSHE,5.98,6.04,5.92,6.02,157916.0,9477.5
2025-01-27 00:00:00+08:00,000735.XSHE,6.07,6.33,6.07,6.11,276327.0,17160.64
2025-02-05 00:00:00+08:00,000735.XSHE,6.11,6.24,6.05,6.17,228346.5,14118.7
2025-02-06 00:00:00+08:00,000735.XSHE,6.18,6.2,6.0,6.2,239682.1,14691.54
2025-02-07 00:00:00+08:00,000735.XSHE,6.17,6.41,6.14,6.32,335761.64,21298.3
2025-02-10 00:00:00+08:00,000735.XSHE,6.3,6.39,6.28,6.32,239622.8,15211.24
2025-02-11 00:00:00+08:00,000735.XSHE,6.32,6.34,6.15,6.19,201890.09,12550.22
2025-02-12 00:00:00+08:00,000735.XSHE,6.19,6.25,6.17,6.23,185661.0,11561.82
2025-02-13 00:00:00+08:00,000735.XSHE,6.2,6.35,6.18,6.26,344750.31,21737.59
2025-02-14 00:00:00+08:00,000735.XSHE,6.24,6.27,6.13,6.15,270781.91,16779.13
2025-02-17 00:00:00+08:00,000735.XSHE,6.13,6.2,6.09,6.17,240529.91,14828.72
2025-02-18 00:00:00+08:00,000735.XSHE,6.17,6.18,5.94,5.98,257460.0,15607.81
2025-02-19 00:00:00+08:00,000735.XSHE,5.96,6.1,5.95,6.07,228051.0,13774.66
2025-02-20 00:00:00+08:00,000735.XSHE,6.07,6.11,6.01,6.02,214879.32,13045.12
2025-02-21 00:00:00+08:00,000735.XSHE,6.02,6.15,5.98,6.07,236385.34,14342.69
2025-02-24 00:00:00+08:00,000735.XSHE,6.13,6.28,6.13,6.21,515140.8,32086.9
2025-02-25 00:00:00+08:00,000735.XSHE,6.16,6.16,6.0,6.03,348761.66,21157.07
2025-02-26 00:00:00+08:00,000735.XSHE,6.01,6.07,5.99,6.05,214443.59,12970.56
2025-02-27 00:00:00+08:00,000735.XSHE,6.05,6.44,6.02,6.33,763693.48,48405.97
2025-02-28 00:00:00+08:00,000735.XSHE,6.27,6.34,6.1,6.12,425629.99,26337.97
2025-03-03 00:00:00+08:00,000735.XSHE,6.13,6.36,6.11,6.14,361472.52,22534.63
2025-03-04 00:00:00+08:00,000735.XSHE,6.12,6.21,6.01,6.21,269212.05,16521.62
2025-03-05 00:00:00+08:00,000735.XSHE,6.22,6.28,6.08,6.16,255025.22,15704.3
2025-03-06 00:00:00+08:00,000735.XSHE,6.18,6.41,6.14,6.31,575679.33,36520.44
2025-03-07 00:00:00+08:00,000735.XSHE,6.29,6.31,6.16,6.18,334489.09,20811.32
2025-03-10 00:00:00+08:00,000735.XSHE,6.3,6.54,6.3,6.48,754084.1,48726.59
2025-03-11 00:00:00+08:00,000735.XSHE,6.35,6.53,6.35,6.48,514976.48,33358.2
2025-03-12 00:00:00+08:00,000735.XSHE,6.45,6.49,6.36,6.39,379127.36,24298.72
2025-03-13 00:00:00+08:00,000735.XSHE,6.39,6.42,6.26,6.31,278482.84,17642.9
2025-03-14 00:00:00+08:00,000735.XSHE,6.33,6.4,6.31,6.4,323544.31,20633.0
2025-03-17 00:00:00+08:00,000735.XSHE,6.45,6.68,6.41,6.65,665102.66,43882.4
2025-03-18 00:00:00+08:00,000735.XSHE,6.68,6.69,6.54,6.65,368006.1,24449.66
2025-03-19 00:00:00+08:00,000735.XSHE,6.65,6.79,6.58,6.72,420071.11,28228.78
2025-03-20 00:00:00+08:00,000735.XSHE,6.72,6.78,6.6,6.66,339847.26,22747.46
2025-03-21 00:00:00+08:00,000735.XSHE,6.62,6.76,6.52,6.55,346140.75,23022.11
2025-03-24 00:00:00+08:00,000735.XSHE,6.55,6.58,6.2,6.35,395693.13,25188.82
2025-03-25 00:00:00+08:00,000735.XSHE,6.35,6.35,6.24,6.3,194646.3,12268.7
2025-03-26 00:00:00+08:00,000735.XSHE,6.26,6.43,6.26,6.33,266078.0,17007.62
2025-03-27 00:00:00+08:00,000735.XSHE,6.3,6.34,6.18,6.23,205311.7,12867.85
2025-03-28 00:00:00+08:00,000735.XSHE,6.23,6.28,6.08,6.11,229456.46,14188.9
2025-03-31 00:00:00+08:00,000735.XSHE,6.08,6.1,5.93,6.01,198748.59,11979.66
2025-04-01 00:00:00+08:00,000735.XSHE,6.03,6.09,6.01,6.06,126972.59,7710.0
2025-04-02 00:00:00+08:00,000735.XSHE,6.07,6.08,6.03,6.07,110557.34,6719.64
2025-04-03 00:00:00+08:00,000735.XSHE,6.03,6.21,5.99,6.16,251081.43,15477.83
2025-04-07 00:00:00+08:00,000735.XSHE,6.06,6.47,5.7,5.88,1006062.65,62493.93
2025-04-08 00:00:00+08:00,000735.XSHE,5.84,6.47,5.83,6.47,1103644.06,68960.28
2025-04-09 00:00:00+08:00,000735.XSHE,6.53,7.1,6.32,6.8,1562017.22,104008.74
2025-04-10 00:00:00+08:00,000735.XSHE,6.53,6.87,6.5,6.68,1214718.62,82134.48
2025-04-11 00:00:00+08:00,000735.XSHE,6.69,6.76,6.42,6.56,674097.96,44273.21
2025-04-14 00:00:00+08:00,000735.XSHE,6.76,6.92,6.53,6.85,1078686.55,73022.52
2025-04-15 00:00:00+08:00,000735.XSHE,6.77,6.78,6.58,6.67,641176.31,42825.7
2025-04-16 00:00:00+08:00,000735.XSHE,6.59,6.61,6.34,6.48,519798.61,33800.27
2025-04-17 00:00:00+08:00,000735.XSHE,6.43,6.61,6.39,6.54,410840.63,26853.77
2025-04-18 00:00:00+08:00,000735.XSHE,6.53,6.54,6.35,6.41,334496.01,21521.13
2025-04-21 00:00:00+08:00,000735.XSHE,6.35,6.42,6.21,6.42,370554.01,23482.12
2025-04-22 00:00:00+08:00,000735.XSHE,6.38,6.54,6.35,6.36,380483.01,24570.32
2025-04-23 00:00:00+08:00,000735.XSHE,6.36,6.44,6.25,6.25,338117.01,21443.42
2025-04-24 00:00:00+08:00,000735.XSHE,6.23,6.31,6.16,6.17,274020.44,17079.88
2025-04-25 00:00:00+08:00,000735.XSHE,6.22,6.23,6.16,6.17,169512.8,10529.15
2025-04-28 00:00:00+08:00,000735.XSHE,6.06,6.07,5.89,5.91,334980.01,19981.55
2025-04-29 00:00:00+08:00,000735.XSHE,5.89,5.96,5.88,5.9,170652.82,10133.72
2025-04-30 00:00:00+08:00,000735.XSHE,5.9,5.94,5.88,5.89,165143.1,9787.17
2025-05-06 00:00:00+08:00,000735.XSHE,5.91,5.97,5.91,5.96,195826.1,11678.33
2025-05-07 00:00:00+08:00,000735.XSHE,6.02,6.07,5.98,6.03,256352.24,15480.97
2025-05-08 00:00:00+08:00,000735.XSHE,6.03,6.06,5.97,6.05,172504.01,10442.79
2025-05-09 00:00:00+08:00,000735.XSHE,6.03,6.06,5.95,5.99,146312.57,8789.8
2025-05-12 00:00:00+08:00,000735.XSHE,6.0,6.03,5.94,5.97,168023.19,10049.53
2025-05-13 00:00:00+08:00,000735.XSHE,6.01,6.02,5.96,5.98,127584.58,7659.63
2025-05-14 00:00:00+08:00,000735.XSHE,5.98,6.01,5.93,6.0,129098.85,7737.05
2025-05-15 00:00:00+08:00,000735.XSHE,5.98,6.0,5.95,5.96,93470.74,5594.96
2025-05-16 00:00:00+08:00,000735.XSHE,5.95,5.96,5.91,5.93,104450.24,6216.0
2025-05-19 00:00:00+08:00,000735.XSHE,5.93,5.95,5.87,5.91,149579.31,8863.72
2025-05-20 00:00:00+08:00,000735.XSHE,5.94,5.97,5.9,5.94,207232.01,12329.87
2025-05-21 00:00:00+08:00,000735.XSHE,5.94,5.95,5.88,5.88,152030.01,9004.35
2025-05-22 00:00:00+08:00,000735.XSHE,5.89,5.9,5.75,5.77,230166.37,13405.84
2025-05-23 00:00:00+08:00,000735.XSHE,5.74,5.79,5.72,5.74,121227.02,7004.79
2025-05-26 00:00:00+08:00,000735.XSHE,5.74,5.77,5.63,5.66,217638.04,12412.66
2025-05-27 00:00:00+08:00,000735.XSHE,5.66,5.68,5.61,5.64,136311.6,7712.5
2025-05-28 00:00:00+08:00,000735.XSHE,5.63,5.64,5.46,5.52,285951.02,15824.95
2025-05-29 00:00:00+08:00,000735.XSHE,5.49,5.57,5.47,5.57,146772.84,8156.97
2025-05-30 00:00:00+08:00,000735.XSHE,5.56,5.72,5.54,5.63,260405.46,14772.14
2025-06-03 00:00:00+08:00,000735.XSHE,5.58,5.65,5.5,5.62,149007.45,8379.03
2025-06-04 00:00:00+08:00,000735.XSHE,5.58,5.66,5.54,5.65,153085.79,8613.21
2025-06-05 00:00:00+08:00,000735.XSHE,5.63,5.65,5.56,5.6,136329.5,7656.4
2025-06-06 00:00:00+08:00,000735.XSHE,5.83,6.16,5.8,6.07,1248257.15,75523.67
2025-06-09 00:00:00+08:00,000735.XSHE,5.93,5.95,5.83,5.87,731191.58,43251.01
2025-06-10 00:00:00+08:00,000735.XSHE,5.87,5.95,5.81,5.89,428446.93,25246.95
2025-06-11 00:00:00+08:00,000735.XSHE,5.88,5.99,5.85,5.92,336840.58,20017.84
2025-06-12 00:00:00+08:00,000735.XSHE,5.86,5.95,5.83,5.88,242325.43,14257.55
2025-06-13 00:00:00+08:00,000735.XSHE,5.84,6.33,5.77,5.98,603496.57,36345.86
2025-06-16 00:00:00+08:00,000735.XSHE,5.97,6.07,5.89,6.04,349644.17,21015.67
2025-06-17 00:00:00+08:00,000735.XSHE,6.02,6.12,6.01,6.07,313745.36,19083.51
2025-06-18 00:00:00+08:00,000735.XSHE,6.01,6.12,5.96,5.97,391639.01,23737.29
2025-06-19 00:00:00+08:00,000735.XSHE,5.92,5.97,5.82,5.84,233101.76,13761.99
2025-06-20 00:00:00+08:00,000735.XSHE,5.86,5.95,5.83,5.85,207912.99,12274.98
2025-06-23 00:00:00+08:00,000735.XSHE,5.8,5.89,5.73,5.88,163742.57,9578.88
2025-06-24 00:00:00+08:00,000735.XSHE,5.87,5.95,5.87,5.95,184694.36,10963.3
2025-06-25 00:00:00+08:00,000735.XSHE,5.94,6.06,5.92,6.0,253273.71,15228.7
2025-06-26 00:00:00+08:00,000735.XSHE,5.99,6.1,5.93,6.07,409742.47,24802.31
2025-06-27 00:00:00+08:00,000735.XSHE,6.07,6.09,5.99,6.0,241147.01,14603.54
2025-06-30 00:00:00+08:00,000735.XSHE,6.01,6.17,5.99,6.15,350064.74,21411.52
2025-07-01 00:00:00+08:00,000735.XSHE,6.17,6.17,6.06,6.11,239985.13,14679.64
2025-07-02 00:00:00+08:00,000735.XSHE,6.11,6.14,6.05,6.08,207697.0,12691.37
2025-07-03 00:00:00+08:00,000735.XSHE,6.1,6.14,6.08,6.1,201247.0,12327.93
2025-07-04 00:00:00+08:00,000735.XSHE,6.1,6.24,6.08,6.16,450849.66,27935.52
2025-07-07 00:00:00+08:00,000735.XSHE,6.12,6.15,6.06,6.11,210017.0,12863.77
2025-07-08 00:00:00+08:00,000735.XSHE,6.1,6.23,6.08,6.23,299150.59,18568.09
2025-07-09 00:00:00+08:00,000735.XSHE,6.23,6.27,6.17,6.18,219455.1,13705.91
2025-07-10 00:00:00+08:00,000735.XSHE,6.2,6.26,6.16,6.2,209051.19,12990.49
2025-07-11 00:00:00+08:00,000735.XSHE,6.19,6.26,6.11,6.19,282213.13,17500.53
2025-07-14 00:00:00+08:00,000735.XSHE,6.16,6.24,6.14,6.17,201667.0,12488.75
2025-07-15 00:00:00+08:00,000735.XSHE,6.12,6.12,5.96,5.99,297628.0,17986.66
2025-07-16 00:00:00+08:00,000735.XSHE,5.98,6.35,5.97,6.2,509807.8,31726.8
2025-07-17 00:00:00+08:00,000735.XSHE,6.19,6.38,6.19,6.32,431987.06,27318.12
2025-07-18 00:00:00+08:00,000735.XSHE,6.34,6.45,6.25,6.41,405674.41,25831.92
2025-07-21 00:00:00+08:00,000735.XSHE,6.41,6.78,6.36,6.6,738499.22,48839.96
2025-07-22 00:00:00+08:00,000735.XSHE,6.69,6.9,6.5,6.82,977450.06,65745.02
2025-07-23 00:00:00+08:00,000735.XSHE,6.89,6.93,6.38,6.4,1157692.27,76108.52
2025-07-24 00:00:00+08:00,000735.XSHE,6.44,7.04,6.44,7.04,1132268.42,77292.01
2025-07-25 00:00:00+08:00,000735.XSHE,7.05,7.05,6.64,6.65,1224039.85,82563.71
2025-07-28 00:00:00+08:00,000735.XSHE,6.7,6.7,6.53,6.55,508113.14,33537.03
2025-07-29 00:00:00+08:00,000735.XSHE,6.59,6.6,6.44,6.51,383628.61,24978.91
2025-07-30 00:00:00+08:00,000735.XSHE,6.48,6.55,6.42,6.47,362485.59,23535.03
2025-07-31 00:00:00+08:00,000735.XSHE,6.47,6.48,6.29,6.32,371451.42,23643.47
2025-08-01 00:00:00+08:00,000735.XSHE,6.31,6.35,6.27,6.29,206244.27,13015.37
2025-08-04 00:00:00+08:00,000735.XSHE,6.28,6.32,6.23,6.3,178295.37,11216.99
2025-08-05 00:00:00+08:00,000735.XSHE,6.32,6.35,6.29,6.32,202912.81,12823.52
2025-08-06 00:00:00+08:00,000735.XSHE,6.31,6.34,6.25,6.33,204351.1,12851.76
2025-08-07 00:00:00+08:00,000735.XSHE,6.33,6.36,6.28,6.29,171784.01,10833.95
2025-08-08 00:00:00+08:00,000735.XSHE,6.3,6.38,6.27,6.36,281370.56,17815.23
2025-08-11 00:00:00+08:00,000735.XSHE,6.4,6.41,6.34,6.39,192327.34,12278.83
2025-08-12 00:00:00+08:00,000735.XSHE,6.38,6.43,6.37,6.39,176093.93,11257.77
2025-08-13 00:00:00+08:00,000735.XSHE,6.39,6.42,6.34,6.39,214142.87,13649.2
2025-08-14 00:00:00+08:00,000735.XSHE,6.38,6.4,6.25,6.26,259414.79,16398.84
2025-08-15 00:00:00+08:00,000735.XSHE,6.26,6.31,6.25,6.31,165098.92,10391.29
2025-08-18 00:00:00+08:00,000735.XSHE,6.3,6.41,6.28,6.37,274144.76,17465.47
2025-08-19 00:00:00+08:00,000735.XSHE,6.35,6.41,6.34,6.37,263594.02,16800.38
2025-08-20 00:00:00+08:00,000735.XSHE,6.33,6.38,6.31,6.38,193617.06,12297.64
2025-08-21 00:00:00+08:00,000735.XSHE,6.41,6.47,6.37,6.44,316891.39,20368.6
2025-08-22 00:00:00+08:00,000735.XSHE,6.47,6.49,6.4,6.44,254171.62,16340.18
2025-08-25 00:00:00+08:00,000735.XSHE,6.44,6.45,6.37,6.45,294333.01,18898.37
2025-08-26 00:00:00+08:00,000735.XSHE,6.44,6.54,6.4,6.5,366643.62,23760.89
2025-08-27 00:00:00+08:00,000735.XSHE,6.47,6.49,6.34,6.35,329921.0,21192.0
2025-08-28 00:00:00+08:00,000735.XSHE,6.35,6.43,6.19,6.33,283050.02,17880.83
2025-08-29 00:00:00+08:00,000735.XSHE,6.33,6.41,6.3,6.33,193151.2,12281.32
2025-09-01 00:00:00+08:00,000735.XSHE,6.31,6.36,6.26,6.31,154374.7,9744.91
2025-09-02 00:00:00+08:00,000735.XSHE,6.31,6.32,6.21,6.28,221845.79,13907.59
2025-09-03 00:00:00+08:00,000735.XSHE,6.28,6.31,6.12,6.13,169618.19,10511.32
2025-09-04 00:00:00+08:00,000735.XSHE,6.16,6.23,6.12,6.18,160431.77,9914.47
2025-09-05 00:00:00+08:00,000735.XSHE,6.2,6.23,6.09,6.22,156720.42,9688.85
2025-09-08 00:00:00+08:00,000735.XSHE,6.23,6.39,6.23,6.31,213357.96,13491.71
2025-09-09 00:00:00+08:00,000735.XSHE,6.31,6.32,6.24,6.26,127685.15,8017.28
2025-09-10 00:00:00+08:00,000735.XSHE,6.27,6.5,6.24,6.38,316753.37,20186.11
2025-09-11 00:00:00+08:00,000735.XSHE,6.37,6.49,6.35,6.41,353416.25,22664.57
2025-09-12 00:00:00+08:00,000735.XSHE,6.39,6.64,6.38,6.54,562317.17,36708.05
2025-09-15 00:00:00+08:00,000735.XSHE,6.52,6.65,6.47,6.59,407339.02,26733.6
2025-09-16 00:00:00+08:00,000735.XSHE,6.57,6.66,6.47,6.62,377932.19,24777.96
2025-09-17 00:00:00+08:00,000735.XSHE,6.61,6.63,6.49,6.51,223689.45,14600.37
2025-09-18 00:00:00+08:00,000735.XSHE,6.49,6.59,6.42,6.46,299499.87,19501.25
2025-09-19 00:00:00+08:00,000735.XSHE,6.46,6.49,6.36,6.48,214982.01,13813.72
2025-09-22 00:00:00+08:00,000735.XSHE,6.45,6.45,6.32,6.39,179849.04,11457.6
2025-09-23 00:00:00+08:00,000735.XSHE,6.36,6.37,6.17,6.23,223326.36,13915.56
2025-09-24 00:00:00+08:00,000735.XSHE,6.24,6.34,6.2,6.33,119347.2,7520.72
2025-09-25 00:00:00+08:00,000735.XSHE,6.33,6.35,6.25,6.28,125866.01,7919.54
2025-09-26 00:00:00+08:00,000735.XSHE,6.27,6.37,6.24,6.29,138251.0,8724.0
2025-09-29 00:00:00+08:00,000735.XSHE,6.25,6.37,6.18,6.36,182175.04,11475.98
2025-09-30 00:00:00+08:00,000735.XSHE,6.33,6.49,6.32,6.39,256237.12,16432.65
2025-10-09 00:00:00+08:00,000735.XSHE,6.38,6.38,6.22,6.28,277407.49,17411.77
2025-10-10 00:00:00+08:00,000735.XSHE,6.27,6.55,6.26,6.49,398159.31,25710.55
2025-10-13 00:00:00+08:00,000735.XSHE,6.4,6.49,6.36,6.47,284750.58,18287.76
2025-10-14 00:00:00+08:00,000735.XSHE,6.47,6.71,6.46,6.58,483359.23,31947.47
2025-10-15 00:00:00+08:00,000735.XSHE,6.57,6.61,6.51,6.59,252579.98,16540.29
2025-10-16 00:00:00+08:00,000735.XSHE,6.59,6.69,6.56,6.64,308065.47,20452.76
2025-10-17 00:00:00+08:00,000735.XSHE,6.61,6.79,6.6,6.62,544686.27,36438.14
2025-10-20 00:00:00+08:00,000735.XSHE,6.63,6.91,6.59,6.75,505951.32,34323.8
2025-10-21 00:00:00+08:00,000735.XSHE,6.75,6.9,6.62,6.83,389808.97,26553.41
2025-10-22 00:00:00+08:00,000735.XSHE,6.8,6.85,6.65,6.66,317690.96,21342.37
2025-10-23 00:00:00+08:00,000735.XSHE,6.66,6.79,6.63,6.71,240112.01,16070.34
2025-10-24 00:00:00+08:00,000735.XSHE,6.7,6.87,6.67,6.72,263170.64,17822.09
2025-10-27 00:00:00+08:00,000735.XSHE,6.75,6.84,6.65,6.73,297489.29,20041.58
2025-10-28 00:00:00+08:00,000735.XSHE,6.73,6.89,6.72,6.83,276990.39,18936.06
2025-10-29 00:00:00+08:00,000735.XSHE,6.8,7.33,6.8,7.17,686722.02,48889.85
2025-10-30 00:00:00+08:00,000735.XSHE,7.08,7.28,7.0,7.16,525962.34,37753.83
2025-10-31 00:00:00+08:00,000735.XSHE,7.19,7.43,7.11,7.33,617366.78,44837.78
2025-11-03 00:00:00+08:00,000735.XSHE,7.36,8.06,7.34,8.06,827866.52,64637.35
2025-11-04 00:00:00+08:00,000735.XSHE,8.06,8.45,7.98,8.2,1437238.58,117644.19
2025-11-05 00:00:00+08:00,000735.XSHE,8.33,8.85,8.14,8.65,1516550.84,129283.0
2025-11-06 00:00:00+08:00,000735.XSHE,8.32,8.45,7.83,7.93,1374214.38,110644.79
2025-11-07 00:00:00+08:00,000735.XSHE,8.3,8.41,7.92,8.12,1088914.76,89147.29
2025-11-10 00:00:00+08:00,000735.XSHE,8.25,8.74,8.02,8.42,1108541.33,93729.69
2025-11-11 00:00:00+08:00,000735.XSHE,8.31,8.38,8.23,8.26,668725.78,55484.69
2025-11-12 00:00:00+08:00,000735.XSHE,8.22,8.37,8.13,8.15,482691.13,39643.6
2025-11-13 00:00:00+08:00,000735.XSHE,8.07,8.43,7.99,8.23,591687.05,48912.52
2025-11-14 00:00:00+08:00,000735.XSHE,8.18,8.63,8.17,8.45,795055.68,67457.88
2025-11-17 00:00:00+08:00,000735.XSHE,8.41,8.62,8.3,8.58,741391.2,62982.72
2025-11-18 00:00:00+08:00,000735.XSHE,8.52,8.68,8.25,8.43,667986.12,56364.74
2025-11-19 00:00:00+08:00,000735.XSHE,8.37,8.47,8.04,8.11,632545.38,51540.41
2025-11-20 00:00:00+08:00,000735.XSHE,8.13,8.92,8.05,8.7,1319667.06,113386.93
2025-11-21 00:00:00+08:00,000735.XSHE,8.6,9.1,8.42,8.5,1334995.51,116744.85
2025-11-24 00:00:00+08:00,000735.XSHE,8.56,8.79,8.09,8.26,902226.91,75158.97
2025-11-25 00:00:00+08:00,000735.XSHE,8.42,8.76,8.2,8.64,989747.86,83850.55
2025-11-26 00:00:00+08:00,000735.XSHE,8.66,9.45,8.58,8.97,1499489.54,135180.38
2025-11-27 00:00:00+08:00,000735.XSHE,8.94,9.05,8.24,8.38,1061573.18,90357.39
2025-11-28 00:00:00+08:00,000735.XSHE,8.44,8.77,8.03,8.64,965024.25,81710.85
2025-12-01 00:00:00+08:00,000735.XSHE,8.64,8.84,8.32,8.47,928301.52,79525.72
2025-12-02 00:00:00+08:00,000735.XSHE,8.49,9.32,8.14,9.32,1164204.36,100682.03
2025-12-03 00:00:00+08:00,000735.XSHE,9.52,10.25,9.52,9.68,2524771.51,252475.53
2025-12-04 00:00:00+08:00,000735.XSHE,9.41,9.5,8.71,8.71,1946859.28,173404.99
2025-12-05 00:00:00+08:00,000735.XSHE,8.51,9.36,8.33,9.18,1651200.98,147376.67
2025-12-08 00:00:00+08:00,000735.XSHE,9.23,9.75,9.1,9.47,1317699.52,123967.53
2025-12-09 00:00:00+08:00,000735.XSHE,9.37,9.4,8.88,8.89,1030303.0,92931.75
2025-12-10 00:00:00+08:00,000735.XSHE,9.07,9.78,9.02,9.78,1301818.26,125496.86
2025-12-11 00:00:00+08:00,000735.XSHE,10.45,10.76,10.07,10.14,3081618.4,324823.44
2025-12-12 00:00:00+08:00,000735.XSHE,9.78,10.9,9.78,10.44,2554961.62,266004.64
2025-12-15 00:00:00+08:00,000735.XSHE,10.5,11.48,9.96,11.17,2561162.35,279027.3
2025-12-16 00:00:00+08:00,000735.XSHE,11.37,12.15,10.5,10.99,2451093.57,273805.05
2025-12-17 00:00:00+08:00,000735.XSHE,11.0,11.05,9.89,9.98,2022240.6,204376.57
2025-12-18 00:00:00+08:00,000735.XSHE,9.6,9.79,8.98,8.99,1794771.92,166016.83
2025-12-19 00:00:00+08:00,000735.XSHE,8.72,9.83,8.46,9.53,2029946.56,184892.06
2025-12-22 00:00:00+08:00,000735.XSHE,9.55,10.48,9.55,10.48,2142765.05,219710.96
2025-12-23 00:00:00+08:00,000735.XSHE,10.7,11.38,10.34,10.47,2865515.12,307050.03
2025-12-24 00:00:00+08:00,000735.XSHE,10.21,10.39,9.95,10.15,1901077.83,193195.31
2025-12-25 00:00:00+08:00,000735.XSHE,10.25,10.29,9.72,9.78,1335470.96,132353.47
2025-01-02 00:00:00+08:00,000793.XSHE,2.62,2.75,2.58,2.68,1016076.42,27206.54
2025-01-03 00:00:00+08:00,000793.XSHE,2.66,2.69,2.42,2.42,1189974.5,29852.42
2025-01-06 00:00:00+08:00,000793.XSHE,2.36,2.38,2.24,2.28,1267980.98,29127.39
2025-01-07 00:00:00+08:00,000793.XSHE,2.29,2.38,2.26,2.34,755900.67,17540.62
2025-01-08 00:00:00+08:00,000793.XSHE,2.33,2.45,2.29,2.44,1071608.5,25490.44
2025-01-09 00:00:00+08:00,000793.XSHE,2.44,2.58,2.38,2.51,1071699.85,26662.4
2025-01-10 00:00:00+08:00,000793.XSHE,2.49,2.54,2.39,2.41,797845.5,19700.61
2025-01-13 00:00:00+08:00,000793.XSHE,2.35,2.38,2.3,2.35,446460.52,10460.28
2025-01-14 00:00:00+08:00,000793.XSHE,2.42,2.52,2.39,2.52,840367.55,20736.99
2025-01-15 00:00:00+08:00,000793.XSHE,2.55,2.77,2.49,2.77,1751284.68,46741.47
2025-01-16 00:00:00+08:00,000793.XSHE,2.8,2.83,2.66,2.73,1732786.37,47729.26
2025-01-17 00:00:00+08:00,000793.XSHE,2.71,2.71,2.6,2.62,943587.0,24864.51
2025-01-20 00:00:00+08:00,000793.XSHE,2.65,2.67,2.58,2.6,634584.0,16604.06
2025-01-21 00:00:00+08:00,000793.XSHE,2.56,2.72,2.56,2.63,862819.21,22769.11
2025-01-22 00:00:00+08:00,000793.XSHE,2.58,2.58,2.42,2.47,990887.9,24510.42
2025-01-23 00:00:00+08:00,000793.XSHE,2.57,2.57,2.42,2.42,709834.5,17648.24
2025-01-24 00:00:00+08:00,000793.XSHE,2.41,2.46,2.34,2.43,603568.5,14480.1
2025-01-27 00:00:00+08:00,000793.XSHE,2.47,2.48,2.35,2.36,433117.0,10430.48
2025-02-05 00:00:00+08:00,000793.XSHE,2.39,2.47,2.37,2.44,642146.77,15668.4
2025-02-06 00:00:00+08:00,000793.XSHE,2.43,2.47,2.36,2.47,715333.0,17392.89
2025-02-07 00:00:00+08:00,000793.XSHE,2.46,2.65,2.44,2.54,1007351.0,25762.79
2025-02-10 00:00:00+08:00,000793.XSHE,2.57,2.74,2.57,2.72,1440788.25,38478.48
2025-02-11 00:00:00+08:00,000793.XSHE,2.83,2.86,2.72,2.76,1554541.02,43239.16
2025-02-12 00:00:00+08:00,000793.XSHE,2.74,2.85,2.71,2.79,965212.01,26927.63
2025-02-13 00:00:00+08:00,000793.XSHE,2.79,2.89,2.75,2.82,1144782.34,32415.64
2025-02-14 00:00:00+08:00,000793.XSHE,2.86,2.91,2.79,2.8,1229809.01,35006.77
2025-02-17 00:00:00+08:00,000793.XSHE,2.78,2.83,2.73,2.8,995283.72,27681.15
2025-02-18 00:00:00+08:00,000793.XSHE,2.8,2.84,2.66,2.67,1049625.1,28798.98
2025-02-19 00:00:00+08:00,000793.XSHE,2.72,2.94,2.72,2.94,1164210.99,33945.97
2025-02-20 00:00:00+08:00,000793.XSHE,2.94,3.0,2.85,2.86,2120462.78,61947.85
2025-02-21 00:00:00+08:00,000793.XSHE,2.89,3.09,2.89,3.0,1849337.31,55039.39
2025-02-24 00:00:00+08:00,000793.XSHE,2.95,3.04,2.91,2.97,1032831.42,30668.14
2025-02-25 00:00:00+08:00,000793.XSHE,2.93,2.97,2.86,2.89,803592.27,23399.12
2025-02-26 00:00:00+08:00,000793.XSHE,2.94,3.15,2.92,2.97,969648.2,29138.85
2025-02-27 00:00:00+08:00,000793.XSHE,2.95,3.18,2.95,3.12,1564547.0,48415.45
2025-02-28 00:00:00+08:00,000793.XSHE,3.08,3.2,3.05,3.09,1264359.0,39481.22
2025-03-03 00:00:00+08:00,000793.XSHE,3.06,3.07,2.92,2.99,876738.55,26141.98
2025-03-04 00:00:00+08:00,000793.XSHE,2.98,2.98,2.83,2.92,732278.27,21236.97
2025-03-05 00:00:00+08:00,000793.XSHE,2.89,2.96,2.89,2.94,467744.25,13656.3
2025-03-06 00:00:00+08:00,000793.XSHE,2.94,2.99,2.92,2.95,657827.4,19408.37
2025-03-07 00:00:00+08:00,000793.XSHE,2.95,2.95,2.86,2.87,692873.89,20019.12
2025-03-10 00:00:00+08:00,000793.XSHE,2.85,2.94,2.73,2.93,1117631.23,31458.76
2025-03-11 00:00:00+08:00,000793.XSHE,2.86,3.02,2.82,2.96,818055.63,24140.69
2025-03-12 00:00:00+08:00,000793.XSHE,2.96,3.02,2.91,2.92,724681.38,21361.5
2025-03-13 00:00:00+08:00,000793.XSHE,2.89,2.89,2.82,2.85,523410.05,14884.33
2025-03-14 00:00:00+08:00,000793.XSHE,2.83,2.89,2.83,2.86,468810.6,13405.64
2025-03-17 00:00:00+08:00,000793.XSHE,0.0,0.0,0.0,0.0,0.0,0.0
2025-03-18 00:00:00+08:00,000793.XSHE,2.72,2.72,2.72,2.72,14995.0,407.86
2025-03-19 00:00:00+08:00,000793.XSHE,2.58,2.58,2.58,2.58,19144.0,493.92
2025-03-20 00:00:00+08:00,000793.XSHE,2.45,2.45,2.45,2.45,24458.0,599.22
2025-03-21 00:00:00+08:00,000793.XSHE,2.33,2.33,2.33,2.33,400527.0,9332.28
2025-03-24 00:00:00+08:00,000793.XSHE,2.24,2.41,2.21,2.21,1699329.69,38388.5
2025-03-25 00:00:00+08:00,000793.XSHE,2.15,2.16,2.1,2.1,446388.0,9452.53
2025-03-26 00:00:00+08:00,000793.XSHE,2.05,2.21,2.0,2.21,1102262.42,23335.5
2025-03-27 00:00:00+08:00,000793.XSHE,2.21,2.32,2.2,2.32,580603.29,13168.13
2025-03-28 00:00:00+08:00,000793.XSHE,2.39,2.41,2.26,2.33,1043979.79,24424.44
2025-03-31 00:00:00+08:00,000793.XSHE,2.34,2.36,2.21,2.22,536455.73,12094.57
2025-04-01 00:00:00+08:00,000793.XSHE,2.23,2.33,2.23,2.33,526795.53,12080.42
2025-04-02 00:00:00+08:00,000793.XSHE,2.34,2.43,2.3,2.38,529184.52,12501.2
2025-04-03 00:00:00+08:00,000793.XSHE,2.36,2.49,2.35,2.43,524262.37,12603.64
2025-04-07 00:00:00+08:00,000793.XSHE,2.31,2.34,2.31,2.31,223052.0,5156.86
2025-04-08 00:00:00+08:00,000793.XSHE,2.19,2.25,2.19,2.19,294749.0,6487.04
2025-04-09 00:00:00+08:00,000793.XSHE,2.12,2.18,2.08,2.15,571578.02,12104.35
2025-04-10 00:00:00+08:00,000793.XSHE,2.18,2.24,2.16,2.19,376736.11,8269.0
2025-04-11 00:00:00+08:00,000793.XSHE,2.18,2.24,2.12,2.2,352965.61,7747.28
2025-04-14 00:00:00+08:00,000793.XSHE,2.23,2.31,2.21,2.31,153304.01,3502.8
2025-04-15 00:00:00+08:00,000793.XSHE,2.4,2.43,2.35,2.43,474477.92,11441.72
2025-04-16 00:00:00+08:00,000793.XSHE,2.47,2.54,2.38,2.42,685511.07,16765.64
2025-04-17 00:00:00+08:00,000793.XSHE,2.4,2.54,2.4,2.53,688958.11,17358.88
2025-04-18 00:00:00+08:00,000793.XSHE,2.47,2.53,2.45,2.49,454395.0,11297.0
2025-04-21 00:00:00+08:00,000793.XSHE,2.47,2.57,2.47,2.54,332155.11,8397.72
2025-04-22 00:00:00+08:00,000793.XSHE,2.52,2.57,2.47,2.51,395866.0,9970.38
2025-04-23 00:00:00+08:00,000793.XSHE,2.55,2.63,2.52,2.61,431513.11,11205.38
2025-04-24 00:00:00+08:00,000793.XSHE,2.62,2.73,2.59,2.7,471249.74,12646.92
2025-04-25 00:00:00+08:00,000793.XSHE,2.72,2.72,2.57,2.57,602734.0,15981.73
2025-04-28 00:00:00+08:00,000793.XSHE,2.55,2.68,2.44,2.46,575519.77,14523.38
2025-04-29 00:00:00+08:00,000793.XSHE,2.45,2.56,2.45,2.55,363330.65,9111.52
2025-04-30 00:00:00+08:00,000793.XSHE,2.55,2.63,2.52,2.57,347731.12,8996.09
2025-05-06 00:00:00+08:00,000793.XSHE,2.57,2.62,2.44,2.55,425182.1,10771.99
2025-05-07 00:00:00+08:00,000793.XSHE,2.68,2.68,2.68,2.68,92917.29,2490.18
2025-05-08 00:00:00+08:00,000793.XSHE,2.81,2.81,2.81,2.81,61238.0,1720.79
2025-05-09 00:00:00+08:00,000793.XSHE,2.95,2.95,2.67,2.81,1008414.45,28075.92
2025-05-12 00:00:00+08:00,000793.XSHE,2.82,2.83,2.74,2.75,380521.22,10512.11
2025-05-13 00:00:00+08:00,000793.XSHE,2.75,2.8,2.7,2.75,362402.58,9960.68
2025-05-14 00:00:00+08:00,000793.XSHE,2.75,2.75,2.7,2.72,240065.02,6524.5
2025-05-15 00:00:00+08:00,000793.XSHE,2.72,2.73,2.66,2.69,238335.0,6411.19
2025-05-16 00:00:00+08:00,000793.XSHE,2.68,2.7,2.66,2.69,183148.0,4915.69
2025-05-19 00:00:00+08:00,000793.XSHE,2.71,2.8,2.69,2.79,396233.96,10900.99
2025-05-20 00:00:00+08:00,000793.XSHE,2.8,2.82,2.77,2.77,240795.0,6716.5
2025-05-21 00:00:00+08:00,000793.XSHE,2.78,2.82,2.75,2.76,187697.0,5217.64
2025-05-22 00:00:00+08:00,000793.XSHE,2.75,2.77,2.7,2.7,180578.41,4918.64
2025-05-23 00:00:00+08:00,000793.XSHE,2.71,2.72,2.64,2.65,237155.01,6330.46
2025-05-26 00:00:00+08:00,000793.XSHE,2.66,2.66,2.58,2.63,190079.02,4966.24
2025-05-27 00:00:00+08:00,000793.XSHE,2.61,2.72,2.61,2.69,234389.01,6289.82
2025-05-28 00:00:00+08:00,000793.XSHE,2.66,2.69,2.59,2.61,250794.77,6576.7
2025-05-29 00:00:00+08:00,000793.XSHE,2.63,2.64,2.6,2.63,154278.08,4043.27
2025-05-30 00:00:00+08:00,000793.XSHE,2.61,2.62,2.59,2.61,134895.0,3516.72
2025-06-03 00:00:00+08:00,000793.XSHE,2.62,2.66,2.6,2.63,148425.01,3905.7
2025-06-04 00:00:00+08:00,000793.XSHE,2.64,2.68,2.61,2.64,171714.01,4530.24
2025-06-05 00:00:00+08:00,000793.XSHE,2.65,2.68,2.63,2.65,168708.0,4465.2
2025-06-06 00:00:00+08:00,000793.XSHE,2.63,2.68,2.61,2.67,274167.61,7251.09
2025-06-09 00:00:00+08:00,000793.XSHE,2.65,2.66,2.61,2.63,253855.01,6678.72
2025-06-10 00:00:00+08:00,000793.XSHE,2.62,2.65,2.6,2.61,162239.0,4246.39
2025-06-11 00:00:00+08:00,000793.XSHE,2.6,2.6,2.56,2.58,226965.68,5850.71
2025-06-12 00:00:00+08:00,000793.XSHE,2.59,2.59,2.56,2.57,118788.02,3060.56
2025-06-13 00:00:00+08:00,000793.XSHE,2.56,2.57,2.53,2.54,152154.0,3880.21
2025-06-16 00:00:00+08:00,000793.XSHE,2.53,2.67,2.5,2.67,335098.23,8649.62
2025-06-17 00:00:00+08:00,000793.XSHE,2.7,2.79,2.65,2.69,491523.02,13401.04
2025-06-18 00:00:00+08:00,000793.XSHE,2.67,2.76,2.67,2.73,313933.04,8563.01
2025-06-19 00:00:00+08:00,000793.XSHE,2.71,2.74,2.66,2.68,215081.0,5810.92
2025-06-20 00:00:00+08:00,000793.XSHE,2.66,2.7,2.66,2.67,122814.0,3281.43
2025-06-23 00:00:00+08:00,000793.XSHE,2.61,2.65,2.6,2.63,219576.63,5762.39
2025-06-24 00:00:00+08:00,000793.XSHE,2.64,2.66,2.63,2.65,176400.0,4669.55
2025-06-25 00:00:00+08:00,000793.XSHE,2.66,2.72,2.65,2.67,281025.69,7526.48
2025-06-26 00:00:00+08:00,000793.XSHE,2.7,2.7,2.63,2.65,193115.17,5115.73
2025-06-27 00:00:00+08:00,000793.XSHE,2.64,2.65,2.62,2.65,193427.07,5089.03
2025-06-30 00:00:00+08:00,000793.XSHE,2.66,2.73,2.65,2.7,262088.27,7031.24
2025-07-01 00:00:00+08:00,000793.XSHE,2.69,2.7,2.65,2.67,168519.69,4499.38
2025-07-02 00:00:00+08:00,000793.XSHE,2.67,2.7,2.65,2.68,144728.6,3869.79
2025-07-03 00:00:00+08:00,000793.XSHE,2.66,2.67,2.65,2.65,118617.8,3150.25
2025-07-04 00:00:00+08:00,000793.XSHE,2.65,2.67,2.64,2.66,148782.2,3946.49
2025-07-07 00:00:00+08:00,000793.XSHE,2.65,2.67,2.62,2.63,120905.6,3183.92
2025-07-08 00:00:00+08:00,000793.XSHE,2.64,2.64,2.62,2.64,142373.65,3746.93
2025-07-09 00:00:00+08:00,000793.XSHE,2.63,2.64,2.62,2.62,112187.02,2945.88
2025-07-10 00:00:00+08:00,000793.XSHE,2.63,2.63,2.59,2.6,187259.0,4880.71
2025-07-11 00:00:00+08:00,000793.XSHE,2.59,2.59,2.55,2.58,238748.0,6128.59
2025-07-14 00:00:00+08:00,000793.XSHE,2.56,2.57,2.55,2.57,116480.0,2986.2
2025-07-15 00:00:00+08:00,000793.XSHE,2.56,2.57,2.52,2.54,165444.11,4201.55
2025-07-16 00:00:00+08:00,000793.XSHE,2.53,2.58,2.53,2.58,137572.6,3533.78
2025-07-17 00:00:00+08:00,000793.XSHE,2.57,2.58,2.55,2.57,104761.0,2686.22
2025-07-18 00:00:00+08:00,000793.XSHE,2.57,2.58,2.54,2.56,130548.0,3331.36
2025-07-21 00:00:00+08:00,000793.XSHE,2.55,2.68,2.54,2.65,416742.2,10899.86
2025-07-22 00:00:00+08:00,000793.XSHE,2.65,2.69,2.61,2.66,274800.01,7284.99
2025-07-23 00:00:00+08:00,000793.XSHE,2.66,2.72,2.63,2.63,264321.0,7072.06
2025-07-24 00:00:00+08:00,000793.XSHE,2.66,2.76,2.64,2.71,644768.64,17531.57
2025-07-25 00:00:00+08:00,000793.XSHE,2.69,2.69,2.63,2.64,342771.13,9090.74
2025-07-28 00:00:00+08:00,000793.XSHE,2.64,2.65,2.6,2.62,225182.0,5893.59
2025-07-29 00:00:00+08:00,000793.XSHE,2.62,2.62,2.58,2.59,174861.0,4538.8
2025-07-30 00:00:00+08:00,000793.XSHE,2.59,2.61,2.58,2.6,157703.01,4089.32
2025-07-31 00:00:00+08:00,000793.XSHE,2.59,2.6,2.58,2.59,161344.0,4177.87
2025-08-01 00:00:00+08:00,000793.XSHE,2.58,2.64,2.58,2.64,184655.0,4833.54
2025-08-04 00:00:00+08:00,000793.XSHE,2.66,2.66,2.62,2.63,118139.0,3104.55
2025-08-05 00:00:00+08:00,000793.XSHE,2.64,2.65,2.61,2.62,113493.0,2978.19
2025-08-06 00:00:00+08:00,000793.XSHE,2.62,2.63,2.6,2.62,120428.0,3145.6
2025-08-07 00:00:00+08:00,000793.XSHE,2.62,2.66,2.61,2.64,184948.24,4868.83
2025-08-08 00:00:00+08:00,000793.XSHE,2.63,2.63,2.61,2.62,116399.05,3049.85
2025-08-11 00:00:00+08:00,000793.XSHE,2.61,2.66,2.61,2.64,186052.0,4897.5
2025-08-12 00:00:00+08:00,000793.XSHE,2.65,2.75,2.64,2.67,352539.94,9467.15
2025-08-13 00:00:00+08:00,000793.XSHE,2.6,2.67,2.6,2.62,388902.0,10213.68
2025-08-14 00:00:00+08:00,000793.XSHE,2.62,2.65,2.58,2.58,234476.33,6098.97
2025-08-15 00:00:00+08:00,000793.XSHE,2.59,2.61,2.58,2.6,143969.75,3739.56
2025-08-18 00:00:00+08:00,000793.XSHE,2.59,2.6,2.57,2.6,256914.01,6648.09
2025-08-19 00:00:00+08:00,000793.XSHE,2.58,2.59,2.56,2.57,239947.61,6159.48
2025-08-20 00:00:00+08:00,000793.XSHE,2.56,2.59,2.54,2.58,246334.95,6298.03
2025-08-21 00:00:00+08:00,000793.XSHE,2.58,2.58,2.55,2.57,192745.07,4941.6
2025-08-22 00:00:00+08:00,000793.XSHE,2.57,2.61,2.56,2.6,202183.45,5234.13
2025-08-25 00:00:00+08:00,000793.XSHE,2.59,2.6,2.56,2.58,259204.97,6666.03
2025-08-26 00:00:00+08:00,000793.XSHE,2.58,2.58,2.56,2.57,220199.53,5657.03
2025-08-27 00:00:00+08:00,000793.XSHE,2.57,2.58,2.52,2.52,292043.0,7459.0
2025-08-28 00:00:00+08:00,000793.XSHE,2.52,2.52,2.45,2.47,317063.0,7889.42
2025-08-29 00:00:00+08:00,000793.XSHE,2.47,2.59,2.45,2.59,390338.59,10009.88
2025-09-01 00:00:00+08:00,000793.XSHE,2.62,2.62,2.54,2.56,368889.34,9513.11
2025-09-02 00:00:00+08:00,000793.XSHE,2.57,2.58,2.53,2.55,237595.0,6054.96
2025-09-03 00:00:00+08:00,000793.XSHE,2.54,2.64,2.52,2.56,278346.4,7163.02
2025-09-04 00:00:00+08:00,000793.XSHE,2.56,2.58,2.53,2.53,181680.0,4631.97
2025-09-05 00:00:00+08:00,000793.XSHE,2.52,2.55,2.51,2.54,146204.4,3696.2
2025-09-08 00:00:00+08:00,000793.XSHE,2.53,2.54,2.51,2.53,142974.0,3615.14
2025-09-09 00:00:00+08:00,000793.XSHE,2.53,2.56,2.51,2.55,201017.33,5095.38
2025-09-10 00:00:00+08:00,000793.XSHE,2.54,2.6,2.54,2.58,212374.01,5459.21
2025-09-11 00:00:00+08:00,000793.XSHE,2.58,2.58,2.54,2.55,216153.81,5517.63
2025-09-12 00:00:00+08:00,000793.XSHE,2.55,2.56,2.54,2.55,149479.08,3813.74
2025-09-15 00:00:00+08:00,000793.XSHE,2.55,2.56,2.52,2.54,202795.0,5127.22
2025-09-16 00:00:00+08:00,000793.XSHE,2.54,2.55,2.51,2.52,172432.8,4352.12
2025-09-17 00:00:00+08:00,000793.XSHE,2.52,2.53,2.5,2.5,165538.5,4146.71
2025-09-18 00:00:00+08:00,000793.XSHE,2.5,2.52,2.49,2.5,193318.34,4847.3
2025-09-19 00:00:00+08:00,000793.XSHE,2.5,2.58,2.48,2.56,354901.01,8970.63
2025-09-22 00:00:00+08:00,000793.XSHE,2.57,2.58,2.52,2.54,270824.12,6886.43
2025-09-23 00:00:00+08:00,000793.XSHE,2.53,2.58,2.49,2.56,320121.03,8125.23
2025-09-24 00:00:00+08:00,000793.XSHE,2.55,2.58,2.54,2.58,194250.56,4986.12
2025-09-25 00:00:00+08:00,000793.XSHE,2.58,2.59,2.56,2.58,184372.0,4739.21
2025-09-26 00:00:00+08:00,000793.XSHE,2.56,2.71,2.55,2.71,849688.0,22734.0
2025-09-29 00:00:00+08:00,000793.XSHE,2.66,2.84,2.66,2.84,518365.63,14424.73
2025-09-30 00:00:00+08:00,000793.XSHE,2.94,2.97,2.78,2.84,983657.0,28345.26
2025-10-09 00:00:00+08:00,000793.XSHE,2.87,2.98,2.81,2.98,548242.22,16130.43
2025-10-10 00:00:00+08:00,000793.XSHE,2.98,3.12,2.92,3.0,947673.52,28623.57
2025-10-13 00:00:00+08:00,000793.XSHE,2.88,3.11,2.88,3.03,521633.11,15596.23
2025-10-14 00:00:00+08:00,000793.XSHE,3.05,3.13,2.98,2.99,331897.0,10017.41
2025-10-15 00:00:00+08:00,000793.XSHE,2.99,3.05,2.85,2.89,492041.48,14397.99
2025-10-16 00:00:00+08:00,000793.XSHE,2.93,3.03,2.89,3.03,492158.69,14672.72
2025-10-17 00:00:00+08:00,000793.XSHE,3.06,3.09,2.98,3.03,471369.01,14306.53
2025-10-20 00:00:00+08:00,000793.XSHE,3.06,3.13,3.0,3.01,378088.11,11539.51
2025-10-21 00:00:00+08:00,000793.XSHE,3.02,3.02,2.93,3.01,261580.15,7800.81
2025-10-22 00:00:00+08:00,000793.XSHE,2.99,3.16,2.98,3.06,528972.1,16298.2
2025-10-23 00:00:00+08:00,000793.XSHE,3.07,3.15,3.05,3.1,359991.21,11134.33
2025-10-24 00:00:00+08:00,000793.XSHE,3.1,3.25,3.1,3.24,589891.3,18880.63
2025-10-27 00:00:00+08:00,000793.XSHE,3.18,3.2,3.08,3.11,686723.65,21488.45
2025-10-28 00:00:00+08:00,000793.XSHE,3.1,3.16,3.06,3.07,374805.75,11595.29
2025-10-29 00:00:00+08:00,000793.XSHE,3.08,3.09,2.98,2.99,426499.11,12863.62
2025-10-30 00:00:00+08:00,000793.XSHE,3.01,3.06,2.99,3.01,219030.0,6609.48
2025-10-31 00:00:00+08:00,000793.XSHE,3.01,3.12,2.99,3.09,293227.5,8957.37
2025-11-03 00:00:00+08:00,000793.XSHE,3.13,3.14,3.09,3.13,277003.49,8649.86
2025-11-04 00:00:00+08:00,000793.XSHE,3.24,3.29,3.18,3.29,264549.0,8655.03
2025-11-05 00:00:00+08:00,000793.XSHE,3.44,3.45,3.14,3.19,1093864.6,36113.6
2025-11-06 00:00:00+08:00,000793.XSHE,3.15,3.2,3.04,3.06,572544.0,17663.23
2025-11-07 00:00:00+08:00,000793.XSHE,3.08,3.17,3.07,3.1,326787.88,10152.44
2025-11-10 00:00:00+08:00,000793.XSHE,3.03,3.06,3.02,3.04,329202.34,9998.49
2025-11-11 00:00:00+08:00,000793.XSHE,3.01,3.03,2.89,2.9,604718.06,17686.34
2025-11-12 00:00:00+08:00,000793.XSHE,2.9,2.95,2.78,2.93,567639.16,16260.23
2025-11-13 00:00:00+08:00,000793.XSHE,2.88,3.05,2.86,3.03,463597.32,13760.35
2025-11-14 00:00:00+08:00,000793.XSHE,2.99,3.1,2.97,3.07,392437.6,11937.62
2025-11-17 00:00:00+08:00,000793.XSHE,3.03,3.13,3.01,3.09,317927.4,9811.8
2025-11-18 00:00:00+08:00,000793.XSHE,3.07,3.12,3.01,3.03,288280.01,8773.47
2025-11-19 00:00:00+08:00,000793.XSHE,3.04,3.05,2.94,2.96,311463.0,9315.52
2025-11-20 00:00:00+08:00,000793.XSHE,2.99,3.01,2.9,2.98,217128.54,6431.12
2025-11-21 00:00:00+08:00,000793.XSHE,2.96,2.97,2.88,2.88,260254.94,7584.18
2025-11-24 00:00:00+08:00,000793.XSHE,2.89,2.98,2.88,2.96,224454.75,6592.22
2025-11-25 00:00:00+08:00,000793.XSHE,2.96,3.01,2.95,2.96,194625.14,5792.86
2025-11-26 00:00:00+08:00,000793.XSHE,2.94,2.99,2.91,2.91,153191.0,4517.05
2025-11-27 00:00:00+08:00,000793.XSHE,2.9,2.93,2.89,2.92,182343.72,5295.54
2025-11-28 00:00:00+08:00,000793.XSHE,2.91,2.92,2.89,2.92,151335.01,4393.11
2025-12-01 00:00:00+08:00,000793.XSHE,2.92,2.97,2.86,2.94,231902.53,6763.52
2025-12-02 00:00:00+08:00,000793.XSHE,2.95,3.08,2.91,3.04,376425.43,11304.13
2025-12-03 00:00:00+08:00,000793.XSHE,3.02,3.04,2.96,2.98,225688.3,6747.8
2025-12-04 00:00:00+08:00,000793.XSHE,2.98,3.03,2.96,2.98,165772.12,4971.94
2025-12-05 00:00:00+08:00,000793.XSHE,2.99,2.99,2.95,2.98,181934.01,5395.34
2025-12-08 00:00:00+08:00,000793.XSHE,2.98,3.02,2.96,2.98,220073.02,6583.83
2025-12-09 00:00:00+08:00,000793.XSHE,2.99,3.0,2.92,2.92,247810.0,7309.35
2025-12-10 00:00:00+08:00,000793.XSHE,2.92,2.96,2.87,2.94,276807.17,8085.36
2025-12-11 00:00:00+08:00,000793.XSHE,2.93,2.93,2.89,2.89,156273.17,4539.41
2025-12-12 00:00:00+08:00,000793.XSHE,2.9,2.92,2.88,2.89,146727.18,4241.27
2025-12-15 00:00:00+08:00,000793.XSHE,2.87,2.88,2.81,2.82,259234.1,7346.32
2025-12-16 00:00:00+08:00,000793.XSHE,2.81,2.81,2.72,2.73,221902.06,6140.19
2025-12-17 00:00:00+08:00,000793.XSHE,2.72,2.82,2.71,2.81,193298.92,5379.92
2025-12-18 00:00:00+08:00,000793.XSHE,2.81,2.81,2.76,2.76,149414.0,4159.27
2025-12-19 00:00:00+08:00,000793.XSHE,2.77,2.9,2.76,2.89,262446.91,7428.97
2025-12-22 00:00:00+08:00,000793.XSHE,2.86,3.02,2.86,3.0,526113.42,15657.25
2025-12-23 00:00:00+08:00,000793.XSHE,2.97,2.98,2.85,2.86,437791.67,12709.59
2025-12-24 00:00:00+08:00,000793.XSHE,2.84,2.86,2.8,2.83,199992.19,5654.52
2025-12-25 00:00:00+08:00,000793.XSHE,2.85,2.85,2.81,2.84,137360.0,3878.47
2025-01-02 00:00:00+08:00,000796.XSHE,4.12,4.18,3.96,4.03,444101.0,18117.28
2025-01-03 00:00:00+08:00,000796.XSHE,4.03,4.04,3.71,3.73,576295.98,21986.41
2025-01-06 00:00:00+08:00,000796.XSHE,3.7,3.73,3.59,3.64,339895.64,12416.83
2025-01-07 00:00:00+08:00,000796.XSHE,3.66,3.77,3.62,3.77,288057.85,10634.91
2025-01-08 00:00:00+08:00,000796.XSHE,3.75,3.8,3.66,3.78,276865.0,10344.01
2025-01-09 00:00:00+08:00,000796.XSHE,3.74,3.79,3.7,3.72,299997.99,11229.81
2025-01-10 00:00:00+08:00,000796.XSHE,3.77,3.8,3.61,3.62,276783.97,10229.94
2025-01-13 00:00:00+08:00,000796.XSHE,3.55,3.7,3.52,3.68,227437.59,8249.62
2025-01-14 00:00:00+08:00,000796.XSHE,3.78,3.85,3.71,3.84,445432.85,16874.93
2025-01-15 00:00:00+08:00,000796.XSHE,3.83,3.94,3.8,3.9,399848.56,15518.08
2025-01-16 00:00:00+08:00,000796.XSHE,3.94,4.0,3.87,3.89,445475.37,17514.32
2025-01-17 00:00:00+08:00,000796.XSHE,3.89,4.01,3.87,3.9,355941.15,13968.17
2025-01-20 00:00:00+08:00,000796.XSHE,3.87,4.09,3.82,3.88,502327.0,19822.7
2025-01-21 00:00:00+08:00,000796.XSHE,3.87,3.93,3.74,3.77,375355.0,14235.73
2025-01-22 00:00:00+08:00,000796.XSHE,3.75,3.77,3.66,3.67,206792.0,7645.89
2025-01-23 00:00:00+08:00,000796.XSHE,3.73,3.75,3.64,3.64,280300.0,10344.74
2025-01-24 00:00:00+08:00,000796.XSHE,3.62,3.67,3.59,3.63,283519.37,10287.48
2025-01-27 00:00:00+08:00,000796.XSHE,3.65,3.72,3.55,3.56,333085.06,12122.36
2025-02-05 00:00:00+08:00,000796.XSHE,3.58,3.61,3.5,3.54,266728.86,9416.29
2025-02-06 00:00:00+08:00,000796.XSHE,3.54,3.6,3.48,3.59,327828.78,11625.54
2025-02-07 00:00:00+08:00,000796.XSHE,3.57,3.73,3.56,3.67,403804.14,14799.8
2025-02-10 00:00:00+08:00,000796.XSHE,3.68,3.8,3.67,3.8,365253.16,13642.11
2025-02-11 00:00:00+08:00,000796.XSHE,3.8,3.83,3.71,3.74,263410.13,9858.97
2025-02-12 00:00:00+08:00,000796.XSHE,3.72,3.79,3.71,3.75,219664.0,8223.85
2025-02-13 00:00:00+08:00,000796.XSHE,3.73,3.81,3.72,3.78,310638.93,11718.65
2025-02-14 00:00:00+08:00,000796.XSHE,3.78,3.79,3.68,3.69,307851.0,11419.44
2025-02-17 00:00:00+08:00,000796.XSHE,3.72,3.87,3.7,3.83,507095.32,19259.07
2025-02-18 00:00:00+08:00,000796.XSHE,3.82,3.89,3.7,3.71,457772.73,17333.97
2025-02-19 00:00:00+08:00,000796.XSHE,3.7,3.74,3.68,3.74,260978.0,9688.9
2025-02-20 00:00:00+08:00,000796.XSHE,3.75,3.81,3.72,3.76,305591.0,11495.62
2025-02-21 00:00:00+08:00,000796.XSHE,3.76,3.79,3.68,3.74,300189.0,11179.84
2025-02-24 00:00:00+08:00,000796.XSHE,3.73,3.82,3.68,3.76,395068.98,14823.86
2025-02-25 00:00:00+08:00,000796.XSHE,3.67,3.7,3.6,3.61,524298.32,19133.98
2025-02-26 00:00:00+08:00,000796.XSHE,3.61,3.67,3.59,3.63,333016.32,12037.83
2025-02-27 00:00:00+08:00,000796.XSHE,3.62,3.99,3.6,3.99,920509.22,35945.15
2025-02-28 00:00:00+08:00,000796.XSHE,3.99,4.03,3.83,3.84,1169904.21,45937.46
2025-03-03 00:00:00+08:00,000796.XSHE,3.92,4.17,3.89,3.91,959174.91,38401.12
2025-03-04 00:00:00+08:00,000796.XSHE,3.89,3.96,3.85,3.93,509582.24,19910.47
2025-03-05 00:00:00+08:00,000796.XSHE,3.92,4.02,3.82,3.87,416150.25,16103.17
2025-03-06 00:00:00+08:00,000796.XSHE,3.87,3.92,3.84,3.9,525553.29,20376.44
2025-03-07 00:00:00+08:00,000796.XSHE,3.87,3.92,3.81,3.88,433077.0,16725.58
2025-03-10 00:00:00+08:00,000796.XSHE,3.84,3.9,3.82,3.88,342400.11,13234.66
2025-03-11 00:00:00+08:00,000796.XSHE,3.83,3.95,3.82,3.95,460311.71,17926.2
2025-03-12 00:00:00+08:00,000796.XSHE,3.97,4.0,3.89,3.9,446198.14,17550.61
2025-03-13 00:00:00+08:00,000796.XSHE,3.87,3.93,3.83,3.9,362874.0,14066.87
2025-03-14 00:00:00+08:00,000796.XSHE,4.0,4.2,3.96,4.12,1093781.42,44831.66
2025-03-17 00:00:00+08:00,000796.XSHE,4.18,4.21,4.08,4.1,824538.23,34112.17
2025-03-18 00:00:00+08:00,000796.XSHE,4.13,4.14,4.03,4.07,550255.67,22433.81
2025-03-19 00:00:00+08:00,000796.XSHE,4.06,4.08,3.99,4.01,405224.91,16341.22
2025-03-20 00:00:00+08:00,000796.XSHE,4.03,4.18,4.02,4.07,774794.94,31674.57
2025-03-21 00:00:00+08:00,000796.XSHE,4.03,4.25,4.03,4.21,1318816.53,55130.86
2025-03-24 00:00:00+08:00,000796.XSHE,4.3,4.63,4.22,4.26,2130958.25,93899.4
2025-03-25 00:00:00+08:00,000796.XSHE,4.16,4.42,4.02,4.27,1490200.8,61667.97
2025-03-26 00:00:00+08:00,000796.XSHE,4.2,4.27,4.12,4.19,886714.38,37296.61
2025-03-27 00:00:00+08:00,000796.XSHE,4.22,4.38,4.12,4.14,1000497.36,42452.91
2025-03-28 00:00:00+08:00,000796.XSHE,4.18,4.19,3.97,3.97,791549.17,32093.58
2025-03-31 00:00:00+08:00,000796.XSHE,3.93,3.99,3.78,3.78,712205.98,27485.61
2025-04-01 00:00:00+08:00,000796.XSHE,3.8,3.89,3.79,3.83,428291.04,16444.71
2025-04-02 00:00:00+08:00,000796.XSHE,3.81,3.92,3.79,3.86,375830.24,14501.0
2025-04-03 00:00:00+08:00,000796.XSHE,3.82,4.04,3.8,3.97,700665.47,27689.84
2025-04-07 00:00:00+08:00,000796.XSHE,3.8,3.88,3.57,3.57,718080.78,26379.17
2025-04-08 00:00:00+08:00,000796.XSHE,3.6,3.67,3.43,3.63,722938.5,25826.46
2025-04-09 00:00:00+08:00,000796.XSHE,3.52,3.99,3.3,3.99,1354252.37,51110.59
2025-04-10 00:00:00+08:00,000796.XSHE,4.0,4.25,4.0,4.17,2163025.76,89628.93
2025-04-11 00:00:00+08:00,000796.XSHE,4.1,4.24,4.06,4.1,1354972.87,56030.92
2025-04-14 00:00:00+08:00,000796.XSHE,4.13,4.51,4.13,4.38,2185510.84,94509.54
2025-04-15 00:00:00+08:00,000796.XSHE,4.26,4.33,4.18,4.21,1293558.64,54692.81
2025-04-16 00:00:00+08:00,000796.XSHE,4.13,4.24,4.11,4.16,944216.98,39333.19
2025-04-17 00:00:00+08:00,000796.XSHE,4.16,4.28,4.08,4.21,1136097.33,47695.25
2025-04-18 00:00:00+08:00,000796.XSHE,4.21,4.21,4.0,4.04,982994.0,40058.94
2025-04-21 00:00:00+08:00,000796.XSHE,4.0,4.06,3.92,4.01,722107.91,28842.82
2025-04-22 00:00:00+08:00,000796.XSHE,4.05,4.25,3.96,4.15,1118788.04,45738.93
2025-04-23 00:00:00+08:00,000796.XSHE,4.14,4.16,4.02,4.03,800235.99,32695.41
2025-04-24 00:00:00+08:00,000796.XSHE,3.98,4.03,3.87,3.88,748368.68,29439.77
2025-04-25 00:00:00+08:00,000796.XSHE,3.94,4.05,3.93,3.99,675619.97,26948.67
2025-04-28 00:00:00+08:00,000796.XSHE,4.15,4.2,3.98,3.99,771712.95,31435.17
2025-04-29 00:00:00+08:00,000796.XSHE,3.91,4.01,3.83,3.89,571276.01,22317.68
2025-04-30 00:00:00+08:00,000796.XSHE,3.87,3.92,3.85,3.86,417223.68,16211.53
2025-05-06 00:00:00+08:00,000796.XSHE,3.86,3.88,3.78,3.88,507067.98,19478.05
2025-05-07 00:00:00+08:00,000796.XSHE,3.9,3.97,3.82,3.84,449099.65,17371.33
2025-05-08 00:00:00+08:00,000796.XSHE,3.85,3.85,3.8,3.82,396945.0,15173.0
2025-05-09 00:00:00+08:00,000796.XSHE,3.81,3.82,3.73,3.74,389134.98,14635.34
2025-05-12 00:00:00+08:00,000796.XSHE,3.74,3.79,3.72,3.77,319883.99,11999.4
2025-05-13 00:00:00+08:00,000796.XSHE,3.78,3.82,3.76,3.79,347178.69,13157.51
2025-05-14 00:00:00+08:00,000796.XSHE,3.77,3.78,3.73,3.76,313189.26,11736.38
2025-05-15 00:00:00+08:00,000796.XSHE,3.75,3.79,3.71,3.73,284531.01,10660.44
2025-05-16 00:00:00+08:00,000796.XSHE,3.72,3.8,3.72,3.8,351528.91,13206.24
2025-05-19 00:00:00+08:00,000796.XSHE,3.77,3.82,3.76,3.79,281756.0,10679.54
2025-05-20 00:00:00+08:00,000796.XSHE,3.81,3.86,3.79,3.84,398572.31,15257.8
2025-05-21 00:00:00+08:00,000796.XSHE,3.83,3.87,3.77,3.81,318165.65,12101.83
2025-05-22 00:00:00+08:00,000796.XSHE,3.8,3.8,3.68,3.69,382109.96,14264.07
2025-05-23 00:00:00+08:00,000796.XSHE,3.68,3.69,3.62,3.62,255776.99,9354.51
2025-05-26 00:00:00+08:00,000796.XSHE,3.61,3.69,3.6,3.67,208435.99,7598.03
2025-05-27 00:00:00+08:00,000796.XSHE,3.67,3.76,3.66,3.72,250146.0,9320.36
2025-05-28 00:00:00+08:00,000796.XSHE,3.7,3.75,3.66,3.67,239662.0,8857.68
2025-05-29 00:00:00+08:00,000796.XSHE,3.66,3.71,3.64,3.7,228089.99,8408.64
2025-05-30 00:00:00+08:00,000796.XSHE,3.7,3.72,3.66,3.67,192100.0,7075.16
2025-06-03 00:00:00+08:00,000796.XSHE,3.66,3.71,3.65,3.7,154971.65,5714.89
2025-06-04 00:00:00+08:00,000796.XSHE,3.71,3.79,3.68,3.78,411149.25,15434.34
2025-06-05 00:00:00+08:00,000796.XSHE,3.77,3.8,3.72,3.74,324207.0,12140.47
2025-06-06 00:00:00+08:00,000796.XSHE,3.74,3.9,3.73,3.83,658499.21,25176.01
2025-06-09 00:00:00+08:00,000796.XSHE,3.79,3.89,3.78,3.88,538341.31,20737.83
2025-06-10 00:00:00+08:00,000796.XSHE,3.86,3.92,3.76,3.88,643970.24,24776.75
2025-06-11 00:00:00+08:00,000796.XSHE,3.86,3.9,3.86,3.86,352805.64,13669.73
2025-06-12 00:00:00+08:00,000796.XSHE,3.85,3.9,3.8,3.82,293145.83,11243.16
2025-06-13 00:00:00+08:00,000796.XSHE,3.8,3.81,3.7,3.71,366044.05,13726.49
2025-06-16 00:00:00+08:00,000796.XSHE,3.69,3.72,3.67,3.71,210390.0,7773.04
2025-06-17 00:00:00+08:00,000796.XSHE,3.72,3.75,3.7,3.75,229202.0,8541.09
2025-06-18 00:00:00+08:00,000796.XSHE,3.75,3.82,3.72,3.79,359469.0,13623.8
2025-06-19 00:00:00+08:00,000796.XSHE,3.75,3.79,3.68,3.7,302376.98,11243.82
2025-06-20 00:00:00+08:00,000796.XSHE,3.68,3.81,3.68,3.7,300195.97,11239.36
2025-06-23 00:00:00+08:00,000796.XSHE,3.69,3.76,3.65,3.75,279737.77,10417.36
2025-06-24 00:00:00+08:00,000796.XSHE,3.75,3.82,3.75,3.8,328685.94,12473.61
2025-06-25 00:00:00+08:00,000796.XSHE,3.83,3.84,3.77,3.84,349589.0,13288.95
2025-06-26 00:00:00+08:00,000796.XSHE,3.82,3.93,3.81,3.9,696929.87,27071.83
2025-06-27 00:00:00+08:00,000796.XSHE,3.87,3.91,3.85,3.87,386453.98,14978.76
2025-06-30 00:00:00+08:00,000796.XSHE,3.88,3.92,3.86,3.92,357258.51,13950.78
2025-07-01 00:00:00+08:00,000796.XSHE,3.98,3.99,3.9,3.94,347221.89,13654.53
2025-07-02 00:00:00+08:00,000796.XSHE,4.04,4.11,3.95,3.96,731025.97,29382.83
2025-07-03 00:00:00+08:00,000796.XSHE,3.94,4.0,3.93,3.98,404464.99,16038.36
2025-07-04 00:00:00+08:00,000796.XSHE,4.0,4.05,3.92,3.93,459891.98,18281.19
2025-07-07 00:00:00+08:00,000796.XSHE,3.92,4.04,3.91,4.04,497345.97,19830.61
2025-07-08 00:00:00+08:00,000796.XSHE,4.03,4.44,4.0,4.44,1511304.06,64639.31
2025-07-09 00:00:00+08:00,000796.XSHE,4.5,4.56,4.31,4.4,1865636.95,82395.73
2025-07-10 00:00:00+08:00,000796.XSHE,4.4,4.56,4.36,4.38,1370362.15,60781.78
2025-07-11 00:00:00+08:00,000796.XSHE,4.46,4.52,4.35,4.46,1384082.1,61498.97
2025-07-14 00:00:00+08:00,000796.XSHE,4.69,4.91,4.35,4.35,1776155.1,81552.42
2025-07-15 00:00:00+08:00,000796.XSHE,4.26,4.33,4.11,4.12,1311955.49,54942.0
2025-07-16 00:00:00+08:00,000796.XSHE,4.12,4.3,4.1,4.17,837625.81,35150.8
2025-07-17 00:00:00+08:00,000796.XSHE,4.2,4.59,4.2,4.59,883596.47,39833.81
2025-07-18 00:00:00+08:00,000796.XSHE,4.7,4.94,4.51,4.86,2685887.85,127384.42
2025-07-21 00:00:00+08:00,000796.XSHE,4.78,5.14,4.7,4.75,2611244.33,127722.25
2025-07-22 00:00:00+08:00,000796.XSHE,4.9,5.23,4.74,5.23,3297091.08,167342.4
2025-07-23 00:00:00+08:00,000796.XSHE,5.06,5.27,4.71,4.71,3118798.62,154953.92
2025-07-24 00:00:00+08:00,000796.XSHE,4.81,5.18,4.71,5.18,1291827.74,65032.52
2025-07-25 00:00:00+08:00,000796.XSHE,5.7,5.7,5.34,5.39,4815908.37,270554.78
2025-07-28 00:00:00+08:00,000796.XSHE,5.11,5.27,5.0,5.01,2912920.3,148824.4
2025-07-29 00:00:00+08:00,000796.XSHE,5.21,5.41,5.09,5.16,2353585.61,122840.9
2025-07-30 00:00:00+08:00,000796.XSHE,5.17,5.68,5.1,5.68,1950351.21,106992.21
2025-07-31 00:00:00+08:00,000796.XSHE,5.68,5.69,5.31,5.34,2512808.02,136877.0
2025-08-01 00:00:00+08:00,000796.XSHE,5.38,5.53,5.18,5.19,1713893.59,90848.48
2025-08-04 00:00:00+08:00,000796.XSHE,5.23,5.43,5.1,5.32,1475642.49,77957.45
2025-08-05 00:00:00+08:00,000796.XSHE,5.26,5.52,5.25,5.44,1706874.58,92093.59
2025-08-06 00:00:00+08:00,000796.XSHE,5.38,5.48,5.16,5.17,1731560.55,91222.67
2025-08-07 00:00:00+08:00,000796.XSHE,5.13,5.16,4.96,5.01,1338197.25,67208.19
2025-08-08 00:00:00+08:00,000796.XSHE,4.96,5.06,4.92,5.03,771624.52,38644.54
2025-08-11 00:00:00+08:00,000796.XSHE,4.98,5.05,4.92,4.99,704354.75,35193.14
2025-08-12 00:00:00+08:00,000796.XSHE,4.99,5.09,4.95,5.01,766466.99,38387.47
2025-08-13 00:00:00+08:00,000796.XSHE,5.07,5.11,4.95,4.99,786125.07,39373.49
2025-08-14 00:00:00+08:00,000796.XSHE,4.8,4.91,4.75,4.75,1138630.45,54783.72
2025-08-15 00:00:00+08:00,000796.XSHE,4.72,4.8,4.69,4.8,622548.54,29705.92
2025-08-18 00:00:00+08:00,000796.XSHE,4.88,5.28,4.85,5.28,1111309.97,57543.24
2025-08-19 00:00:00+08:00,000796.XSHE,5.29,5.55,5.24,5.4,2269097.74,123366.35
2025-08-20 00:00:00+08:00,000796.XSHE,5.43,5.59,5.39,5.46,1510835.66,82675.05
2025-08-21 00:00:00+08:00,000796.XSHE,5.47,5.51,5.33,5.37,1180461.37,63970.19
2025-08-22 00:00:00+08:00,000796.XSHE,5.38,5.42,5.24,5.29,859805.01,45529.1
2025-08-25 00:00:00+08:00,000796.XSHE,5.29,5.32,5.2,5.26,741630.47,38913.46
2025-08-26 00:00:00+08:00,000796.XSHE,5.28,5.33,5.18,5.2,1085236.83,56696.79
2025-08-27 00:00:00+08:00,000796.XSHE,5.21,5.48,5.11,5.11,1436089.0,75438.0
2025-08-28 00:00:00+08:00,000796.XSHE,5.13,5.62,5.12,5.38,2346877.36,127288.05
2025-08-29 00:00:00+08:00,000796.XSHE,5.34,5.92,5.3,5.92,1730755.83,99498.03
2025-09-01 00:00:00+08:00,000796.XSHE,5.88,6.22,5.79,5.98,2886161.38,174755.95
2025-09-02 00:00:00+08:00,000796.XSHE,5.98,6.13,5.85,5.9,2113113.87,126621.65
2025-09-03 00:00:00+08:00,000796.XSHE,5.95,6.39,5.94,6.05,2301465.45,140651.23
2025-09-04 00:00:00+08:00,000796.XSHE,5.99,6.5,5.96,6.35,2780264.69,173470.48
2025-09-05 00:00:00+08:00,000796.XSHE,6.2,6.2,5.72,6.07,2436368.61,145212.11
2025-09-08 00:00:00+08:00,000796.XSHE,6.01,6.22,5.85,5.88,1855870.53,111312.31
2025-09-09 00:00:00+08:00,000796.XSHE,5.89,5.96,5.69,5.77,1302835.11,75606.75
2025-09-10 00:00:00+08:00,000796.XSHE,5.81,6.35,5.77,6.35,1114412.0,69249.21
2025-09-11 00:00:00+08:00,000796.XSHE,6.48,6.55,6.22,6.39,2722014.59,173612.65
2025-09-12 00:00:00+08:00,000796.XSHE,6.41,6.7,6.39,6.64,2623420.97,172385.33
2025-09-15 00:00:00+08:00,000796.XSHE,6.51,6.88,6.41,6.65,2228660.99,149044.52
2025-09-16 00:00:00+08:00,000796.XSHE,6.7,7.32,6.65,7.12,2831757.6,200829.7
2025-09-17 00:00:00+08:00,000796.XSHE,7.24,7.37,6.82,6.92,2344340.19,164429.33
2025-09-18 00:00:00+08:00,000796.XSHE,6.81,7.18,6.81,7.07,2380487.89,166438.5
2025-09-19 00:00:00+08:00,000796.XSHE,7.0,7.05,6.55,6.75,1914410.45,130373.65
2025-09-22 00:00:00+08:00,000796.XSHE,6.73,6.83,6.51,6.67,1159885.35,77479.64
2025-09-23 00:00:00+08:00,000796.XSHE,6.52,6.61,6.01,6.1,1686077.83,104451.3
2025-09-24 00:00:00+08:00,000796.XSHE,6.13,6.22,6.0,6.12,1053895.74,64176.03
2025-09-25 00:00:00+08:00,000796.XSHE,6.24,6.55,6.08,6.49,1518544.75,95630.57
2025-09-26 00:00:00+08:00,000796.XSHE,6.43,6.43,6.15,6.19,1056903.0,66198.0
2025-09-29 00:00:00+08:00,000796.XSHE,6.11,6.38,5.97,6.23,1092556.08,67166.16
2025-09-30 00:00:00+08:00,000796.XSHE,6.23,6.41,6.15,6.34,947235.09,59946.69
2025-10-09 00:00:00+08:00,000796.XSHE,6.16,6.17,5.74,5.8,1329418.4,77926.25
2025-10-10 00:00:00+08:00,000796.XSHE,5.79,5.95,5.75,5.86,841427.99,49300.48
2025-10-13 00:00:00+08:00,000796.XSHE,5.54,5.86,5.53,5.78,675773.8,38874.64
2025-10-14 00:00:00+08:00,000796.XSHE,5.8,6.1,5.78,5.92,1005326.02,60202.84
2025-10-15 00:00:00+08:00,000796.XSHE,5.99,6.11,5.93,6.02,708800.71,42669.83
2025-10-16 00:00:00+08:00,000796.XSHE,5.98,6.31,5.95,6.23,1186918.55,73833.11
2025-10-17 00:00:00+08:00,000796.XSHE,6.17,6.45,6.11,6.24,1434967.49,90436.58
2025-10-20 00:00:00+08:00,000796.XSHE,6.36,6.86,6.3,6.68,2334731.22,157544.82
2025-10-21 00:00:00+08:00,000796.XSHE,6.51,6.62,6.3,6.51,1793097.87,116160.85
2025-10-22 00:00:00+08:00,000796.XSHE,6.51,6.55,6.18,6.23,1218718.32,76798.95
2025-10-23 00:00:00+08:00,000796.XSHE,6.24,6.4,6.08,6.19,901806.84,55988.45
2025-10-24 00:00:00+08:00,000796.XSHE,6.15,6.38,6.06,6.09,798036.0,49166.02
2025-10-27 00:00:00+08:00,000796.XSHE,6.11,6.26,6.06,6.14,749058.0,46052.81
2025-10-28 00:00:00+08:00,000796.XSHE,6.16,6.34,6.16,6.23,1169057.97,73288.07
2025-10-29 00:00:00+08:00,000796.XSHE,6.33,6.66,6.31,6.44,1638484.64,106630.75
2025-10-30 00:00:00+08:00,000796.XSHE,6.32,6.43,6.09,6.09,1240197.53,76993.66
2025-10-31 00:00:00+08:00,000796.XSHE,6.29,6.59,6.25,6.55,2060319.11,133123.72
2025-11-03 00:00:00+08:00,000796.XSHE,6.59,6.8,6.45,6.68,1768846.52,118008.87
2025-11-04 00:00:00+08:00,000796.XSHE,6.62,6.85,6.56,6.79,1576980.72,106421.49
2025-11-05 00:00:00+08:00,000796.XSHE,6.79,7.47,6.74,7.47,1602122.82,114873.4
2025-11-06 00:00:00+08:00,000796.XSHE,7.5,7.6,6.74,6.77,2909982.89,205594.62
2025-11-07 00:00:00+08:00,000796.XSHE,7.23,7.45,6.86,7.21,3290611.77,238425.26
2025-11-10 00:00:00+08:00,000796.XSHE,7.01,7.88,7.01,7.42,2896482.98,213751.09
2025-11-11 00:00:00+08:00,000796.XSHE,7.35,7.58,7.25,7.38,1923912.99,142393.21
2025-11-12 00:00:00+08:00,000796.XSHE,7.38,7.85,7.35,7.56,2109760.01,161216.35
2025-11-13 00:00:00+08:00,000796.XSHE,7.39,7.77,7.26,7.44,1858648.89,139208.82
2025-11-14 00:00:00+08:00,000796.XSHE,7.46,8.08,7.45,7.7,2300685.7,179842.77
2025-11-17 00:00:00+08:00,000796.XSHE,7.74,8.42,7.74,8.17,2343035.06,190026.82
2025-11-18 00:00:00+08:00,000796.XSHE,8.09,8.4,7.72,7.89,2374985.46,192090.96
2025-11-19 00:00:00+08:00,000796.XSHE,7.6,7.76,7.14,7.17,1927892.05,141291.12
2025-11-20 00:00:00+08:00,000796.XSHE,7.21,7.49,7.06,7.39,1484065.02,107857.31
2025-11-21 00:00:00+08:00,000796.XSHE,7.19,7.52,7.06,7.17,1379329.5,100161.04
2025-11-24 00:00:00+08:00,000796.XSHE,7.13,7.35,6.53,6.69,1428082.77,97328.53
2025-11-25 00:00:00+08:00,000796.XSHE,6.64,7.03,6.62,6.94,1189883.17,80722.02
2025-11-26 00:00:00+08:00,000796.XSHE,6.86,7.15,6.8,6.82,1195786.75,83556.98
2025-11-27 00:00:00+08:00,000796.XSHE,6.82,6.93,6.58,6.68,938476.89,63155.77
2025-11-28 00:00:00+08:00,000796.XSHE,6.7,6.93,6.56,6.93,992892.96,67634.23
2025-12-01 00:00:00+08:00,000796.XSHE,7.0,7.25,6.92,7.1,1053030.0,74580.27
2025-12-02 00:00:00+08:00,000796.XSHE,7.1,7.25,6.85,7.2,1157584.1,81941.13
2025-12-03 00:00:00+08:00,000796.XSHE,7.12,7.29,6.91,6.95,1069134.19,76004.01
2025-12-04 00:00:00+08:00,000796.XSHE,6.81,6.89,6.63,6.68,835177.0,56015.82
2025-12-05 00:00:00+08:00,000796.XSHE,6.7,6.78,6.48,6.74,711182.55,47444.96
2025-12-08 00:00:00+08:00,000796.XSHE,6.75,7.24,6.66,7.09,1201765.06,84369.87
2025-12-09 00:00:00+08:00,000796.XSHE,7.09,7.18,6.81,6.94,941858.0,65573.41
2025-12-10 00:00:00+08:00,000796.XSHE,7.01,7.6,6.96,7.49,2275496.49,166522.6
2025-12-11 00:00:00+08:00,000796.XSHE,7.31,7.53,7.09,7.12,1609112.33,116482.69
2025-12-12 00:00:00+08:00,000796.XSHE,7.0,7.04,6.8,6.9,1097480.2,75971.28
2025-12-15 00:00:00+08:00,000796.XSHE,6.88,7.06,6.62,6.96,959455.88,65797.47
2025-12-16 00:00:00+08:00,000796.XSHE,6.93,7.08,6.66,6.75,912451.82,62223.56
2025-12-17 00:00:00+08:00,000796.XSHE,6.76,6.78,6.12,6.37,1087882.34,69572.68
2025-12-18 00:00:00+08:00,000796.XSHE,6.32,6.47,6.05,6.09,1066602.97,66082.86
2025-12-19 00:00:00+08:00,000796.XSHE,6.0,6.68,5.81,6.43,1732574.93,107034.27
2025-12-22 00:00:00+08:00,000796.XSHE,6.61,7.07,6.61,7.07,1608692.07,112494.09
2025-12-23 00:00:00+08:00,000796.XSHE,7.44,7.78,7.12,7.13,3514710.13,261907.03
2025-12-24 00:00:00+08:00,000796.XSHE,7.1,7.84,6.92,7.84,3846429.16,289640.4
2025-12-25 00:00:00+08:00,000796.XSHE,7.7,7.84,7.3,7.35,3058874.83,229661.79
2025-01-02 00:00:00+08:00,000886.XSHE,7.56,7.58,6.99,6.99,612197.47,43903.85
2025-01-03 00:00:00+08:00,000886.XSHE,6.74,6.83,6.29,6.32,576940.26,37576.19
2025-01-06 00:00:00+08:00,000886.XSHE,6.15,6.44,6.01,6.07,372225.23,23064.12
2025-01-07 00:00:00+08:00,000886.XSHE,6.09,6.24,6.03,6.16,211249.46,12938.97
2025-01-08 00:00:00+08:00,000886.XSHE,6.17,6.17,5.79,6.07,335112.46,20008.74
2025-01-09 00:00:00+08:00,000886.XSHE,6.01,6.14,5.98,6.03,174299.57,10564.51
2025-01-10 00:00:00+08:00,000886.XSHE,6.05,6.19,5.75,5.75,257256.47,15319.81
2025-01-13 00:00:00+08:00,000886.XSHE,5.7,5.85,5.59,5.78,190597.35,10962.02
2025-01-14 00:00:00+08:00,000886.XSHE,5.81,6.09,5.81,6.07,230608.47,13869.46
2025-01-15 00:00:00+08:00,000886.XSHE,6.08,6.3,6.01,6.11,245525.42,15075.84
2025-01-16 00:00:00+08:00,000886.XSHE,6.13,6.47,6.05,6.3,313272.23,19504.99
2025-01-17 00:00:00+08:00,000886.XSHE,6.19,6.26,6.11,6.17,236491.21,14618.68
2025-01-20 00:00:00+08:00,000886.XSHE,6.26,6.27,6.1,6.19,181369.41,11257.63
2025-01-21 00:00:00+08:00,000886.XSHE,6.2,6.28,6.14,6.2,151989.7,9427.01
2025-01-22 00:00:00+08:00,000886.XSHE,6.21,6.21,6.03,6.06,166981.0,10174.58
2025-01-23 00:00:00+08:00,000886.XSHE,6.13,6.22,6.06,6.07,175688.21,10788.21
2025-01-24 00:00:00+08:00,000886.XSHE,6.04,6.26,6.03,6.21,238277.91,14649.08
2025-01-27 00:00:00+08:00,000886.XSHE,6.21,6.39,6.18,6.28,213446.0,13436.51
2025-02-05 00:00:00+08:00,000886.XSHE,6.27,6.34,6.19,6.25,171957.52,10753.26
2025-02-06 00:00:00+08:00,000886.XSHE,6.24,6.29,6.09,6.28,243038.0,15070.38
2025-02-07 00:00:00+08:00,000886.XSHE,6.28,6.65,6.26,6.4,365697.0,23702.27
2025-02-10 00:00:00+08:00,000886.XSHE,6.42,6.62,6.38,6.53,234671.74,15220.32
2025-02-11 00:00:00+08:00,000886.XSHE,6.57,6.77,6.49,6.55,270913.84,17883.58
2025-02-12 00:00:00+08:00,000886.XSHE,6.48,6.77,6.46,6.69,294849.42,19647.83
2025-02-13 00:00:00+08:00,000886.XSHE,6.76,6.77,6.6,6.62,214204.34,14277.72
2025-02-14 00:00:00+08:00,000886.XSHE,6.55,6.6,6.45,6.49,219138.0,14245.89
2025-02-17 00:00:00+08:00,000886.XSHE,6.5,6.65,6.5,6.57,195334.81,12844.17
2025-02-18 00:00:00+08:00,000886.XSHE,6.54,6.54,6.27,6.3,229557.33,14722.8
2025-02-19 00:00:00+08:00,000886.XSHE,6.93,6.93,6.93,6.93,107223.75,7430.61
2025-02-20 00:00:00+08:00,000886.XSHE,7.48,7.48,6.94,7.0,903792.74,65278.95
2025-02-21 00:00:00+08:00,000886.XSHE,6.95,7.2,6.88,6.97,585287.06,41088.1
2025-02-24 00:00:00+08:00,000886.XSHE,6.98,7.24,6.85,6.97,485073.48,34090.29
2025-02-25 00:00:00+08:00,000886.XSHE,6.83,7.08,6.78,6.87,348209.09,24155.01
2025-02-26 00:00:00+08:00,000886.XSHE,6.94,7.13,6.88,7.07,360363.49,25346.41
2025-02-27 00:00:00+08:00,000886.XSHE,7.1,7.78,7.07,7.65,923349.55,70293.53
2025-02-28 00:00:00+08:00,000886.XSHE,7.51,7.59,7.24,7.26,602960.45,44755.02
2025-03-03 00:00:00+08:00,000886.XSHE,7.28,7.36,6.98,7.01,364583.75,25996.67
2025-03-04 00:00:00+08:00,000886.XSHE,6.93,7.03,6.9,6.99,221251.1,15397.12
2025-03-05 00:00:00+08:00,000886.XSHE,7.26,7.4,6.82,7.1,449762.0,31597.62
2025-03-06 00:00:00+08:00,000886.XSHE,7.1,7.33,7.05,7.25,409670.98,29638.6
2025-03-07 00:00:00+08:00,000886.XSHE,7.18,7.18,6.95,7.0,345431.02,24308.49
2025-03-10 00:00:00+08:00,000886.XSHE,7.05,7.17,6.92,7.08,330174.24,23254.0
2025-03-11 00:00:00+08:00,000886.XSHE,6.95,7.04,6.9,6.98,208938.26,14527.04
2025-03-12 00:00:00+08:00,000886.XSHE,6.99,7.05,6.9,6.92,232907.55,16200.18
2025-03-13 00:00:00+08:00,000886.XSHE,6.9,6.95,6.72,6.87,236828.05,16139.26
2025-03-14 00:00:00+08:00,000886.XSHE,7.01,7.4,7.01,7.27,646652.16,46728.48
2025-03-17 00:00:00+08:00,000886.XSHE,7.29,7.78,7.26,7.6,787265.91,59537.9
2025-03-18 00:00:00+08:00,000886.XSHE,7.5,7.62,7.44,7.49,524374.33,39439.14
2025-03-19 00:00:00+08:00,000886.XSHE,7.5,7.52,7.35,7.42,283764.53,21063.8
2025-03-20 00:00:00+08:00,000886.XSHE,7.42,7.6,7.3,7.48,339343.79,25252.12
2025-03-21 00:00:00+08:00,000886.XSHE,7.41,7.97,7.4,7.6,766970.22,58983.18
2025-03-24 00:00:00+08:00,000886.XSHE,7.68,7.9,7.35,7.56,721321.1,55018.24
2025-03-25 00:00:00+08:00,000886.XSHE,7.41,7.47,6.8,6.8,673018.28,47731.09
2025-03-26 00:00:00+08:00,000886.XSHE,6.77,6.98,6.58,6.66,538501.03,36228.13
2025-03-27 00:00:00+08:00,000886.XSHE,6.64,6.66,6.45,6.53,280763.33,18390.85
2025-03-28 00:00:00+08:00,000886.XSHE,6.54,6.61,6.48,6.48,200483.0,13079.8
2025-03-31 00:00:00+08:00,000886.XSHE,6.4,6.44,6.09,6.15,368808.17,22859.18
2025-04-01 00:00:00+08:00,000886.XSHE,6.26,6.28,6.12,6.13,221565.39,13713.91
2025-04-02 00:00:00+08:00,000886.XSHE,6.13,6.26,6.09,6.11,235085.14,14461.17
2025-04-03 00:00:00+08:00,000886.XSHE,6.05,6.2,6.02,6.19,213581.08,13125.94
2025-04-07 00:00:00+08:00,000886.XSHE,5.89,5.89,5.57,5.57,307025.48,17291.74
2025-04-08 00:00:00+08:00,000886.XSHE,5.45,5.62,5.36,5.6,363174.4,19996.36
2025-04-09 00:00:00+08:00,000886.XSHE,5.44,6.16,5.25,6.16,562240.58,32385.11
2025-04-10 00:00:00+08:00,000886.XSHE,6.02,6.43,6.01,6.25,542183.02,34028.0
2025-04-11 00:00:00+08:00,000886.XSHE,6.22,6.59,6.17,6.48,513183.64,32988.12
2025-04-14 00:00:00+08:00,000886.XSHE,6.52,7.12,6.4,6.8,686703.6,46165.9
2025-04-15 00:00:00+08:00,000886.XSHE,6.66,6.69,6.38,6.4,469498.22,30492.76
2025-04-16 00:00:00+08:00,000886.XSHE,6.35,6.44,6.18,6.29,244564.55,15410.87
2025-04-17 00:00:00+08:00,000886.XSHE,6.28,6.38,6.19,6.22,202908.0,12752.92
2025-04-18 00:00:00+08:00,000886.XSHE,6.22,6.26,6.13,6.21,172879.0,10707.33
2025-04-21 00:00:00+08:00,000886.XSHE,6.14,6.24,6.11,6.24,144584.0,8945.82
2025-04-22 00:00:00+08:00,000886.XSHE,6.3,6.39,6.23,6.32,266805.01,16882.72
2025-04-23 00:00:00+08:00,000886.XSHE,6.31,6.36,6.22,6.23,154597.01,9704.52
2025-04-24 00:00:00+08:00,000886.XSHE,6.24,6.28,6.13,6.15,134190.01,8324.78
2025-04-25 00:00:00+08:00,000886.XSHE,6.16,6.25,6.15,6.15,133234.0,8258.09
2025-04-28 00:00:00+08:00,000886.XSHE,6.28,6.28,6.05,6.08,162025.36,9953.08
2025-04-29 00:00:00+08:00,000886.XSHE,6.07,6.2,6.06,6.11,101213.68,6209.37
2025-04-30 00:00:00+08:00,000886.XSHE,6.08,6.22,6.08,6.17,133373.68,8231.63
2025-05-06 00:00:00+08:00,000886.XSHE,6.19,6.33,6.19,6.3,165728.02,10391.27
2025-05-07 00:00:00+08:00,000886.XSHE,6.37,6.41,6.26,6.3,156553.17,9873.03
2025-05-08 00:00:00+08:00,000886.XSHE,6.29,6.38,6.26,6.34,131489.01,8313.61
2025-05-09 00:00:00+08:00,000886.XSHE,6.31,6.35,6.21,6.23,125742.68,7860.48
2025-05-12 00:00:00+08:00,000886.XSHE,6.25,6.31,6.23,6.27,119627.39,7498.8
2025-05-13 00:00:00+08:00,000886.XSHE,6.31,6.34,6.2,6.22,115324.28,7209.1
2025-05-14 00:00:00+08:00,000886.XSHE,6.2,6.23,6.12,6.16,160200.47,9883.08
2025-05-15 00:00:00+08:00,000886.XSHE,6.17,6.3,6.1,6.18,170411.03,10578.49
2025-05-16 00:00:00+08:00,000886.XSHE,6.17,6.31,6.15,6.24,115115.21,7160.69
2025-05-19 00:00:00+08:00,000886.XSHE,6.23,6.27,6.14,6.18,150816.29,9328.4
2025-05-20 00:00:00+08:00,000886.XSHE,6.16,6.21,6.11,6.14,157079.02,9657.3
2025-05-21 00:00:00+08:00,000886.XSHE,6.14,6.2,6.06,6.08,155310.0,9470.47
2025-05-22 00:00:00+08:00,000886.XSHE,6.08,6.16,5.98,6.0,160826.66,9695.85
2025-05-23 00:00:00+08:00,000886.XSHE,6.0,6.01,5.87,5.89,133671.39,7944.15
2025-05-26 00:00:00+08:00,000886.XSHE,5.9,5.94,5.75,5.82,169036.03,9850.55
2025-05-27 00:00:00+08:00,000886.XSHE,5.82,5.89,5.77,5.85,110505.53,6455.67
2025-05-28 00:00:00+08:00,000886.XSHE,5.86,5.9,5.83,5.85,78403.29,4599.11
2025-05-29 00:00:00+08:00,000886.XSHE,5.86,5.94,5.82,5.92,130544.0,7706.78
2025-05-30 00:00:00+08:00,000886.XSHE,5.92,6.09,5.85,6.08,291586.01,17337.94
2025-06-03 00:00:00+08:00,000886.XSHE,5.96,6.07,5.91,5.98,189628.52,11354.81
2025-06-04 00:00:00+08:00,000886.XSHE,5.97,6.15,5.97,6.05,186779.61,11323.73
2025-06-05 00:00:00+08:00,000886.XSHE,6.05,6.07,5.98,6.0,143262.0,8606.09
2025-06-06 00:00:00+08:00,000886.XSHE,6.11,6.6,6.08,6.32,803457.31,51417.14
2025-06-09 00:00:00+08:00,000886.XSHE,6.3,6.32,6.16,6.2,521626.83,32419.26
2025-06-10 00:00:00+08:00,000886.XSHE,6.21,6.42,6.17,6.27,422516.85,26534.75
2025-06-11 00:00:00+08:00,000886.XSHE,6.25,6.46,6.23,6.38,305073.39,19387.0
2025-06-12 00:00:00+08:00,000886.XSHE,6.38,6.38,6.2,6.24,203526.0,12753.94
2025-06-13 00:00:00+08:00,000886.XSHE,6.18,6.35,6.13,6.19,284038.93,17676.31
2025-06-16 00:00:00+08:00,000886.XSHE,6.15,6.24,6.14,6.22,148762.17,9216.53
2025-06-17 00:00:00+08:00,000886.XSHE,6.19,6.26,6.14,6.23,149673.07,9282.12
2025-06-18 00:00:00+08:00,000886.XSHE,6.23,6.54,6.21,6.35,430375.37,27479.88
2025-06-19 00:00:00+08:00,000886.XSHE,6.28,6.39,6.15,6.19,286439.4,17921.28
2025-06-20 00:00:00+08:00,000886.XSHE,6.18,6.45,6.14,6.24,298121.8,18837.48
2025-06-23 00:00:00+08:00,000886.XSHE,6.18,6.45,6.17,6.41,376386.73,23909.78
2025-06-24 00:00:00+08:00,000886.XSHE,6.41,6.63,6.39,6.52,319499.8,20839.61
2025-06-25 00:00:00+08:00,000886.XSHE,6.52,6.7,6.44,6.6,305937.99,20039.69
2025-06-26 00:00:00+08:00,000886.XSHE,6.55,6.74,6.46,6.64,346644.62,22917.84
2025-06-27 00:00:00+08:00,000886.XSHE,6.66,6.7,6.54,6.6,269662.0,17853.63
2025-06-30 00:00:00+08:00,000886.XSHE,6.61,6.75,6.58,6.72,248545.83,16625.63
2025-07-01 00:00:00+08:00,000886.XSHE,6.69,6.81,6.66,6.78,252795.3,17000.73
2025-07-02 00:00:00+08:00,000886.XSHE,6.78,6.84,6.65,6.72,241105.53,16273.05
2025-07-03 00:00:00+08:00,000886.XSHE,6.83,7.06,6.78,6.81,745217.64,51156.52
2025-07-04 00:00:00+08:00,000886.XSHE,6.78,7.21,6.66,6.71,678144.37,46629.9
2025-07-07 00:00:00+08:00,000886.XSHE,6.62,6.71,6.5,6.67,436280.86,28825.74
2025-07-08 00:00:00+08:00,000886.XSHE,6.63,6.85,6.61,6.84,384853.77,26061.53
2025-07-09 00:00:00+08:00,000886.XSHE,6.81,6.88,6.75,6.77,268616.03,18269.29
2025-07-10 00:00:00+08:00,000886.XSHE,6.78,6.84,6.75,6.78,213638.01,14491.48
2025-07-11 00:00:00+08:00,000886.XSHE,6.77,6.93,6.71,6.81,290108.22,19774.37
2025-07-14 00:00:00+08:00,000886.XSHE,6.89,7.2,6.84,6.9,283114.77,19615.84
2025-07-15 00:00:00+08:00,000886.XSHE,6.82,6.85,6.67,6.75,260832.03,17591.64
2025-07-16 00:00:00+08:00,000886.XSHE,6.72,7.07,6.72,6.94,458929.54,31903.91
2025-07-17 00:00:00+08:00,000886.XSHE,6.91,7.28,6.89,7.23,574926.37,41228.52
2025-07-18 00:00:00+08:00,000886.XSHE,7.23,7.3,7.09,7.29,385451.75,27799.04
2025-07-21 00:00:00+08:00,000886.XSHE,7.2,7.65,7.17,7.28,1102481.13,81681.84
2025-07-22 00:00:00+08:00,000886.XSHE,7.33,7.48,7.01,7.38,993394.62,72437.22
2025-07-23 00:00:00+08:00,000886.XSHE,7.39,7.56,6.77,6.79,1382312.13,98402.1
2025-07-24 00:00:00+08:00,000886.XSHE,6.8,7.47,6.73,7.47,957991.72,69202.34
2025-07-25 00:00:00+08:00,000886.XSHE,7.64,7.75,7.12,7.18,1357006.71,99516.34
2025-07-28 00:00:00+08:00,000886.XSHE,7.1,7.21,6.94,6.96,608426.74,42744.04
2025-07-29 00:00:00+08:00,000886.XSHE,6.96,7.04,6.83,6.9,441907.0,30627.33
2025-07-30 00:00:00+08:00,000886.XSHE,6.88,6.97,6.76,6.84,404860.54,27853.93
2025-07-31 00:00:00+08:00,000886.XSHE,6.87,6.88,6.69,6.69,341944.52,23145.05
2025-08-01 00:00:00+08:00,000886.XSHE,6.7,6.73,6.61,6.63,227343.08,15131.98
2025-08-04 00:00:00+08:00,000886.XSHE,6.62,6.7,6.58,6.69,193711.25,12916.66
2025-08-05 00:00:00+08:00,000886.XSHE,6.69,6.73,6.65,6.73,176353.57,11821.16
2025-08-06 00:00:00+08:00,000886.XSHE,6.71,6.72,6.64,6.68,175847.5,11747.41
2025-08-07 00:00:00+08:00,000886.XSHE,6.68,6.73,6.66,6.68,181893.55,12161.29
2025-08-08 00:00:00+08:00,000886.XSHE,6.67,6.72,6.64,6.72,191687.56,12820.68
2025-08-11 00:00:00+08:00,000886.XSHE,6.74,6.75,6.68,6.74,195796.02,13156.64
2025-08-12 00:00:00+08:00,000886.XSHE,6.73,6.75,6.67,6.69,160376.01,10742.3
2025-08-13 00:00:00+08:00,000886.XSHE,6.72,6.73,6.65,6.66,185437.39,12390.18
2025-08-14 00:00:00+08:00,000886.XSHE,6.65,6.66,6.5,6.51,262206.03,17228.22
2025-08-15 00:00:00+08:00,000886.XSHE,6.5,6.58,6.49,6.57,147049.12,9619.13
2025-08-18 00:00:00+08:00,000886.XSHE,6.57,6.73,6.54,6.68,250897.95,16751.19
2025-08-19 00:00:00+08:00,000886.XSHE,6.68,6.78,6.63,6.73,259463.25,17384.04
2025-08-20 00:00:00+08:00,000886.XSHE,6.71,6.71,6.63,6.7,191987.31,12801.12
2025-08-21 00:00:00+08:00,000886.XSHE,6.68,6.82,6.68,6.72,283374.01,19099.77
2025-08-22 00:00:00+08:00,000886.XSHE,6.74,6.74,6.62,6.67,222549.9,14809.42
2025-08-25 00:00:00+08:00,000886.XSHE,6.67,6.71,6.64,6.67,269204.9,17959.91
2025-08-26 00:00:00+08:00,000886.XSHE,6.63,6.77,6.55,6.68,370266.92,24670.16
2025-08-27 00:00:00+08:00,000886.XSHE,6.67,6.7,6.51,6.51,300960.0,19887.0
2025-08-28 00:00:00+08:00,000886.XSHE,6.51,6.56,6.29,6.45,262920.04,16913.56
2025-08-29 00:00:00+08:00,000886.XSHE,6.43,6.54,6.41,6.41,160121.14,10340.22
2025-09-01 00:00:00+08:00,000886.XSHE,6.41,6.5,6.37,6.42,146311.19,9416.55
2025-09-02 00:00:00+08:00,000886.XSHE,6.41,6.42,6.27,6.33,199433.92,12624.11
2025-09-03 00:00:00+08:00,000886.XSHE,6.33,6.37,6.21,6.22,145206.56,9106.32
2025-09-04 00:00:00+08:00,000886.XSHE,6.23,6.33,6.19,6.26,182067.63,11410.04
2025-09-05 00:00:00+08:00,000886.XSHE,6.28,6.47,6.14,6.42,236817.92,15048.4
2025-09-08 00:00:00+08:00,000886.XSHE,6.36,6.5,6.36,6.4,143430.9,9202.67
2025-09-09 00:00:00+08:00,000886.XSHE,6.39,6.4,6.33,6.37,122426.79,7786.47
2025-09-10 00:00:00+08:00,000886.XSHE,6.4,6.5,6.36,6.46,175135.68,11295.05
2025-09-11 00:00:00+08:00,000886.XSHE,6.48,6.51,6.4,6.48,158832.01,10251.57
2025-09-12 00:00:00+08:00,000886.XSHE,6.52,6.78,6.5,6.63,403153.1,26813.39
2025-09-15 00:00:00+08:00,000886.XSHE,6.6,6.71,6.56,6.63,161495.0,10710.68
2025-09-16 00:00:00+08:00,000886.XSHE,6.63,6.79,6.59,6.77,299224.3,20067.22
2025-09-17 00:00:00+08:00,000886.XSHE,6.76,6.76,6.64,6.7,205366.23,13713.28
2025-09-18 00:00:00+08:00,000886.XSHE,6.7,6.78,6.57,6.63,302655.0,20284.65
2025-09-19 00:00:00+08:00,000886.XSHE,6.63,6.65,6.52,6.61,164354.3,10810.23
2025-09-22 00:00:00+08:00,000886.XSHE,6.59,6.6,6.5,6.54,136589.85,8934.44
2025-09-23 00:00:00+08:00,000886.XSHE,6.54,6.54,6.26,6.38,211288.0,13423.06
2025-09-24 00:00:00+08:00,000886.XSHE,6.34,6.53,6.34,6.52,182771.34,11844.28
2025-09-25 00:00:00+08:00,000886.XSHE,6.58,6.65,6.48,6.49,147076.66,9644.95
2025-09-26 00:00:00+08:00,000886.XSHE,6.5,6.64,6.42,6.55,170521.0,11193.0
2025-09-29 00:00:00+08:00,000886.XSHE,6.54,6.66,6.48,6.65,199914.42,13212.3
2025-09-30 00:00:00+08:00,000886.XSHE,6.67,6.82,6.63,6.74,311834.05,21049.68
2025-10-09 00:00:00+08:00,000886.XSHE,6.74,6.74,6.55,6.61,243471.2,16050.44
2025-10-10 00:00:00+08:00,000886.XSHE,6.58,6.79,6.57,6.72,265370.19,17852.41
2025-10-13 00:00:00+08:00,000886.XSHE,6.53,6.69,6.41,6.68,194901.1,12796.48
2025-10-14 00:00:00+08:00,000886.XSHE,6.71,6.98,6.65,6.82,574799.34,39434.83
2025-10-15 00:00:00+08:00,000886.XSHE,6.81,6.87,6.77,6.84,233558.95,15922.76
2025-10-16 00:00:00+08:00,000886.XSHE,6.87,7.06,6.83,7.05,640533.67,44727.02
2025-10-17 00:00:00+08:00,000886.XSHE,6.96,7.35,6.91,7.08,886158.2,63025.6
2025-10-20 00:00:00+08:00,000886.XSHE,7.15,7.44,7.04,7.2,840171.68,60943.53
2025-10-21 00:00:00+08:00,000886.XSHE,7.17,7.35,6.97,7.31,709519.63,51347.16
2025-10-22 00:00:00+08:00,000886.XSHE,7.23,7.34,7.12,7.15,480893.82,34547.83
2025-10-23 00:00:00+08:00,000886.XSHE,7.18,7.25,7.08,7.2,324456.18,23232.87
2025-10-24 00:00:00+08:00,000886.XSHE,7.19,7.3,7.07,7.11,320553.16,22945.95
2025-10-27 00:00:00+08:00,000886.XSHE,7.14,7.24,7.01,7.03,309603.9,21928.85
2025-10-28 00:00:00+08:00,000886.XSHE,7.1,7.26,7.1,7.15,346225.7,24832.75
2025-10-29 00:00:00+08:00,000886.XSHE,7.15,7.61,7.15,7.45,833816.54,61998.44
2025-10-30 00:00:00+08:00,000886.XSHE,7.39,7.41,7.24,7.27,420965.0,30725.75
2025-10-31 00:00:00+08:00,000886.XSHE,7.34,7.55,7.31,7.42,486642.1,36065.15
2025-11-03 00:00:00+08:00,000886.XSHE,7.42,7.82,7.38,7.7,821900.73,62774.58
2025-11-04 00:00:00+08:00,000886.XSHE,7.66,7.79,7.52,7.78,693589.41,53283.96
2025-11-05 00:00:00+08:00,000886.XSHE,7.66,8.12,7.61,7.94,1128347.44,89744.41
2025-11-06 00:00:00+08:00,000886.XSHE,7.86,7.98,7.46,7.51,979455.3,74524.96
2025-11-07 00:00:00+08:00,000886.XSHE,7.7,7.8,7.3,7.54,772715.93,58400.32
2025-11-10 00:00:00+08:00,000886.XSHE,7.45,7.75,7.4,7.56,570471.1,43201.86
2025-11-11 00:00:00+08:00,000886.XSHE,7.46,7.62,7.46,7.57,346531.54,26208.97
2025-11-12 00:00:00+08:00,000886.XSHE,7.56,7.7,7.45,7.49,284117.02,21376.75
2025-11-13 00:00:00+08:00,000886.XSHE,7.51,7.79,7.45,7.67,449860.57,34545.43
2025-11-14 00:00:00+08:00,000886.XSHE,7.63,8.08,7.62,7.91,765821.64,60678.51
2025-11-17 00:00:00+08:00,000886.XSHE,7.87,7.97,7.76,7.92,502488.09,39610.39
2025-11-18 00:00:00+08:00,000886.XSHE,7.91,8.1,7.71,7.96,617376.54,48832.24
2025-11-19 00:00:00+08:00,000886.XSHE,7.91,7.94,7.49,7.61,534544.18,40806.66
2025-11-20 00:00:00+08:00,000886.XSHE,7.61,7.79,7.48,7.62,448260.33,34105.34
2025-11-21 00:00:00+08:00,000886.XSHE,7.47,7.8,7.38,7.38,511977.77,38773.53
2025-11-24 00:00:00+08:00,000886.XSHE,7.47,7.94,7.14,7.42,623191.49,46189.06
2025-11-25 00:00:00+08:00,000886.XSHE,7.42,7.57,7.28,7.46,509449.17,37720.28
2025-11-26 00:00:00+08:00,000886.XSHE,7.43,7.74,7.39,7.42,559679.53,42324.51
2025-11-27 00:00:00+08:00,000886.XSHE,7.3,7.51,7.13,7.19,430882.0,31319.03
2025-11-28 00:00:00+08:00,000886.XSHE,7.23,7.86,7.14,7.74,958408.55,72683.26
2025-12-01 00:00:00+08:00,000886.XSHE,7.74,7.82,7.61,7.72,484169.0,37358.26
2025-12-02 00:00:00+08:00,000886.XSHE,7.67,7.81,7.52,7.78,443554.36,34034.09
2025-12-03 00:00:00+08:00,000886.XSHE,7.73,7.89,7.7,7.76,551714.16,42955.34
2025-12-04 00:00:00+08:00,000886.XSHE,7.69,7.71,7.3,7.33,519557.12,38559.97
2025-12-05 00:00:00+08:00,000886.XSHE,7.34,7.49,7.16,7.39,461207.0,33846.91
2025-12-08 00:00:00+08:00,000886.XSHE,7.34,8.08,7.32,7.77,826970.45,64241.35
2025-12-09 00:00:00+08:00,000886.XSHE,7.69,7.73,7.24,7.42,765211.85,56752.91
2025-12-10 00:00:00+08:00,000886.XSHE,7.43,8.16,7.22,8.16,1736914.99,138060.66
2025-12-11 00:00:00+08:00,000886.XSHE,8.1,8.28,7.8,7.81,1541562.03,122759.35
2025-12-12 00:00:00+08:00,000886.XSHE,7.76,7.85,7.42,7.48,936684.26,70896.22
2025-12-15 00:00:00+08:00,000886.XSHE,7.45,7.59,7.23,7.36,703705.86,51925.29
2025-12-16 00:00:00+08:00,000886.XSHE,7.33,7.52,6.73,6.91,852240.65,59903.38
2025-12-17 00:00:00+08:00,000886.XSHE,6.8,6.83,6.36,6.58,624100.41,40584.33
2025-12-18 00:00:00+08:00,000886.XSHE,6.52,6.53,6.26,6.28,578241.13,36873.71
2025-12-19 00:00:00+08:00,000886.XSHE,6.3,6.85,6.25,6.68,834187.81,54493.1
2025-12-22 00:00:00+08:00,000886.XSHE,6.78,7.35,6.78,7.35,934353.53,67075.83
2025-12-23 00:00:00+08:00,000886.XSHE,7.67,7.94,7.38,7.42,1709517.16,130134.52
2025-12-24 00:00:00+08:00,000886.XSHE,7.31,7.47,7.2,7.34,986223.33,72277.34
2025-12-25 00:00:00+08:00,000886.XSHE,7.31,7.35,7.05,7.06,667495.03,47601.29
2025-01-02 00:00:00+08:00,000955.XSHE,4.15,4.33,4.1,4.15,191183.0,8079.53
2025-01-03 00:00:00+08:00,000955.XSHE,4.18,4.19,3.88,3.89,191521.51,7626.12
2025-01-06 00:00:00+08:00,000955.XSHE,3.84,3.91,3.66,3.86,121542.29,4642.62
2025-01-07 00:00:00+08:00,000955.XSHE,3.88,3.99,3.86,3.99,122972.0,4838.47
2025-01-08 00:00:00+08:00,000955.XSHE,3.95,4.04,3.85,4.0,132315.0,5216.23
2025-01-09 00:00:00+08:00,000955.XSHE,3.99,4.04,3.95,4.01,89126.4,3573.07
2025-01-10 00:00:00+08:00,000955.XSHE,4.02,4.03,3.7,3.81,114160.0,4453.11
2025-01-13 00:00:00+08:00,000955.XSHE,3.79,3.86,3.61,3.83,128034.01,4814.99
2025-01-14 00:00:00+08:00,000955.XSHE,3.83,4.08,3.83,4.08,171755.64,6903.59
2025-01-15 00:00:00+08:00,000955.XSHE,4.1,4.18,4.02,4.15,130162.0,5344.58
2025-01-16 00:00:00+08:00,000955.XSHE,4.14,4.28,4.12,4.25,125633.0,5297.16
2025-01-17 00:00:00+08:00,000955.XSHE,4.27,4.28,4.07,4.08,132549.4,5455.08
2025-01-20 00:00:00+08:00,000955.XSHE,4.13,4.2,4.03,4.15,97057.91,4011.69
2025-01-21 00:00:00+08:00,000955.XSHE,4.18,4.23,4.04,4.06,89900.41,3677.16
2025-01-22 00:00:00+08:00,000955.XSHE,4.07,4.08,3.96,3.99,65986.13,2640.31
2025-01-23 00:00:00+08:00,000955.XSHE,4.04,4.16,3.99,4.0,91146.0,3714.41
2025-01-24 00:00:00+08:00,000955.XSHE,4.0,4.01,3.92,4.0,94078.9,3735.79
2025-01-27 00:00:00+08:00,000955.XSHE,4.05,4.15,4.0,4.01,90971.02,3700.18
2025-02-05 00:00:00+08:00,000955.XSHE,4.02,4.14,4.02,4.1,101524.05,4158.48
2025-02-06 00:00:00+08:00,000955.XSHE,4.1,4.14,3.99,4.13,101256.51,4126.28
2025-02-07 00:00:00+08:00,000955.XSHE,4.16,4.41,4.14,4.29,217258.0,9339.62
2025-02-10 00:00:00+08:00,000955.XSHE,4.32,4.48,4.29,4.41,167094.0,7304.13
2025-02-11 00:00:00+08:00,000955.XSHE,4.41,4.45,4.33,4.41,110450.12,4835.3
2025-02-12 00:00:00+08:00,000955.XSHE,4.41,4.47,4.34,4.39,101738.0,4454.8
2025-02-13 00:00:00+08:00,000955.XSHE,4.4,4.42,4.31,4.37,97625.0,4272.95
2025-02-14 00:00:00+08:00,000955.XSHE,4.39,4.41,4.31,4.32,91358.0,3975.84
2025-02-17 00:00:00+08:00,000955.XSHE,4.36,4.46,4.33,4.39,130123.0,5718.41
2025-02-18 00:00:00+08:00,000955.XSHE,4.37,4.4,4.14,4.15,141412.01,6005.25
2025-02-19 00:00:00+08:00,000955.XSHE,4.17,4.29,4.15,4.27,122090.79,5159.65
2025-02-20 00:00:00+08:00,000955.XSHE,4.26,4.32,4.22,4.22,85128.4,3628.39
2025-02-21 00:00:00+08:00,000955.XSHE,4.22,4.26,4.12,4.16,115441.0,4808.25
2025-02-24 00:00:00+08:00,000955.XSHE,4.22,4.3,4.16,4.24,127824.0,5415.46
2025-02-25 00:00:00+08:00,000955.XSHE,4.19,4.34,4.18,4.24,112644.94,4802.27
2025-02-26 00:00:00+08:00,000955.XSHE,4.24,4.33,4.24,4.3,104098.1,4465.21
2025-02-27 00:00:00+08:00,000955.XSHE,4.3,4.5,4.3,4.4,245681.9,10820.1
2025-02-28 00:00:00+08:00,000955.XSHE,4.39,4.41,4.21,4.21,142238.8,6100.75
2025-03-03 00:00:00+08:00,000955.XSHE,4.31,4.51,4.24,4.44,278530.04,12251.45
2025-03-04 00:00:00+08:00,000955.XSHE,4.46,4.67,4.36,4.62,325867.74,14882.39
2025-03-05 00:00:00+08:00,000955.XSHE,4.6,4.63,4.5,4.59,178703.02,8120.0
2025-03-06 00:00:00+08:00,000955.XSHE,4.66,4.66,4.54,4.57,174324.3,8003.88
2025-03-07 00:00:00+08:00,000955.XSHE,4.59,4.62,4.4,4.44,160345.0,7179.4
2025-03-10 00:00:00+08:00,000955.XSHE,4.45,4.51,4.4,4.48,96706.37,4312.08
2025-03-11 00:00:00+08:00,000955.XSHE,4.42,4.53,4.38,4.51,88160.0,3939.99
2025-03-12 00:00:00+08:00,000955.XSHE,4.58,4.59,4.43,4.45,98017.48,4381.33
2025-03-13 00:00:00+08:00,000955.XSHE,4.45,4.46,4.31,4.37,109220.48,4767.4
2025-03-14 00:00:00+08:00,000955.XSHE,4.37,4.58,4.35,4.57,155371.9,6972.73
2025-03-17 00:00:00+08:00,000955.XSHE,4.59,4.66,4.49,4.59,127158.72,5825.7
2025-03-18 00:00:00+08:00,000955.XSHE,4.62,4.67,4.52,4.59,106752.0,4885.65
2025-03-19 00:00:00+08:00,000955.XSHE,4.56,4.59,4.48,4.51,99876.31,4523.49
2025-03-20 00:00:00+08:00,000955.XSHE,4.53,4.59,4.48,4.53,69532.0,3152.9
2025-03-21 00:00:00+08:00,000955.XSHE,4.55,4.9,4.53,4.62,381787.94,17809.04
2025-03-24 00:00:00+08:00,000955.XSHE,4.6,4.6,4.29,4.35,228338.81,10052.87
2025-03-25 00:00:00+08:00,000955.XSHE,4.34,4.37,4.22,4.3,137995.29,5946.58
2025-03-26 00:00:00+08:00,000955.XSHE,4.27,4.45,4.26,4.38,130458.16,5737.16
2025-03-27 00:00:00+08:00,000955.XSHE,4.35,4.44,4.17,4.41,165512.02,7153.02
2025-03-28 00:00:00+08:00,000955.XSHE,4.39,4.42,4.21,4.22,107060.0,4581.59
2025-03-31 00:00:00+08:00,000955.XSHE,4.22,4.22,3.98,4.04,129452.0,5254.58
2025-04-01 00:00:00+08:00,000955.XSHE,4.06,4.25,4.06,4.12,123109.93,5134.39
2025-04-02 00:00:00+08:00,000955.XSHE,4.17,4.17,4.09,4.12,93368.0,3857.13
2025-04-03 00:00:00+08:00,000955.XSHE,4.09,4.27,4.07,4.18,146110.79,6109.34
2025-04-07 00:00:00+08:00,000955.XSHE,3.99,4.0,3.76,3.76,114978.0,4372.99
2025-04-08 00:00:00+08:00,000955.XSHE,3.63,3.73,3.47,3.61,158004.02,5646.64
2025-04-09 00:00:00+08:00,000955.XSHE,3.53,3.97,3.32,3.82,291956.0,10775.86
2025-04-10 00:00:00+08:00,000955.XSHE,3.84,3.92,3.82,3.85,169777.21,6573.91
2025-04-11 00:00:00+08:00,000955.XSHE,3.83,3.95,3.77,3.88,100303.93,3911.15
2025-04-14 00:00:00+08:00,000955.XSHE,4.0,4.17,3.96,4.08,174371.0,7114.28
2025-04-15 00:00:00+08:00,000955.XSHE,4.08,4.12,4.0,4.07,115984.0,4699.63
2025-04-16 00:00:00+08:00,000955.XSHE,4.03,4.06,3.89,3.98,100804.0,4001.72
2025-04-17 00:00:00+08:00,000955.XSHE,3.95,4.08,3.95,4.03,80952.0,3263.29
2025-04-18 00:00:00+08:00,000955.XSHE,4.0,4.1,3.95,4.02,105840.0,4258.16
2025-04-21 00:00:00+08:00,000955.XSHE,4.04,4.14,3.97,4.11,97255.2,3979.74
2025-04-22 00:00:00+08:00,000955.XSHE,4.15,4.19,4.11,4.14,75729.6,3143.33
2025-04-23 00:00:00+08:00,000955.XSHE,4.17,4.22,4.15,4.18,73806.13,3086.07
2025-04-24 00:00:00+08:00,000955.XSHE,4.2,4.27,4.17,4.23,96529.0,4072.55
2025-04-25 00:00:00+08:00,000955.XSHE,4.22,4.25,4.12,4.12,124298.0,5209.08
2025-04-28 00:00:00+08:00,000955.XSHE,4.13,4.15,4.05,4.08,85108.64,3473.74
2025-04-29 00:00:00+08:00,000955.XSHE,4.12,4.19,4.05,4.1,72049.0,2979.64
2025-04-30 00:00:00+08:00,000955.XSHE,4.09,4.25,4.09,4.19,77503.0,3250.03
2025-05-06 00:00:00+08:00,000955.XSHE,4.2,4.31,4.18,4.31,85943.14,3668.96
2025-05-07 00:00:00+08:00,000955.XSHE,4.33,4.44,4.3,4.36,110257.0,4811.89
2025-05-08 00:00:00+08:00,000955.XSHE,4.32,4.48,4.3,4.45,96248.0,4244.17
2025-05-09 00:00:00+08:00,000955.XSHE,4.45,4.76,4.43,4.7,380866.61,17536.58
2025-05-12 00:00:00+08:00,000955.XSHE,4.75,4.75,4.43,4.5,296921.5,13364.81
2025-05-13 00:00:00+08:00,000955.XSHE,4.51,4.59,4.46,4.47,193718.21,8718.14
2025-05-14 00:00:00+08:00,000955.XSHE,4.45,4.49,4.38,4.44,154839.7,6863.46
2025-05-15 00:00:00+08:00,000955.XSHE,4.44,4.63,4.4,4.46,122431.51,5475.56
2025-05-16 00:00:00+08:00,000955.XSHE,4.42,4.48,4.39,4.44,93038.01,4121.5
2025-05-19 00:00:00+08:00,000955.XSHE,4.48,4.64,4.44,4.62,187869.01,8576.15
2025-05-20 00:00:00+08:00,000955.XSHE,4.63,4.82,4.57,4.73,190886.71,8922.73
2025-05-21 00:00:00+08:00,000955.XSHE,4.74,4.76,4.59,4.67,100796.01,4688.04
2025-05-22 00:00:00+08:00,000955.XSHE,4.62,4.81,4.62,4.74,132889.71,6277.77
2025-05-23 00:00:00+08:00,000955.XSHE,4.75,4.79,4.54,4.56,92945.0,4333.49
2025-05-26 00:00:00+08:00,000955.XSHE,4.56,4.65,4.51,4.54,68030.0,3107.16
2025-05-27 00:00:00+08:00,000955.XSHE,4.52,4.61,4.52,4.58,67200.5,3071.39
2025-05-28 00:00:00+08:00,000955.XSHE,4.58,4.63,4.49,4.52,61120.0,2771.86
2025-05-29 00:00:00+08:00,000955.XSHE,4.52,4.67,4.49,4.63,90735.5,4188.56
2025-05-30 00:00:00+08:00,000955.XSHE,4.6,4.72,4.58,4.66,92741.5,4318.21
2025-06-03 00:00:00+08:00,000955.XSHE,4.64,4.74,4.6,4.63,82907.0,3873.45
2025-06-04 00:00:00+08:00,000955.XSHE,4.63,4.72,4.58,4.72,97273.6,4525.46
2025-06-05 00:00:00+08:00,000955.XSHE,4.72,4.72,4.6,4.64,93915.0,4360.32
2025-06-06 00:00:00+08:00,000955.XSHE,4.7,5.03,4.68,4.76,297326.02,14215.6
2025-06-09 00:00:00+08:00,000955.XSHE,4.75,4.81,4.63,4.75,200053.0,9489.87
2025-06-10 00:00:00+08:00,000955.XSHE,4.79,4.83,4.66,4.73,135799.0,6431.86
2025-06-11 00:00:00+08:00,000955.XSHE,4.71,4.74,4.64,4.65,96747.1,4539.84
2025-06-12 00:00:00+08:00,000955.XSHE,4.68,4.68,4.54,4.58,118918.0,5461.94
2025-06-13 00:00:00+08:00,000955.XSHE,4.56,4.64,4.44,4.48,112847.3,5073.53
2025-06-16 00:00:00+08:00,000955.XSHE,4.44,4.52,4.43,4.49,74728.35,3349.74
2025-06-17 00:00:00+08:00,000955.XSHE,4.49,4.57,4.47,4.51,69440.0,3130.66
2025-06-18 00:00:00+08:00,000955.XSHE,4.48,4.65,4.44,4.49,135167.0,6107.51
2025-06-19 00:00:00+08:00,000955.XSHE,4.49,4.5,4.34,4.35,98452.0,4328.61
2025-06-20 00:00:00+08:00,000955.XSHE,4.35,4.39,4.3,4.33,59430.0,2584.36
2025-06-23 00:00:00+08:00,000955.XSHE,4.3,4.44,4.22,4.42,92576.0,4065.62
2025-06-24 00:00:00+08:00,000955.XSHE,4.44,4.57,4.43,4.55,77305.0,3493.11
2025-06-25 00:00:00+08:00,000955.XSHE,4.54,4.62,4.52,4.6,81049.44,3708.56
2025-06-26 00:00:00+08:00,000955.XSHE,4.6,4.66,4.55,4.65,98444.0,4553.84
2025-06-27 00:00:00+08:00,000955.XSHE,4.65,4.68,4.6,4.65,61823.0,2869.06
2025-06-30 00:00:00+08:00,000955.XSHE,4.66,4.7,4.64,4.7,73246.61,3425.23
2025-07-01 00:00:00+08:00,000955.XSHE,4.68,4.74,4.63,4.71,87699.75,4108.77
2025-07-02 00:00:00+08:00,000955.XSHE,4.69,4.74,4.66,4.69,82793.0,3885.28
2025-07-03 00:00:00+08:00,000955.XSHE,4.7,4.73,4.62,4.69,71191.9,3344.69
2025-07-04 00:00:00+08:00,000955.XSHE,4.69,4.76,4.69,4.71,111311.01,5258.48
2025-07-07 00:00:00+08:00,000955.XSHE,4.69,4.87,4.68,4.79,157324.0,7526.84
2025-07-08 00:00:00+08:00,000955.XSHE,4.79,4.86,4.76,4.86,120754.0,5814.77
2025-07-09 00:00:00+08:00,000955.XSHE,4.86,5.08,4.86,4.94,257897.58,12818.54
2025-07-10 00:00:00+08:00,000955.XSHE,4.92,5.03,4.91,4.98,145835.9,7223.15
2025-07-11 00:00:00+08:00,000955.XSHE,5.02,5.05,4.91,4.97,121371.61,6018.18
2025-07-14 00:00:00+08:00,000955.XSHE,4.95,5.2,4.93,5.19,218452.02,11164.64
2025-07-15 00:00:00+08:00,000955.XSHE,5.18,5.19,4.99,5.06,203730.08,10326.37
2025-07-16 00:00:00+08:00,000955.XSHE,5.09,5.44,5.04,5.27,350337.7,18497.08
2025-07-17 00:00:00+08:00,000955.XSHE,5.24,5.33,5.16,5.3,165104.01,8673.92
2025-07-18 00:00:00+08:00,000955.XSHE,5.3,5.45,5.19,5.37,204035.4,10807.5
2025-07-21 00:00:00+08:00,000955.XSHE,5.34,5.54,5.29,5.38,231306.8,12493.2
2025-07-22 00:00:00+08:00,000955.XSHE,5.44,5.48,5.32,5.45,270957.57,14640.25
2025-07-23 00:00:00+08:00,000955.XSHE,5.4,5.43,5.11,5.14,312068.9,16283.52
2025-07-24 00:00:00+08:00,000955.XSHE,5.11,5.65,5.1,5.65,471853.86,25658.79
2025-07-25 00:00:00+08:00,000955.XSHE,5.58,5.58,5.1,5.14,759878.35,39589.05
2025-07-28 00:00:00+08:00,000955.XSHE,5.1,5.21,4.96,4.97,408541.0,20704.05
2025-07-29 00:00:00+08:00,000955.XSHE,5.04,5.31,4.86,4.89,362798.0,18114.12
2025-07-30 00:00:00+08:00,000955.XSHE,4.89,4.96,4.81,4.92,274711.1,13461.16
2025-07-31 00:00:00+08:00,000955.XSHE,4.92,4.97,4.8,4.82,227573.01,11087.3
2025-08-01 00:00:00+08:00,000955.XSHE,4.83,4.88,4.79,4.83,139831.0,6771.52
2025-08-04 00:00:00+08:00,000955.XSHE,4.8,4.87,4.75,4.84,124523.0,6013.25
2025-08-05 00:00:00+08:00,000955.XSHE,4.85,4.94,4.84,4.88,160095.3,7832.54
2025-08-06 00:00:00+08:00,000955.XSHE,4.89,4.9,4.82,4.9,138215.0,6730.71
2025-08-07 00:00:00+08:00,000955.XSHE,4.9,4.91,4.84,4.86,112939.3,5496.14
2025-08-08 00:00:00+08:00,000955.XSHE,4.88,5.02,4.83,5.01,182901.0,9013.5
2025-08-11 00:00:00+08:00,000955.XSHE,5.02,5.19,4.95,5.13,242734.0,12410.96
2025-08-12 00:00:00+08:00,000955.XSHE,5.14,5.22,5.1,5.17,165430.01,8519.39
2025-08-13 00:00:00+08:00,000955.XSHE,5.18,5.19,5.12,5.15,118091.01,6084.04
2025-08-14 00:00:00+08:00,000955.XSHE,5.15,5.17,4.95,4.97,176167.02,8857.43
2025-08-15 00:00:00+08:00,000955.XSHE,4.96,5.02,4.94,4.98,122735.0,6102.04
2025-08-18 00:00:00+08:00,000955.XSHE,4.98,5.07,4.92,4.95,169806.0,8472.06
2025-08-19 00:00:00+08:00,000955.XSHE,4.96,5.01,4.92,4.98,147161.0,7313.49
2025-08-20 00:00:00+08:00,000955.XSHE,4.95,4.99,4.93,4.99,116570.0,5778.89
2025-08-21 00:00:00+08:00,000955.XSHE,5.0,5.03,4.96,5.0,157893.0,7872.77
2025-08-22 00:00:00+08:00,000955.XSHE,5.03,5.08,4.9,4.99,195485.0,9696.92
2025-08-25 00:00:00+08:00,000955.XSHE,4.99,5.01,4.91,4.95,168565.0,8358.12
2025-08-26 00:00:00+08:00,000955.XSHE,4.95,5.08,4.88,5.03,188260.0,9425.88
2025-08-27 00:00:00+08:00,000955.XSHE,5.01,5.06,4.86,4.86,172970.0,8580.0
2025-08-28 00:00:00+08:00,000955.XSHE,4.88,4.94,4.68,4.83,161331.0,7772.38
2025-08-29 00:00:00+08:00,000955.XSHE,4.83,4.84,4.76,4.77,112372.0,5385.92
2025-09-01 00:00:00+08:00,000955.XSHE,4.74,4.9,4.72,4.82,110919.8,5362.25
2025-09-02 00:00:00+08:00,000955.XSHE,4.85,4.86,4.71,4.78,115550.5,5498.92
2025-09-03 00:00:00+08:00,000955.XSHE,4.8,4.86,4.68,4.71,104965.3,4989.91
2025-09-04 00:00:00+08:00,000955.XSHE,4.73,4.84,4.69,4.73,147613.0,7053.4
2025-09-05 00:00:00+08:00,000955.XSHE,4.75,4.79,4.64,4.79,104345.01,4927.79
2025-09-08 00:00:00+08:00,000955.XSHE,4.79,4.85,4.76,4.84,90897.62,4374.22
2025-09-09 00:00:00+08:00,000955.XSHE,4.85,4.87,4.78,4.8,79427.3,3822.68
2025-09-10 00:00:00+08:00,000955.XSHE,4.8,4.89,4.79,4.85,102805.5,4980.45
2025-09-11 00:00:00+08:00,000955.XSHE,4.86,4.86,4.73,4.83,125522.7,5994.85
2025-09-12 00:00:00+08:00,000955.XSHE,4.84,4.95,4.81,4.93,139120.1,6796.49
2025-09-15 00:00:00+08:00,000955.XSHE,4.89,4.95,4.86,4.92,90594.0,4445.32
2025-09-16 00:00:00+08:00,000955.XSHE,4.94,5.11,4.91,5.09,194469.01,9750.39
2025-09-17 00:00:00+08:00,000955.XSHE,5.1,5.12,5.02,5.07,167509.5,8481.62
2025-09-18 00:00:00+08:00,000955.XSHE,5.1,5.12,4.96,5.05,187018.99,9444.13
2025-09-19 00:00:00+08:00,000955.XSHE,5.04,5.07,4.93,4.99,108352.52,5415.67
2025-09-22 00:00:00+08:00,000955.XSHE,5.01,5.01,4.92,4.97,76694.0,3797.88
2025-09-23 00:00:00+08:00,000955.XSHE,4.98,4.98,4.78,4.89,101727.8,4946.76
2025-09-24 00:00:00+08:00,000955.XSHE,4.86,5.13,4.85,5.11,208925.5,10517.11
2025-09-25 00:00:00+08:00,000955.XSHE,5.11,5.15,5.03,5.12,183310.3,9370.53
2025-09-26 00:00:00+08:00,000955.XSHE,5.07,5.43,5.03,5.25,322501.0,17043.0
2025-09-29 00:00:00+08:00,000955.XSHE,5.21,5.45,5.17,5.43,284868.0,15244.85
2025-09-30 00:00:00+08:00,000955.XSHE,5.4,5.52,5.36,5.51,217221.83,11874.32
2025-10-09 00:00:00+08:00,000955.XSHE,5.45,5.5,5.26,5.32,187435.93,9952.05
2025-10-10 00:00:00+08:00,000955.XSHE,5.36,5.77,5.29,5.49,230357.58,12678.35
2025-10-13 00:00:00+08:00,000955.XSHE,5.29,5.55,5.25,5.47,203331.58,11038.58
2025-10-14 00:00:00+08:00,000955.XSHE,5.45,5.6,5.39,5.43,180187.0,9908.63
2025-10-15 00:00:00+08:00,000955.XSHE,5.44,5.46,5.37,5.44,111990.18,6067.81
2025-10-16 00:00:00+08:00,000955.XSHE,5.45,5.58,5.39,5.54,241052.27,13262.15
2025-10-17 00:00:00+08:00,000955.XSHE,5.48,5.64,5.43,5.53,278449.0,15487.69
2025-10-20 00:00:00+08:00,000955.XSHE,5.59,6.03,5.57,5.81,395210.36,22987.64
2025-10-21 00:00:00+08:00,000955.XSHE,5.75,5.87,5.64,5.84,304205.37,17600.77
2025-10-22 00:00:00+08:00,000955.XSHE,5.78,5.84,5.6,5.61,237787.03,13505.81
2025-10-23 00:00:00+08:00,000955.XSHE,5.6,5.72,5.5,5.6,186147.38,10416.39
2025-10-24 00:00:00+08:00,000955.XSHE,5.58,5.7,5.44,5.48,169439.0,9377.58
2025-10-27 00:00:00+08:00,000955.XSHE,5.53,5.56,5.41,5.44,167223.0,9142.52
2025-10-28 00:00:00+08:00,000955.XSHE,5.5,5.76,5.46,5.55,205077.0,11509.69
2025-10-29 00:00:00+08:00,000955.XSHE,5.56,5.76,5.51,5.67,283588.0,16073.17
2025-10-30 00:00:00+08:00,000955.XSHE,5.61,5.73,5.5,5.64,210648.0,11785.08
2025-10-31 00:00:00+08:00,000955.XSHE,5.76,6.2,5.75,6.2,313074.2,18982.49
2025-11-03 00:00:00+08:00,000955.XSHE,6.36,6.82,6.24,6.82,514801.53,34013.83
2025-11-04 00:00:00+08:00,000955.XSHE,7.3,7.5,6.85,7.07,1559706.59,112205.93
2025-11-05 00:00:00+08:00,000955.XSHE,6.85,7.5,6.73,7.03,1368998.5,98159.84
2025-11-06 00:00:00+08:00,000955.XSHE,6.83,7.03,6.48,6.66,1024875.86,68863.32
2025-11-07 00:00:00+08:00,000955.XSHE,7.13,7.15,6.56,6.66,869588.32,59241.64
2025-11-10 00:00:00+08:00,000955.XSHE,6.61,6.76,6.3,6.51,768715.88,50282.6
2025-11-11 00:00:00+08:00,000955.XSHE,6.49,7.16,6.46,6.9,887625.86,60735.71
2025-11-12 00:00:00+08:00,000955.XSHE,6.82,6.99,6.71,6.75,513622.02,34902.71
2025-11-13 00:00:00+08:00,000955.XSHE,6.66,6.84,6.55,6.71,412185.01,27808.46
2025-11-14 00:00:00+08:00,000955.XSHE,6.91,7.38,6.85,7.38,336664.05,24567.63
2025-11-17 00:00:00+08:00,000955.XSHE,8.12,8.12,7.52,7.65,1577822.71,124704.51
2025-11-18 00:00:00+08:00,000955.XSHE,7.53,8.42,7.36,8.42,1253477.83,99512.44
2025-11-19 00:00:00+08:00,000955.XSHE,8.3,8.77,7.77,7.84,1366761.95,113082.58
2025-11-20 00:00:00+08:00,000955.XSHE,7.4,8.23,7.15,7.87,1127145.0,85822.7
2025-11-21 00:00:00+08:00,000955.XSHE,7.59,8.0,7.29,7.5,813060.88,61707.04
2025-11-24 00:00:00+08:00,000955.XSHE,7.5,7.88,6.91,7.04,680957.92,49423.92
2025-11-25 00:00:00+08:00,000955.XSHE,7.07,7.52,6.91,7.29,664203.14,47533.34
2025-11-26 00:00:00+08:00,000955.XSHE,7.16,7.48,7.02,7.07,705462.59,51282.64
2025-11-27 00:00:00+08:00,000955.XSHE,6.95,7.01,6.58,6.73,624908.5,42260.5
2025-11-28 00:00:00+08:00,000955.XSHE,6.72,7.11,6.55,7.06,534161.8,36996.24
2025-12-01 00:00:00+08:00,000955.XSHE,6.97,7.04,6.85,6.89,367005.0,25380.63
2025-12-02 00:00:00+08:00,000955.XSHE,6.86,7.3,6.73,7.17,573868.16,40571.74
2025-12-03 00:00:00+08:00,000955.XSHE,7.16,7.43,7.04,7.07,664061.0,48146.34
2025-12-04 00:00:00+08:00,000955.XSHE,7.1,7.42,6.78,6.84,472745.58,32901.76
2025-12-05 00:00:00+08:00,000955.XSHE,6.89,7.05,6.57,6.81,462907.59,31563.84
2025-12-08 00:00:00+08:00,000955.XSHE,6.82,7.15,6.76,7.1,489980.4,34205.46
2025-12-09 00:00:00+08:00,000955.XSHE,7.0,7.04,6.56,6.56,544025.0,36347.05
2025-12-10 00:00:00+08:00,000955.XSHE,6.62,7.22,6.55,7.22,792096.66,54769.6
2025-12-11 00:00:00+08:00,000955.XSHE,7.4,7.56,6.86,6.97,798781.73,57129.56
2025-12-12 00:00:00+08:00,000955.XSHE,6.96,6.97,6.59,6.68,576717.3,38726.11
2025-12-15 00:00:00+08:00,000955.XSHE,6.58,6.75,6.26,6.56,411367.3,26872.14
2025-12-16 00:00:00+08:00,000955.XSHE,6.56,6.92,6.15,6.21,457653.92,29302.1
2025-12-17 00:00:00+08:00,000955.XSHE,6.12,6.12,5.73,5.93,386717.46,22776.79
2025-12-18 00:00:00+08:00,000955.XSHE,5.96,6.02,5.74,5.75,302893.01,17707.13
2025-12-19 00:00:00+08:00,000955.XSHE,5.85,6.2,5.65,6.07,533166.75,31509.64
2025-12-22 00:00:00+08:00,000955.XSHE,6.19,6.68,6.19,6.68,367107.57,23870.88
2025-12-23 00:00:00+08:00,000955.XSHE,7.03,7.18,6.67,6.71,972120.77,67106.17
2025-12-24 00:00:00+08:00,000955.XSHE,6.63,6.87,6.48,6.72,657327.0,43838.44
2025-12-25 00:00:00+08:00,000955.XSHE,6.75,6.86,6.6,6.66,406203.01,27178.79
2025-01-02 00:00:00+08:00,002320.XSHE,6.51,6.51,6.11,6.2,333202.53,21106.96
2025-01-03 00:00:00+08:00,002320.XSHE,6.2,6.2,5.9,5.93,291689.35,17725.72
2025-01-06 00:00:00+08:00,002320.XSHE,5.9,5.99,5.84,5.89,165106.33,9820.06
2025-01-07 00:00:00+08:00,002320.XSHE,5.93,5.99,5.86,5.95,147638.77,8800.15
2025-01-08 00:00:00+08:00,002320.XSHE,5.95,5.96,5.7,5.86,214679.12,12581.91
2025-01-09 00:00:00+08:00,002320.XSHE,5.81,5.88,5.77,5.82,115278.32,6764.47
2025-01-10 00:00:00+08:00,002320.XSHE,5.82,5.98,5.74,5.75,160428.4,9457.59
2025-01-13 00:00:00+08:00,002320.XSHE,5.69,5.86,5.67,5.76,150345.62,8735.62
2025-01-14 00:00:00+08:00,002320.XSHE,5.78,6.21,5.78,6.18,318943.01,19506.93
2025-01-15 00:00:00+08:00,002320.XSHE,6.16,6.16,6.02,6.07,177508.16,10867.99
2025-01-16 00:00:00+08:00,002320.XSHE,6.11,6.18,5.97,6.06,181680.74,11090.2
2025-01-17 00:00:00+08:00,002320.XSHE,6.05,6.18,5.99,6.12,168687.1,10378.56
2025-01-20 00:00:00+08:00,002320.XSHE,6.18,6.28,6.1,6.15,208239.48,12978.87
2025-01-21 00:00:00+08:00,002320.XSHE,6.18,6.25,6.05,6.12,166866.71,10272.19
2025-01-22 00:00:00+08:00,002320.XSHE,6.1,6.12,6.01,6.06,103396.19,6306.33
2025-01-23 00:00:00+08:00,002320.XSHE,6.1,6.32,6.08,6.25,273109.61,17092.25
2025-01-24 00:00:00+08:00,002320.XSHE,6.22,6.26,6.12,6.22,217412.38,13537.56
2025-01-27 00:00:00+08:00,002320.XSHE,6.26,6.38,6.24,6.25,181008.94,11478.6
2025-02-05 00:00:00+08:00,002320.XSHE,6.25,6.29,6.14,6.21,163764.98,10216.03
2025-02-06 00:00:00+08:00,002320.XSHE,6.18,6.22,6.1,6.2,158428.4,9834.21
2025-02-07 00:00:00+08:00,002320.XSHE,6.2,6.51,6.18,6.35,329693.63,21266.8
2025-02-10 00:00:00+08:00,002320.XSHE,6.38,6.42,6.28,6.32,192148.4,12241.48
2025-02-11 00:00:00+08:00,002320.XSHE,6.33,6.38,6.27,6.32,135112.84,8579.16
2025-02-12 00:00:00+08:00,002320.XSHE,6.3,6.33,6.2,6.31,173610.92,10953.8
2025-02-13 00:00:00+08:00,002320.XSHE,6.31,6.33,6.22,6.24,166720.49,10513.66
2025-02-14 00:00:00+08:00,002320.XSHE,6.23,6.27,6.11,6.14,161969.3,10045.75
2025-02-17 00:00:00+08:00,002320.XSHE,6.15,6.18,6.07,6.14,149925.35,9228.83
2025-02-18 00:00:00+08:00,002320.XSHE,6.15,6.2,6.04,6.07,177333.27,10935.81
2025-02-19 00:00:00+08:00,002320.XSHE,6.12,6.2,6.08,6.17,167122.79,10324.56
2025-02-20 00:00:00+08:00,002320.XSHE,6.15,6.28,6.11,6.17,207205.18,12925.63
2025-02-21 00:00:00+08:00,002320.XSHE,6.15,6.19,6.08,6.13,160032.63,9883.23
2025-02-24 00:00:00+08:00,002320.XSHE,6.13,6.31,6.09,6.24,247368.2,15520.77
2025-02-25 00:00:00+08:00,002320.XSHE,6.21,6.35,6.11,6.29,256365.13,16209.31
2025-02-26 00:00:00+08:00,002320.XSHE,6.3,6.46,6.3,6.35,224423.92,14410.91
2025-02-27 00:00:00+08:00,002320.XSHE,6.35,6.72,6.34,6.62,517948.36,34388.29
2025-02-28 00:00:00+08:00,002320.XSHE,6.58,6.63,6.44,6.46,328393.52,21568.17
2025-03-03 00:00:00+08:00,002320.XSHE,6.44,6.56,6.27,6.32,238825.03,15413.1
2025-03-04 00:00:00+08:00,002320.XSHE,6.32,6.47,6.29,6.43,169443.43,10897.79
2025-03-05 00:00:00+08:00,002320.XSHE,6.43,6.53,6.36,6.52,150705.37,9751.28
2025-03-06 00:00:00+08:00,002320.XSHE,6.52,6.61,6.46,6.6,246686.17,16220.85
2025-03-07 00:00:00+08:00,002320.XSHE,6.57,6.6,6.39,6.44,200180.5,13017.27
2025-03-10 00:00:00+08:00,002320.XSHE,6.45,6.59,6.41,6.52,174553.81,11413.86
2025-03-11 00:00:00+08:00,002320.XSHE,6.46,6.62,6.43,6.58,183812.02,12102.41
2025-03-12 00:00:00+08:00,002320.XSHE,6.58,6.64,6.51,6.55,166478.32,11005.01
2025-03-13 00:00:00+08:00,002320.XSHE,6.54,6.56,6.36,6.46,157464.38,10207.34
2025-03-14 00:00:00+08:00,002320.XSHE,6.44,6.61,6.44,6.6,185284.5,12221.08
2025-03-17 00:00:00+08:00,002320.XSHE,6.65,6.8,6.62,6.69,260719.15,17594.7
2025-03-18 00:00:00+08:00,002320.XSHE,6.71,6.96,6.66,6.88,346800.21,23846.29
2025-03-19 00:00:00+08:00,002320.XSHE,6.86,6.89,6.75,6.84,222345.21,15217.41
2025-03-20 00:00:00+08:00,002320.XSHE,6.84,7.11,6.79,6.98,292203.18,20449.45
2025-03-21 00:00:00+08:00,002320.XSHE,6.98,7.21,6.86,6.95,450015.21,31816.67
2025-03-24 00:00:00+08:00,002320.XSHE,7.36,7.36,6.48,6.75,1341454.01,94504.02
2025-03-25 00:00:00+08:00,002320.XSHE,6.56,6.66,6.34,6.37,618029.38,40034.38
2025-03-26 00:00:00+08:00,002320.XSHE,6.37,6.54,6.37,6.42,290607.13,18821.88
2025-03-27 00:00:00+08:00,002320.XSHE,6.38,6.39,6.22,6.23,366644.51,23223.43
2025-03-28 00:00:00+08:00,002320.XSHE,6.22,6.23,6.06,6.07,307102.64,18913.8
2025-03-31 00:00:00+08:00,002320.XSHE,6.07,6.15,5.94,5.99,276986.93,16814.87
2025-04-01 00:00:00+08:00,002320.XSHE,6.04,6.09,5.97,6.0,192100.48,11640.67
2025-04-02 00:00:00+08:00,002320.XSHE,6.0,6.12,5.96,6.07,198013.02,12025.27
2025-04-03 00:00:00+08:00,002320.XSHE,6.01,6.17,5.99,6.16,237779.11,14633.95
2025-04-07 00:00:00+08:00,002320.XSHE,5.89,6.01,5.54,5.54,348905.23,20078.01
2025-04-08 00:00:00+08:00,002320.XSHE,5.64,5.74,5.52,5.73,324718.59,18404.59
2025-04-09 00:00:00+08:00,002320.XSHE,5.65,6.28,5.36,6.15,526055.72,31190.23
2025-04-10 00:00:00+08:00,002320.XSHE,6.17,6.39,6.11,6.23,506332.52,31972.33
2025-04-11 00:00:00+08:00,002320.XSHE,6.19,6.53,6.16,6.43,503357.41,32367.09
2025-04-14 00:00:00+08:00,002320.XSHE,6.42,6.77,6.26,6.48,835826.44,54544.83
2025-04-15 00:00:00+08:00,002320.XSHE,6.38,6.41,6.11,6.14,483757.85,30217.65
2025-04-16 00:00:00+08:00,002320.XSHE,6.11,6.14,5.92,6.01,323742.99,19598.72
2025-04-17 00:00:00+08:00,002320.XSHE,5.95,6.01,5.93,5.94,193978.37,11646.68
2025-04-18 00:00:00+08:00,002320.XSHE,5.94,5.96,5.85,5.89,138634.0,8221.42
2025-04-21 00:00:00+08:00,002320.XSHE,5.86,5.96,5.84,5.94,134856.92,8041.3
2025-04-22 00:00:00+08:00,002320.XSHE,6.02,6.1,5.97,6.03,223131.94,13544.75
2025-04-23 00:00:00+08:00,002320.XSHE,5.99,6.06,5.93,5.95,183520.42,11033.82
2025-04-24 00:00:00+08:00,002320.XSHE,5.94,5.96,5.85,5.86,129350.0,7671.62
2025-04-25 00:00:00+08:00,002320.XSHE,5.86,5.95,5.86,5.92,105162.88,6255.57
2025-04-28 00:00:00+08:00,002320.XSHE,6.0,6.0,5.86,5.88,163267.33,9737.11
2025-04-29 00:00:00+08:00,002320.XSHE,5.85,5.97,5.83,5.92,115303.3,6833.15
2025-04-30 00:00:00+08:00,002320.XSHE,5.94,6.03,5.9,5.91,181274.18,10802.0
2025-05-06 00:00:00+08:00,002320.XSHE,5.95,6.02,5.92,6.02,158974.52,9517.53
2025-05-07 00:00:00+08:00,002320.XSHE,6.08,6.09,5.96,6.0,173491.33,10425.95
2025-05-08 00:00:00+08:00,002320.XSHE,6.0,6.03,5.95,6.01,143337.19,8593.06
2025-05-09 00:00:00+08:00,002320.XSHE,6.02,6.02,5.9,5.94,129614.54,7696.53
2025-05-12 00:00:00+08:00,002320.XSHE,5.97,5.98,5.93,5.96,106568.46,6344.36
2025-05-13 00:00:00+08:00,002320.XSHE,6.02,6.06,5.95,6.01,174220.07,10456.9
2025-05-14 00:00:00+08:00,002320.XSHE,6.01,6.13,5.98,6.13,317343.38,19315.7
2025-05-15 00:00:00+08:00,002320.XSHE,6.14,6.24,6.07,6.07,224518.3,13762.44
2025-05-16 00:00:00+08:00,002320.XSHE,6.03,6.08,6.0,6.03,132311.01,7979.04
2025-05-19 00:00:00+08:00,002320.XSHE,6.01,6.13,6.01,6.12,159372.56,9730.34
2025-05-20 00:00:00+08:00,002320.XSHE,6.11,6.12,6.01,6.06,166586.61,10057.38
2025-05-21 00:00:00+08:00,002320.XSHE,6.03,6.07,6.01,6.05,91706.01,5540.25
2025-05-22 00:00:00+08:00,002320.XSHE,6.02,6.03,5.94,5.96,133618.54,7981.11
2025-05-23 00:00:00+08:00,002320.XSHE,5.97,5.99,5.87,5.87,121624.87,7202.47
2025-05-26 00:00:00+08:00,002320.XSHE,5.87,5.92,5.86,5.9,68003.38,4010.28
2025-05-27 00:00:00+08:00,002320.XSHE,5.9,5.93,5.84,5.92,93831.11,5526.74
2025-05-28 00:00:00+08:00,002320.XSHE,5.94,5.94,5.87,5.87,72076.54,4245.55
2025-05-29 00:00:00+08:00,002320.XSHE,5.88,5.94,5.86,5.91,86115.48,5084.73
2025-05-30 00:00:00+08:00,002320.XSHE,5.91,5.95,5.87,5.91,95127.61,5615.72
2025-06-03 00:00:00+08:00,002320.XSHE,5.88,5.9,5.84,5.89,79349.69,4665.14
2025-06-04 00:00:00+08:00,002320.XSHE,5.89,6.0,5.87,5.98,112724.39,6709.32
2025-06-05 00:00:00+08:00,002320.XSHE,5.98,5.99,5.91,5.92,98205.99,5828.84
2025-06-06 00:00:00+08:00,002320.XSHE,5.94,6.26,5.93,6.05,331667.64,20154.16
2025-06-09 00:00:00+08:00,002320.XSHE,6.01,6.07,5.97,6.06,167995.74,10109.67
2025-06-10 00:00:00+08:00,002320.XSHE,6.06,6.12,6.02,6.11,219099.8,13307.63
2025-06-11 00:00:00+08:00,002320.XSHE,6.1,6.15,6.07,6.07,162097.48,9890.03
2025-06-12 00:00:00+08:00,002320.XSHE,6.05,6.06,6.0,6.03,104346.27,6288.87
2025-06-13 00:00:00+08:00,002320.XSHE,6.02,6.08,6.0,6.01,148414.64,8947.48
2025-06-16 00:00:00+08:00,002320.XSHE,5.99,5.99,5.93,5.96,103660.75,6177.8
2025-06-17 00:00:00+08:00,002320.XSHE,5.96,6.03,5.92,6.03,107153.09,6420.12
2025-06-18 00:00:00+08:00,002320.XSHE,6.03,6.3,6.0,6.14,349951.87,21543.51
2025-06-19 00:00:00+08:00,002320.XSHE,6.12,6.16,5.95,5.98,208677.74,12591.59
2025-06-20 00:00:00+08:00,002320.XSHE,5.98,6.35,5.96,6.15,440464.27,27344.34
2025-06-23 00:00:00+08:00,002320.XSHE,6.23,6.3,6.08,6.24,339373.38,21017.79
2025-06-24 00:00:00+08:00,002320.XSHE,6.13,6.26,6.11,6.23,295353.46,18311.95
2025-06-25 00:00:00+08:00,002320.XSHE,6.25,6.34,6.17,6.32,319130.51,20003.9
2025-06-26 00:00:00+08:00,002320.XSHE,6.28,6.48,6.24,6.44,359917.04,22942.19
2025-06-27 00:00:00+08:00,002320.XSHE,6.41,6.48,6.32,6.32,239730.59,15304.59
2025-06-30 00:00:00+08:00,002320.XSHE,6.33,6.59,6.33,6.54,288335.17,18696.65
2025-07-01 00:00:00+08:00,002320.XSHE,6.53,6.58,6.42,6.5,219553.77,14236.47
2025-07-02 00:00:00+08:00,002320.XSHE,6.61,6.65,6.44,6.48,205269.37,13351.16
2025-07-03 00:00:00+08:00,002320.XSHE,6.46,6.58,6.44,6.45,249103.34,16190.01
2025-07-04 00:00:00+08:00,002320.XSHE,6.43,6.63,6.41,6.55,291489.46,19009.73
2025-07-07 00:00:00+08:00,002320.XSHE,6.49,6.54,6.44,6.48,127250.36,8255.36
2025-07-08 00:00:00+08:00,002320.XSHE,6.48,6.68,6.46,6.65,353837.55,23329.29
2025-07-09 00:00:00+08:00,002320.XSHE,6.64,6.75,6.57,6.59,262993.5,17489.98
2025-07-10 00:00:00+08:00,002320.XSHE,6.59,6.64,6.57,6.61,126534.56,8360.06
2025-07-11 00:00:00+08:00,002320.XSHE,6.62,6.62,6.51,6.55,218297.48,14298.97
2025-07-14 00:00:00+08:00,002320.XSHE,6.55,6.66,6.53,6.6,190347.42,12578.6
2025-07-15 00:00:00+08:00,002320.XSHE,6.59,6.63,6.45,6.56,150420.01,9825.99
2025-07-16 00:00:00+08:00,002320.XSHE,6.54,6.78,6.53,6.64,266258.85,17778.01
2025-07-17 00:00:00+08:00,002320.XSHE,6.65,7.0,6.61,6.97,550555.35,37756.68
2025-07-18 00:00:00+08:00,002320.XSHE,6.95,7.15,6.87,7.15,468977.88,32953.54
2025-07-21 00:00:00+08:00,002320.XSHE,7.2,7.87,7.2,7.56,1602377.4,122730.61
2025-07-22 00:00:00+08:00,002320.XSHE,7.6,8.2,7.26,8.18,1811568.7,139864.44
2025-07-23 00:00:00+08:00,002320.XSHE,8.11,8.25,7.39,7.41,1690020.84,130989.23
2025-07-24 00:00:00+08:00,002320.XSHE,7.61,8.15,7.56,8.15,1029374.09,81393.84
2025-07-25 00:00:00+08:00,002320.XSHE,8.96,8.97,8.08,8.18,2242927.47,190089.89
2025-07-28 00:00:00+08:00,002320.XSHE,8.02,8.32,7.93,8.0,1177131.6,95167.35
2025-07-29 00:00:00+08:00,002320.XSHE,8.05,8.54,8.0,8.34,1208822.91,100860.67
2025-07-30 00:00:00+08:00,002320.XSHE,8.25,8.78,8.25,8.66,1248120.78,106760.91
2025-07-31 00:00:00+08:00,002320.XSHE,8.45,8.46,8.04,8.13,905331.79,74302.37
2025-08-01 00:00:00+08:00,002320.XSHE,8.08,8.21,7.82,7.84,633816.84,50397.44
2025-08-04 00:00:00+08:00,002320.XSHE,7.82,7.93,7.72,7.76,453800.98,35369.36
2025-08-05 00:00:00+08:00,002320.XSHE,7.77,7.8,7.68,7.71,428676.77,33134.57
2025-08-06 00:00:00+08:00,002320.XSHE,7.67,7.71,7.61,7.69,338901.57,25960.75
2025-08-07 00:00:00+08:00,002320.XSHE,7.67,7.77,7.58,7.73,388268.73,29798.5
2025-08-08 00:00:00+08:00,002320.XSHE,7.73,7.95,7.67,7.89,467161.65,36728.62
2025-08-11 00:00:00+08:00,002320.XSHE,7.9,8.1,7.8,8.06,447227.58,35730.99
2025-08-12 00:00:00+08:00,002320.XSHE,8.02,8.1,7.95,8.01,339921.29,27272.78
2025-08-13 00:00:00+08:00,002320.XSHE,8.04,8.13,7.98,8.02,392150.72,31517.62
2025-08-14 00:00:00+08:00,002320.XSHE,7.99,8.0,7.83,7.87,381622.47,30202.2
2025-08-15 00:00:00+08:00,002320.XSHE,7.85,7.91,7.81,7.89,274789.74,21636.73
2025-08-18 00:00:00+08:00,002320.XSHE,7.88,8.44,7.84,8.3,725327.25,59836.42
2025-08-19 00:00:00+08:00,002320.XSHE,8.3,8.64,8.27,8.43,726501.81,61712.2
2025-08-20 00:00:00+08:00,002320.XSHE,8.39,8.47,8.31,8.46,418284.82,35157.5
2025-08-21 00:00:00+08:00,002320.XSHE,8.39,8.49,8.32,8.36,357446.94,29985.38
2025-08-22 00:00:00+08:00,002320.XSHE,8.34,8.38,8.25,8.28,305606.06,25285.44
2025-08-25 00:00:00+08:00,002320.XSHE,8.31,8.38,8.23,8.31,378357.17,31433.55
2025-08-26 00:00:00+08:00,002320.XSHE,8.25,8.66,8.19,8.49,565563.59,47909.41
2025-08-27 00:00:00+08:00,002320.XSHE,8.4,8.58,8.3,8.3,413087.0,34879.0
2025-08-28 00:00:00+08:00,002320.XSHE,8.3,8.53,8.12,8.43,445884.02,37226.26
2025-08-29 00:00:00+08:00,002320.XSHE,8.32,8.63,8.24,8.36,500848.01,42313.54
2025-09-01 00:00:00+08:00,002320.XSHE,8.33,8.5,8.22,8.31,358718.14,30002.59
2025-09-02 00:00:00+08:00,002320.XSHE,8.28,8.34,7.99,8.09,414430.02,33625.48
2025-09-03 00:00:00+08:00,002320.XSHE,8.12,8.17,7.88,7.92,251901.83,20124.38
2025-09-04 00:00:00+08:00,002320.XSHE,7.93,8.07,7.83,7.96,325112.15,25907.07
2025-09-05 00:00:00+08:00,002320.XSHE,7.96,8.13,7.8,8.1,306292.63,24528.53
2025-09-08 00:00:00+08:00,002320.XSHE,8.06,8.26,8.05,8.1,280747.16,22915.61
2025-09-09 00:00:00+08:00,002320.XSHE,8.09,8.13,7.97,8.02,202754.27,16289.99
2025-09-10 00:00:00+08:00,002320.XSHE,8.02,8.33,7.98,8.06,338303.26,27629.46
2025-09-11 00:00:00+08:00,002320.XSHE,8.25,8.58,8.13,8.5,885208.24,73775.7
2025-09-12 00:00:00+08:00,002320.XSHE,8.47,8.65,8.41,8.5,636395.38,54118.33
2025-09-15 00:00:00+08:00,002320.XSHE,8.45,8.52,8.34,8.4,349802.22,29411.85
2025-09-16 00:00:00+08:00,002320.XSHE,8.42,9.24,8.37,9.17,1091360.86,96721.78
2025-09-17 00:00:00+08:00,002320.XSHE,9.16,9.22,8.84,8.86,731607.36,65413.23
2025-09-18 00:00:00+08:00,002320.XSHE,8.88,9.75,8.86,9.35,1097352.5,103139.28
2025-09-19 00:00:00+08:00,002320.XSHE,9.35,9.48,9.22,9.34,675123.48,63008.89
2025-09-22 00:00:00+08:00,002320.XSHE,9.38,9.53,9.21,9.37,526567.05,49157.77
2025-09-23 00:00:00+08:00,002320.XSHE,9.27,9.3,8.69,8.89,685578.02,61380.53
2025-09-24 00:00:00+08:00,002320.XSHE,8.86,9.13,8.76,9.01,379369.67,33985.63
2025-09-25 00:00:00+08:00,002320.XSHE,8.91,9.0,8.79,8.84,354025.58,31450.58
2025-09-26 00:00:00+08:00,002320.XSHE,8.83,9.38,8.81,9.16,553902.0,50559.0
2025-09-29 00:00:00+08:00,002320.XSHE,9.26,9.5,9.09,9.44,537502.69,50202.44
2025-09-30 00:00:00+08:00,002320.XSHE,9.42,10.36,9.42,10.2,812144.45,81822.8
2025-10-09 00:00:00+08:00,002320.XSHE,10.02,10.26,9.89,10.17,629352.37,63369.26
2025-10-10 00:00:00+08:00,002320.XSHE,10.17,11.06,10.11,10.73,783786.18,83791.74
2025-10-13 00:00:00+08:00,002320.XSHE,10.41,11.45,10.3,11.22,907812.67,98136.3
2025-10-14 00:00:00+08:00,002320.XSHE,11.11,12.33,11.11,11.53,1217580.19,143515.74
2025-10-15 00:00:00+08:00,002320.XSHE,11.6,11.73,11.24,11.57,727781.74,83459.02
2025-10-16 00:00:00+08:00,002320.XSHE,11.7,12.73,11.49,12.73,1464097.03,180938.27
2025-10-17 00:00:00+08:00,002320.XSHE,12.99,14.0,12.58,14.0,1612067.22,218579.42
2025-10-20 00:00:00+08:00,002320.XSHE,14.0,15.19,13.72,14.3,2357144.36,339775.19
2025-10-21 00:00:00+08:00,002320.XSHE,13.8,15.08,13.25,14.7,2014564.12,286198.46
2025-10-22 00:00:00+08:00,002320.XSHE,14.49,14.84,13.41,13.59,1652511.63,227817.38
2025-10-23 00:00:00+08:00,002320.XSHE,13.79,13.9,13.01,13.23,1299507.07,173426.82
2025-10-24 00:00:00+08:00,002320.XSHE,13.12,14.2,13.12,13.49,1153239.71,157800.44
2025-10-27 00:00:00+08:00,002320.XSHE,13.51,13.78,12.91,12.93,1264447.94,168695.71
2025-10-28 00:00:00+08:00,002320.XSHE,13.18,13.69,12.97,13.47,1118162.44,150026.13
2025-10-29 00:00:00+08:00,002320.XSHE,13.47,14.64,13.47,14.02,1449790.09,205104.31
2025-10-30 00:00:00+08:00,002320.XSHE,13.81,14.0,13.4,13.45,955560.89,129983.27
2025-10-31 00:00:00+08:00,002320.XSHE,13.79,14.05,13.4,13.51,926387.72,126566.5
2025-11-03 00:00:00+08:00,002320.XSHE,13.6,14.85,13.51,14.36,1432824.95,204967.66
2025-11-04 00:00:00+08:00,002320.XSHE,14.42,14.6,13.8,14.0,1259198.64,178359.62
2025-11-05 00:00:00+08:00,002320.XSHE,14.16,15.4,13.99,15.4,648828.97,97679.98
2025-11-06 00:00:00+08:00,002320.XSHE,16.24,16.24,14.05,14.22,1856858.83,279003.73
2025-11-07 00:00:00+08:00,002320.XSHE,15.17,15.4,14.2,14.84,1482533.09,220073.95
2025-11-10 00:00:00+08:00,002320.XSHE,14.57,15.33,14.31,14.6,1246761.41,183424.85
2025-11-11 00:00:00+08:00,002320.XSHE,14.2,14.2,13.68,13.74,1032696.57,143537.46
2025-11-12 00:00:00+08:00,002320.XSHE,13.39,13.71,13.0,13.17,761792.34,100749.44
2025-11-13 00:00:00+08:00,002320.XSHE,13.08,13.49,12.93,13.23,556339.25,73848.91
2025-11-14 00:00:00+08:00,002320.XSHE,13.13,14.47,13.07,14.09,1143195.27,159507.62
2025-11-17 00:00:00+08:00,002320.XSHE,14.04,14.46,13.7,14.23,998525.08,140714.72
2025-11-18 00:00:00+08:00,002320.XSHE,14.18,14.84,14.01,14.13,863184.36,123846.49
2025-11-19 00:00:00+08:00,002320.XSHE,13.99,14.12,13.1,13.27,740209.91,99070.5
2025-11-20 00:00:00+08:00,002320.XSHE,13.29,13.9,13.24,13.53,614676.03,83233.28
2025-11-21 00:00:00+08:00,002320.XSHE,13.3,13.55,12.78,13.0,631432.39,83008.15
2025-11-24 00:00:00+08:00,002320.XSHE,13.04,13.24,12.0,12.34,784733.83,96872.27
2025-11-25 00:00:00+08:00,002320.XSHE,12.37,12.6,12.22,12.54,557093.2,69012.55
2025-11-26 00:00:00+08:00,002320.XSHE,12.47,12.99,12.36,12.6,574692.0,73392.6
2025-11-27 00:00:00+08:00,002320.XSHE,12.57,12.75,12.22,12.28,442667.38,54846.74
2025-11-28 00:00:00+08:00,002320.XSHE,12.38,12.67,12.17,12.66,447337.63,55798.69
2025-12-01 00:00:00+08:00,002320.XSHE,12.6,12.9,12.53,12.84,428898.13,54644.89
2025-12-02 00:00:00+08:00,002320.XSHE,12.76,13.35,12.35,13.06,682816.24,88114.21
2025-12-03 00:00:00+08:00,002320.XSHE,12.93,13.25,12.58,12.69,531143.69,68605.29
2025-12-04 00:00:00+08:00,002320.XSHE,12.51,12.64,12.16,12.35,412556.52,50907.04
2025-12-05 00:00:00+08:00,002320.XSHE,12.35,12.53,12.02,12.48,355597.53,44027.15
2025-12-08 00:00:00+08:00,002320.XSHE,12.46,13.23,12.46,13.17,693508.85,90542.11
2025-12-09 00:00:00+08:00,002320.XSHE,13.17,13.18,12.38,12.43,646009.95,81095.83
2025-12-10 00:00:00+08:00,002320.XSHE,12.57,13.44,12.48,13.4,1116667.03,145778.59
2025-12-11 00:00:00+08:00,002320.XSHE,13.4,13.52,12.72,12.82,891416.05,115512.81
2025-12-12 00:00:00+08:00,002320.XSHE,12.65,12.66,12.36,12.52,498571.68,62282.96
2025-12-15 00:00:00+08:00,002320.XSHE,12.52,12.76,12.07,12.61,403311.61,50269.06
2025-12-16 00:00:00+08:00,002320.XSHE,12.59,12.81,12.13,12.35,403320.43,49937.69
2025-12-17 00:00:00+08:00,002320.XSHE,12.36,12.36,11.12,11.39,762050.55,86895.73
2025-12-18 00:00:00+08:00,002320.XSHE,11.39,11.39,10.55,10.57,774510.99,83631.57
2025-12-19 00:00:00+08:00,002320.XSHE,10.57,11.63,10.36,11.47,1099011.86,120993.84
2025-12-22 00:00:00+08:00,002320.XSHE,11.83,12.62,11.83,12.62,679028.37,84269.02
2025-12-23 00:00:00+08:00,002320.XSHE,13.88,13.88,13.05,13.43,2122926.62,287006.56
2025-12-24 00:00:00+08:00,002320.XSHE,13.0,13.4,12.82,13.2,1426128.92,187002.95
2025-12-25 00:00:00+08:00,002320.XSHE,13.21,13.3,12.51,12.51,1013358.32,128971.03
2025-01-02 00:00:00+08:00,002596.XSHE,3.5,3.59,3.35,3.39,670602.23,23262.7
2025-01-03 00:00:00+08:00,002596.XSHE,3.43,3.45,3.09,3.14,685356.61,21839.24
2025-01-06 00:00:00+08:00,002596.XSHE,3.13,3.16,2.98,3.03,405913.75,12376.0
2025-01-07 00:00:00+08:00,002596.XSHE,3.07,3.18,3.03,3.12,373663.24,11543.15
2025-01-08 00:00:00+08:00,002596.XSHE,3.14,3.15,2.94,3.06,363614.74,11073.25
2025-01-09 00:00:00+08:00,002596.XSHE,3.03,3.08,2.99,3.04,227335.94,6913.06
2025-01-10 00:00:00+08:00,002596.XSHE,3.05,3.11,2.89,2.9,386637.68,11676.98
2025-01-13 00:00:00+08:00,002596.XSHE,2.81,2.88,2.76,2.82,278653.69,7861.53
2025-01-14 00:00:00+08:00,002596.XSHE,2.83,3.03,2.83,3.03,375171.7,11053.19
2025-01-15 00:00:00+08:00,002596.XSHE,3.04,3.24,3.0,3.14,505436.34,15761.05
2025-01-16 00:00:00+08:00,002596.XSHE,3.14,3.22,3.09,3.18,444648.0,14079.6
2025-01-17 00:00:00+08:00,002596.XSHE,3.15,3.18,3.09,3.11,249433.0,7803.62
2025-01-20 00:00:00+08:00,002596.XSHE,3.15,3.16,3.05,3.12,187022.0,5827.08
2025-01-21 00:00:00+08:00,002596.XSHE,3.15,3.16,3.06,3.08,174720.09,5400.35
2025-01-22 00:00:00+08:00,002596.XSHE,3.07,3.08,3.0,3.02,149499.0,4537.71
2025-01-23 00:00:00+08:00,002596.XSHE,3.08,3.15,3.01,3.01,203342.18,6259.87
2025-01-24 00:00:00+08:00,002596.XSHE,3.02,3.12,2.95,3.05,230537.0,6983.34
2025-01-27 00:00:00+08:00,002596.XSHE,3.07,3.3,3.07,3.12,335497.0,10552.0
2025-02-05 00:00:00+08:00,002596.XSHE,3.09,3.19,3.07,3.09,307412.31,9586.23
2025-02-06 00:00:00+08:00,002596.XSHE,3.1,3.13,2.99,3.09,351567.0,10714.79
2025-02-07 00:00:00+08:00,002596.XSHE,3.07,3.4,3.07,3.4,448885.37,14920.77
2025-02-10 00:00:00+08:00,002596.XSHE,3.39,3.43,3.33,3.42,686195.99,23283.06
2025-02-11 00:00:00+08:00,002596.XSHE,3.43,3.51,3.38,3.44,491255.72,16892.46
2025-02-12 00:00:00+08:00,002596.XSHE,3.44,3.58,3.41,3.5,557602.17,19540.31
2025-02-13 00:00:00+08:00,002596.XSHE,3.48,3.56,3.45,3.52,473789.8,16609.83
2025-02-14 00:00:00+08:00,002596.XSHE,3.5,3.5,3.38,3.38,466007.0,15967.6
2025-02-17 00:00:00+08:00,002596.XSHE,3.37,3.48,3.37,3.44,352153.2,12048.61
2025-02-18 00:00:00+08:00,002596.XSHE,3.44,3.6,3.35,3.38,481745.98,16527.94
2025-02-19 00:00:00+08:00,002596.XSHE,3.44,3.53,3.38,3.44,426424.2,14661.31
2025-02-20 00:00:00+08:00,002596.XSHE,3.41,3.49,3.37,3.44,448515.2,15418.24
2025-02-21 00:00:00+08:00,002596.XSHE,3.41,3.53,3.4,3.46,393640.88,13598.7
2025-02-24 00:00:00+08:00,002596.XSHE,3.47,3.54,3.42,3.47,469590.53,16364.65
2025-02-25 00:00:00+08:00,002596.XSHE,3.48,3.5,3.39,3.41,385489.0,13274.11
2025-02-26 00:00:00+08:00,002596.XSHE,3.41,3.52,3.4,3.5,493052.71,17154.33
2025-02-27 00:00:00+08:00,002596.XSHE,3.55,3.85,3.52,3.85,838415.71,31905.57
2025-02-28 00:00:00+08:00,002596.XSHE,3.75,3.81,3.56,3.59,1122177.0,41373.54
2025-03-03 00:00:00+08:00,002596.XSHE,3.63,3.72,3.54,3.57,626128.18,22608.48
2025-03-04 00:00:00+08:00,002596.XSHE,3.52,3.58,3.48,3.55,395098.0,13925.59
2025-03-05 00:00:00+08:00,002596.XSHE,3.56,3.77,3.51,3.65,606287.2,21882.72
2025-03-06 00:00:00+08:00,002596.XSHE,3.62,3.75,3.62,3.7,702832.39,26005.54
2025-03-07 00:00:00+08:00,002596.XSHE,3.68,3.71,3.6,3.61,422030.39,15396.38
2025-03-10 00:00:00+08:00,002596.XSHE,3.62,3.9,3.61,3.71,740062.97,27620.29
2025-03-11 00:00:00+08:00,002596.XSHE,3.65,3.74,3.63,3.72,485976.86,17864.57
2025-03-12 00:00:00+08:00,002596.XSHE,3.7,3.78,3.68,3.73,405099.68,15058.76
2025-03-13 00:00:00+08:00,002596.XSHE,3.71,3.8,3.62,3.64,477065.04,17657.36
2025-03-14 00:00:00+08:00,002596.XSHE,3.64,3.85,3.62,3.75,739973.03,27754.67
2025-03-17 00:00:00+08:00,002596.XSHE,3.78,4.08,3.78,3.89,861180.43,34029.04
2025-03-18 00:00:00+08:00,002596.XSHE,3.91,3.95,3.86,3.91,392503.13,15321.03
2025-03-19 00:00:00+08:00,002596.XSHE,3.92,3.97,3.84,3.93,469227.0,18317.7
2025-03-20 00:00:00+08:00,002596.XSHE,3.94,4.04,3.92,4.02,612404.03,24420.23
2025-03-21 00:00:00+08:00,002596.XSHE,4.06,4.09,3.9,3.91,696525.0,27656.23
2025-03-24 00:00:00+08:00,002596.XSHE,3.91,3.91,3.52,3.52,959691.0,34753.08
2025-03-25 00:00:00+08:00,002596.XSHE,3.5,3.53,3.41,3.46,471090.06,16353.27
2025-03-26 00:00:00+08:00,002596.XSHE,3.46,3.65,3.43,3.58,479125.05,17201.5
2025-03-27 00:00:00+08:00,002596.XSHE,3.56,3.64,3.46,3.55,349431.0,12389.88
2025-03-28 00:00:00+08:00,002596.XSHE,3.55,3.57,3.48,3.5,192622.06,6772.04
2025-03-31 00:00:00+08:00,002596.XSHE,3.48,3.48,3.28,3.35,460965.8,15470.64
2025-04-01 00:00:00+08:00,002596.XSHE,3.35,3.48,3.34,3.44,368387.05,12632.85
2025-04-02 00:00:00+08:00,002596.XSHE,3.45,3.48,3.4,3.41,169905.0,5836.05
2025-04-03 00:00:00+08:00,002596.XSHE,3.4,3.52,3.38,3.47,271882.71,9421.87
2025-04-07 00:00:00+08:00,002596.XSHE,3.28,3.28,3.12,3.12,304607.0,9605.07
2025-04-08 00:00:00+08:00,002596.XSHE,3.0,3.18,3.0,3.14,449508.77,13880.61
2025-04-09 00:00:00+08:00,002596.XSHE,3.12,3.31,2.84,3.23,544144.74,16878.64
2025-04-10 00:00:00+08:00,002596.XSHE,3.24,3.33,3.22,3.24,423692.71,13869.21
2025-04-11 00:00:00+08:00,002596.XSHE,3.21,3.35,3.18,3.29,399967.1,13118.38
2025-04-14 00:00:00+08:00,002596.XSHE,3.32,3.6,3.32,3.45,598461.22,20820.56
2025-04-15 00:00:00+08:00,002596.XSHE,3.41,3.44,3.32,3.36,376849.08,12691.85
2025-04-16 00:00:00+08:00,002596.XSHE,3.33,3.34,3.24,3.28,275153.5,9036.38
2025-04-17 00:00:00+08:00,002596.XSHE,3.28,3.38,3.25,3.36,260937.0,8701.18
2025-04-18 00:00:00+08:00,002596.XSHE,3.38,3.39,3.28,3.32,158180.36,5251.69
2025-04-21 00:00:00+08:00,002596.XSHE,3.32,3.42,3.27,3.41,268392.36,9003.42
2025-04-22 00:00:00+08:00,002596.XSHE,3.42,3.58,3.41,3.44,261455.0,9092.12
2025-04-23 00:00:00+08:00,002596.XSHE,3.47,3.48,3.38,3.4,189509.85,6452.94
2025-04-24 00:00:00+08:00,002596.XSHE,3.4,3.49,3.4,3.46,303280.4,10473.14
2025-04-25 00:00:00+08:00,002596.XSHE,3.45,3.46,3.39,3.41,159579.27,5459.51
2025-04-28 00:00:00+08:00,002596.XSHE,3.43,3.54,3.43,3.44,242278.06,8420.15
2025-04-29 00:00:00+08:00,002596.XSHE,3.45,3.52,3.4,3.47,193139.0,6711.14
2025-04-30 00:00:00+08:00,002596.XSHE,3.47,3.6,3.47,3.57,360560.0,12821.35
2025-05-06 00:00:00+08:00,002596.XSHE,3.59,3.74,3.59,3.72,346154.42,12794.98
2025-05-07 00:00:00+08:00,002596.XSHE,3.77,3.89,3.69,3.71,342179.38,12856.44
2025-05-08 00:00:00+08:00,002596.XSHE,3.7,3.76,3.68,3.71,200950.83,7464.26
2025-05-09 00:00:00+08:00,002596.XSHE,3.73,3.8,3.71,3.76,258050.0,9693.98
2025-05-12 00:00:00+08:00,002596.XSHE,3.78,3.87,3.67,3.69,282805.03,10600.15
2025-05-13 00:00:00+08:00,002596.XSHE,3.72,3.76,3.64,3.65,214587.0,7896.87
2025-05-14 00:00:00+08:00,002596.XSHE,3.65,3.69,3.62,3.67,150485.0,5487.6
2025-05-15 00:00:00+08:00,002596.XSHE,3.67,3.68,3.61,3.68,136035.0,4967.58
2025-05-16 00:00:00+08:00,002596.XSHE,3.68,3.74,3.64,3.66,163097.0,6011.7
2025-05-19 00:00:00+08:00,002596.XSHE,3.7,3.72,3.63,3.71,151427.0,5579.2
2025-05-20 00:00:00+08:00,002596.XSHE,3.71,3.76,3.68,3.74,206538.0,7709.56
2025-05-21 00:00:00+08:00,002596.XSHE,3.73,3.76,3.68,3.72,139093.0,5161.77
2025-05-22 00:00:00+08:00,002596.XSHE,3.73,3.74,3.64,3.68,168614.0,6213.75
2025-05-23 00:00:00+08:00,002596.XSHE,3.68,3.7,3.56,3.6,253135.0,9197.28
2025-05-26 00:00:00+08:00,002596.XSHE,3.6,3.6,3.39,3.46,526394.79,18107.13
2025-05-27 00:00:00+08:00,002596.XSHE,3.46,3.51,3.39,3.45,237938.0,8207.22
2025-05-28 00:00:00+08:00,002596.XSHE,3.45,3.51,3.43,3.43,218971.3,7593.12
2025-05-29 00:00:00+08:00,002596.XSHE,3.42,3.5,3.39,3.45,240191.8,8260.9
2025-05-30 00:00:00+08:00,002596.XSHE,3.45,3.45,3.35,3.36,157217.0,5304.74
2025-06-03 00:00:00+08:00,002596.XSHE,3.35,3.42,3.33,3.38,126805.78,4279.23
2025-06-04 00:00:00+08:00,002596.XSHE,3.39,3.68,3.37,3.59,490716.78,17362.91
2025-06-05 00:00:00+08:00,002596.XSHE,3.57,3.58,3.45,3.47,312778.28,10906.71
2025-06-06 00:00:00+08:00,002596.XSHE,3.72,3.82,3.58,3.73,1356649.89,50903.25
2025-06-09 00:00:00+08:00,002596.XSHE,3.55,3.73,3.54,3.68,1018141.05,37068.72
2025-06-10 00:00:00+08:00,002596.XSHE,3.67,3.71,3.6,3.63,492952.83,17972.58
2025-06-11 00:00:00+08:00,002596.XSHE,3.63,3.73,3.6,3.64,412269.0,15098.21
2025-06-12 00:00:00+08:00,002596.XSHE,3.63,3.65,3.57,3.61,278391.0,10028.59
2025-06-13 00:00:00+08:00,002596.XSHE,3.6,3.75,3.55,3.63,394550.08,14318.53
2025-06-16 00:00:00+08:00,002596.XSHE,3.56,3.66,3.56,3.64,275361.0,9930.47
2025-06-17 00:00:00+08:00,002596.XSHE,3.64,3.74,3.64,3.73,395208.72,14672.14
2025-06-18 00:00:00+08:00,002596.XSHE,3.73,3.79,3.69,3.7,389803.0,14564.44
2025-06-19 00:00:00+08:00,002596.XSHE,3.68,3.74,3.56,3.58,288453.0,10465.27
2025-06-20 00:00:00+08:00,002596.XSHE,3.58,3.65,3.54,3.55,255862.0,9198.3
2025-06-23 00:00:00+08:00,002596.XSHE,3.48,3.63,3.46,3.62,266086.0,9454.49
2025-06-24 00:00:00+08:00,002596.XSHE,3.62,3.7,3.62,3.63,209973.0,7683.41
2025-06-25 00:00:00+08:00,002596.XSHE,3.63,3.77,3.61,3.69,344813.0,12728.68
2025-06-26 00:00:00+08:00,002596.XSHE,3.67,3.85,3.66,3.77,577472.4,21697.35
2025-06-27 00:00:00+08:00,002596.XSHE,3.74,3.79,3.72,3.75,208234.12,7819.46
2025-06-30 00:00:00+08:00,002596.XSHE,3.77,3.88,3.77,3.85,312272.0,11961.55
2025-07-01 00:00:00+08:00,002596.XSHE,3.83,3.9,3.75,3.81,329717.0,12555.02
2025-07-02 00:00:00+08:00,002596.XSHE,3.81,3.84,3.73,3.78,254907.0,9668.81
2025-07-03 00:00:00+08:00,002596.XSHE,3.8,3.83,3.76,3.79,230354.0,8736.51
2025-07-04 00:00:00+08:00,002596.XSHE,3.78,3.88,3.78,3.83,330222.78,12663.16
2025-07-07 00:00:00+08:00,002596.XSHE,3.8,3.81,3.72,3.75,236892.0,8909.59
2025-07-08 00:00:00+08:00,002596.XSHE,3.75,3.83,3.73,3.82,325790.0,12369.35
2025-07-09 00:00:00+08:00,002596.XSHE,3.81,3.89,3.8,3.84,329227.0,12682.66
2025-07-10 00:00:00+08:00,002596.XSHE,3.83,3.92,3.79,3.87,375452.0,14491.53
2025-07-11 00:00:00+08:00,002596.XSHE,3.86,3.9,3.77,3.8,395986.0,15088.64
2025-07-14 00:00:00+08:00,002596.XSHE,3.8,3.94,3.77,3.93,471377.0,18258.0
2025-07-15 00:00:00+08:00,002596.XSHE,3.88,3.9,3.76,3.83,403976.0,15391.71
2025-07-16 00:00:00+08:00,002596.XSHE,3.85,4.21,3.83,4.01,1359446.19,55352.0
2025-07-17 00:00:00+08:00,002596.XSHE,3.94,4.41,3.93,4.28,1871574.53,78547.69
2025-07-18 00:00:00+08:00,002596.XSHE,4.15,4.38,4.11,4.33,1407665.37,59549.5
2025-07-21 00:00:00+08:00,002596.XSHE,4.3,4.76,4.25,4.69,2855583.12,132466.26
2025-07-22 00:00:00+08:00,002596.XSHE,4.69,5.11,4.43,4.93,2973630.33,140458.79
2025-07-23 00:00:00+08:00,002596.XSHE,4.8,5.11,4.44,4.44,2342606.48,109990.27
2025-07-24 00:00:00+08:00,002596.XSHE,4.28,4.88,4.27,4.88,2287973.31,107882.47
2025-07-25 00:00:00+08:00,002596.XSHE,4.89,4.94,4.45,4.45,2369245.18,109414.08
2025-07-28 00:00:00+08:00,002596.XSHE,4.46,4.51,4.17,4.2,1494478.54,63612.8
2025-07-29 00:00:00+08:00,002596.XSHE,4.17,4.23,4.07,4.1,975648.13,40246.78
2025-07-30 00:00:00+08:00,002596.XSHE,4.07,4.15,4.03,4.05,817070.52,33316.08
2025-07-31 00:00:00+08:00,002596.XSHE,4.03,4.05,3.9,3.93,859385.68,34029.27
2025-08-01 00:00:00+08:00,002596.XSHE,3.93,3.93,3.88,3.9,410460.89,16004.13
2025-08-04 00:00:00+08:00,002596.XSHE,3.88,3.92,3.86,3.9,413667.98,16103.68
2025-08-05 00:00:00+08:00,002596.XSHE,3.91,3.94,3.88,3.9,383602.39,14976.56
2025-08-06 00:00:00+08:00,002596.XSHE,3.89,3.9,3.84,3.86,409440.93,15797.75
2025-08-07 00:00:00+08:00,002596.XSHE,3.93,3.94,3.86,3.89,382194.28,14881.98
2025-08-08 00:00:00+08:00,002596.XSHE,3.87,3.95,3.85,3.92,469342.2,18302.66
2025-08-11 00:00:00+08:00,002596.XSHE,3.94,3.97,3.9,3.95,477058.82,18807.54
2025-08-12 00:00:00+08:00,002596.XSHE,3.94,3.95,3.87,3.89,408585.42,15937.16
2025-08-13 00:00:00+08:00,002596.XSHE,3.89,3.9,3.81,3.82,523933.19,20121.76
2025-08-14 00:00:00+08:00,002596.XSHE,3.81,3.82,3.68,3.69,618156.8,23108.73
2025-08-15 00:00:00+08:00,002596.XSHE,3.69,3.71,3.68,3.71,366796.25,13554.61
2025-08-18 00:00:00+08:00,002596.XSHE,3.72,3.79,3.7,3.77,415075.33,15626.28
2025-08-19 00:00:00+08:00,002596.XSHE,3.75,3.79,3.73,3.76,347730.96,13084.12
2025-08-20 00:00:00+08:00,002596.XSHE,3.75,3.78,3.72,3.78,348373.13,13082.65
2025-08-21 00:00:00+08:00,002596.XSHE,3.78,3.8,3.74,3.75,371494.62,14005.3
2025-08-22 00:00:00+08:00,002596.XSHE,3.76,3.78,3.71,3.76,386514.63,14442.05
2025-08-25 00:00:00+08:00,002596.XSHE,3.77,3.85,3.75,3.82,630723.9,23959.36
2025-08-26 00:00:00+08:00,002596.XSHE,3.8,3.83,3.75,3.8,516777.28,19580.68
2025-08-27 00:00:00+08:00,002596.XSHE,3.81,3.85,3.68,3.68,624928.0,23443.0
2025-08-28 00:00:00+08:00,002596.XSHE,3.65,3.72,3.56,3.66,379355.79,13825.87
2025-08-29 00:00:00+08:00,002596.XSHE,3.65,3.69,3.62,3.63,254242.63,9301.13
2025-09-01 00:00:00+08:00,002596.XSHE,3.62,3.66,3.56,3.6,309866.21,11202.44
2025-09-02 00:00:00+08:00,002596.XSHE,3.6,3.62,3.52,3.55,329941.45,11762.33
2025-09-03 00:00:00+08:00,002596.XSHE,3.55,3.57,3.44,3.46,285262.94,9978.89
2025-09-04 00:00:00+08:00,002596.XSHE,3.46,3.68,3.45,3.58,592735.4,21212.91
2025-09-05 00:00:00+08:00,002596.XSHE,3.58,3.65,3.5,3.62,337578.13,12084.06
2025-09-08 00:00:00+08:00,002596.XSHE,3.6,3.67,3.58,3.61,271982.15,9844.94
2025-09-09 00:00:00+08:00,002596.XSHE,3.62,3.63,3.56,3.58,191644.64,6870.16
2025-09-10 00:00:00+08:00,002596.XSHE,3.58,3.71,3.56,3.69,555412.53,20384.82
2025-09-11 00:00:00+08:00,002596.XSHE,3.75,3.77,3.64,3.7,450043.28,16561.75
2025-09-12 00:00:00+08:00,002596.XSHE,3.68,3.82,3.67,3.75,547920.67,20547.8
2025-09-15 00:00:00+08:00,002596.XSHE,3.72,3.76,3.68,3.75,351745.84,13063.66
2025-09-16 00:00:00+08:00,002596.XSHE,3.74,3.86,3.72,3.83,541747.15,20513.0
2025-09-17 00:00:00+08:00,002596.XSHE,3.83,3.83,3.73,3.74,379543.19,14280.05
2025-09-18 00:00:00+08:00,002596.XSHE,3.75,3.82,3.68,3.71,465797.17,17495.43
2025-09-19 00:00:00+08:00,002596.XSHE,3.68,3.77,3.66,3.7,289075.17,10707.88
2025-09-22 00:00:00+08:00,002596.XSHE,3.68,3.7,3.63,3.67,234863.0,8587.25
2025-09-23 00:00:00+08:00,002596.XSHE,3.67,3.68,3.54,3.64,346606.81,12465.44
2025-09-24 00:00:00+08:00,002596.XSHE,3.63,3.7,3.59,3.69,264256.34,9692.2
2025-09-25 00:00:00+08:00,002596.XSHE,3.71,3.77,3.66,3.66,290512.37,10785.84
2025-09-26 00:00:00+08:00,002596.XSHE,3.64,3.93,3.62,3.84,988123.0,37854.0
2025-09-29 00:00:00+08:00,002596.XSHE,3.85,3.98,3.78,3.95,724435.98,28327.85
2025-09-30 00:00:00+08:00,002596.XSHE,3.93,4.02,3.91,3.94,552183.16,21855.59
2025-10-09 00:00:00+08:00,002596.XSHE,3.93,3.94,3.8,3.84,480537.0,18450.65
2025-10-10 00:00:00+08:00,002596.XSHE,3.83,4.05,3.82,3.93,724650.27,28681.22
2025-10-13 00:00:00+08:00,002596.XSHE,3.76,3.86,3.73,3.86,417770.43,15905.62
2025-10-14 00:00:00+08:00,002596.XSHE,3.86,3.98,3.85,3.89,478799.0,18769.52
2025-10-15 00:00:00+08:00,002596.XSHE,3.88,3.94,3.86,3.94,284581.99,11122.96
2025-10-16 00:00:00+08:00,002596.XSHE,3.94,4.05,3.9,4.01,928044.18,37051.03
2025-10-17 00:00:00+08:00,002596.XSHE,3.97,4.1,3.97,4.03,1061668.95,42984.29
2025-10-20 00:00:00+08:00,002596.XSHE,4.06,4.23,4.03,4.07,1162810.82,47871.86
2025-10-21 00:00:00+08:00,002596.XSHE,4.06,4.2,3.95,4.16,1013867.45,41658.72
2025-10-22 00:00:00+08:00,002596.XSHE,4.15,4.24,4.06,4.07,682457.53,28094.56
2025-10-23 00:00:00+08:00,002596.XSHE,4.07,4.15,4.04,4.11,534117.34,21827.65
2025-10-24 00:00:00+08:00,002596.XSHE,4.1,4.17,3.98,3.98,633622.81,25660.25
2025-10-27 00:00:00+08:00,002596.XSHE,3.99,4.01,3.87,3.9,574324.78,22456.14
2025-10-28 00:00:00+08:00,002596.XSHE,3.89,3.99,3.88,3.93,434958.63,17180.31
2025-10-29 00:00:00+08:00,002596.XSHE,3.91,4.17,3.9,4.06,948011.15,38636.99
2025-10-30 00:00:00+08:00,002596.XSHE,4.04,4.23,4.01,4.21,1162597.55,48292.51
2025-10-31 00:00:00+08:00,002596.XSHE,4.21,4.35,4.18,4.3,1015701.42,43468.11
2025-11-03 00:00:00+08:00,002596.XSHE,4.3,4.55,4.25,4.51,1340915.02,59634.11
2025-11-04 00:00:00+08:00,002596.XSHE,4.47,4.53,4.41,4.49,1108501.01,49449.45
2025-11-05 00:00:00+08:00,002596.XSHE,4.41,4.75,4.39,4.62,1526783.75,70565.02
2025-11-06 00:00:00+08:00,002596.XSHE,4.63,4.75,4.31,4.35,1508364.25,67231.31
2025-11-07 00:00:00+08:00,002596.XSHE,4.48,4.54,4.25,4.42,1431113.34,63057.13
2025-11-10 00:00:00+08:00,002596.XSHE,4.42,4.58,4.31,4.43,1287974.56,57378.97
2025-11-11 00:00:00+08:00,002596.XSHE,4.45,4.59,4.37,4.52,933337.31,42069.65
2025-11-12 00:00:00+08:00,002596.XSHE,4.53,4.64,4.46,4.54,727740.63,33017.99
2025-11-13 00:00:00+08:00,002596.XSHE,4.51,4.65,4.41,4.56,979687.18,44621.74
2025-11-14 00:00:00+08:00,002596.XSHE,4.57,4.98,4.54,4.8,1497766.98,72097.17
2025-11-17 00:00:00+08:00,002596.XSHE,4.87,5.23,4.82,5.08,1746943.01,88396.39
2025-11-18 00:00:00+08:00,002596.XSHE,5.02,5.34,4.95,5.2,1793692.95,92485.27
2025-11-19 00:00:00+08:00,002596.XSHE,5.03,5.13,4.7,4.75,1441956.17,69771.9
2025-11-20 00:00:00+08:00,002596.XSHE,4.84,5.0,4.66,4.9,1124227.35,54567.96
2025-11-21 00:00:00+08:00,002596.XSHE,4.83,5.39,4.79,5.19,2358086.09,122582.1
2025-11-24 00:00:00+08:00,002596.XSHE,5.14,5.31,4.73,4.89,1716591.7,84981.93
2025-11-25 00:00:00+08:00,002596.XSHE,4.86,5.38,4.65,5.38,1586072.84,78604.73
2025-11-26 00:00:00+08:00,002596.XSHE,5.7,5.92,5.7,5.92,1121200.41,65738.43
2025-11-27 00:00:00+08:00,002596.XSHE,6.1,6.5,5.48,5.76,2878826.3,171341.43
2025-11-28 00:00:00+08:00,002596.XSHE,5.86,6.34,5.58,6.34,2274101.87,138703.81
2025-12-01 00:00:00+08:00,002596.XSHE,6.6,6.97,6.21,6.69,3269827.04,218128.48
2025-12-02 00:00:00+08:00,002596.XSHE,6.57,6.68,6.23,6.58,2424353.49,155970.76
2025-12-03 00:00:00+08:00,002596.XSHE,6.58,7.21,6.4,6.4,2374581.86,160183.84
2025-12-04 00:00:00+08:00,002596.XSHE,6.07,6.35,5.76,5.76,2086943.69,124503.05
2025-12-05 00:00:00+08:00,002596.XSHE,5.81,6.17,5.59,6.11,1976098.15,117432.99
2025-12-08 00:00:00+08:00,002596.XSHE,6.27,6.49,6.16,6.31,1802041.85,113855.94
2025-12-09 00:00:00+08:00,002596.XSHE,6.29,6.34,5.9,5.93,1387229.44,83807.9
2025-12-10 00:00:00+08:00,002596.XSHE,6.03,6.52,5.98,6.52,1658719.49,105634.63
2025-12-11 00:00:00+08:00,002596.XSHE,6.95,7.05,6.5,6.5,2705512.69,182182.48
2025-12-12 00:00:00+08:00,002596.XSHE,6.51,6.64,6.25,6.33,1639309.55,105258.23
2025-12-15 00:00:00+08:00,002596.XSHE,6.12,6.42,5.9,6.17,1414929.51,87184.86
2025-12-16 00:00:00+08:00,002596.XSHE,6.17,6.41,5.56,5.8,1834850.35,106571.05
2025-12-17 00:00:00+08:00,002596.XSHE,5.75,5.75,5.22,5.22,1293839.94,68573.91
2025-12-18 00:00:00+08:00,002596.XSHE,5.0,5.28,4.77,4.86,1538598.78,76185.92
2025-12-19 00:00:00+08:00,002596.XSHE,4.8,5.35,4.66,5.35,2177112.64,109177.36
2025-12-22 00:00:00+08:00,002596.XSHE,5.61,5.89,5.59,5.89,1638427.98,94594.67
2025-12-23 00:00:00+08:00,002596.XSHE,6.48,6.48,6.25,6.48,1848777.47,119274.52
2025-12-24 00:00:00+08:00,002596.XSHE,6.48,6.73,6.01,6.22,3988882.46,254267.96
2025-12-25 00:00:00+08:00,002596.XSHE,6.21,6.28,5.77,5.79,3001809.4,179084.14
2025-01-02 00:00:00+08:00,002693.XSHE,18.87,20.16,18.87,20.16,691813.09,137356.33
2025-01-03 00:00:00+08:00,002693.XSHE,20.0,20.0,18.14,18.14,464734.0,85979.88
2025-01-06 00:00:00+08:00,002693.XSHE,16.58,16.9,16.33,16.33,357559.71,58631.46
2025-01-07 00:00:00+08:00,002693.XSHE,15.55,16.34,15.3,16.27,428338.66,67812.85
2025-01-08 00:00:00+08:00,002693.XSHE,16.2,16.56,15.5,16.35,367630.75,59218.31
2025-01-09 00:00:00+08:00,002693.XSHE,16.14,16.48,15.99,16.08,246413.0,39934.23
2025-01-10 00:00:00+08:00,002693.XSHE,15.91,16.21,15.2,15.2,210796.0,33009.5
2025-01-13 00:00:00+08:00,002693.XSHE,15.1,16.23,14.77,15.71,276682.0,43264.49
2025-01-14 00:00:00+08:00,002693.XSHE,15.77,16.69,15.5,16.57,305974.0,49616.96
2025-01-15 00:00:00+08:00,002693.XSHE,16.58,16.72,15.92,15.99,215405.0,34866.95
2025-01-16 00:00:00+08:00,002693.XSHE,16.15,16.39,15.78,16.11,155443.0,24995.23
2025-01-17 00:00:00+08:00,002693.XSHE,16.2,16.25,15.71,15.94,120670.0,19209.81
2025-01-20 00:00:00+08:00,002693.XSHE,14.39,15.15,14.39,14.9,420299.06,61974.23
2025-01-21 00:00:00+08:00,002693.XSHE,14.8,14.84,14.04,14.26,285984.14,40960.28
2025-01-22 00:00:00+08:00,002693.XSHE,14.12,14.12,13.57,13.58,202215.88,27825.28
2025-01-23 00:00:00+08:00,002693.XSHE,13.73,14.17,13.58,13.58,203170.38,28224.52
2025-01-24 00:00:00+08:00,002693.XSHE,13.4,13.59,13.11,13.31,180540.0,23988.89
2025-01-27 00:00:00+08:00,002693.XSHE,13.48,13.6,13.07,13.07,125768.0,16729.47
2025-02-05 00:00:00+08:00,002693.XSHE,13.2,13.45,13.15,13.4,131478.0,17533.08
2025-02-06 00:00:00+08:00,002693.XSHE,13.53,14.03,13.23,13.86,194775.5,26781.99
2025-02-07 00:00:00+08:00,002693.XSHE,13.86,14.48,13.8,14.2,223245.0,31561.77
2025-02-10 00:00:00+08:00,002693.XSHE,14.4,15.62,14.4,15.62,356766.6,53670.21
2025-02-11 00:00:00+08:00,002693.XSHE,16.3,16.49,15.2,15.28,614415.26,97272.27
2025-02-12 00:00:00+08:00,002693.XSHE,15.17,15.94,15.02,15.8,366557.77,57127.01
2025-02-13 00:00:00+08:00,002693.XSHE,15.82,17.38,15.26,17.38,555306.39,92277.93
2025-02-14 00:00:00+08:00,002693.XSHE,17.53,18.93,17.0,17.06,792674.14,141482.86
2025-02-17 00:00:00+08:00,002693.XSHE,16.76,17.5,16.6,16.66,440419.38,74374.16
2025-02-18 00:00:00+08:00,002693.XSHE,16.66,16.68,15.44,15.51,371086.4,58906.43
2025-02-19 00:00:00+08:00,002693.XSHE,15.5,15.73,15.28,15.67,221075.0,34479.32
2025-02-20 00:00:00+08:00,002693.XSHE,15.66,16.08,15.49,15.8,222136.0,35024.61
2025-02-21 00:00:00+08:00,002693.XSHE,15.69,15.69,15.15,15.38,279896.05,42984.83
2025-02-24 00:00:00+08:00,002693.XSHE,15.22,15.36,15.0,15.23,196252.14,29740.15
2025-02-25 00:00:00+08:00,002693.XSHE,15.08,16.63,15.04,15.9,436951.53,69134.5
2025-02-26 00:00:00+08:00,002693.XSHE,14.92,15.37,14.6,15.1,457190.67,68318.84
2025-02-27 00:00:00+08:00,002693.XSHE,14.82,14.82,14.1,14.35,339705.68,49047.13
2025-02-28 00:00:00+08:00,002693.XSHE,14.25,14.75,14.1,14.13,236981.15,34097.05
2025-03-03 00:00:00+08:00,002693.XSHE,13.85,14.19,13.46,13.9,217831.41,30266.2
2025-03-04 00:00:00+08:00,002693.XSHE,13.84,14.14,13.73,13.99,134583.1,18705.61
2025-03-05 00:00:00+08:00,002693.XSHE,13.91,13.93,13.55,13.73,149080.0,20405.12
2025-03-06 00:00:00+08:00,002693.XSHE,13.79,14.05,13.65,13.99,173939.5,24095.64
2025-03-07 00:00:00+08:00,002693.XSHE,13.98,13.98,13.5,13.53,174988.0,23930.7
2025-03-10 00:00:00+08:00,002693.XSHE,13.41,13.85,13.38,13.81,151159.1,20645.33
2025-03-11 00:00:00+08:00,002693.XSHE,12.43,12.43,12.43,12.43,84049.0,10447.29
2025-03-12 00:00:00+08:00,002693.XSHE,11.19,11.19,11.19,11.19,109490.0,12251.93
2025-03-13 00:00:00+08:00,002693.XSHE,11.0,12.04,11.0,11.99,863837.69,99768.0
2025-03-14 00:00:00+08:00,002693.XSHE,10.99,11.79,10.79,11.29,640790.67,70948.75
2025-03-17 00:00:00+08:00,002693.XSHE,11.06,12.2,10.84,11.59,667006.16,76672.77
2025-03-18 00:00:00+08:00,002693.XSHE,11.56,11.89,11.2,11.28,435250.46,49509.41
2025-03-19 00:00:00+08:00,002693.XSHE,11.26,11.28,10.75,10.79,386785.0,42185.56
2025-03-20 00:00:00+08:00,002693.XSHE,10.69,10.69,10.34,10.39,325459.0,33971.19
2025-03-21 00:00:00+08:00,002693.XSHE,10.35,10.35,9.98,10.02,238050.27,24065.17
2025-03-24 00:00:00+08:00,002693.XSHE,10.01,10.02,9.17,9.4,339903.43,32201.27
2025-03-25 00:00:00+08:00,002693.XSHE,9.42,9.59,9.27,9.43,203378.99,19186.95
2025-03-26 00:00:00+08:00,002693.XSHE,9.3,9.4,9.24,9.28,152456.0,14183.17
2025-03-27 00:00:00+08:00,002693.XSHE,9.28,9.29,9.0,9.15,163221.0,14865.11
2025-03-28 00:00:00+08:00,002693.XSHE,9.15,9.69,9.03,9.29,307328.0,28884.25
2025-03-31 00:00:00+08:00,002693.XSHE,9.01,9.01,8.36,8.58,378427.42,32324.14
2025-04-01 00:00:00+08:00,002693.XSHE,8.49,8.91,8.49,8.68,220360.05,19191.41
2025-04-02 00:00:00+08:00,002693.XSHE,8.8,8.81,8.58,8.59,161779.26,13994.67
2025-04-03 00:00:00+08:00,002693.XSHE,8.45,8.71,8.41,8.5,108624.0,9304.31
2025-04-07 00:00:00+08:00,002693.XSHE,8.05,8.05,7.65,7.65,73503.0,5681.37
2025-04-08 00:00:00+08:00,002693.XSHE,7.11,7.47,6.89,7.01,291051.94,20488.01
2025-04-09 00:00:00+08:00,002693.XSHE,6.9,7.32,6.32,7.21,292083.17,19938.05
2025-04-10 00:00:00+08:00,002693.XSHE,7.28,7.93,7.22,7.93,193256.0,14849.92
2025-04-11 00:00:00+08:00,002693.XSHE,8.17,8.67,8.03,8.39,512210.87,42946.94
2025-04-14 00:00:00+08:00,002693.XSHE,8.53,9.23,8.29,9.23,509795.01,44941.61
2025-04-15 00:00:00+08:00,002693.XSHE,9.14,10.15,9.07,10.15,721318.61,70424.15
2025-04-16 00:00:00+08:00,002693.XSHE,10.32,11.17,10.32,11.17,552642.88,60435.62
2025-04-17 00:00:00+08:00,002693.XSHE,11.58,12.29,11.58,12.29,344926.88,41630.39
2025-04-18 00:00:00+08:00,002693.XSHE,13.49,13.52,12.29,13.12,1082573.48,141770.81
2025-04-21 00:00:00+08:00,002693.XSHE,11.81,11.81,11.81,11.81,98388.0,11619.62
2025-04-22 00:00:00+08:00,002693.XSHE,10.63,10.63,10.63,10.63,46843.0,4979.41
2025-04-23 00:00:00+08:00,002693.XSHE,9.57,9.57,9.57,9.57,118543.0,11344.57
2025-04-24 00:00:00+08:00,002693.XSHE,8.61,10.53,8.61,10.53,962808.67,93606.5
2025-04-25 00:00:00+08:00,002693.XSHE,9.48,10.15,9.48,9.48,776737.89,75085.91
2025-04-28 00:00:00+08:00,002693.XSHE,8.53,9.48,8.53,8.53,495579.0,42749.4
2025-04-29 00:00:00+08:00,002693.XSHE,0.0,0.0,0.0,0.0,0.0,0.0
2025-04-30 00:00:00+08:00,002693.XSHE,8.1,8.1,8.1,8.1,3705.0,300.1
2025-05-06 00:00:00+08:00,002693.XSHE,7.7,7.7,7.7,7.7,4336.0,333.87
2025-05-07 00:00:00+08:00,002693.XSHE,7.32,7.32,7.32,7.32,10090.0,738.59
2025-05-08 00:00:00+08:00,002693.XSHE,6.95,7.61,6.95,7.28,844155.79,60007.41
2025-05-09 00:00:00+08:00,002693.XSHE,6.93,7.1,6.92,6.93,644896.2,44767.79
2025-05-12 00:00:00+08:00,002693.XSHE,7.06,7.28,6.75,7.26,574292.23,40924.67
2025-05-13 00:00:00+08:00,002693.XSHE,7.12,7.23,6.9,6.9,494808.54,34772.13
2025-05-14 00:00:00+08:00,002693.XSHE,6.83,6.86,6.56,6.56,363834.0,24104.1
2025-05-15 00:00:00+08:00,002693.XSHE,6.89,6.89,6.89,6.89,94494.0,6510.64
2025-05-16 00:00:00+08:00,002693.XSHE,7.22,7.22,6.9,7.06,468729.79,33403.33
2025-05-19 00:00:00+08:00,002693.XSHE,7.41,7.41,7.41,7.41,35242.0,2611.43
2025-05-20 00:00:00+08:00,002693.XSHE,7.78,7.78,7.78,7.78,16523.0,1285.49
2025-05-21 00:00:00+08:00,002693.XSHE,8.17,8.17,8.12,8.17,270627.41,22106.51
2025-05-22 00:00:00+08:00,002693.XSHE,8.5,8.58,8.22,8.58,639604.43,54587.02
2025-05-23 00:00:00+08:00,002693.XSHE,8.5,8.55,8.15,8.15,509997.27,42412.34
2025-05-26 00:00:00+08:00,002693.XSHE,8.3,8.56,8.29,8.56,169495.0,14369.42
2025-05-27 00:00:00+08:00,002693.XSHE,8.88,8.99,8.75,8.99,101361.0,9029.69
2025-05-28 00:00:00+08:00,002693.XSHE,9.44,9.44,8.61,9.05,518929.68,47152.79
2025-05-29 00:00:00+08:00,002693.XSHE,8.95,9.45,8.6,8.71,441361.29,39301.22
2025-05-30 00:00:00+08:00,002693.XSHE,8.6,8.76,8.38,8.45,261551.52,22432.22
2025-06-03 00:00:00+08:00,002693.XSHE,8.46,8.54,8.06,8.19,269691.66,22215.91
2025-06-04 00:00:00+08:00,002693.XSHE,8.4,8.6,8.39,8.52,378365.66,32253.01
2025-06-05 00:00:00+08:00,002693.XSHE,8.36,8.36,8.09,8.12,315122.21,25801.22
2025-06-06 00:00:00+08:00,002693.XSHE,8.09,8.32,8.03,8.22,195269.38,15986.32
2025-06-09 00:00:00+08:00,002693.XSHE,8.15,8.5,8.15,8.39,182611.87,15277.09
2025-06-10 00:00:00+08:00,002693.XSHE,8.47,8.75,8.23,8.28,234712.51,19880.97
2025-06-11 00:00:00+08:00,002693.XSHE,8.21,8.32,8.02,8.09,213569.0,17346.74
2025-06-12 00:00:00+08:00,002693.XSHE,8.06,8.1,7.8,7.85,191022.0,15147.57
2025-06-13 00:00:00+08:00,002693.XSHE,7.74,7.8,7.46,7.48,205592.0,15492.31
2025-06-16 00:00:00+08:00,002693.XSHE,7.44,7.74,7.38,7.6,153184.0,11597.58
2025-06-17 00:00:00+08:00,002693.XSHE,7.57,7.58,7.34,7.41,144413.5,10738.99
2025-06-18 00:00:00+08:00,002693.XSHE,7.42,7.6,7.3,7.43,130452.5,9743.9
2025-06-19 00:00:00+08:00,002693.XSHE,7.31,7.58,7.29,7.32,142830.0,10607.39
2025-06-20 00:00:00+08:00,002693.XSHE,7.3,7.38,7.08,7.09,125230.34,9005.54
2025-06-23 00:00:00+08:00,002693.XSHE,6.99,7.38,6.97,7.37,133154.0,9665.23
2025-06-24 00:00:00+08:00,002693.XSHE,7.36,7.46,7.31,7.38,115659.0,8543.03
2025-06-25 00:00:00+08:00,002693.XSHE,7.35,7.52,7.31,7.34,125413.34,9244.83
2025-06-26 00:00:00+08:00,002693.XSHE,7.31,7.55,7.23,7.44,155928.38,11549.03
2025-06-27 00:00:00+08:00,002693.XSHE,7.44,7.44,7.24,7.27,139036.38,10165.06
2025-06-30 00:00:00+08:00,002693.XSHE,7.29,7.37,7.25,7.36,107335.0,7866.41
2025-07-01 00:00:00+08:00,002693.XSHE,7.36,7.59,7.31,7.52,169451.0,12637.01
2025-07-02 00:00:00+08:00,002693.XSHE,7.47,7.48,7.33,7.36,123095.0,9079.63
2025-07-03 00:00:00+08:00,002693.XSHE,7.4,7.73,7.39,7.73,124978.0,9484.51
2025-07-04 00:00:00+08:00,002693.XSHE,7.91,8.1,7.64,7.73,270817.0,21333.21
2025-07-07 00:00:00+08:00,002693.XSHE,7.78,7.78,7.38,7.41,188127.0,14134.7
2025-07-08 00:00:00+08:00,002693.XSHE,7.37,7.45,7.35,7.42,115353.0,8541.08
2025-07-09 00:00:00+08:00,002693.XSHE,7.38,7.47,7.33,7.37,111866.5,8259.13
2025-07-10 00:00:00+08:00,002693.XSHE,7.37,7.67,7.35,7.61,186600.5,14032.69
2025-07-11 00:00:00+08:00,002693.XSHE,7.59,7.98,7.54,7.76,203643.0,15866.26
2025-07-14 00:00:00+08:00,002693.XSHE,7.75,7.88,7.52,7.86,175058.0,13460.34
2025-07-15 00:00:00+08:00,002693.XSHE,7.6,7.64,7.47,7.47,245055.0,18388.93
2025-07-16 00:00:00+08:00,002693.XSHE,7.42,7.59,7.4,7.58,112894.0,8484.01
2025-07-17 00:00:00+08:00,002693.XSHE,7.57,7.63,7.5,7.61,102870.0,7784.17
2025-07-18 00:00:00+08:00,002693.XSHE,7.59,7.77,7.49,7.7,145013.0,11029.37
2025-07-21 00:00:00+08:00,002693.XSHE,7.64,7.86,7.63,7.73,125472.5,9730.13
2025-07-22 00:00:00+08:00,002693.XSHE,7.68,7.85,7.67,7.8,121732.0,9464.39
2025-07-23 00:00:00+08:00,002693.XSHE,7.8,7.82,7.55,7.56,127685.0,9778.21
2025-07-24 00:00:00+08:00,002693.XSHE,7.54,7.94,7.53,7.94,325040.5,25571.48
2025-07-25 00:00:00+08:00,002693.XSHE,7.78,7.78,7.63,7.71,225332.5,17353.31
2025-07-28 00:00:00+08:00,002693.XSHE,7.65,7.86,7.65,7.83,142399.0,11088.22
2025-07-29 00:00:00+08:00,002693.XSHE,7.8,8.08,7.76,8.0,149646.0,11916.15
2025-07-30 00:00:00+08:00,002693.XSHE,7.93,8.23,7.84,7.95,182634.0,14678.59
2025-07-31 00:00:00+08:00,002693.XSHE,7.96,8.35,7.96,8.3,294022.0,24373.44
2025-08-01 00:00:00+08:00,002693.XSHE,8.25,8.72,8.12,8.72,244166.0,20687.73
2025-08-04 00:00:00+08:00,002693.XSHE,9.16,9.16,8.96,9.16,96549.52,8822.45
2025-08-05 00:00:00+08:00,002693.XSHE,9.33,9.52,8.73,8.76,459228.52,41469.35
2025-08-06 00:00:00+08:00,002693.XSHE,8.93,8.98,8.36,8.4,319003.0,27284.62
2025-08-07 00:00:00+08:00,002693.XSHE,8.38,8.53,8.34,8.39,190554.52,16057.44
2025-08-08 00:00:00+08:00,002693.XSHE,8.35,8.36,8.11,8.2,174164.52,14303.9
2025-08-11 00:00:00+08:00,002693.XSHE,8.17,8.24,8.06,8.17,134428.25,10957.01
2025-08-12 00:00:00+08:00,002693.XSHE,8.22,8.47,8.19,8.27,160106.52,13266.15
2025-08-13 00:00:00+08:00,002693.XSHE,8.29,8.32,8.1,8.18,146250.52,11944.79
2025-08-14 00:00:00+08:00,002693.XSHE,8.18,8.2,8.0,8.03,121342.0,9803.94
2025-08-15 00:00:00+08:00,002693.XSHE,8.0,8.17,7.98,8.14,88094.0,7134.23
2025-08-18 00:00:00+08:00,002693.XSHE,8.1,8.22,8.09,8.12,127726.0,10389.88
2025-08-19 00:00:00+08:00,002693.XSHE,8.14,8.43,8.08,8.35,179178.77,14874.77
2025-08-20 00:00:00+08:00,002693.XSHE,8.29,8.3,8.16,8.28,122076.0,10059.03
2025-08-21 00:00:00+08:00,002693.XSHE,8.28,8.45,8.23,8.3,118836.25,9896.08
2025-08-22 00:00:00+08:00,002693.XSHE,8.32,8.32,8.17,8.2,118682.0,9742.27
2025-08-25 00:00:00+08:00,002693.XSHE,8.17,8.18,8.1,8.18,103330.0,8414.35
2025-08-26 00:00:00+08:00,002693.XSHE,8.14,8.15,8.08,8.1,95222.0,7726.65
2025-08-27 00:00:00+08:00,002693.XSHE,8.05,8.14,7.89,7.9,114648.0,9217.0
2025-08-28 00:00:00+08:00,002693.XSHE,7.83,7.96,7.58,7.76,126044.0,9804.71
2025-08-29 00:00:00+08:00,002693.XSHE,7.7,7.83,7.66,7.78,68507.62,5309.82
2025-09-01 00:00:00+08:00,002693.XSHE,7.81,8.06,7.71,8.0,100449.14,7927.85
2025-09-02 00:00:00+08:00,002693.XSHE,8.0,8.1,7.85,7.93,84539.62,6719.7
2025-09-03 00:00:00+08:00,002693.XSHE,7.9,7.96,7.68,7.69,72595.62,5659.43
2025-09-04 00:00:00+08:00,002693.XSHE,7.66,7.78,7.5,7.56,73503.62,5634.88
2025-09-05 00:00:00+08:00,002693.XSHE,7.54,7.62,7.41,7.61,70511.0,5321.5
2025-09-08 00:00:00+08:00,002693.XSHE,7.62,7.75,7.57,7.7,70985.0,5424.14
2025-09-09 00:00:00+08:00,002693.XSHE,7.68,7.69,7.51,7.53,83321.0,6316.85
2025-09-10 00:00:00+08:00,002693.XSHE,7.51,7.84,7.5,7.72,84321.61,6461.13
2025-09-11 00:00:00+08:00,002693.XSHE,7.68,7.7,7.59,7.7,58982.92,4512.23
2025-09-12 00:00:00+08:00,002693.XSHE,7.7,7.94,7.67,7.8,83516.0,6528.43
2025-09-15 00:00:00+08:00,002693.XSHE,7.8,7.98,7.74,7.95,88453.92,6993.46
2025-09-16 00:00:00+08:00,002693.XSHE,7.93,7.95,7.83,7.87,61376.01,4836.86
2025-09-17 00:00:00+08:00,002693.XSHE,7.84,7.87,7.7,7.72,83988.95,6517.85
2025-09-18 00:00:00+08:00,002693.XSHE,7.7,7.76,7.58,7.61,71642.0,5498.62
2025-09-19 00:00:00+08:00,002693.XSHE,7.6,7.75,7.53,7.58,73922.0,5619.25
2025-09-22 00:00:00+08:00,002693.XSHE,7.58,7.63,7.44,7.46,62270.52,4660.72
2025-09-23 00:00:00+08:00,002693.XSHE,7.46,7.46,7.09,7.1,114813.02,8200.77
2025-09-24 00:00:00+08:00,002693.XSHE,7.03,7.18,7.02,7.15,59809.0,4254.64
2025-09-25 00:00:00+08:00,002693.XSHE,7.12,7.18,7.09,7.11,46429.0,3309.16
2025-09-26 00:00:00+08:00,002693.XSHE,7.1,7.47,7.05,7.47,153746.0,11353.0
2025-09-29 00:00:00+08:00,002693.XSHE,7.35,7.76,7.25,7.56,160746.01,12052.07
2025-09-30 00:00:00+08:00,002693.XSHE,7.53,7.82,7.53,7.7,84405.0,6492.96
2025-10-09 00:00:00+08:00,002693.XSHE,7.64,7.78,7.5,7.68,89015.0,6792.38
2025-10-10 00:00:00+08:00,002693.XSHE,7.66,7.79,7.53,7.72,68817.01,5277.54
2025-10-13 00:00:00+08:00,002693.XSHE,7.57,7.65,7.43,7.6,62361.0,4708.36
2025-10-14 00:00:00+08:00,002693.XSHE,7.78,7.86,7.57,7.58,58726.0,4519.95
2025-10-15 00:00:00+08:00,002693.XSHE,7.55,7.59,7.45,7.55,49338.0,3709.31
2025-10-16 00:00:00+08:00,002693.XSHE,7.53,7.57,7.45,7.47,32171.0,2411.82
2025-10-17 00:00:00+08:00,002693.XSHE,7.49,7.5,7.35,7.35,39778.0,2950.54
2025-10-20 00:00:00+08:00,002693.XSHE,7.35,7.58,7.35,7.48,38862.01,2903.33
2025-10-21 00:00:00+08:00,002693.XSHE,7.45,7.54,7.43,7.51,40041.0,2993.16
2025-10-22 00:00:00+08:00,002693.XSHE,7.52,7.63,7.47,7.55,45747.0,3458.13
2025-10-23 00:00:00+08:00,002693.XSHE,7.58,7.66,7.51,7.66,53227.0,4035.18
2025-10-24 00:00:00+08:00,002693.XSHE,7.69,8.04,7.66,8.04,148752.01,11747.98
2025-10-27 00:00:00+08:00,002693.XSHE,8.2,8.36,8.01,8.17,222949.0,18200.47
2025-10-28 00:00:00+08:00,002693.XSHE,8.2,8.55,7.76,7.81,274862.0,22376.35
2025-10-29 00:00:00+08:00,002693.XSHE,7.74,7.86,7.58,7.77,146043.0,11258.11
2025-10-30 00:00:00+08:00,002693.XSHE,8.16,8.16,8.16,8.16,32703.0,2668.56
2025-10-31 00:00:00+08:00,002693.XSHE,8.2,8.47,8.16,8.32,281075.76,23344.8
2025-11-03 00:00:00+08:00,002693.XSHE,8.3,8.53,8.08,8.45,188431.52,15705.58
2025-11-04 00:00:00+08:00,002693.XSHE,8.45,8.65,8.2,8.21,160632.0,13480.27
2025-11-05 00:00:00+08:00,002693.XSHE,8.1,8.43,8.09,8.37,131779.0,10954.62
2025-11-06 00:00:00+08:00,002693.XSHE,8.36,8.38,8.18,8.2,95869.0,7917.98
2025-11-07 00:00:00+08:00,002693.XSHE,8.29,8.35,8.15,8.16,68374.0,5613.49
2025-11-10 00:00:00+08:00,002693.XSHE,8.12,8.19,8.02,8.14,77264.0,6268.79
2025-11-11 00:00:00+08:00,002693.XSHE,8.17,8.29,8.12,8.17,64759.87,5313.31
2025-11-12 00:00:00+08:00,002693.XSHE,8.15,8.17,7.93,8.0,87323.01,7023.03
2025-11-13 00:00:00+08:00,002693.XSHE,8.05,8.05,7.92,8.04,70664.52,5645.34
2025-11-14 00:00:00+08:00,002693.XSHE,7.98,8.25,7.96,8.15,86208.02,7032.57
2025-11-17 00:00:00+08:00,002693.XSHE,8.15,8.22,7.99,8.06,76470.0,6180.87
2025-11-18 00:00:00+08:00,002693.XSHE,8.18,8.46,8.17,8.46,270363.52,22778.15
2025-11-19 00:00:00+08:00,002693.XSHE,8.38,8.38,8.04,8.04,214927.01,17505.74
2025-11-20 00:00:00+08:00,002693.XSHE,7.99,8.03,7.67,7.8,142493.0,11182.67
2025-11-21 00:00:00+08:00,002693.XSHE,7.74,7.83,7.41,7.42,125255.38,9430.62
2025-11-24 00:00:00+08:00,002693.XSHE,7.35,7.48,7.32,7.42,78707.0,5816.82
2025-11-25 00:00:00+08:00,002693.XSHE,7.4,7.65,7.36,7.51,97478.0,7308.75
2025-11-26 00:00:00+08:00,002693.XSHE,7.16,7.42,7.16,7.28,136701.01,9936.38
2025-11-27 00:00:00+08:00,002693.XSHE,7.28,7.31,7.09,7.17,88640.02,6370.1
2025-11-28 00:00:00+08:00,002693.XSHE,7.18,7.29,7.13,7.28,66901.0,4822.55
2025-12-01 00:00:00+08:00,002693.XSHE,7.27,7.32,7.2,7.21,77188.0,5585.64
2025-12-02 00:00:00+08:00,002693.XSHE,7.2,7.27,7.05,7.13,78108.01,5574.42
2025-12-03 00:00:00+08:00,002693.XSHE,7.1,7.19,7.08,7.13,68151.0,4857.99
2025-12-04 00:00:00+08:00,002693.XSHE,7.11,7.13,7.04,7.06,48526.0,3431.7
2025-12-05 00:00:00+08:00,002693.XSHE,6.91,6.99,6.76,6.93,100482.0,6897.56
2025-12-08 00:00:00+08:00,002693.XSHE,6.91,6.96,6.87,6.9,60962.0,4218.21
2025-12-09 00:00:00+08:00,002693.XSHE,6.89,7.18,6.89,7.0,65224.0,4586.32
2025-12-10 00:00:00+08:00,002693.XSHE,7.25,7.35,7.12,7.19,149093.0,10794.38
2025-12-11 00:00:00+08:00,002693.XSHE,7.1,7.12,6.95,6.95,87873.38,6175.38
2025-12-12 00:00:00+08:00,002693.XSHE,6.9,6.93,6.81,6.88,55689.0,3826.85
2025-12-15 00:00:00+08:00,002693.XSHE,6.82,6.82,6.65,6.69,60549.0,4066.19
2025-12-16 00:00:00+08:00,002693.XSHE,6.68,6.73,6.48,6.52,60679.0,3984.04
2025-12-17 00:00:00+08:00,002693.XSHE,6.5,6.61,6.36,6.6,62817.0,4062.77
2025-12-18 00:00:00+08:00,002693.XSHE,6.59,6.79,6.55,6.58,48047.0,3208.79
2025-12-19 00:00:00+08:00,002693.XSHE,6.79,6.91,6.68,6.91,72318.0,4968.15
2025-12-22 00:00:00+08:00,002693.XSHE,7.13,7.26,7.08,7.26,116098.0,8374.71
2025-12-23 00:00:00+08:00,002693.XSHE,7.37,7.6,7.14,7.17,179028.38,13174.05
2025-12-24 00:00:00+08:00,002693.XSHE,7.04,7.38,7.04,7.16,91651.0,6609.3
2025-12-25 00:00:00+08:00,002693.XSHE,7.08,7.17,7.01,7.05,76965.01,5441.09
2025-01-02 00:00:00+08:00,002865.XSHE,50.9,53.48,50.03,52.15,95477.28,49417.67
2025-01-03 00:00:00+08:00,002865.XSHE,52.04,53.29,50.1,50.45,71711.39,36698.71
2025-01-06 00:00:00+08:00,002865.XSHE,50.6,55.0,50.28,52.69,120981.4,63972.92
2025-01-07 00:00:00+08:00,002865.XSHE,52.67,52.88,50.88,52.43,78523.4,40704.04
2025-01-08 00:00:00+08:00,002865.XSHE,51.8,53.76,51.36,53.24,101745.39,53733.47
2025-01-09 00:00:00+08:00,002865.XSHE,53.49,56.64,53.27,54.6,106988.35,58446.04
2025-01-10 00:00:00+08:00,002865.XSHE,54.05,54.72,50.76,50.85,90580.09,47355.16
2025-01-13 00:00:00+08:00,002865.XSHE,49.5,50.62,48.95,49.91,64710.0,32240.18
2025-01-14 00:00:00+08:00,002865.XSHE,50.02,52.4,49.96,52.31,83019.34,42796.07
2025-01-15 00:00:00+08:00,002865.XSHE,52.0,57.54,51.46,55.75,197014.91,108803.78
2025-01-16 00:00:00+08:00,002865.XSHE,54.92,56.43,54.6,55.91,131040.94,72684.2
2025-01-17 00:00:00+08:00,002865.XSHE,55.9,57.18,54.68,55.98,80846.78,45034.78
2025-01-20 00:00:00+08:00,002865.XSHE,56.27,57.33,55.35,55.8,75272.18,42286.11
2025-01-21 00:00:00+08:00,002865.XSHE,55.94,56.36,53.07,54.4,82459.19,44510.5
2025-01-22 00:00:00+08:00,002865.XSHE,53.7,53.8,51.7,51.95,71794.37,37700.34
2025-01-23 00:00:00+08:00,002865.XSHE,52.49,54.47,51.72,52.88,109740.55,58345.47
2025-01-24 00:00:00+08:00,002865.XSHE,52.36,58.17,52.27,58.17,191133.17,109334.18
2025-01-27 00:00:00+08:00,002865.XSHE,58.3,59.33,56.06,56.66,126764.56,73038.58
2025-02-05 00:00:00+08:00,002865.XSHE,57.01,59.59,55.13,57.29,137243.45,78803.87
2025-02-06 00:00:00+08:00,002865.XSHE,57.0,58.62,56.6,58.51,110529.51,63834.82
2025-02-07 00:00:00+08:00,002865.XSHE,59.69,64.36,59.59,64.36,115937.23,73617.53
2025-02-10 00:00:00+08:00,002865.XSHE,62.5,66.13,61.34,65.98,191154.97,123552.75
2025-02-11 00:00:00+08:00,002865.XSHE,65.9,65.92,59.6,60.27,190374.89,116976.7
2025-02-12 00:00:00+08:00,002865.XSHE,59.78,60.25,58.77,59.48,125848.38,74814.53
2025-02-13 00:00:00+08:00,002865.XSHE,59.3,60.36,57.83,58.21,116563.95,68645.16
2025-02-14 00:00:00+08:00,002865.XSHE,57.6,59.99,57.6,59.13,107754.3,63906.37
2025-02-17 00:00:00+08:00,002865.XSHE,58.2,60.38,58.12,59.75,111282.33,66028.04
2025-02-18 00:00:00+08:00,002865.XSHE,59.61,60.84,56.32,56.43,121734.69,71579.98
2025-02-19 00:00:00+08:00,002865.XSHE,55.8,58.13,55.41,57.5,99617.75,56759.78
2025-02-20 00:00:00+08:00,002865.XSHE,57.0,57.58,55.79,57.11,88084.89,49871.32
2025-02-21 00:00:00+08:00,002865.XSHE,57.2,57.35,56.0,57.15,101638.2,57577.31
2025-02-24 00:00:00+08:00,002865.XSHE,56.76,58.86,56.52,58.86,115526.13,67115.53
2025-02-25 00:00:00+08:00,002865.XSHE,57.91,61.62,57.71,60.11,142483.69,86149.24
2025-02-26 00:00:00+08:00,002865.XSHE,61.0,64.0,58.7,62.6,150564.03,91809.13
2025-02-27 00:00:00+08:00,002865.XSHE,62.0,62.19,59.76,60.73,97896.77,59433.82
2025-02-28 00:00:00+08:00,002865.XSHE,60.66,63.3,58.56,60.08,111251.09,68438.78
2025-03-03 00:00:00+08:00,002865.XSHE,58.98,61.75,58.66,59.62,92256.42,55797.62
2025-03-04 00:00:00+08:00,002865.XSHE,58.9,59.0,56.28,57.66,81045.45,46683.83
2025-03-05 00:00:00+08:00,002865.XSHE,57.67,58.0,55.61,56.66,54966.73,30994.81
2025-03-06 00:00:00+08:00,002865.XSHE,56.99,57.95,56.2,57.62,79401.47,45320.47
2025-03-07 00:00:00+08:00,002865.XSHE,57.0,58.4,55.5,57.18,93026.88,52810.93
2025-03-10 00:00:00+08:00,002865.XSHE,56.99,58.99,56.81,58.36,78967.49,45946.4
2025-03-11 00:00:00+08:00,002865.XSHE,57.34,58.68,56.6,58.62,68111.18,39158.01
2025-03-12 00:00:00+08:00,002865.XSHE,59.0,59.8,57.76,58.86,74370.64,43886.13
2025-03-13 00:00:00+08:00,002865.XSHE,58.64,59.6,57.21,57.9,62343.13,36461.69
2025-03-14 00:00:00+08:00,002865.XSHE,57.5,62.29,57.5,59.8,140269.16,84615.64
2025-03-17 00:00:00+08:00,002865.XSHE,59.84,61.5,58.2,58.65,100858.02,59863.85
2025-03-18 00:00:00+08:00,002865.XSHE,58.63,59.29,57.8,58.91,60238.73,35247.88
2025-03-19 00:00:00+08:00,002865.XSHE,58.99,58.99,57.12,57.46,82194.66,47347.24
2025-03-20 00:00:00+08:00,002865.XSHE,57.78,57.79,56.5,56.56,48214.56,27552.84
2025-03-21 00:00:00+08:00,002865.XSHE,56.3,57.08,56.0,56.71,41874.7,23674.16
2025-03-24 00:00:00+08:00,002865.XSHE,56.6,57.7,55.05,57.64,53864.62,30545.61
2025-03-25 00:00:00+08:00,002865.XSHE,57.5,59.83,57.04,58.68,97419.49,57401.56
2025-03-26 00:00:00+08:00,002865.XSHE,58.06,59.88,57.54,58.55,85513.4,50274.66
2025-03-27 00:00:00+08:00,002865.XSHE,57.89,57.89,56.01,56.36,55678.16,31645.01
2025-03-28 00:00:00+08:00,002865.XSHE,56.35,57.28,55.76,55.86,31726.86,17853.36
2025-03-31 00:00:00+08:00,002865.XSHE,55.0,55.49,50.27,50.27,111327.47,57590.38
2025-04-01 00:00:00+08:00,002865.XSHE,49.77,49.86,45.58,46.19,195789.05,92338.52
2025-04-02 00:00:00+08:00,002865.XSHE,46.2,46.49,45.1,45.72,74980.76,34340.41
2025-04-03 00:00:00+08:00,002865.XSHE,45.0,45.78,44.37,44.76,65495.04,29441.35
2025-04-07 00:00:00+08:00,002865.XSHE,41.28,42.0,40.28,40.28,31295.4,12733.89
2025-04-08 00:00:00+08:00,002865.XSHE,39.0,40.25,36.85,38.31,122499.81,46650.33
2025-04-09 00:00:00+08:00,002865.XSHE,37.26,38.45,35.0,38.11,116904.66,43180.82
2025-04-10 00:00:00+08:00,002865.XSHE,39.42,40.42,39.18,39.34,94398.42,37548.37
2025-04-11 00:00:00+08:00,002865.XSHE,39.0,40.37,38.9,39.74,76441.26,30398.28
2025-04-14 00:00:00+08:00,002865.XSHE,40.61,41.25,40.26,40.46,75668.44,30800.34
2025-04-15 00:00:00+08:00,002865.XSHE,40.6,41.22,40.0,40.62,67784.69,27466.4
2025-04-16 00:00:00+08:00,002865.XSHE,40.44,40.49,39.0,39.73,59865.8,23754.85
2025-04-17 00:00:00+08:00,002865.XSHE,39.38,39.97,39.14,39.24,46292.8,18294.91
2025-04-18 00:00:00+08:00,002865.XSHE,39.49,39.49,38.62,39.01,36504.97,14196.08
2025-04-21 00:00:00+08:00,002865.XSHE,39.2,39.83,38.7,39.83,41721.0,16469.41
2025-04-22 00:00:00+08:00,002865.XSHE,40.17,42.2,39.85,40.86,118760.32,48768.75
2025-04-23 00:00:00+08:00,002865.XSHE,40.76,41.4,40.08,40.18,76181.19,30790.05
2025-04-24 00:00:00+08:00,002865.XSHE,40.08,40.22,39.15,39.98,52013.99,20625.24
2025-04-25 00:00:00+08:00,002865.XSHE,39.7,40.1,39.28,39.7,41446.4,16473.5
2025-04-28 00:00:00+08:00,002865.XSHE,39.73,40.38,39.36,39.7,49071.3,19551.6
2025-04-29 00:00:00+08:00,002865.XSHE,39.7,40.16,38.54,38.81,51654.57,20295.45
2025-04-30 00:00:00+08:00,002865.XSHE,38.74,40.3,38.68,39.87,77660.68,31018.66
2025-05-06 00:00:00+08:00,002865.XSHE,39.75,41.6,39.7,41.18,79476.14,32316.16
2025-05-07 00:00:00+08:00,002865.XSHE,41.78,42.1,40.7,41.1,62205.57,25665.82
2025-05-08 00:00:00+08:00,002865.XSHE,41.0,42.17,40.66,42.09,80801.01,33776.94
2025-05-09 00:00:00+08:00,002865.XSHE,41.92,41.94,40.34,40.4,69228.69,28232.47
2025-05-12 00:00:00+08:00,002865.XSHE,40.95,41.79,40.95,41.55,77103.48,31859.84
2025-05-13 00:00:00+08:00,002865.XSHE,42.14,45.55,41.96,43.53,208134.47,91511.58
2025-05-14 00:00:00+08:00,002865.XSHE,43.0,43.04,41.55,41.92,138028.86,58037.96
2025-05-15 00:00:00+08:00,002865.XSHE,41.66,41.73,40.47,40.58,68350.08,27919.65
2025-05-16 00:00:00+08:00,002865.XSHE,40.47,40.9,40.06,40.55,43167.43,17543.76
2025-05-19 00:00:00+08:00,002865.XSHE,40.62,40.83,39.76,40.77,41144.42,16583.03
2025-05-20 00:00:00+08:00,002865.XSHE,40.63,40.91,40.32,40.77,41377.68,16845.96
2025-05-21 00:00:00+08:00,002865.XSHE,40.78,41.16,40.53,40.99,47424.59,19364.7
2025-05-22 00:00:00+08:00,002865.XSHE,40.61,40.8,39.9,39.95,45608.44,18359.77
2025-05-23 00:00:00+08:00,002865.XSHE,39.4,40.4,39.11,39.17,47486.42,18845.53
2025-05-26 00:00:00+08:00,002865.XSHE,39.4,39.61,39.0,39.16,35277.13,13847.12
2025-05-27 00:00:00+08:00,002865.XSHE,39.16,40.17,38.34,39.66,66481.4,25974.33
2025-05-28 00:00:00+08:00,002865.XSHE,39.33,39.58,38.51,38.63,41884.27,16298.77
2025-05-29 00:00:00+08:00,002865.XSHE,38.87,38.99,38.65,38.94,30741.39,11952.67
2025-05-30 00:00:00+08:00,002865.XSHE,38.83,38.83,37.9,37.93,43474.01,16600.47
2025-06-03 00:00:00+08:00,002865.XSHE,37.49,37.84,37.1,37.49,33962.99,12742.92
2025-06-04 00:00:00+08:00,002865.XSHE,37.71,38.39,37.55,38.08,39379.4,14964.36
2025-06-05 00:00:00+08:00,002865.XSHE,38.06,38.07,37.5,37.9,40485.93,15267.56
2025-06-06 00:00:00+08:00,002865.XSHE,38.01,38.36,37.76,37.81,36638.42,13937.18
2025-06-09 00:00:00+08:00,002865.XSHE,37.99,38.48,37.64,38.45,49752.38,19046.06
2025-06-10 00:00:00+08:00,002865.XSHE,38.5,38.73,36.7,37.34,78457.73,29549.73
2025-06-11 00:00:00+08:00,002865.XSHE,37.53,39.79,37.45,38.15,106751.12,41293.7
2025-06-12 00:00:00+08:00,002865.XSHE,37.86,38.0,37.3,37.45,63346.87,23763.05
2025-06-13 00:00:00+08:00,002865.XSHE,37.15,37.34,36.16,36.23,63571.18,23294.81
2025-06-16 00:00:00+08:00,002865.XSHE,35.95,36.8,35.76,36.6,37271.35,13609.71
2025-06-17 00:00:00+08:00,002865.XSHE,36.6,36.84,36.16,36.48,31219.38,11401.21
2025-06-18 00:00:00+08:00,002865.XSHE,36.4,36.89,36.16,36.19,41275.39,15038.81
2025-06-19 00:00:00+08:00,002865.XSHE,36.19,37.45,36.03,36.08,74410.2,27270.46
2025-06-20 00:00:00+08:00,002865.XSHE,36.4,37.78,36.08,36.35,80932.19,29779.28
2025-06-23 00:00:00+08:00,002865.XSHE,35.78,36.22,35.07,36.12,58110.47,20765.83
2025-06-24 00:00:00+08:00,002865.XSHE,36.19,37.24,36.19,37.22,82196.07,30297.79
2025-06-25 00:00:00+08:00,002865.XSHE,37.29,37.58,36.85,37.51,65074.71,24245.24
2025-06-26 00:00:00+08:00,002865.XSHE,37.52,37.79,36.89,36.93,60116.51,22448.48
2025-06-27 00:00:00+08:00,002865.XSHE,37.27,38.2,37.03,37.39,78551.97,29605.02
2025-06-30 00:00:00+08:00,002865.XSHE,38.41,39.38,37.88,39.0,131160.79,50773.23
2025-07-01 00:00:00+08:00,002865.XSHE,38.7,38.74,37.9,38.34,81877.83,31278.66
2025-07-02 00:00:00+08:00,002865.XSHE,38.73,40.85,38.4,40.23,196427.16,77824.0
2025-07-03 00:00:00+08:00,002865.XSHE,40.0,40.17,39.16,39.5,125085.55,49379.71
2025-07-04 00:00:00+08:00,002865.XSHE,40.02,40.22,38.68,39.18,90228.63,35353.51
2025-07-07 00:00:00+08:00,002865.XSHE,38.8,39.3,38.65,38.81,46674.61,18166.17
2025-07-08 00:00:00+08:00,002865.XSHE,38.79,42.69,38.7,42.69,230490.53,95299.68
2025-07-09 00:00:00+08:00,002865.XSHE,42.74,44.15,42.69,43.28,263783.01,114204.68
2025-07-10 00:00:00+08:00,002865.XSHE,43.3,45.56,43.0,44.98,257682.69,115174.05
2025-07-11 00:00:00+08:00,002865.XSHE,45.1,46.48,43.85,44.03,200796.28,89641.07
2025-07-14 00:00:00+08:00,002865.XSHE,43.32,44.6,43.18,43.62,114713.92,50108.07
2025-07-15 00:00:00+08:00,002865.XSHE,42.6,43.58,42.13,42.75,119127.1,50933.71
2025-07-16 00:00:00+08:00,002865.XSHE,42.43,43.22,42.15,43.14,93556.0,40018.16
2025-07-17 00:00:00+08:00,002865.XSHE,44.53,45.96,44.0,44.01,204355.38,91540.31
2025-07-18 00:00:00+08:00,002865.XSHE,43.86,44.58,42.58,42.76,123238.62,53276.59
2025-07-21 00:00:00+08:00,002865.XSHE,42.62,45.0,42.46,44.49,136559.36,59995.7
2025-07-22 00:00:00+08:00,002865.XSHE,44.35,46.32,43.73,45.91,176622.08,79671.33
2025-07-23 00:00:00+08:00,002865.XSHE,45.71,46.51,44.5,44.59,149070.81,67819.72
2025-07-24 00:00:00+08:00,002865.XSHE,44.01,48.0,43.77,47.47,229328.22,106606.16
2025-07-25 00:00:00+08:00,002865.XSHE,47.25,47.25,45.8,45.87,151383.59,69775.56
2025-07-28 00:00:00+08:00,002865.XSHE,45.26,45.87,44.7,45.7,76800.88,34876.07
2025-07-29 00:00:00+08:00,002865.XSHE,45.9,46.71,45.79,46.18,90280.24,41746.17
2025-07-30 00:00:00+08:00,002865.XSHE,45.8,46.33,45.0,45.16,74662.89,34081.27
2025-07-31 00:00:00+08:00,002865.XSHE,44.8,45.09,42.97,43.21,111875.32,49180.47
2025-08-01 00:00:00+08:00,002865.XSHE,43.21,44.74,42.76,43.38,82297.31,36177.93
2025-08-04 00:00:00+08:00,002865.XSHE,43.0,43.43,42.5,43.42,57148.74,24487.69
2025-08-05 00:00:00+08:00,002865.XSHE,43.48,43.75,43.0,43.55,54110.71,23418.25
2025-08-06 00:00:00+08:00,002865.XSHE,43.68,43.8,42.85,43.2,57132.61,24646.17
2025-08-07 00:00:00+08:00,002865.XSHE,43.38,43.4,42.47,42.6,57250.16,24513.42
2025-08-08 00:00:00+08:00,002865.XSHE,42.64,43.3,42.4,42.65,58072.94,24911.62
2025-08-11 00:00:00+08:00,002865.XSHE,42.75,43.61,42.53,43.61,66040.22,28502.06
2025-08-12 00:00:00+08:00,002865.XSHE,43.61,43.64,42.76,43.26,53545.24,23072.67
2025-08-13 00:00:00+08:00,002865.XSHE,43.27,44.33,42.92,43.89,88958.34,38885.04
2025-08-14 00:00:00+08:00,002865.XSHE,43.89,43.92,42.1,42.4,83668.99,35957.32
2025-08-15 00:00:00+08:00,002865.XSHE,42.18,44.8,42.17,44.4,136723.05,59933.48
2025-08-18 00:00:00+08:00,002865.XSHE,45.2,45.38,44.58,45.29,109973.36,49460.19
2025-08-19 00:00:00+08:00,002865.XSHE,44.98,49.79,44.8,47.86,221706.72,105064.47
2025-08-20 00:00:00+08:00,002865.XSHE,48.01,49.45,47.01,47.88,130785.23,62409.36
2025-08-21 00:00:00+08:00,002865.XSHE,47.38,49.2,46.86,48.23,142383.75,68482.99
2025-08-22 00:00:00+08:00,002865.XSHE,48.0,48.68,47.61,48.21,110332.74,53119.39
2025-08-25 00:00:00+08:00,002865.XSHE,48.2,50.1,47.7,49.68,145998.25,71300.23
2025-08-26 00:00:00+08:00,002865.XSHE,49.0,49.01,47.2,47.36,130422.33,62653.05
2025-08-27 00:00:00+08:00,002865.XSHE,47.02,48.2,46.0,46.06,89949.0,42509.0
2025-08-28 00:00:00+08:00,002865.XSHE,45.71,46.85,44.83,46.22,116259.81,53411.45
2025-08-29 00:00:00+08:00,002865.XSHE,46.2,47.28,45.71,46.39,84911.09,39435.71
2025-09-01 00:00:00+08:00,002865.XSHE,46.04,46.47,45.4,46.4,79103.36,36273.08
2025-09-02 00:00:00+08:00,002865.XSHE,46.21,47.15,45.04,45.24,89349.45,41078.69
2025-09-03 00:00:00+08:00,002865.XSHE,45.26,46.63,45.07,45.12,87562.28,40034.27
2025-09-04 00:00:00+08:00,002865.XSHE,45.15,47.5,45.15,46.2,158653.6,73824.89
2025-09-05 00:00:00+08:00,002865.XSHE,46.0,48.12,45.68,48.0,188253.47,89352.61
2025-09-08 00:00:00+08:00,002865.XSHE,48.0,48.58,47.19,48.11,130584.48,62464.23
2025-09-09 00:00:00+08:00,002865.XSHE,47.63,48.22,46.0,46.08,112185.25,52758.89
2025-09-10 00:00:00+08:00,002865.XSHE,45.6,45.9,44.8,45.64,82397.3,37327.22
2025-09-11 00:00:00+08:00,002865.XSHE,45.5,45.98,44.98,45.9,61863.92,28156.98
2025-09-12 00:00:00+08:00,002865.XSHE,45.96,46.47,45.2,45.3,69947.04,31972.49
2025-09-15 00:00:00+08:00,002865.XSHE,45.63,48.19,45.63,45.91,113755.01,53267.67
2025-09-16 00:00:00+08:00,002865.XSHE,46.27,47.05,44.25,44.81,128970.01,58033.84
2025-09-17 00:00:00+08:00,002865.XSHE,44.69,45.7,44.17,45.08,81384.92,36701.34
2025-09-18 00:00:00+08:00,002865.XSHE,45.02,45.02,43.4,43.63,108197.42,47742.34
2025-09-19 00:00:00+08:00,002865.XSHE,43.64,43.92,42.65,42.74,65589.05,28298.55
2025-09-22 00:00:00+08:00,002865.XSHE,42.73,43.01,41.61,42.02,79045.7,33194.4
2025-09-23 00:00:00+08:00,002865.XSHE,42.0,42.14,39.88,40.6,88827.77,36223.21
2025-09-24 00:00:00+08:00,002865.XSHE,40.6,42.19,40.23,42.07,77573.81,32147.84
2025-09-25 00:00:00+08:00,002865.XSHE,42.0,42.98,41.7,42.11,77000.48,32695.22
2025-09-26 00:00:00+08:00,002865.XSHE,41.87,42.51,41.49,41.5,48601.0,20363.0
2025-09-29 00:00:00+08:00,002865.XSHE,41.46,42.5,41.12,41.81,58610.93,24542.19
2025-09-30 00:00:00+08:00,002865.XSHE,41.81,42.75,41.61,42.43,58296.18,24716.99
2025-10-09 00:00:00+08:00,002865.XSHE,42.1,43.21,41.9,42.8,68697.78,29311.14
2025-10-10 00:00:00+08:00,002865.XSHE,42.63,43.1,41.38,41.48,64607.7,27096.12
2025-10-13 00:00:00+08:00,002865.XSHE,39.29,41.15,39.29,40.95,53602.65,21592.19
2025-10-14 00:00:00+08:00,002865.XSHE,41.18,43.74,41.16,41.6,113794.88,48386.47
2025-10-15 00:00:00+08:00,002865.XSHE,41.51,43.35,41.26,42.92,97799.06,41623.13
2025-10-16 00:00:00+08:00,002865.XSHE,42.62,42.81,42.1,42.39,49347.91,20937.33
2025-10-17 00:00:00+08:00,002865.XSHE,42.21,42.76,40.38,40.41,72326.52,29780.6
2025-10-20 00:00:00+08:00,002865.XSHE,40.99,41.09,40.35,40.7,37853.24,15391.01
2025-10-21 00:00:00+08:00,002865.XSHE,40.88,40.98,40.12,40.43,42738.65,17261.37
2025-10-22 00:00:00+08:00,002865.XSHE,40.04,40.37,39.7,39.9,43197.57,17270.45
2025-10-23 00:00:00+08:00,002865.XSHE,39.75,39.83,38.7,39.6,61013.16,23879.82
2025-10-24 00:00:00+08:00,002865.XSHE,39.68,40.3,39.4,39.6,47023.99,18720.23
2025-10-27 00:00:00+08:00,002865.XSHE,40.31,40.6,39.78,40.25,48714.82,19573.48
2025-10-28 00:00:00+08:00,002865.XSHE,40.1,40.9,39.87,40.02,48006.89,19369.02
2025-10-29 00:00:00+08:00,002865.XSHE,39.95,42.6,39.91,42.03,115743.25,47916.8
2025-10-30 00:00:00+08:00,002865.XSHE,41.5,42.45,41.4,41.51,78250.86,32769.26
2025-10-31 00:00:00+08:00,002865.XSHE,41.51,43.43,41.51,42.32,103480.78,44253.77
2025-11-03 00:00:00+08:00,002865.XSHE,42.61,43.27,42.15,43.15,90122.97,38582.84
2025-11-04 00:00:00+08:00,002865.XSHE,43.02,43.39,41.6,41.96,64550.48,27252.97
2025-11-05 00:00:00+08:00,002865.XSHE,41.35,44.66,41.35,43.5,166515.91,72210.93
2025-11-06 00:00:00+08:00,002865.XSHE,43.5,43.69,42.74,42.88,98238.01,42342.12
2025-11-07 00:00:00+08:00,002865.XSHE,43.36,44.48,42.81,43.23,155170.67,67930.41
2025-11-10 00:00:00+08:00,002865.XSHE,43.68,44.88,43.18,44.07,144290.47,63768.7
2025-11-11 00:00:00+08:00,002865.XSHE,44.42,45.6,44.07,44.12,176078.17,78855.33
2025-11-12 00:00:00+08:00,002865.XSHE,43.77,44.22,41.39,42.27,152154.97,64588.26
2025-11-13 00:00:00+08:00,002865.XSHE,42.51,43.39,42.24,42.52,125453.97,53658.59
2025-11-14 00:00:00+08:00,002865.XSHE,42.14,45.3,41.75,43.21,211465.78,92338.49
2025-11-17 00:00:00+08:00,002865.XSHE,43.18,43.75,42.11,42.53,113428.06,48306.11
2025-11-18 00:00:00+08:00,002865.XSHE,42.2,45.5,42.2,43.07,168783.68,73492.07
2025-11-19 00:00:00+08:00,002865.XSHE,42.85,44.88,42.6,43.4,157207.18,68280.59
2025-11-20 00:00:00+08:00,002865.XSHE,43.35,45.88,42.51,44.29,274165.95,122223.63
2025-11-21 00:00:00+08:00,002865.XSHE,43.18,44.5,41.01,41.2,219480.88,93599.59
2025-11-24 00:00:00+08:00,002865.XSHE,41.19,41.61,39.0,39.41,148872.42,59327.21
2025-11-25 00:00:00+08:00,002865.XSHE,39.6,40.58,39.24,40.34,115857.69,46315.27
2025-11-26 00:00:00+08:00,002865.XSHE,40.18,41.2,39.61,39.79,85590.14,34393.66
2025-11-27 00:00:00+08:00,002865.XSHE,40.0,40.78,39.39,39.5,80024.9,31980.9
2025-11-28 00:00:00+08:00,002865.XSHE,39.4,39.81,38.78,39.66,63128.2,24885.94
2025-12-01 00:00:00+08:00,002865.XSHE,39.82,40.22,39.28,39.34,72337.01,28595.78
2025-12-02 00:00:00+08:00,002865.XSHE,39.1,39.15,37.75,37.77,109849.32,41883.13
2025-12-03 00:00:00+08:00,002865.XSHE,37.61,37.8,36.77,36.84,83067.87,30837.07
2025-12-04 00:00:00+08:00,002865.XSHE,36.84,36.96,36.12,36.14,64792.06,23540.92
2025-12-05 00:00:00+08:00,002865.XSHE,36.18,36.72,35.87,36.68,57824.84,21014.13
2025-12-08 00:00:00+08:00,002865.XSHE,36.72,37.18,36.36,36.87,66410.27,24451.19
2025-12-09 00:00:00+08:00,002865.XSHE,36.58,36.97,36.2,36.68,65783.85,24015.7
2025-12-10 00:00:00+08:00,002865.XSHE,36.7,37.8,36.0,37.59,117544.56,43517.16
2025-12-11 00:00:00+08:00,002865.XSHE,37.3,37.46,36.51,36.66,76908.33,28425.2
2025-12-12 00:00:00+08:00,002865.XSHE,36.66,40.33,36.17,40.33,191177.18,74458.02
2025-12-15 00:00:00+08:00,002865.XSHE,43.54,44.36,40.5,40.77,395449.65,169413.03
2025-12-16 00:00:00+08:00,002865.XSHE,41.36,41.48,39.22,39.37,195786.08,78308.0
2025-12-17 00:00:00+08:00,002865.XSHE,40.35,43.31,40.35,43.31,241966.41,102232.01
2025-12-18 00:00:00+08:00,002865.XSHE,45.09,47.64,44.05,47.64,361969.16,166326.07
2025-12-19 00:00:00+08:00,002865.XSHE,46.4,49.0,46.4,48.05,347524.89,166329.64
2025-12-22 00:00:00+08:00,002865.XSHE,47.5,51.88,47.31,49.5,427738.93,213847.2
2025-12-23 00:00:00+08:00,002865.XSHE,49.51,50.0,44.55,44.55,365851.1,168253.97
2025-12-24 00:00:00+08:00,002865.XSHE,42.78,49.01,42.5,49.01,370307.55,169538.22
2025-12-25 00:00:00+08:00,002865.XSHE,49.49,51.79,49.39,49.88,444985.24,224193.43
2025-01-02 00:00:00+08:00,300086.XSHE,4.89,5.05,4.79,4.84,170405.19,8407.03
2025-01-03 00:00:00+08:00,300086.XSHE,4.89,4.92,4.57,4.61,191547.19,9025.77
2025-01-06 00:00:00+08:00,300086.XSHE,4.63,4.97,4.5,4.84,301151.16,14420.95
2025-01-07 00:00:00+08:00,300086.XSHE,4.79,4.82,4.6,4.75,237693.47,11145.69
2025-01-08 00:00:00+08:00,300086.XSHE,4.75,4.91,4.62,4.79,223630.4,10689.14
2025-01-09 00:00:00+08:00,300086.XSHE,4.72,4.84,4.66,4.73,148987.87,7085.49
2025-01-10 00:00:00+08:00,300086.XSHE,4.73,4.78,4.52,4.53,138657.0,6429.12
2025-01-13 00:00:00+08:00,300086.XSHE,4.48,4.57,4.3,4.53,119551.94,5359.29
2025-01-14 00:00:00+08:00,300086.XSHE,4.6,4.79,4.56,4.78,141410.0,6647.94
2025-01-15 00:00:00+08:00,300086.XSHE,4.8,4.82,4.7,4.74,105969.0,5037.86
2025-01-16 00:00:00+08:00,300086.XSHE,4.78,4.87,4.71,4.78,98258.0,4703.64
2025-01-17 00:00:00+08:00,300086.XSHE,4.75,4.77,4.7,4.7,96475.03,4561.95
2025-01-20 00:00:00+08:00,300086.XSHE,4.74,4.82,4.67,4.79,108694.0,5194.36
2025-01-21 00:00:00+08:00,300086.XSHE,4.8,4.84,4.62,4.65,112979.0,5294.12
2025-01-22 00:00:00+08:00,300086.XSHE,4.65,4.65,4.54,4.56,75020.0,3434.98
2025-01-23 00:00:00+08:00,300086.XSHE,4.62,4.72,4.57,4.57,105530.0,4914.24
2025-01-24 00:00:00+08:00,300086.XSHE,4.58,4.59,4.45,4.52,123985.0,5580.99
2025-01-27 00:00:00+08:00,300086.XSHE,4.58,4.64,4.49,4.5,108745.0,4955.61
2025-02-05 00:00:00+08:00,300086.XSHE,4.58,4.66,4.53,4.66,109413.0,5056.55
2025-02-06 00:00:00+08:00,300086.XSHE,4.74,4.74,4.55,4.7,150325.5,6943.54
2025-02-07 00:00:00+08:00,300086.XSHE,4.69,4.89,4.68,4.83,181069.5,8721.2
2025-02-10 00:00:00+08:00,300086.XSHE,4.88,5.01,4.85,5.0,172986.5,8535.27
2025-02-11 00:00:00+08:00,300086.XSHE,5.02,5.04,4.87,4.91,126888.5,6235.98
2025-02-12 00:00:00+08:00,300086.XSHE,4.91,4.95,4.86,4.92,98514.5,4828.52
2025-02-13 00:00:00+08:00,300086.XSHE,4.91,4.95,4.87,4.91,123000.0,6040.81
2025-02-14 00:00:00+08:00,300086.XSHE,4.91,5.05,4.89,4.95,141355.5,7038.66
2025-02-17 00:00:00+08:00,300086.XSHE,4.93,5.13,4.93,5.04,145707.5,7364.03
2025-02-18 00:00:00+08:00,300086.XSHE,5.04,5.05,4.77,4.82,138648.0,6808.17
2025-02-19 00:00:00+08:00,300086.XSHE,4.82,4.88,4.77,4.86,92504.12,4478.92
2025-02-20 00:00:00+08:00,300086.XSHE,4.85,5.02,4.85,4.9,117688.5,5817.16
2025-02-21 00:00:00+08:00,300086.XSHE,4.96,4.97,4.79,4.87,126230.17,6123.81
2025-02-24 00:00:00+08:00,300086.XSHE,4.87,5.06,4.81,4.94,152431.0,7500.19
2025-02-25 00:00:00+08:00,300086.XSHE,4.92,5.04,4.86,4.92,107569.84,5301.54
2025-02-26 00:00:00+08:00,300086.XSHE,4.92,4.98,4.91,4.97,100846.5,4988.15
2025-02-27 00:00:00+08:00,300086.XSHE,4.97,5.18,4.95,5.06,313516.9,15875.88
2025-02-28 00:00:00+08:00,300086.XSHE,5.04,5.13,4.96,4.99,272036.0,13676.43
2025-03-03 00:00:00+08:00,300086.XSHE,4.99,5.08,4.89,4.92,220457.62,11001.92
2025-03-04 00:00:00+08:00,300086.XSHE,4.86,5.01,4.85,4.97,132254.0,6536.94
2025-03-05 00:00:00+08:00,300086.XSHE,4.98,4.99,4.84,4.89,136945.64,6687.68
2025-03-06 00:00:00+08:00,300086.XSHE,4.93,4.98,4.88,4.96,128341.5,6349.62
2025-03-07 00:00:00+08:00,300086.XSHE,4.95,4.97,4.8,4.83,146180.9,7111.7
2025-03-10 00:00:00+08:00,300086.XSHE,4.84,4.99,4.84,4.9,115294.0,5655.41
2025-03-11 00:00:00+08:00,300086.XSHE,4.86,4.91,4.8,4.9,93945.0,4563.29
2025-03-12 00:00:00+08:00,300086.XSHE,4.92,4.97,4.89,4.9,94672.0,4652.7
2025-03-13 00:00:00+08:00,300086.XSHE,4.9,4.95,4.8,4.85,116887.0,5691.62
2025-03-14 00:00:00+08:00,300086.XSHE,4.87,5.82,4.87,5.82,888484.97,48022.2
2025-03-17 00:00:00+08:00,300086.XSHE,5.6,5.72,5.41,5.48,830516.71,45879.77
2025-03-18 00:00:00+08:00,300086.XSHE,5.5,5.56,5.31,5.37,424681.5,22840.32
2025-03-19 00:00:00+08:00,300086.XSHE,5.35,5.4,5.26,5.3,311445.87,16528.59
2025-03-20 00:00:00+08:00,300086.XSHE,5.36,5.4,5.23,5.24,266686.58,14080.67
2025-03-21 00:00:00+08:00,300086.XSHE,5.34,5.4,5.16,5.2,286553.0,15061.97
2025-03-24 00:00:00+08:00,300086.XSHE,5.23,5.26,4.95,5.06,253957.0,12922.22
2025-03-25 00:00:00+08:00,300086.XSHE,5.07,5.15,4.97,5.14,241139.0,12225.29
2025-03-26 00:00:00+08:00,300086.XSHE,5.11,5.16,5.09,5.11,173565.0,8898.95
2025-03-27 00:00:00+08:00,300086.XSHE,5.1,5.21,4.96,5.21,245525.0,12528.55
2025-03-28 00:00:00+08:00,300086.XSHE,5.18,5.25,5.01,5.01,203183.0,10444.44
2025-03-31 00:00:00+08:00,300086.XSHE,4.98,5.01,4.81,4.86,176372.12,8636.54
2025-04-01 00:00:00+08:00,300086.XSHE,4.87,5.24,4.87,5.12,301128.0,15379.1
2025-04-02 00:00:00+08:00,300086.XSHE,5.12,5.19,5.05,5.12,160427.0,8208.5
2025-04-03 00:00:00+08:00,300086.XSHE,5.1,5.24,5.05,5.16,164737.05,8512.19
2025-04-07 00:00:00+08:00,300086.XSHE,4.86,4.94,4.13,4.22,289500.12,12963.23
2025-04-08 00:00:00+08:00,300086.XSHE,4.3,4.45,4.26,4.36,187838.0,8164.23
2025-04-09 00:00:00+08:00,300086.XSHE,4.26,4.49,3.98,4.43,279123.0,11820.22
2025-04-10 00:00:00+08:00,300086.XSHE,4.5,4.8,4.5,4.71,323475.05,15058.62
2025-04-11 00:00:00+08:00,300086.XSHE,4.64,4.77,4.6,4.65,202563.0,9457.17
2025-04-14 00:00:00+08:00,300086.XSHE,4.7,5.58,4.7,5.22,926060.33,49180.16
2025-04-15 00:00:00+08:00,300086.XSHE,5.22,5.25,4.93,4.93,688312.0,34529.56
2025-04-16 00:00:00+08:00,300086.XSHE,4.87,4.93,4.66,4.77,318964.12,15273.88
2025-04-17 00:00:00+08:00,300086.XSHE,4.78,4.85,4.73,4.76,213471.0,10209.01
2025-04-18 00:00:00+08:00,300086.XSHE,4.79,5.1,4.65,4.66,361912.0,17296.56
2025-04-21 00:00:00+08:00,300086.XSHE,4.62,4.78,4.55,4.77,234911.12,11055.52
2025-04-22 00:00:00+08:00,300086.XSHE,4.81,4.82,4.69,4.74,193197.85,9158.21
2025-04-23 00:00:00+08:00,300086.XSHE,4.72,4.81,4.67,4.69,166365.0,7864.24
2025-04-24 00:00:00+08:00,300086.XSHE,4.65,4.77,4.6,4.65,149724.08,7006.98
2025-04-25 00:00:00+08:00,300086.XSHE,4.67,4.7,4.61,4.62,129447.0,6010.36
2025-04-28 00:00:00+08:00,300086.XSHE,4.6,4.61,4.4,4.43,199091.72,8878.49
2025-04-29 00:00:00+08:00,300086.XSHE,4.48,4.69,4.48,4.59,188110.41,8669.23
2025-04-30 00:00:00+08:00,300086.XSHE,4.59,4.71,4.59,4.65,122347.0,5712.05
2025-05-06 00:00:00+08:00,300086.XSHE,4.7,4.79,4.67,4.79,146537.02,6971.17
2025-05-07 00:00:00+08:00,300086.XSHE,4.83,4.87,4.76,4.8,160910.0,7732.66
2025-05-08 00:00:00+08:00,300086.XSHE,4.77,4.91,4.77,4.9,150722.22,7350.18
2025-05-09 00:00:00+08:00,300086.XSHE,4.91,4.93,4.83,4.85,115757.0,5628.92
2025-05-12 00:00:00+08:00,300086.XSHE,4.85,4.89,4.79,4.88,123237.5,5971.38
2025-05-13 00:00:00+08:00,300086.XSHE,4.92,4.94,4.84,4.87,131985.5,6457.73
2025-05-14 00:00:00+08:00,300086.XSHE,4.85,4.91,4.8,4.86,106982.5,5186.3
2025-05-15 00:00:00+08:00,300086.XSHE,4.84,4.98,4.8,4.91,180410.12,8828.87
2025-05-16 00:00:00+08:00,300086.XSHE,4.9,5.02,4.88,5.01,215305.5,10713.38
2025-05-19 00:00:00+08:00,300086.XSHE,5.01,5.08,4.94,5.05,176387.02,8830.8
2025-05-20 00:00:00+08:00,300086.XSHE,5.05,5.2,5.05,5.19,209385.06,10791.87
2025-05-21 00:00:00+08:00,300086.XSHE,5.2,5.28,5.14,5.24,259245.75,13476.06
2025-05-22 00:00:00+08:00,300086.XSHE,5.18,5.25,5.07,5.1,193847.0,9969.82
2025-05-23 00:00:00+08:00,300086.XSHE,5.1,5.22,5.07,5.08,170989.01,8813.82
2025-05-26 00:00:00+08:00,300086.XSHE,5.03,5.12,4.98,5.04,140180.0,7071.17
2025-05-27 00:00:00+08:00,300086.XSHE,5.14,5.14,5.02,5.11,167379.5,8542.12
2025-05-28 00:00:00+08:00,300086.XSHE,5.11,5.18,4.99,5.06,124164.0,6272.89
2025-05-29 00:00:00+08:00,300086.XSHE,5.05,5.22,5.03,5.19,187922.0,9724.13
2025-05-30 00:00:00+08:00,300086.XSHE,5.19,5.25,5.13,5.14,182535.0,9474.77
2025-06-03 00:00:00+08:00,300086.XSHE,5.08,5.33,5.08,5.3,261694.03,13762.78
2025-06-04 00:00:00+08:00,300086.XSHE,5.45,5.46,5.24,5.32,375173.0,19944.98
2025-06-05 00:00:00+08:00,300086.XSHE,5.35,5.38,5.2,5.29,230614.04,12159.48
2025-06-06 00:00:00+08:00,300086.XSHE,5.28,5.55,5.27,5.32,381896.0,20513.46
2025-06-09 00:00:00+08:00,300086.XSHE,5.34,5.46,5.3,5.43,314127.54,17008.54
2025-06-10 00:00:00+08:00,300086.XSHE,5.4,5.6,5.36,5.44,350166.04,19086.2
2025-06-11 00:00:00+08:00,300086.XSHE,5.44,5.49,5.37,5.39,214387.0,11613.95
2025-06-12 00:00:00+08:00,300086.XSHE,5.42,5.44,5.35,5.41,152183.0,8212.57
2025-06-13 00:00:00+08:00,300086.XSHE,5.36,5.4,5.21,5.23,171808.0,9058.0
2025-06-16 00:00:00+08:00,300086.XSHE,5.21,5.33,5.18,5.29,158230.0,8352.1
2025-06-17 00:00:00+08:00,300086.XSHE,5.34,5.45,5.23,5.29,177185.0,9447.49
2025-06-18 00:00:00+08:00,300086.XSHE,5.27,5.55,5.2,5.26,341077.0,18172.43
2025-06-19 00:00:00+08:00,300086.XSHE,5.26,5.29,5.04,5.07,208809.0,10685.41
2025-06-20 00:00:00+08:00,300086.XSHE,5.06,5.11,5.02,5.06,121304.0,6151.35
2025-06-23 00:00:00+08:00,300086.XSHE,5.01,5.16,4.98,5.15,107873.0,5497.16
2025-06-24 00:00:00+08:00,300086.XSHE,5.16,5.31,5.15,5.28,111541.03,5868.75
2025-06-25 00:00:00+08:00,300086.XSHE,5.33,5.37,5.22,5.28,148851.0,7858.04
2025-06-26 00:00:00+08:00,300086.XSHE,5.27,5.37,5.2,5.33,189211.0,10013.49
2025-06-27 00:00:00+08:00,300086.XSHE,5.33,5.39,5.29,5.35,145278.0,7756.34
2025-06-30 00:00:00+08:00,300086.XSHE,5.4,5.49,5.32,5.43,176744.0,9585.95
2025-07-01 00:00:00+08:00,300086.XSHE,5.43,5.54,5.42,5.48,214369.0,11735.56
2025-07-02 00:00:00+08:00,300086.XSHE,5.47,5.54,5.44,5.49,167121.0,9165.53
2025-07-03 00:00:00+08:00,300086.XSHE,5.47,5.59,5.46,5.58,184822.0,10224.79
2025-07-04 00:00:00+08:00,300086.XSHE,5.58,5.72,5.5,5.55,237066.0,13266.75
2025-07-07 00:00:00+08:00,300086.XSHE,5.52,5.6,5.49,5.55,160022.0,8880.48
2025-07-08 00:00:00+08:00,300086.XSHE,5.55,5.66,5.51,5.6,159376.0,8905.84
2025-07-09 00:00:00+08:00,300086.XSHE,5.59,5.61,5.53,5.56,121015.59,6735.08
2025-07-10 00:00:00+08:00,300086.XSHE,5.56,5.65,5.53,5.61,134100.0,7515.84
2025-07-11 00:00:00+08:00,300086.XSHE,5.62,5.68,5.56,5.64,143257.9,8069.68
2025-07-14 00:00:00+08:00,300086.XSHE,5.64,5.74,5.63,5.74,151443.9,8644.44
2025-07-15 00:00:00+08:00,300086.XSHE,5.74,5.75,5.45,5.58,203412.0,11283.29
2025-07-16 00:00:00+08:00,300086.XSHE,5.6,5.84,5.55,5.76,284528.14,16344.75
2025-07-17 00:00:00+08:00,300086.XSHE,5.76,6.01,5.71,5.95,366917.0,21689.35
2025-07-18 00:00:00+08:00,300086.XSHE,5.98,6.12,5.91,6.07,395481.57,23668.59
2025-07-21 00:00:00+08:00,300086.XSHE,6.0,6.64,5.88,6.27,780637.97,49040.14
2025-07-22 00:00:00+08:00,300086.XSHE,6.4,6.76,6.27,6.56,1029644.06,67097.59
2025-07-23 00:00:00+08:00,300086.XSHE,6.38,6.61,6.17,6.3,914552.38,57905.44
2025-07-24 00:00:00+08:00,300086.XSHE,6.62,7.56,6.62,7.56,1045261.38,74642.79
2025-07-25 00:00:00+08:00,300086.XSHE,8.35,8.62,7.58,7.61,1915220.48,155150.98
2025-07-28 00:00:00+08:00,300086.XSHE,7.61,8.35,7.61,7.94,1273648.62,101787.88
2025-07-29 00:00:00+08:00,300086.XSHE,8.1,8.37,7.78,8.0,1134760.0,91379.74
2025-07-30 00:00:00+08:00,300086.XSHE,7.79,9.0,7.65,8.48,1378960.59,114848.54
2025-07-31 00:00:00+08:00,300086.XSHE,8.2,9.0,8.0,8.39,1328569.61,113693.57
2025-08-01 00:00:00+08:00,300086.XSHE,8.2,8.68,7.72,7.79,1011160.7,82339.21
2025-08-04 00:00:00+08:00,300086.XSHE,7.62,7.96,7.35,7.87,722607.73,55357.79
2025-08-05 00:00:00+08:00,300086.XSHE,7.88,7.95,7.55,7.58,666008.94,51083.22
2025-08-06 00:00:00+08:00,300086.XSHE,7.8,8.0,7.44,7.53,620688.22,47615.91
2025-08-07 00:00:00+08:00,300086.XSHE,7.44,7.56,7.2,7.27,605638.65,44267.44
2025-08-08 00:00:00+08:00,300086.XSHE,7.21,7.31,7.08,7.23,366306.5,26382.64
2025-08-11 00:00:00+08:00,300086.XSHE,7.2,7.42,7.17,7.38,366877.73,26930.84
2025-08-12 00:00:00+08:00,300086.XSHE,7.43,7.52,7.11,7.14,416066.93,30064.77
2025-08-13 00:00:00+08:00,300086.XSHE,7.22,7.39,7.08,7.29,445716.96,32389.05
2025-08-14 00:00:00+08:00,300086.XSHE,7.29,7.41,7.09,7.1,426680.0,30730.66
2025-08-15 00:00:00+08:00,300086.XSHE,7.14,7.16,7.02,7.09,337774.0,23950.57
2025-08-18 00:00:00+08:00,300086.XSHE,7.09,7.3,7.07,7.19,391871.0,28233.22
2025-08-19 00:00:00+08:00,300086.XSHE,7.2,7.46,7.16,7.24,532332.5,38969.4
2025-08-20 00:00:00+08:00,300086.XSHE,7.18,7.21,7.02,7.15,379380.0,26938.42
2025-08-21 00:00:00+08:00,300086.XSHE,7.18,7.21,7.03,7.06,238880.5,16947.74
2025-08-22 00:00:00+08:00,300086.XSHE,7.06,7.08,6.9,7.03,285350.0,19903.83
2025-08-25 00:00:00+08:00,300086.XSHE,7.03,7.14,6.97,7.05,263830.8,18611.68
2025-08-26 00:00:00+08:00,300086.XSHE,7.02,7.11,6.97,7.02,223850.0,15747.1
2025-08-27 00:00:00+08:00,300086.XSHE,6.99,7.03,6.72,6.72,337554.0,23229.0
2025-08-28 00:00:00+08:00,300086.XSHE,6.7,6.79,6.4,6.67,307308.5,20272.09
2025-08-29 00:00:00+08:00,300086.XSHE,6.67,6.79,6.63,6.68,199487.22,13370.2
2025-09-01 00:00:00+08:00,300086.XSHE,6.65,6.83,6.59,6.78,212045.03,14298.97
2025-09-02 00:00:00+08:00,300086.XSHE,6.8,6.81,6.6,6.68,207095.0,13805.72
2025-09-03 00:00:00+08:00,300086.XSHE,6.7,6.74,6.47,6.53,175945.0,11634.98
2025-09-04 00:00:00+08:00,300086.XSHE,6.54,6.73,6.51,6.59,228136.0,15150.0
2025-09-05 00:00:00+08:00,300086.XSHE,6.6,6.64,6.39,6.6,204541.0,13367.79
2025-09-08 00:00:00+08:00,300086.XSHE,6.56,6.71,6.55,6.67,168254.0,11191.28
2025-09-09 00:00:00+08:00,300086.XSHE,6.68,6.69,6.49,6.54,163657.0,10779.92
2025-09-10 00:00:00+08:00,300086.XSHE,6.51,6.71,6.5,6.64,188402.31,12486.43
2025-09-11 00:00:00+08:00,300086.XSHE,6.68,6.95,6.47,6.87,388442.72,26163.35
2025-09-12 00:00:00+08:00,300086.XSHE,6.84,6.98,6.74,6.83,328353.25,22507.57
2025-09-15 00:00:00+08:00,300086.XSHE,6.78,6.97,6.63,6.91,349574.72,23798.73
2025-09-16 00:00:00+08:00,300086.XSHE,6.89,7.14,6.82,7.1,439381.54,30765.5
2025-09-17 00:00:00+08:00,300086.XSHE,7.06,7.1,6.81,6.86,381148.8,26243.47
2025-09-18 00:00:00+08:00,300086.XSHE,6.82,6.97,6.71,6.78,295601.87,20275.65
2025-09-19 00:00:00+08:00,300086.XSHE,6.73,6.86,6.54,6.79,293940.65,19699.48
2025-09-22 00:00:00+08:00,300086.XSHE,6.83,6.96,6.74,6.8,192178.27,13090.48
2025-09-23 00:00:00+08:00,300086.XSHE,6.73,6.79,6.43,6.6,215981.87,14189.01
2025-09-24 00:00:00+08:00,300086.XSHE,6.59,7.13,6.53,6.94,538066.2,37468.48
2025-09-25 00:00:00+08:00,300086.XSHE,6.98,6.98,6.67,6.69,339197.88,23005.94
2025-09-26 00:00:00+08:00,300086.XSHE,6.64,7.27,6.48,7.07,651733.0,45333.0
2025-09-29 00:00:00+08:00,300086.XSHE,7.1,7.18,6.93,7.03,356326.56,25125.03
2025-09-30 00:00:00+08:00,300086.XSHE,7.04,7.33,6.99,7.15,396899.5,28551.04
2025-10-09 00:00:00+08:00,300086.XSHE,7.05,7.12,6.82,6.87,336145.0,23170.55
2025-10-10 00:00:00+08:00,300086.XSHE,6.82,7.47,6.81,7.13,518839.81,37313.37
2025-10-13 00:00:00+08:00,300086.XSHE,6.8,7.09,6.67,7.07,317401.46,21917.53
2025-10-14 00:00:00+08:00,300086.XSHE,7.18,7.4,7.07,7.12,480141.5,34735.19
2025-10-15 00:00:00+08:00,300086.XSHE,7.14,7.27,7.08,7.2,347375.0,24908.48
2025-10-16 00:00:00+08:00,300086.XSHE,7.17,7.68,7.15,7.61,803844.44,60155.48
2025-10-17 00:00:00+08:00,300086.XSHE,7.44,8.39,7.4,7.85,977793.39,76714.09
2025-10-20 00:00:00+08:00,300086.XSHE,7.7,8.25,7.6,7.85,743749.16,58742.96
2025-10-21 00:00:00+08:00,300086.XSHE,7.68,7.9,7.45,7.8,546003.77,42069.45
2025-10-22 00:00:00+08:00,300086.XSHE,7.67,7.95,7.32,7.34,620191.57,46501.03
2025-10-23 00:00:00+08:00,300086.XSHE,7.36,8.18,7.34,7.57,672556.58,52372.95
2025-10-24 00:00:00+08:00,300086.XSHE,7.44,7.55,7.19,7.21,600914.08,43942.23
2025-10-27 00:00:00+08:00,300086.XSHE,7.1,7.11,6.89,6.9,454209.34,31617.17
2025-10-28 00:00:00+08:00,300086.XSHE,6.86,7.05,6.83,6.96,278300.0,19408.15
2025-10-29 00:00:00+08:00,300086.XSHE,7.02,8.35,7.02,8.07,1448388.38,115138.73
2025-10-30 00:00:00+08:00,300086.XSHE,7.76,7.78,7.43,7.44,947478.5,71309.97
2025-10-31 00:00:00+08:00,300086.XSHE,7.65,8.78,7.62,8.74,1481336.33,121823.26
2025-11-03 00:00:00+08:00,300086.XSHE,8.86,9.27,8.5,9.02,1388000.74,123001.0
2025-11-04 00:00:00+08:00,300086.XSHE,8.91,8.96,8.63,8.74,871276.58,76105.38
2025-11-05 00:00:00+08:00,300086.XSHE,8.51,10.15,8.51,9.41,1436051.13,134235.31
2025-11-06 00:00:00+08:00,300086.XSHE,9.41,9.66,8.73,9.11,1060473.36,96322.34
2025-11-07 00:00:00+08:00,300086.XSHE,9.76,9.97,9.1,9.27,1079955.57,102961.35
2025-11-10 00:00:00+08:00,300086.XSHE,8.91,9.57,8.77,9.02,960660.34,87824.21
2025-11-11 00:00:00+08:00,300086.XSHE,8.77,8.9,8.5,8.68,681099.53,59197.81
2025-11-12 00:00:00+08:00,300086.XSHE,8.75,9.28,8.71,8.74,714673.59,64078.35
2025-11-13 00:00:00+08:00,300086.XSHE,8.66,8.97,8.38,8.85,654376.16,57149.22
2025-11-14 00:00:00+08:00,300086.XSHE,8.77,10.62,8.75,10.62,1248762.14,124158.62
2025-11-17 00:00:00+08:00,300086.XSHE,10.76,11.5,10.65,11.11,1573534.44,174652.54
2025-11-18 00:00:00+08:00,300086.XSHE,11.11,12.82,10.92,11.81,1466012.91,175784.33
2025-11-19 00:00:00+08:00,300086.XSHE,11.46,12.11,11.0,11.15,1164832.71,132393.45
2025-11-20 00:00:00+08:00,300086.XSHE,11.12,12.83,10.8,12.15,1403855.93,165557.0
2025-11-21 00:00:00+08:00,300086.XSHE,12.13,13.19,11.62,11.62,1393732.51,172123.4
2025-11-24 00:00:00+08:00,300086.XSHE,11.53,12.41,10.71,10.85,1110040.84,125178.51
2025-11-25 00:00:00+08:00,300086.XSHE,10.68,12.34,10.52,12.28,1370045.06,154536.75
2025-11-26 00:00:00+08:00,300086.XSHE,12.17,14.12,11.91,12.97,1655341.97,219927.05
2025-11-27 00:00:00+08:00,300086.XSHE,12.96,13.05,11.72,12.35,1165386.63,143538.71
2025-11-28 00:00:00+08:00,300086.XSHE,12.48,12.97,11.88,12.72,1042088.29,130337.79
2025-12-01 00:00:00+08:00,300086.XSHE,12.53,13.04,12.07,12.17,864693.17,107673.9
2025-12-02 00:00:00+08:00,300086.XSHE,11.64,12.58,11.21,12.12,872877.86,102989.22
2025-12-03 00:00:00+08:00,300086.XSHE,11.85,12.55,11.75,11.77,811790.08,99096.53
2025-12-04 00:00:00+08:00,300086.XSHE,11.2,11.97,10.82,11.01,768502.07,85966.9
2025-12-05 00:00:00+08:00,300086.XSHE,10.8,11.18,10.41,11.1,668576.9,72884.21
2025-12-08 00:00:00+08:00,300086.XSHE,11.1,11.97,11.1,11.72,765024.9,89037.57
2025-12-09 00:00:00+08:00,300086.XSHE,11.56,11.75,10.69,10.8,774725.08,85229.23
2025-12-10 00:00:00+08:00,300086.XSHE,10.71,12.8,10.71,12.47,1335667.82,157055.16
2025-12-11 00:00:00+08:00,300086.XSHE,12.84,13.25,11.75,11.88,1060805.34,131152.63
2025-12-12 00:00:00+08:00,300086.XSHE,11.9,12.07,11.38,11.43,694492.11,80815.72
2025-12-15 00:00:00+08:00,300086.XSHE,11.32,12.3,11.0,11.76,737185.69,86585.89
2025-12-16 00:00:00+08:00,300086.XSHE,11.56,12.2,10.89,11.28,717822.92,81557.56
2025-12-17 00:00:00+08:00,300086.XSHE,11.03,11.04,10.2,10.37,596161.75,62293.25
2025-12-18 00:00:00+08:00,300086.XSHE,10.38,10.85,9.78,9.89,611332.45,62291.69
2025-12-19 00:00:00+08:00,300086.XSHE,10.0,11.6,9.68,11.02,965455.52,101803.21
2025-12-22 00:00:00+08:00,300086.XSHE,11.06,13.22,11.05,13.22,1090512.57,135244.18
2025-12-23 00:00:00+08:00,300086.XSHE,14.18,15.19,13.6,13.71,1921930.52,273854.71
2025-12-24 00:00:00+08:00,300086.XSHE,13.36,13.64,12.91,13.31,1219072.07,161672.62
2025-12-25 00:00:00+08:00,300086.XSHE,13.38,13.61,12.74,12.78,937235.88,122414.39
2025-01-02 00:00:00+08:00,300189.XSHE,3.87,4.09,3.8,3.87,1153357.31,45657.88
2025-01-03 00:00:00+08:00,300189.XSHE,3.84,3.84,3.52,3.56,1060960.27,38599.45
2025-01-06 00:00:00+08:00,300189.XSHE,3.5,3.64,3.35,3.43,761653.0,26456.47
2025-01-07 00:00:00+08:00,300189.XSHE,3.47,3.74,3.45,3.65,994027.0,35762.15
2025-01-08 00:00:00+08:00,300189.XSHE,3.6,3.66,3.45,3.62,863281.0,30685.89
2025-01-09 00:00:00+08:00,300189.XSHE,3.6,3.78,3.56,3.69,894097.05,32916.61
2025-01-10 00:00:00+08:00,300189.XSHE,3.64,3.9,3.57,3.66,1007787.32,37365.9
2025-01-13 00:00:00+08:00,300189.XSHE,3.52,3.66,3.51,3.6,538955.32,19357.22
2025-01-14 00:00:00+08:00,300189.XSHE,3.6,3.88,3.6,3.82,986879.29,37073.38
2025-01-15 00:00:00+08:00,300189.XSHE,3.78,3.94,3.77,3.88,962994.32,37147.53
2025-01-16 00:00:00+08:00,300189.XSHE,3.88,4.04,3.85,3.92,1059948.82,41779.91
2025-01-17 00:00:00+08:00,300189.XSHE,3.89,3.95,3.82,3.84,677861.0,26308.2
2025-01-20 00:00:00+08:00,300189.XSHE,3.83,3.87,3.71,3.77,714068.5,26878.69
2025-01-21 00:00:00+08:00,300189.XSHE,3.79,3.81,3.54,3.6,770447.81,27910.6
2025-01-22 00:00:00+08:00,300189.XSHE,3.58,3.65,3.52,3.63,457499.97,16442.58
2025-01-23 00:00:00+08:00,300189.XSHE,3.71,3.85,3.63,3.63,796120.78,29872.92
2025-01-24 00:00:00+08:00,300189.XSHE,3.53,3.64,3.52,3.6,602950.33,21556.3
2025-01-27 00:00:00+08:00,300189.XSHE,3.61,3.71,3.59,3.62,554793.5,20255.41
2025-02-05 00:00:00+08:00,300189.XSHE,3.6,3.8,3.56,3.79,898308.5,33360.11
2025-02-06 00:00:00+08:00,300189.XSHE,3.75,3.87,3.68,3.86,951932.05,36052.38
2025-02-07 00:00:00+08:00,300189.XSHE,3.82,3.95,3.8,3.88,1042329.0,40409.9
2025-02-10 00:00:00+08:00,300189.XSHE,3.85,3.93,3.84,3.93,845921.0,32927.45
2025-02-11 00:00:00+08:00,300189.XSHE,3.9,3.95,3.82,3.88,689299.02,26689.19
2025-02-12 00:00:00+08:00,300189.XSHE,3.84,3.92,3.84,3.9,611480.87,23698.5
2025-02-13 00:00:00+08:00,300189.XSHE,3.89,4.14,3.88,3.97,1597471.55,64474.28
2025-02-14 00:00:00+08:00,300189.XSHE,3.93,4.08,3.9,4.0,1153389.52,45826.71
2025-02-17 00:00:00+08:00,300189.XSHE,3.95,4.34,3.94,4.28,1829241.31,76656.93
2025-02-18 00:00:00+08:00,300189.XSHE,4.21,4.26,4.06,4.12,1331296.78,54919.32
2025-02-19 00:00:00+08:00,300189.XSHE,4.11,4.18,4.01,4.18,1082254.83,44520.91
2025-02-20 00:00:00+08:00,300189.XSHE,4.13,4.3,4.08,4.24,1190749.0,50095.43
2025-02-21 00:00:00+08:00,300189.XSHE,4.2,4.47,4.17,4.34,1405439.0,60479.6
2025-02-24 00:00:00+08:00,300189.XSHE,4.55,4.99,4.38,4.41,2860451.13,133962.56
2025-02-25 00:00:00+08:00,300189.XSHE,4.21,4.28,4.11,4.12,1725737.47,72044.42
2025-02-26 00:00:00+08:00,300189.XSHE,4.08,4.12,3.98,4.02,1234952.36,49698.15
2025-02-27 00:00:00+08:00,300189.XSHE,4.0,4.18,3.98,4.13,1219568.82,50173.28
2025-02-28 00:00:00+08:00,300189.XSHE,4.08,4.09,3.87,3.88,997961.4,39451.76
2025-03-03 00:00:00+08:00,300189.XSHE,3.9,4.09,3.83,4.03,970484.7,38666.47
2025-03-04 00:00:00+08:00,300189.XSHE,4.05,4.12,3.95,4.04,762674.07,30622.19
2025-03-05 00:00:00+08:00,300189.XSHE,4.05,4.06,3.92,3.99,603039.96,23902.25
2025-03-06 00:00:00+08:00,300189.XSHE,3.98,4.02,3.95,4.0,696721.52,27739.17
2025-03-07 00:00:00+08:00,300189.XSHE,3.97,3.98,3.87,3.9,646637.37,25361.14
2025-03-10 00:00:00+08:00,300189.XSHE,3.94,3.96,3.87,3.9,379104.44,14827.35
2025-03-11 00:00:00+08:00,300189.XSHE,3.87,4.04,3.83,4.0,776872.48,30740.09
2025-03-12 00:00:00+08:00,300189.XSHE,3.96,3.99,3.92,3.92,579039.81,22811.45
2025-03-13 00:00:00+08:00,300189.XSHE,3.93,3.95,3.82,3.85,429658.0,16649.65
2025-03-14 00:00:00+08:00,300189.XSHE,3.83,3.92,3.82,3.91,413314.13,16089.3
2025-03-17 00:00:00+08:00,300189.XSHE,3.93,4.09,3.93,4.02,826124.47,33260.31
2025-03-18 00:00:00+08:00,300189.XSHE,3.98,4.01,3.93,3.97,530660.16,20999.7
2025-03-19 00:00:00+08:00,300189.XSHE,3.95,3.97,3.87,3.88,469377.09,18299.12
2025-03-20 00:00:00+08:00,300189.XSHE,3.87,3.9,3.82,3.83,435903.5,16807.91
2025-03-21 00:00:00+08:00,300189.XSHE,3.8,3.85,3.73,3.74,437639.24,16525.37
2025-03-24 00:00:00+08:00,300189.XSHE,3.76,3.77,3.54,3.62,534855.0,19382.44
2025-03-25 00:00:00+08:00,300189.XSHE,3.63,3.64,3.56,3.59,287987.05,10353.51
2025-03-26 00:00:00+08:00,300189.XSHE,3.57,3.65,3.56,3.61,298016.0,10789.99
2025-03-27 00:00:00+08:00,300189.XSHE,3.59,3.62,3.51,3.53,319731.0,11356.79
2025-03-28 00:00:00+08:00,300189.XSHE,3.53,3.54,3.45,3.46,329462.96,11461.36
2025-03-31 00:00:00+08:00,300189.XSHE,3.44,3.45,3.34,3.41,328437.63,11121.88
2025-04-01 00:00:00+08:00,300189.XSHE,3.43,3.47,3.38,3.46,322940.63,11108.96
2025-04-02 00:00:00+08:00,300189.XSHE,3.47,3.48,3.41,3.42,262250.43,9019.76
2025-04-03 00:00:00+08:00,300189.XSHE,3.49,3.64,3.49,3.59,867351.0,30967.74
2025-04-07 00:00:00+08:00,300189.XSHE,3.71,4.31,3.7,4.31,3912731.58,160890.76
2025-04-08 00:00:00+08:00,300189.XSHE,4.4,5.17,4.13,5.17,4420299.09,208656.87
2025-04-09 00:00:00+08:00,300189.XSHE,5.58,6.08,5.18,5.67,5263320.72,299748.11
2025-04-10 00:00:00+08:00,300189.XSHE,5.08,5.97,5.08,5.6,4517947.79,249708.74
2025-04-11 00:00:00+08:00,300189.XSHE,5.39,5.44,4.84,4.87,3629169.87,183178.9
2025-04-14 00:00:00+08:00,300189.XSHE,4.84,5.28,4.68,5.06,3313224.03,165175.81
2025-04-15 00:00:00+08:00,300189.XSHE,5.23,5.26,4.77,4.82,2346832.94,115050.67
2025-04-16 00:00:00+08:00,300189.XSHE,4.74,4.92,4.43,4.54,2334937.19,108420.38
2025-04-17 00:00:00+08:00,300189.XSHE,4.45,4.55,4.33,4.37,1948973.31,86388.33
2025-04-18 00:00:00+08:00,300189.XSHE,4.38,4.42,4.15,4.16,1761758.83,74403.05
2025-04-21 00:00:00+08:00,300189.XSHE,4.14,4.3,4.13,4.25,1359096.94,57347.28
2025-04-22 00:00:00+08:00,300189.XSHE,4.28,4.58,4.22,4.57,2734835.94,119892.97
2025-04-23 00:00:00+08:00,300189.XSHE,4.41,4.44,4.2,4.21,2110979.47,90844.18
2025-04-24 00:00:00+08:00,300189.XSHE,4.11,4.21,3.98,4.01,1534196.0,62579.37
2025-04-25 00:00:00+08:00,300189.XSHE,4.0,4.05,3.87,3.88,1224282.0,48314.94
2025-04-28 00:00:00+08:00,300189.XSHE,3.95,4.09,3.89,3.92,1247066.47,49610.6
2025-04-29 00:00:00+08:00,300189.XSHE,3.9,3.99,3.83,3.93,876747.5,34430.39
2025-04-30 00:00:00+08:00,300189.XSHE,3.95,4.02,3.93,3.95,754948.5,29924.81
2025-05-06 00:00:00+08:00,300189.XSHE,3.98,4.11,3.96,4.11,1125082.0,45829.72
2025-05-07 00:00:00+08:00,300189.XSHE,4.18,4.63,4.06,4.46,2869056.81,123569.18
2025-05-08 00:00:00+08:00,300189.XSHE,4.3,4.44,4.23,4.38,1842737.31,80021.27
2025-05-09 00:00:00+08:00,300189.XSHE,4.45,4.68,4.31,4.34,2265860.25,101859.44
2025-05-12 00:00:00+08:00,300189.XSHE,4.29,4.32,4.15,4.23,1674696.0,70474.55
2025-05-13 00:00:00+08:00,300189.XSHE,4.2,4.29,4.15,4.18,1138782.0,47872.71
2025-05-14 00:00:00+08:00,300189.XSHE,4.18,4.34,4.12,4.28,1568632.98,66789.97
2025-05-15 00:00:00+08:00,300189.XSHE,4.25,4.51,4.18,4.43,2164192.99,94690.02
2025-05-16 00:00:00+08:00,300189.XSHE,4.35,4.38,4.21,4.24,1371483.02,58338.66
2025-05-19 00:00:00+08:00,300189.XSHE,4.23,4.3,4.18,4.28,931157.26,39616.69
2025-05-20 00:00:00+08:00,300189.XSHE,4.24,4.43,4.23,4.35,1215093.66,52985.26
2025-05-21 00:00:00+08:00,300189.XSHE,4.33,4.48,4.24,4.41,1437310.05,62607.64
2025-05-22 00:00:00+08:00,300189.XSHE,4.34,4.57,4.32,4.43,1847264.55,82758.74
2025-05-23 00:00:00+08:00,300189.XSHE,4.35,4.39,4.15,4.21,1478434.74,62538.79
2025-05-26 00:00:00+08:00,300189.XSHE,4.16,4.2,4.12,4.19,637630.49,26532.03
2025-05-27 00:00:00+08:00,300189.XSHE,4.19,4.3,4.15,4.28,906095.76,38453.01
2025-05-28 00:00:00+08:00,300189.XSHE,4.24,4.27,4.13,4.15,801800.67,33427.38
2025-05-29 00:00:00+08:00,300189.XSHE,4.13,4.22,4.08,4.18,717836.87,29925.04
2025-05-30 00:00:00+08:00,300189.XSHE,4.2,4.26,4.15,4.16,734461.5,30887.59
2025-06-03 00:00:00+08:00,300189.XSHE,4.12,4.27,4.09,4.23,828499.29,34976.05
2025-06-04 00:00:00+08:00,300189.XSHE,4.22,4.39,4.14,4.34,1267846.47,54118.54
2025-06-05 00:00:00+08:00,300189.XSHE,4.3,4.39,4.24,4.29,1011977.17,43559.11
2025-06-06 00:00:00+08:00,300189.XSHE,4.27,4.47,4.27,4.34,1543442.0,67560.93
2025-06-09 00:00:00+08:00,300189.XSHE,4.29,4.38,4.26,4.34,991651.0,42868.94
2025-06-10 00:00:00+08:00,300189.XSHE,4.33,5.08,4.23,4.7,3018202.82,139892.92
2025-06-11 00:00:00+08:00,300189.XSHE,4.48,4.7,4.48,4.65,2130177.94,98039.17
2025-06-12 00:00:00+08:00,300189.XSHE,4.56,4.61,4.4,4.47,1682496.01,75016.69
2025-06-13 00:00:00+08:00,300189.XSHE,4.48,4.64,4.38,4.38,1736640.0,78604.93
2025-06-16 00:00:00+08:00,300189.XSHE,4.31,4.43,4.31,4.4,1044865.03,45766.44
2025-06-17 00:00:00+08:00,300189.XSHE,4.38,4.53,4.37,4.5,1390946.02,62183.02
2025-06-18 00:00:00+08:00,300189.XSHE,4.47,4.59,4.39,4.43,1256256.53,56266.11
2025-06-19 00:00:00+08:00,300189.XSHE,4.4,4.42,4.18,4.19,1120918.0,47972.91
2025-06-20 00:00:00+08:00,300189.XSHE,4.22,4.28,4.18,4.23,650590.98,27527.17
2025-06-23 00:00:00+08:00,300189.XSHE,4.2,4.32,4.14,4.32,755315.58,32254.1
2025-06-24 00:00:00+08:00,300189.XSHE,4.29,4.39,4.26,4.37,833561.05,36197.08
2025-06-25 00:00:00+08:00,300189.XSHE,4.34,4.41,4.28,4.41,1091943.81,47576.33
2025-06-26 00:00:00+08:00,300189.XSHE,4.39,4.47,4.35,4.45,1193435.02,52649.72
2025-06-27 00:00:00+08:00,300189.XSHE,4.44,4.45,4.37,4.38,758577.55,33427.13
2025-06-30 00:00:00+08:00,300189.XSHE,4.39,4.43,4.36,4.42,802712.74,35289.58
2025-07-01 00:00:00+08:00,300189.XSHE,4.41,4.5,4.39,4.48,1012862.0,45165.8
2025-07-02 00:00:00+08:00,300189.XSHE,4.47,4.65,4.44,4.57,1598206.17,72897.74
2025-07-03 00:00:00+08:00,300189.XSHE,4.52,4.62,4.47,4.58,1111297.0,50692.96
2025-07-04 00:00:00+08:00,300189.XSHE,4.55,4.97,4.47,4.7,2356198.0,110595.78
2025-07-07 00:00:00+08:00,300189.XSHE,4.68,4.81,4.58,4.79,1737253.05,82165.68
2025-07-08 00:00:00+08:00,300189.XSHE,4.72,4.8,4.68,4.76,1497508.5,70815.03
2025-07-09 00:00:00+08:00,300189.XSHE,4.71,4.75,4.6,4.62,1427706.12,66609.04
2025-07-10 00:00:00+08:00,300189.XSHE,4.6,4.66,4.55,4.59,1009193.5,46378.91
2025-07-11 00:00:00+08:00,300189.XSHE,4.59,4.67,4.52,4.58,832305.37,38172.38
2025-07-14 00:00:00+08:00,300189.XSHE,4.57,4.63,4.54,4.59,581086.42,26640.44
2025-07-15 00:00:00+08:00,300189.XSHE,4.58,4.59,4.39,4.44,941251.0,41944.53
2025-07-16 00:00:00+08:00,300189.XSHE,4.45,4.55,4.41,4.5,681239.0,30675.84
2025-07-17 00:00:00+08:00,300189.XSHE,4.48,4.59,4.47,4.59,728609.42,33213.01
2025-07-18 00:00:00+08:00,300189.XSHE,4.59,4.68,4.56,4.64,780493.0,36005.88
2025-07-21 00:00:00+08:00,300189.XSHE,4.6,4.85,4.58,4.72,1641286.01,77551.32
2025-07-22 00:00:00+08:00,300189.XSHE,4.74,4.81,4.65,4.81,1561981.93,73986.77
2025-07-23 00:00:00+08:00,300189.XSHE,4.79,4.8,4.53,4.56,1762571.62,81732.78
2025-07-24 00:00:00+08:00,300189.XSHE,4.57,5.47,4.55,5.47,4757018.71,243560.64
2025-07-25 00:00:00+08:00,300189.XSHE,5.45,5.45,4.91,4.94,3506697.96,176305.33
2025-07-28 00:00:00+08:00,300189.XSHE,4.97,4.98,4.8,4.84,1941471.36,94452.71
2025-07-29 00:00:00+08:00,300189.XSHE,4.89,4.91,4.74,4.78,1203246.15,57540.08
2025-07-30 00:00:00+08:00,300189.XSHE,4.76,5.0,4.75,4.94,2558918.5,124734.0
2025-07-31 00:00:00+08:00,300189.XSHE,4.88,4.88,4.74,4.75,1558935.76,74695.32
2025-08-01 00:00:00+08:00,300189.XSHE,4.7,4.76,4.67,4.72,886443.38,41736.54
2025-08-04 00:00:00+08:00,300189.XSHE,4.65,4.74,4.62,4.71,692635.56,32567.56
2025-08-05 00:00:00+08:00,300189.XSHE,4.78,4.88,4.75,4.84,1343268.96,64748.12
2025-08-06 00:00:00+08:00,300189.XSHE,4.8,4.82,4.75,4.81,966853.18,46241.55
2025-08-07 00:00:00+08:00,300189.XSHE,4.8,5.05,4.77,4.97,2098643.44,103822.77
2025-08-08 00:00:00+08:00,300189.XSHE,4.9,5.0,4.88,4.95,1324508.26,65348.09
2025-08-11 00:00:00+08:00,300189.XSHE,4.93,4.98,4.86,4.98,1231040.26,60610.86
2025-08-12 00:00:00+08:00,300189.XSHE,4.93,5.09,4.88,4.9,1328646.16,65616.11
2025-08-13 00:00:00+08:00,300189.XSHE,4.9,4.93,4.85,4.91,916639.92,44769.66
2025-08-14 00:00:00+08:00,300189.XSHE,4.89,4.91,4.75,4.78,1026651.28,49568.65
2025-08-15 00:00:00+08:00,300189.XSHE,4.78,4.88,4.77,4.85,833610.96,40289.95
2025-08-18 00:00:00+08:00,300189.XSHE,4.85,4.98,4.84,4.97,1344057.72,66495.93
2025-08-19 00:00:00+08:00,300189.XSHE,4.97,5.04,4.92,4.95,996056.64,49483.43
2025-08-20 00:00:00+08:00,300189.XSHE,4.93,5.03,4.9,4.98,1303301.27,64783.81
2025-08-21 00:00:00+08:00,300189.XSHE,4.94,5.18,4.93,5.01,1722877.79,87044.88
2025-08-22 00:00:00+08:00,300189.XSHE,4.99,5.05,4.89,4.97,1211692.14,59801.01
2025-08-25 00:00:00+08:00,300189.XSHE,4.96,5.08,4.94,5.05,1361159.88,68408.5
2025-08-26 00:00:00+08:00,300189.XSHE,5.04,5.1,5.0,5.05,1115046.12,56384.04
2025-08-27 00:00:00+08:00,300189.XSHE,5.01,5.28,4.91,5.18,2433504.0,123010.0
2025-08-28 00:00:00+08:00,300189.XSHE,5.08,5.15,4.96,5.04,1806731.84,91087.92
2025-08-29 00:00:00+08:00,300189.XSHE,5.01,5.31,4.99,5.08,1966167.55,101579.18
2025-09-01 00:00:00+08:00,300189.XSHE,5.03,5.1,4.9,5.0,1304617.95,65270.63
2025-09-02 00:00:00+08:00,300189.XSHE,4.99,5.25,4.92,5.06,1899266.29,96369.23
2025-09-03 00:00:00+08:00,300189.XSHE,5.03,5.15,4.77,4.81,1614009.8,80022.83
2025-09-04 00:00:00+08:00,300189.XSHE,4.77,4.77,4.56,4.62,1174623.7,54761.38
2025-09-05 00:00:00+08:00,300189.XSHE,4.61,4.66,4.44,4.63,984633.05,44805.01
2025-09-08 00:00:00+08:00,300189.XSHE,4.63,4.75,4.61,4.69,771329.66,36156.99
2025-09-09 00:00:00+08:00,300189.XSHE,4.7,4.74,4.56,4.58,688013.73,31797.15
2025-09-10 00:00:00+08:00,300189.XSHE,4.58,4.64,4.55,4.64,624429.64,28687.45
2025-09-11 00:00:00+08:00,300189.XSHE,4.62,4.75,4.62,4.72,868396.93,40706.25
2025-09-12 00:00:00+08:00,300189.XSHE,4.7,4.78,4.66,4.69,837959.54,39521.94
2025-09-15 00:00:00+08:00,300189.XSHE,4.71,4.84,4.68,4.77,935099.93,44522.32
2025-09-16 00:00:00+08:00,300189.XSHE,4.73,4.77,4.66,4.76,791612.27,37246.54
2025-09-17 00:00:00+08:00,300189.XSHE,4.75,4.75,4.67,4.69,653681.08,30657.3
2025-09-18 00:00:00+08:00,300189.XSHE,4.69,4.74,4.53,4.59,804140.05,37409.73
2025-09-19 00:00:00+08:00,300189.XSHE,4.57,4.63,4.46,4.48,609603.83,27584.66
2025-09-22 00:00:00+08:00,300189.XSHE,4.48,4.5,4.38,4.43,473935.8,20962.53
2025-09-23 00:00:00+08:00,300189.XSHE,4.44,4.45,4.21,4.34,678387.85,29187.0
2025-09-24 00:00:00+08:00,300189.XSHE,4.33,4.38,4.29,4.37,384759.98,16780.71
2025-09-25 00:00:00+08:00,300189.XSHE,4.36,4.4,4.31,4.31,390100.29,16937.64
2025-09-26 00:00:00+08:00,300189.XSHE,4.32,4.42,4.32,4.36,547243.0,23984.0
2025-09-29 00:00:00+08:00,300189.XSHE,4.33,4.35,4.24,4.33,456310.4,19599.6
2025-09-30 00:00:00+08:00,300189.XSHE,4.32,4.39,4.32,4.37,365359.18,15940.05
2025-10-09 00:00:00+08:00,300189.XSHE,4.36,4.42,4.33,4.42,443835.13,19426.09
2025-10-10 00:00:00+08:00,300189.XSHE,4.42,4.51,4.41,4.46,553486.3,24724.55
2025-10-13 00:00:00+08:00,300189.XSHE,4.85,5.15,4.63,4.68,2159004.89,104238.77
2025-10-14 00:00:00+08:00,300189.XSHE,4.6,4.88,4.58,4.81,2057083.2,97353.85
2025-10-15 00:00:00+08:00,300189.XSHE,4.66,4.68,4.58,4.64,1271183.19,58810.85
2025-10-16 00:00:00+08:00,300189.XSHE,4.65,4.78,4.62,4.69,1099588.02,51563.88
2025-10-17 00:00:00+08:00,300189.XSHE,4.65,4.92,4.61,4.71,1466026.86,69479.74
2025-10-20 00:00:00+08:00,300189.XSHE,4.62,4.78,4.59,4.66,1037823.87,48689.64
2025-10-21 00:00:00+08:00,300189.XSHE,4.65,4.72,4.53,4.7,1005127.18,46700.3
2025-10-22 00:00:00+08:00,300189.XSHE,4.67,4.75,4.55,4.55,867713.92,40013.49
2025-10-23 00:00:00+08:00,300189.XSHE,4.51,4.58,4.44,4.52,654026.0,29534.75
2025-10-24 00:00:00+08:00,300189.XSHE,4.52,4.63,4.48,4.56,645584.98,29498.64
2025-10-27 00:00:00+08:00,300189.XSHE,4.52,4.56,4.49,4.51,581982.75,26255.22
2025-10-28 00:00:00+08:00,300189.XSHE,4.49,4.56,4.47,4.55,461202.33,20905.0
2025-10-29 00:00:00+08:00,300189.XSHE,4.63,4.86,4.6,4.74,1740944.27,82574.71
2025-10-30 00:00:00+08:00,300189.XSHE,4.72,4.88,4.67,4.81,1521857.84,72525.67
2025-10-31 00:00:00+08:00,300189.XSHE,4.72,4.95,4.7,4.86,1444994.21,69883.8
2025-11-03 00:00:00+08:00,300189.XSHE,4.84,5.22,4.82,5.09,2067673.03,104425.84
2025-11-04 00:00:00+08:00,300189.XSHE,5.05,5.37,5.0,5.16,2228474.55,115007.31
2025-11-05 00:00:00+08:00,300189.XSHE,5.13,5.66,5.1,5.44,2859849.93,154721.11
2025-11-06 00:00:00+08:00,300189.XSHE,5.32,5.42,5.13,5.2,2193510.98,114391.83
2025-11-07 00:00:00+08:00,300189.XSHE,5.41,5.49,5.14,5.14,1792403.2,94316.15
2025-11-10 00:00:00+08:00,300189.XSHE,5.13,5.35,5.07,5.22,1473942.65,77067.12
2025-11-11 00:00:00+08:00,300189.XSHE,5.19,5.33,5.16,5.27,1138496.89,59895.2
2025-11-12 00:00:00+08:00,300189.XSHE,5.27,5.35,5.18,5.19,903391.98,47331.57
2025-11-13 00:00:00+08:00,300189.XSHE,5.18,5.35,5.15,5.3,949063.08,50107.96
2025-11-14 00:00:00+08:00,300189.XSHE,5.27,5.65,5.27,5.48,2056517.35,113676.32
2025-11-17 00:00:00+08:00,300189.XSHE,5.61,5.93,5.52,5.64,1988998.14,112887.97
2025-11-18 00:00:00+08:00,300189.XSHE,5.71,6.08,5.6,5.78,2288758.78,133188.64
2025-11-19 00:00:00+08:00,300189.XSHE,5.6,5.85,5.46,5.62,2051156.07,114889.29
2025-11-20 00:00:00+08:00,300189.XSHE,5.57,5.96,5.47,5.72,2360046.9,134044.75
2025-11-21 00:00:00+08:00,300189.XSHE,5.71,6.6,5.69,5.93,3795101.83,232891.59
2025-11-24 00:00:00+08:00,300189.XSHE,5.68,6.16,5.49,5.65,2678376.03,153070.81
2025-11-25 00:00:00+08:00,300189.XSHE,5.57,5.82,5.5,5.79,2421948.15,136704.79
2025-11-26 00:00:00+08:00,300189.XSHE,5.68,6.19,5.6,5.96,2750752.36,163540.45
2025-11-27 00:00:00+08:00,300189.XSHE,5.86,5.89,5.45,5.51,2092153.31,117273.62
2025-11-28 00:00:00+08:00,300189.XSHE,5.61,6.1,5.41,6.0,2864952.49,166857.92
2025-12-01 00:00:00+08:00,300189.XSHE,6.1,6.17,5.92,6.01,1950182.77,117643.81
2025-12-02 00:00:00+08:00,300189.XSHE,6.01,6.43,5.9,6.35,2623902.49,161647.87
2025-12-03 00:00:00+08:00,300189.XSHE,6.17,6.4,6.05,6.08,2212358.66,137156.29
2025-12-04 00:00:00+08:00,300189.XSHE,6.01,6.12,5.8,5.82,1714760.51,100959.54
2025-12-05 00:00:00+08:00,300189.XSHE,5.89,6.12,5.67,6.01,1874353.23,111887.45
2025-12-08 00:00:00+08:00,300189.XSHE,5.99,6.25,5.97,6.15,1618755.81,99713.52
2025-12-09 00:00:00+08:00,300189.XSHE,6.05,6.15,5.68,5.73,1940540.32,112842.35
2025-12-10 00:00:00+08:00,300189.XSHE,5.74,6.88,5.73,6.88,4549357.52,294015.79
2025-12-11 00:00:00+08:00,300189.XSHE,7.01,7.24,6.54,6.7,4023353.86,274918.77
2025-12-12 00:00:00+08:00,300189.XSHE,6.57,6.9,6.47,6.75,2847898.85,191878.76
2025-12-15 00:00:00+08:00,300189.XSHE,6.75,6.89,6.38,6.57,2227571.12,146870.64
2025-12-16 00:00:00+08:00,300189.XSHE,6.52,6.78,5.98,6.2,2418814.03,151829.03
2025-12-17 00:00:00+08:00,300189.XSHE,6.04,6.04,5.45,5.64,2055785.65,116167.14
2025-12-18 00:00:00+08:00,300189.XSHE,5.56,5.8,5.41,5.46,1641636.85,91560.77
2025-12-19 00:00:00+08:00,300189.XSHE,5.46,6.33,5.3,5.94,2631355.2,150920.01
2025-12-22 00:00:00+08:00,300189.XSHE,6.01,7.13,5.95,7.13,4034383.09,272000.86
2025-12-23 00:00:00+08:00,300189.XSHE,7.61,8.56,7.61,7.79,5509558.34,441217.52
2025-12-24 00:00:00+08:00,300189.XSHE,7.75,8.14,7.44,7.9,3664698.4,287781.32
2025-12-25 00:00:00+08:00,300189.XSHE,8.01,8.23,7.46,7.51,2766086.45,211659.51
2025-01-02 00:00:00+08:00,600221.XSHG,1.7,1.72,1.65,1.67,5190624.8,87187.42
2025-01-03 00:00:00+08:00,600221.XSHG,1.66,1.68,1.58,1.59,6645997.17,107205.07
2025-01-06 00:00:00+08:00,600221.XSHG,1.58,1.62,1.54,1.6,5065174.52,80499.09
2025-01-07 00:00:00+08:00,600221.XSHG,1.6,1.63,1.59,1.62,3919159.69,62922.82
2025-01-08 00:00:00+08:00,600221.XSHG,1.61,1.63,1.57,1.6,4331786.5,69241.29
2025-01-09 00:00:00+08:00,600221.XSHG,1.59,1.62,1.58,1.6,3154925.27,50478.34
2025-01-10 00:00:00+08:00,600221.XSHG,1.6,1.61,1.55,1.56,3400610.22,53757.79
2025-01-13 00:00:00+08:00,600221.XSHG,1.62,1.72,1.61,1.64,9584499.81,158807.18
2025-01-14 00:00:00+08:00,600221.XSHG,1.63,1.69,1.61,1.69,8112287.33,134623.52
2025-01-15 00:00:00+08:00,600221.XSHG,1.69,1.69,1.64,1.65,4789005.93,79480.5
2025-01-16 00:00:00+08:00,600221.XSHG,1.66,1.69,1.64,1.66,3892701.77,64760.92
2025-01-17 00:00:00+08:00,600221.XSHG,1.65,1.67,1.64,1.66,3062145.74,50792.53
2025-01-20 00:00:00+08:00,600221.XSHG,1.66,1.67,1.63,1.64,3563363.76,58862.07
2025-01-21 00:00:00+08:00,600221.XSHG,1.66,1.75,1.65,1.68,7259709.7,122912.44
2025-01-22 00:00:00+08:00,600221.XSHG,1.67,1.67,1.62,1.63,4779658.0,78529.27
2025-01-23 00:00:00+08:00,600221.XSHG,1.65,1.67,1.62,1.63,3480894.19,57245.23
2025-01-24 00:00:00+08:00,600221.XSHG,1.63,1.64,1.61,1.63,2861007.89,46534.8
2025-01-27 00:00:00+08:00,600221.XSHG,1.63,1.65,1.62,1.63,2190145.76,35785.79
2025-02-05 00:00:00+08:00,600221.XSHG,1.59,1.59,1.54,1.56,5406629.25,84464.5
2025-02-06 00:00:00+08:00,600221.XSHG,1.56,1.56,1.51,1.55,5298438.75,81360.34
2025-02-07 00:00:00+08:00,600221.XSHG,1.55,1.61,1.53,1.59,6353390.84,100358.01
2025-02-10 00:00:00+08:00,600221.XSHG,1.58,1.64,1.58,1.61,4730333.47,76038.39
2025-02-11 00:00:00+08:00,600221.XSHG,1.61,1.62,1.57,1.59,3440135.33,54518.29
2025-02-12 00:00:00+08:00,600221.XSHG,1.58,1.6,1.57,1.59,3298029.46,52230.66
2025-02-13 00:00:00+08:00,600221.XSHG,1.59,1.63,1.58,1.62,6427421.88,103313.24
2025-02-14 00:00:00+08:00,600221.XSHG,1.61,1.61,1.57,1.58,4542276.92,71972.86
2025-02-17 00:00:00+08:00,600221.XSHG,1.58,1.59,1.56,1.58,3605419.54,56812.12
2025-02-18 00:00:00+08:00,600221.XSHG,1.58,1.58,1.53,1.54,4288665.19,66671.77
2025-02-19 00:00:00+08:00,600221.XSHG,1.54,1.55,1.53,1.54,2789270.87,42993.03
2025-02-20 00:00:00+08:00,600221.XSHG,1.54,1.57,1.53,1.55,3376680.88,52441.11
2025-02-21 00:00:00+08:00,600221.XSHG,1.56,1.56,1.53,1.54,3116834.32,48040.82
2025-02-24 00:00:00+08:00,600221.XSHG,1.54,1.57,1.53,1.56,4478511.65,69745.35
2025-02-25 00:00:00+08:00,600221.XSHG,1.55,1.58,1.54,1.55,4126540.43,64372.4
2025-02-26 00:00:00+08:00,600221.XSHG,1.55,1.56,1.54,1.55,3004803.37,46585.64
2025-02-27 00:00:00+08:00,600221.XSHG,1.55,1.64,1.55,1.6,9747042.71,155808.37
2025-02-28 00:00:00+08:00,600221.XSHG,1.58,1.59,1.54,1.54,5440404.87,84790.52
2025-03-03 00:00:00+08:00,600221.XSHG,1.55,1.55,1.52,1.53,4124117.89,63169.53
2025-03-04 00:00:00+08:00,600221.XSHG,1.52,1.53,1.5,1.52,2996851.65,45403.62
2025-03-05 00:00:00+08:00,600221.XSHG,1.52,1.54,1.51,1.53,2865298.84,43683.05
2025-03-06 00:00:00+08:00,600221.XSHG,1.54,1.55,1.52,1.54,2988581.8,45977.74
2025-03-07 00:00:00+08:00,600221.XSHG,1.54,1.54,1.52,1.52,2306790.13,35257.44
2025-03-10 00:00:00+08:00,600221.XSHG,1.52,1.53,1.51,1.51,1816350.47,27542.0
2025-03-11 00:00:00+08:00,600221.XSHG,1.5,1.51,1.49,1.5,2970637.46,44550.69
2025-03-12 00:00:00+08:00,600221.XSHG,1.5,1.51,1.49,1.5,2286216.63,34315.37
2025-03-13 00:00:00+08:00,600221.XSHG,1.5,1.53,1.49,1.5,4113469.74,61845.55
2025-03-14 00:00:00+08:00,600221.XSHG,1.49,1.52,1.49,1.51,3461334.94,52124.24
2025-03-17 00:00:00+08:00,600221.XSHG,1.51,1.54,1.51,1.52,2893256.91,44066.06
2025-03-18 00:00:00+08:00,600221.XSHG,1.52,1.53,1.5,1.52,2099825.44,31745.69
2025-03-19 00:00:00+08:00,600221.XSHG,1.52,1.52,1.5,1.51,1599455.2,24132.29
2025-03-20 00:00:00+08:00,600221.XSHG,1.51,1.52,1.5,1.5,1763269.91,26598.61
2025-03-21 00:00:00+08:00,600221.XSHG,1.5,1.51,1.48,1.49,2992973.15,44746.05
2025-03-24 00:00:00+08:00,600221.XSHG,1.49,1.49,1.45,1.47,3115712.59,45866.54
2025-03-25 00:00:00+08:00,600221.XSHG,1.46,1.49,1.46,1.48,2610982.98,38520.99
2025-03-26 00:00:00+08:00,600221.XSHG,1.47,1.49,1.47,1.47,1558028.34,22996.1
2025-03-27 00:00:00+08:00,600221.XSHG,1.47,1.48,1.46,1.46,1452196.67,21312.76
2025-03-28 00:00:00+08:00,600221.XSHG,1.46,1.47,1.44,1.44,2394074.57,34685.44
2025-03-31 00:00:00+08:00,600221.XSHG,1.44,1.44,1.39,1.4,3287189.0,46315.94
2025-04-01 00:00:00+08:00,600221.XSHG,1.4,1.45,1.4,1.42,3359343.88,47932.89
2025-04-02 00:00:00+08:00,600221.XSHG,1.42,1.44,1.42,1.43,1627547.63,23221.6
2025-04-03 00:00:00+08:00,600221.XSHG,1.41,1.44,1.41,1.44,1920736.75,27439.05
2025-04-07 00:00:00+08:00,600221.XSHG,1.41,1.41,1.3,1.3,4898614.64,65486.18
2025-04-08 00:00:00+08:00,600221.XSHG,1.28,1.34,1.27,1.33,4319464.8,56807.37
2025-04-09 00:00:00+08:00,600221.XSHG,1.31,1.44,1.28,1.38,6068856.11,81770.23
2025-04-10 00:00:00+08:00,600221.XSHG,1.39,1.42,1.37,1.38,4033201.26,56153.02
2025-04-11 00:00:00+08:00,600221.XSHG,1.38,1.4,1.37,1.38,2396637.84,33142.07
2025-04-14 00:00:00+08:00,600221.XSHG,1.39,1.45,1.38,1.42,4531227.38,64131.53
2025-04-15 00:00:00+08:00,600221.XSHG,1.41,1.42,1.38,1.38,2539062.92,35370.63
2025-04-16 00:00:00+08:00,600221.XSHG,1.39,1.4,1.36,1.37,2597496.04,35761.17
2025-04-17 00:00:00+08:00,600221.XSHG,1.36,1.39,1.35,1.37,1712020.72,23504.05
2025-04-18 00:00:00+08:00,600221.XSHG,1.37,1.38,1.35,1.37,1496752.0,20392.69
2025-04-21 00:00:00+08:00,600221.XSHG,1.36,1.37,1.35,1.36,1166621.76,15901.0
2025-04-22 00:00:00+08:00,600221.XSHG,1.37,1.38,1.36,1.37,1647586.68,22594.24
2025-04-23 00:00:00+08:00,600221.XSHG,1.37,1.38,1.36,1.36,1020166.17,13924.94
2025-04-24 00:00:00+08:00,600221.XSHG,1.37,1.37,1.34,1.35,1812576.44,24531.72
2025-04-25 00:00:00+08:00,600221.XSHG,1.35,1.38,1.34,1.36,2533755.55,34543.11
2025-04-28 00:00:00+08:00,600221.XSHG,1.36,1.37,1.34,1.34,2134256.1,28794.0
2025-04-29 00:00:00+08:00,600221.XSHG,1.34,1.35,1.32,1.33,2432913.17,32426.14
2025-04-30 00:00:00+08:00,600221.XSHG,1.32,1.35,1.32,1.34,2241879.21,30060.08
2025-05-06 00:00:00+08:00,600221.XSHG,1.36,1.4,1.36,1.38,3619911.08,49857.93
2025-05-07 00:00:00+08:00,600221.XSHG,1.39,1.4,1.36,1.36,2355995.94,32327.38
2025-05-08 00:00:00+08:00,600221.XSHG,1.36,1.38,1.36,1.37,1884853.7,25773.69
2025-05-09 00:00:00+08:00,600221.XSHG,1.36,1.37,1.34,1.34,2340008.46,31585.78
2025-05-12 00:00:00+08:00,600221.XSHG,1.35,1.36,1.34,1.36,1849146.93,25007.28
2025-05-13 00:00:00+08:00,600221.XSHG,1.37,1.38,1.36,1.36,2474756.88,33904.59
2025-05-14 00:00:00+08:00,600221.XSHG,1.37,1.39,1.35,1.37,3130404.72,42828.9
2025-05-15 00:00:00+08:00,600221.XSHG,1.38,1.39,1.35,1.36,2666986.12,36485.95
2025-05-16 00:00:00+08:00,600221.XSHG,1.35,1.36,1.34,1.35,2339260.54,31584.57
2025-05-19 00:00:00+08:00,600221.XSHG,1.35,1.37,1.34,1.36,2028267.72,27493.82
2025-05-20 00:00:00+08:00,600221.XSHG,1.36,1.37,1.35,1.36,1503967.4,20450.53
2025-05-21 00:00:00+08:00,600221.XSHG,1.36,1.38,1.36,1.37,2385010.98,32639.09
2025-05-22 00:00:00+08:00,600221.XSHG,1.37,1.38,1.35,1.36,2410899.44,32895.91
2025-05-23 00:00:00+08:00,600221.XSHG,1.35,1.36,1.33,1.34,2476245.72,33306.8
2025-05-26 00:00:00+08:00,600221.XSHG,1.33,1.36,1.33,1.35,2056740.92,27675.28
2025-05-27 00:00:00+08:00,600221.XSHG,1.34,1.35,1.34,1.34,802026.09,10764.87
2025-05-28 00:00:00+08:00,600221.XSHG,1.35,1.36,1.34,1.34,1801580.23,24284.07
2025-05-29 00:00:00+08:00,600221.XSHG,1.34,1.36,1.33,1.35,2229104.1,30035.4
2025-05-30 00:00:00+08:00,600221.XSHG,1.35,1.36,1.34,1.35,2238840.48,30220.2
2025-06-03 00:00:00+08:00,600221.XSHG,1.34,1.35,1.34,1.34,1124773.87,15097.33
2025-06-04 00:00:00+08:00,600221.XSHG,1.34,1.35,1.33,1.34,1446401.23,19396.58
2025-06-05 00:00:00+08:00,600221.XSHG,1.34,1.35,1.33,1.34,1181412.24,15818.02
2025-06-06 00:00:00+08:00,600221.XSHG,1.34,1.37,1.33,1.35,3464014.96,46805.06
2025-06-09 00:00:00+08:00,600221.XSHG,1.41,1.45,1.38,1.38,7253441.68,102368.04
2025-06-10 00:00:00+08:00,600221.XSHG,1.37,1.39,1.35,1.38,4284897.28,58760.19
2025-06-11 00:00:00+08:00,600221.XSHG,1.37,1.38,1.36,1.37,1604105.73,21998.53
2025-06-12 00:00:00+08:00,600221.XSHG,1.37,1.37,1.35,1.35,1584033.7,21447.71
2025-06-13 00:00:00+08:00,600221.XSHG,1.34,1.35,1.32,1.32,4243485.32,56529.92
2025-06-16 00:00:00+08:00,600221.XSHG,1.32,1.33,1.32,1.32,1119598.87,14830.96
2025-06-17 00:00:00+08:00,600221.XSHG,1.32,1.33,1.32,1.33,1069310.39,14172.49
2025-06-18 00:00:00+08:00,600221.XSHG,1.32,1.33,1.32,1.32,1129167.11,14936.61
2025-06-19 00:00:00+08:00,600221.XSHG,1.32,1.33,1.3,1.3,2073512.68,27128.72
2025-06-20 00:00:00+08:00,600221.XSHG,1.3,1.31,1.3,1.3,1070098.56,13927.11
2025-06-23 00:00:00+08:00,600221.XSHG,1.29,1.31,1.29,1.3,1799455.69,23348.65
2025-06-24 00:00:00+08:00,600221.XSHG,1.3,1.33,1.3,1.32,2278622.89,30045.22
2025-06-25 00:00:00+08:00,600221.XSHG,1.32,1.33,1.31,1.33,1545943.44,20426.57
2025-06-26 00:00:00+08:00,600221.XSHG,1.33,1.33,1.32,1.32,1222296.52,16190.03
2025-06-27 00:00:00+08:00,600221.XSHG,1.32,1.34,1.32,1.33,2478781.82,33063.18
2025-06-30 00:00:00+08:00,600221.XSHG,1.34,1.35,1.33,1.34,1427808.94,19106.72
2025-07-01 00:00:00+08:00,600221.XSHG,1.33,1.34,1.33,1.33,1127864.92,15038.06
2025-07-02 00:00:00+08:00,600221.XSHG,1.34,1.36,1.32,1.35,3271058.7,43899.64
2025-07-03 00:00:00+08:00,600221.XSHG,1.34,1.35,1.34,1.34,913812.26,12284.72
2025-07-04 00:00:00+08:00,600221.XSHG,1.35,1.37,1.34,1.35,2677070.59,36312.2
2025-07-07 00:00:00+08:00,600221.XSHG,1.35,1.37,1.34,1.35,1563008.12,21179.5
2025-07-08 00:00:00+08:00,600221.XSHG,1.36,1.37,1.35,1.36,1954329.49,26557.09
2025-07-09 00:00:00+08:00,600221.XSHG,1.36,1.42,1.36,1.39,5844992.53,81242.13
2025-07-10 00:00:00+08:00,600221.XSHG,1.38,1.41,1.37,1.41,3652052.79,51046.46
2025-07-11 00:00:00+08:00,600221.XSHG,1.41,1.43,1.4,1.4,3898322.91,55090.56
2025-07-14 00:00:00+08:00,600221.XSHG,1.41,1.42,1.4,1.41,2135100.0,30078.78
2025-07-15 00:00:00+08:00,600221.XSHG,1.41,1.42,1.37,1.38,3293227.59,45664.1
2025-07-16 00:00:00+08:00,600221.XSHG,1.38,1.41,1.37,1.4,3069874.93,42817.23
2025-07-17 00:00:00+08:00,600221.XSHG,1.39,1.42,1.38,1.41,2961159.3,41557.61
2025-07-18 00:00:00+08:00,600221.XSHG,1.41,1.43,1.4,1.41,2209771.86,31191.9
2025-07-21 00:00:00+08:00,600221.XSHG,1.41,1.5,1.4,1.47,7859693.07,113796.26
2025-07-22 00:00:00+08:00,600221.XSHG,1.49,1.52,1.45,1.52,8334792.42,124160.26
2025-07-23 00:00:00+08:00,600221.XSHG,1.52,1.59,1.47,1.48,11030121.96,169039.47
2025-07-24 00:00:00+08:00,600221.XSHG,1.49,1.63,1.49,1.63,9442932.1,148877.08
2025-07-25 00:00:00+08:00,600221.XSHG,1.69,1.7,1.57,1.6,18560987.92,303465.44
2025-07-28 00:00:00+08:00,600221.XSHG,1.59,1.63,1.54,1.54,8353865.39,131023.51
2025-07-29 00:00:00+08:00,600221.XSHG,1.54,1.56,1.52,1.53,4697331.99,72325.18
2025-07-30 00:00:00+08:00,600221.XSHG,1.53,1.58,1.52,1.54,6131617.63,94585.12
2025-07-31 00:00:00+08:00,600221.XSHG,1.53,1.53,1.47,1.48,5549224.99,82818.1
2025-08-01 00:00:00+08:00,600221.XSHG,1.48,1.5,1.47,1.48,2306115.28,34214.78
2025-08-04 00:00:00+08:00,600221.XSHG,1.48,1.51,1.47,1.5,2594803.69,38723.66
2025-08-05 00:00:00+08:00,600221.XSHG,1.5,1.54,1.49,1.52,4120566.56,62697.6
2025-08-06 00:00:00+08:00,600221.XSHG,1.52,1.53,1.5,1.52,3107165.62,46840.31
2025-08-07 00:00:00+08:00,600221.XSHG,1.51,1.52,1.5,1.51,2357352.94,35568.32
2025-08-08 00:00:00+08:00,600221.XSHG,1.51,1.54,1.5,1.52,3111411.72,47361.03
2025-08-11 00:00:00+08:00,600221.XSHG,1.52,1.54,1.51,1.53,2809674.27,42950.49
2025-08-12 00:00:00+08:00,600221.XSHG,1.54,1.54,1.52,1.52,1746741.01,26632.58
2025-08-13 00:00:00+08:00,600221.XSHG,1.53,1.53,1.51,1.52,2272355.5,34425.63
2025-08-14 00:00:00+08:00,600221.XSHG,1.52,1.52,1.48,1.48,3402448.03,50938.49
2025-08-15 00:00:00+08:00,600221.XSHG,1.48,1.51,1.48,1.51,2909285.82,43567.93
2025-08-18 00:00:00+08:00,600221.XSHG,1.51,1.54,1.5,1.53,4299581.32,65833.49
2025-08-19 00:00:00+08:00,600221.XSHG,1.53,1.54,1.52,1.53,2981898.66,45626.03
2025-08-20 00:00:00+08:00,600221.XSHG,1.53,1.54,1.51,1.53,2787098.42,42497.29
2025-08-21 00:00:00+08:00,600221.XSHG,1.53,1.62,1.52,1.57,7918745.04,123911.9
2025-08-22 00:00:00+08:00,600221.XSHG,1.55,1.57,1.53,1.56,4416043.29,68274.12
2025-08-25 00:00:00+08:00,600221.XSHG,1.56,1.6,1.56,1.59,5206442.87,82337.25
2025-08-26 00:00:00+08:00,600221.XSHG,1.58,1.62,1.57,1.61,5427708.87,87021.42
2025-08-27 00:00:00+08:00,600221.XSHG,1.61,1.65,1.57,1.57,6085213.0,97891.0
2025-08-28 00:00:00+08:00,600221.XSHG,1.58,1.61,1.54,1.58,5617672.97,88734.92
2025-08-29 00:00:00+08:00,600221.XSHG,1.6,1.62,1.58,1.59,4002306.68,63957.26
2025-09-01 00:00:00+08:00,600221.XSHG,1.59,1.62,1.57,1.59,4890048.34,77880.06
2025-09-02 00:00:00+08:00,600221.XSHG,1.59,1.62,1.56,1.58,5904443.79,93623.54
2025-09-03 00:00:00+08:00,600221.XSHG,1.58,1.58,1.52,1.53,4789324.55,73926.97
2025-09-04 00:00:00+08:00,600221.XSHG,1.53,1.54,1.5,1.51,3604049.3,54816.02
2025-09-05 00:00:00+08:00,600221.XSHG,1.52,1.56,1.5,1.55,4242771.86,64958.4
2025-09-08 00:00:00+08:00,600221.XSHG,1.56,1.61,1.56,1.59,5024554.52,79882.62
2025-09-09 00:00:00+08:00,600221.XSHG,1.59,1.6,1.57,1.58,2650795.69,41943.74
2025-09-10 00:00:00+08:00,600221.XSHG,1.57,1.6,1.57,1.58,2173550.7,34365.81
2025-09-11 00:00:00+08:00,600221.XSHG,1.58,1.59,1.56,1.58,3479794.17,54686.64
2025-09-12 00:00:00+08:00,600221.XSHG,1.59,1.62,1.58,1.61,6381433.21,102278.46
2025-09-15 00:00:00+08:00,600221.XSHG,1.6,1.66,1.6,1.62,6047976.36,98315.24
2025-09-16 00:00:00+08:00,600221.XSHG,1.63,1.69,1.62,1.69,10232928.12,170243.94
2025-09-17 00:00:00+08:00,600221.XSHG,1.68,1.74,1.66,1.71,8808298.21,149645.7
2025-09-18 00:00:00+08:00,600221.XSHG,1.7,1.86,1.69,1.73,15530702.58,274334.85
2025-09-19 00:00:00+08:00,600221.XSHG,1.72,1.74,1.64,1.66,9195686.0,153822.06
2025-09-22 00:00:00+08:00,600221.XSHG,1.65,1.67,1.62,1.64,5131951.37,84082.82
2025-09-23 00:00:00+08:00,600221.XSHG,1.63,1.64,1.58,1.6,5649526.18,90436.75
2025-09-24 00:00:00+08:00,600221.XSHG,1.59,1.63,1.58,1.6,3838858.22,61482.74
2025-09-25 00:00:00+08:00,600221.XSHG,1.6,1.61,1.58,1.58,3090563.33,49147.71
2025-09-26 00:00:00+08:00,600221.XSHG,1.58,1.6,1.56,1.59,3294427.0,52107.0
2025-09-29 00:00:00+08:00,600221.XSHG,1.58,1.6,1.56,1.6,3594135.55,56845.1
2025-09-30 00:00:00+08:00,600221.XSHG,1.6,1.63,1.59,1.62,4053740.77,65444.83
2025-10-09 00:00:00+08:00,600221.XSHG,1.62,1.65,1.61,1.64,4604367.46,75192.08
2025-10-10 00:00:00+08:00,600221.XSHG,1.64,1.69,1.63,1.64,4465918.32,73778.47
2025-10-13 00:00:00+08:00,600221.XSHG,1.59,1.63,1.58,1.62,4310166.2,69205.74
2025-10-14 00:00:00+08:00,600221.XSHG,1.63,1.68,1.63,1.63,5367327.31,88524.96
2025-10-15 00:00:00+08:00,600221.XSHG,1.63,1.68,1.63,1.67,5192537.0,85901.81
2025-10-16 00:00:00+08:00,600221.XSHG,1.67,1.7,1.65,1.7,7565692.25,126767.48
2025-10-17 00:00:00+08:00,600221.XSHG,1.69,1.73,1.67,1.68,8077685.77,136986.83
2025-10-20 00:00:00+08:00,600221.XSHG,1.7,1.77,1.69,1.74,9252138.87,160443.48
2025-10-21 00:00:00+08:00,600221.XSHG,1.74,1.75,1.69,1.74,7930439.09,136469.95
2025-10-22 00:00:00+08:00,600221.XSHG,1.74,1.75,1.7,1.72,5234847.38,89951.5
2025-10-23 00:00:00+08:00,600221.XSHG,1.71,1.72,1.68,1.7,4337643.75,73726.75
2025-10-24 00:00:00+08:00,600221.XSHG,1.71,1.73,1.67,1.68,4466901.29,75644.84
2025-10-27 00:00:00+08:00,600221.XSHG,1.69,1.7,1.67,1.68,3633845.1,61136.76
2025-10-28 00:00:00+08:00,600221.XSHG,1.69,1.72,1.68,1.69,4165221.19,70585.38
2025-10-29 00:00:00+08:00,600221.XSHG,1.7,1.78,1.69,1.75,8839983.61,153878.58
2025-10-30 00:00:00+08:00,600221.XSHG,1.74,1.75,1.72,1.74,5161026.93,89653.14
2025-10-31 00:00:00+08:00,600221.XSHG,1.79,1.82,1.75,1.77,8806183.27,156725.6
2025-11-03 00:00:00+08:00,600221.XSHG,1.78,1.84,1.77,1.83,10257208.21,186171.51
2025-11-04 00:00:00+08:00,600221.XSHG,1.83,1.88,1.79,1.81,8767864.4,160447.12
2025-11-05 00:00:00+08:00,600221.XSHG,1.8,1.93,1.78,1.87,13966047.5,260841.51
2025-11-06 00:00:00+08:00,600221.XSHG,1.86,1.89,1.79,1.8,10532798.07,191832.86
2025-11-07 00:00:00+08:00,600221.XSHG,1.86,1.88,1.8,1.83,9101456.44,167453.11
2025-11-10 00:00:00+08:00,600221.XSHG,1.82,1.87,1.8,1.84,8018695.04,147699.7
2025-11-11 00:00:00+08:00,600221.XSHG,1.84,1.85,1.81,1.83,5722798.8,104624.44
2025-11-12 00:00:00+08:00,600221.XSHG,1.82,1.86,1.79,1.85,8876334.73,161754.78
2025-11-13 00:00:00+08:00,600221.XSHG,1.85,1.91,1.84,1.87,7282421.26,136627.47
2025-11-14 00:00:00+08:00,600221.XSHG,1.88,1.92,1.88,1.9,9858428.08,187895.73
2025-11-17 00:00:00+08:00,600221.XSHG,1.9,1.91,1.85,1.87,6655793.13,124618.08
2025-11-18 00:00:00+08:00,600221.XSHG,1.86,1.89,1.8,1.81,7241553.52,132671.47
2025-11-19 00:00:00+08:00,600221.XSHG,1.8,1.82,1.74,1.76,6771148.29,119912.66
2025-11-20 00:00:00+08:00,600221.XSHG,1.76,1.81,1.76,1.77,5377436.84,95711.03
2025-11-21 00:00:00+08:00,600221.XSHG,1.75,1.76,1.69,1.69,6522960.65,112373.66
2025-11-24 00:00:00+08:00,600221.XSHG,1.7,1.72,1.65,1.67,5173937.33,86778.26
2025-11-25 00:00:00+08:00,600221.XSHG,1.68,1.7,1.66,1.69,4008965.42,67478.61
2025-11-26 00:00:00+08:00,600221.XSHG,1.69,1.75,1.68,1.71,5074482.93,87223.58
2025-11-27 00:00:00+08:00,600221.XSHG,1.72,1.73,1.68,1.69,3850614.64,65382.54
2025-11-28 00:00:00+08:00,600221.XSHG,1.69,1.74,1.67,1.73,4721781.45,80635.42
2025-12-01 00:00:00+08:00,600221.XSHG,1.72,1.77,1.72,1.76,5630273.0,98485.66
2025-12-02 00:00:00+08:00,600221.XSHG,1.77,1.77,1.72,1.76,4816438.44,84220.45
2025-12-03 00:00:00+08:00,600221.XSHG,1.75,1.78,1.74,1.77,4367478.57,77173.8
2025-12-04 00:00:00+08:00,600221.XSHG,1.77,1.78,1.73,1.76,4489348.02,78817.95
2025-12-05 00:00:00+08:00,600221.XSHG,1.75,1.77,1.73,1.77,3457967.33,60555.9
2025-12-08 00:00:00+08:00,600221.XSHG,1.77,1.8,1.76,1.79,4312834.71,76837.63
2025-12-09 00:00:00+08:00,600221.XSHG,1.78,1.79,1.72,1.73,5498494.6,95865.21
2025-12-10 00:00:00+08:00,600221.XSHG,1.73,1.82,1.73,1.8,8320903.64,148304.94
2025-12-11 00:00:00+08:00,600221.XSHG,1.78,1.79,1.73,1.73,6433531.32,112718.37
2025-12-12 00:00:00+08:00,600221.XSHG,1.74,1.75,1.72,1.73,3889059.51,67326.29
2025-12-15 00:00:00+08:00,600221.XSHG,1.73,1.76,1.7,1.75,4071321.11,70673.51
2025-12-16 00:00:00+08:00,600221.XSHG,1.74,1.77,1.71,1.72,4224347.9,73109.87
2025-12-17 00:00:00+08:00,600221.XSHG,1.72,1.75,1.69,1.75,4604803.18,79648.26
2025-12-18 00:00:00+08:00,600221.XSHG,1.74,1.74,1.68,1.69,5232344.57,89383.54
2025-12-19 00:00:00+08:00,600221.XSHG,1.69,1.75,1.66,1.73,7774252.78,132512.99
2025-12-22 00:00:00+08:00,600221.XSHG,1.75,1.9,1.75,1.9,25080584.69,469993.28
2025-12-23 00:00:00+08:00,600221.XSHG,1.88,1.91,1.78,1.8,22093764.6,405944.65
2025-12-24 00:00:00+08:00,600221.XSHG,1.77,1.81,1.75,1.79,9974132.97,177533.1
2025-12-25 00:00:00+08:00,600221.XSHG,1.8,1.8,1.75,1.76,7262037.11,128163.78
2025-01-02 00:00:00+08:00,600238.XSHG,7.52,7.99,7.52,7.79,323384.3,25272.92
2025-01-03 00:00:00+08:00,600238.XSHG,7.79,7.8,7.22,7.38,229972.78,16902.45
2025-01-06 00:00:00+08:00,600238.XSHG,7.1,7.21,6.75,6.94,192188.23,13387.47
2025-01-07 00:00:00+08:00,600238.XSHG,6.9,7.11,6.87,7.11,128011.5,8944.9
2025-01-08 00:00:00+08:00,600238.XSHG,7.1,7.18,6.9,7.05,121213.0,8539.61
2025-01-09 00:00:00+08:00,600238.XSHG,6.98,7.08,6.95,7.02,89700.36,6296.51
2025-01-10 00:00:00+08:00,600238.XSHG,7.0,7.01,6.77,6.77,120507.42,8276.16
2025-01-13 00:00:00+08:00,600238.XSHG,6.73,6.94,6.66,6.89,96242.46,6599.02
2025-01-14 00:00:00+08:00,600238.XSHG,6.91,7.15,6.91,7.15,143560.46,10109.5
2025-01-15 00:00:00+08:00,600238.XSHG,7.14,7.21,7.04,7.18,113623.0,8097.25
2025-01-16 00:00:00+08:00,600238.XSHG,7.17,7.29,7.07,7.15,115361.0,8283.5
2025-01-17 00:00:00+08:00,600238.XSHG,7.15,7.22,7.05,7.07,96891.0,6888.96
2025-01-20 00:00:00+08:00,600238.XSHG,6.36,6.36,6.36,6.36,129274.0,8221.83
2025-01-21 00:00:00+08:00,600238.XSHG,5.9,6.3,5.9,6.27,448451.38,27061.85
2025-01-22 00:00:00+08:00,600238.XSHG,5.93,5.93,5.66,5.68,320925.01,18600.5
2025-01-23 00:00:00+08:00,600238.XSHG,5.71,5.79,5.47,5.5,289531.69,16217.35
2025-01-24 00:00:00+08:00,600238.XSHG,5.47,5.63,5.29,5.5,274033.74,14813.82
2025-01-27 00:00:00+08:00,600238.XSHG,5.48,5.49,5.32,5.35,139095.0,7500.17
2025-02-05 00:00:00+08:00,600238.XSHG,5.35,5.53,5.28,5.51,184106.0,10017.18
2025-02-06 00:00:00+08:00,600238.XSHG,5.5,5.58,5.37,5.58,166856.01,9152.94
2025-02-07 00:00:00+08:00,600238.XSHG,5.58,5.8,5.53,5.71,246555.84,14043.51
2025-02-10 00:00:00+08:00,600238.XSHG,5.73,6.1,5.69,6.09,295966.0,17484.3
2025-02-11 00:00:00+08:00,600238.XSHG,6.11,6.13,5.91,5.98,189875.0,11372.14
2025-02-12 00:00:00+08:00,600238.XSHG,5.98,5.99,5.84,5.94,135161.0,7988.64
2025-02-13 00:00:00+08:00,600238.XSHG,5.94,6.09,5.92,5.97,172036.0,10348.14
2025-02-14 00:00:00+08:00,600238.XSHG,5.93,5.96,5.8,5.85,127468.0,7458.65
2025-02-17 00:00:00+08:00,600238.XSHG,5.85,6.06,5.79,5.99,147782.0,8770.36
2025-02-18 00:00:00+08:00,600238.XSHG,5.97,5.98,5.76,5.78,133153.0,7780.23
2025-02-19 00:00:00+08:00,600238.XSHG,5.74,5.85,5.74,5.84,91011.5,5280.6
2025-02-20 00:00:00+08:00,600238.XSHG,5.83,5.85,5.76,5.78,84255.0,4879.24
2025-02-21 00:00:00+08:00,600238.XSHG,5.77,5.8,5.63,5.73,123251.01,7032.41
2025-02-24 00:00:00+08:00,600238.XSHG,5.73,5.87,5.73,5.81,119802.54,6961.24
2025-02-25 00:00:00+08:00,600238.XSHG,5.79,5.83,5.72,5.74,88458.0,5106.28
2025-02-26 00:00:00+08:00,600238.XSHG,5.74,5.84,5.72,5.8,89939.86,5182.08
2025-02-27 00:00:00+08:00,600238.XSHG,5.81,6.38,5.79,6.38,274562.49,17175.97
2025-02-28 00:00:00+08:00,600238.XSHG,6.57,7.02,6.48,7.02,528338.9,36100.46
2025-03-03 00:00:00+08:00,600238.XSHG,6.88,7.01,6.32,6.43,642989.0,42978.99
2025-03-04 00:00:00+08:00,600238.XSHG,6.35,7.0,6.28,6.68,527377.0,34752.12
2025-03-05 00:00:00+08:00,600238.XSHG,6.5,6.59,6.25,6.36,372194.0,23670.53
2025-03-06 00:00:00+08:00,600238.XSHG,6.33,6.52,6.2,6.47,330447.01,21118.06
2025-03-07 00:00:00+08:00,600238.XSHG,6.41,7.12,6.35,6.94,709033.39,48565.78
2025-03-10 00:00:00+08:00,600238.XSHG,6.63,7.33,6.58,6.94,572257.79,39499.5
2025-03-11 00:00:00+08:00,600238.XSHG,6.72,7.56,6.72,7.42,589238.3,42258.8
2025-03-12 00:00:00+08:00,600238.XSHG,7.43,7.52,7.17,7.2,478327.3,34896.8
2025-03-13 00:00:00+08:00,600238.XSHG,7.2,7.7,7.14,7.35,467447.36,34669.8
2025-03-14 00:00:00+08:00,600238.XSHG,7.22,7.72,7.13,7.45,508151.26,38075.84
2025-03-17 00:00:00+08:00,600238.XSHG,7.36,7.4,7.13,7.21,389539.03,28189.13
2025-03-18 00:00:00+08:00,600238.XSHG,7.2,7.2,6.81,6.92,405894.4,28114.67
2025-03-19 00:00:00+08:00,600238.XSHG,6.88,7.02,6.74,6.95,265317.36,18206.64
2025-03-20 00:00:00+08:00,600238.XSHG,6.9,6.9,6.73,6.75,202667.0,13767.41
2025-03-21 00:00:00+08:00,600238.XSHG,6.75,6.85,6.48,6.51,216604.0,14384.17
2025-03-24 00:00:00+08:00,600238.XSHG,6.45,6.53,6.08,6.29,223942.0,14053.47
2025-03-25 00:00:00+08:00,600238.XSHG,6.27,6.43,6.13,6.33,180590.0,11352.68
2025-03-26 00:00:00+08:00,600238.XSHG,6.3,6.36,6.22,6.3,120502.24,7592.08
2025-03-27 00:00:00+08:00,600238.XSHG,6.28,6.79,6.24,6.59,245166.0,16112.28
2025-03-28 00:00:00+08:00,600238.XSHG,6.5,6.52,6.24,6.24,160325.89,10208.04
2025-03-31 00:00:00+08:00,600238.XSHG,6.15,6.16,5.9,5.93,160529.01,9595.34
2025-04-01 00:00:00+08:00,600238.XSHG,6.05,6.12,5.98,6.02,91218.03,5515.11
2025-04-02 00:00:00+08:00,600238.XSHG,5.99,6.3,5.96,6.07,139184.5,8501.92
2025-04-03 00:00:00+08:00,600238.XSHG,5.99,6.15,5.96,6.03,97895.01,5930.21
2025-04-07 00:00:00+08:00,600238.XSHG,5.7,5.75,5.43,5.43,150606.89,8317.0
2025-04-08 00:00:00+08:00,600238.XSHG,5.25,5.97,5.25,5.95,256756.0,14603.38
2025-04-09 00:00:00+08:00,600238.XSHG,5.8,6.32,5.51,6.01,272573.03,15999.56
2025-04-10 00:00:00+08:00,600238.XSHG,5.99,6.3,5.9,6.16,248862.0,15287.51
2025-04-11 00:00:00+08:00,600238.XSHG,6.08,6.21,6.01,6.04,169137.0,10295.12
2025-04-14 00:00:00+08:00,600238.XSHG,5.89,6.64,5.89,6.64,610094.29,39308.42
2025-04-15 00:00:00+08:00,600238.XSHG,6.3,6.53,6.21,6.23,479435.41,30499.22
2025-04-16 00:00:00+08:00,600238.XSHG,6.25,6.28,5.96,6.05,250249.9,15187.8
2025-04-17 00:00:00+08:00,600238.XSHG,6.05,6.14,5.89,6.12,193423.9,11739.28
2025-04-18 00:00:00+08:00,600238.XSHG,6.08,6.1,5.89,5.92,159381.01,9488.87
2025-04-21 00:00:00+08:00,600238.XSHG,5.84,5.84,5.62,5.81,181756.03,10505.02
2025-04-22 00:00:00+08:00,600238.XSHG,5.7,5.82,5.57,5.64,218599.36,12368.55
2025-04-23 00:00:00+08:00,600238.XSHG,5.59,5.69,5.58,5.58,158020.0,8867.38
2025-04-24 00:00:00+08:00,600238.XSHG,5.56,5.56,5.38,5.39,190288.39,10332.88
2025-04-25 00:00:00+08:00,600238.XSHG,5.36,5.63,5.3,5.44,193547.36,10585.66
2025-04-28 00:00:00+08:00,600238.XSHG,5.4,5.4,4.9,4.99,283696.16,14382.03
2025-04-29 00:00:00+08:00,600238.XSHG,4.86,4.86,4.6,4.61,282430.81,13144.58
2025-04-30 00:00:00+08:00,600238.XSHG,0.0,0.0,0.0,4.61,0.0,0.0
2025-05-06 00:00:00+08:00,600238.XSHG,4.38,4.38,4.38,4.38,26165.0,1146.03
2025-05-07 00:00:00+08:00,600238.XSHG,4.31,4.6,4.31,4.55,502152.59,22186.65
2025-05-08 00:00:00+08:00,600238.XSHG,4.48,4.78,4.38,4.78,375101.51,17367.67
2025-05-09 00:00:00+08:00,600238.XSHG,4.8,5.02,4.79,5.0,267596.42,13277.97
2025-05-12 00:00:00+08:00,600238.XSHG,5.05,5.19,4.85,5.12,293829.22,14834.07
2025-05-13 00:00:00+08:00,600238.XSHG,5.16,5.34,5.02,5.02,249952.67,12936.87
2025-05-14 00:00:00+08:00,600238.XSHG,5.02,5.27,4.95,5.21,251849.99,13021.67
2025-05-15 00:00:00+08:00,600238.XSHG,5.18,5.43,5.16,5.37,203567.39,10833.25
2025-05-16 00:00:00+08:00,600238.XSHG,5.36,5.37,5.1,5.15,193474.0,10065.71
2025-05-19 00:00:00+08:00,600238.XSHG,5.26,5.38,5.19,5.35,157206.88,8309.63
2025-05-20 00:00:00+08:00,600238.XSHG,5.31,5.62,5.31,5.57,171608.33,9494.03
2025-05-21 00:00:00+08:00,600238.XSHG,5.58,5.75,5.56,5.73,164950.47,9338.95
2025-05-22 00:00:00+08:00,600238.XSHG,5.72,5.78,5.53,5.56,156778.0,8812.55
2025-05-23 00:00:00+08:00,600238.XSHG,5.54,5.56,5.34,5.38,112784.0,6154.81
2025-05-26 00:00:00+08:00,600238.XSHG,5.36,5.65,5.36,5.65,138997.5,7724.6
2025-05-27 00:00:00+08:00,600238.XSHG,5.65,5.88,5.65,5.85,180649.55,10476.11
2025-05-28 00:00:00+08:00,600238.XSHG,5.93,6.02,5.73,5.82,135534.72,7944.78
2025-05-29 00:00:00+08:00,600238.XSHG,5.75,5.99,5.66,5.93,131567.37,7740.83
2025-05-30 00:00:00+08:00,600238.XSHG,5.88,6.23,5.87,6.16,152911.1,9310.57
2025-06-03 00:00:00+08:00,600238.XSHG,6.19,6.24,5.96,6.03,144321.72,8798.24
2025-06-04 00:00:00+08:00,600238.XSHG,6.01,6.31,6.01,6.27,142362.72,8825.25
2025-06-05 00:00:00+08:00,600238.XSHG,6.23,6.36,6.16,6.24,127104.82,7952.14
2025-06-06 00:00:00+08:00,600238.XSHG,6.21,6.52,6.2,6.47,143200.73,9160.0
2025-06-09 00:00:00+08:00,600238.XSHG,6.47,6.52,6.33,6.46,146763.83,9398.15
2025-06-10 00:00:00+08:00,600238.XSHG,6.4,6.55,6.14,6.28,161458.0,10256.7
2025-06-11 00:00:00+08:00,600238.XSHG,6.28,6.33,6.09,6.16,153017.0,9461.41
2025-06-12 00:00:00+08:00,600238.XSHG,6.15,6.25,6.06,6.15,114298.73,7018.39
2025-06-13 00:00:00+08:00,600238.XSHG,6.11,6.13,5.95,5.99,113135.02,6821.35
2025-06-16 00:00:00+08:00,600238.XSHG,5.93,6.11,5.93,6.08,70824.82,4272.19
2025-06-17 00:00:00+08:00,600238.XSHG,6.05,6.08,5.88,5.91,100436.5,5983.41
2025-06-18 00:00:00+08:00,600238.XSHG,5.86,6.04,5.8,5.81,78004.7,4588.74
2025-06-19 00:00:00+08:00,600238.XSHG,5.74,5.87,5.58,5.6,79002.0,4514.08
2025-06-20 00:00:00+08:00,600238.XSHG,5.55,5.72,5.44,5.45,111862.0,6254.17
2025-06-23 00:00:00+08:00,600238.XSHG,5.4,5.56,5.32,5.52,77113.0,4195.79
2025-06-24 00:00:00+08:00,600238.XSHG,5.6,5.8,5.55,5.8,71127.11,4079.86
2025-06-25 00:00:00+08:00,600238.XSHG,5.92,6.08,5.7,5.77,162963.3,9681.16
2025-06-26 00:00:00+08:00,600238.XSHG,5.69,6.06,5.69,5.97,174333.03,10416.55
2025-06-27 00:00:00+08:00,600238.XSHG,5.91,6.02,5.82,5.95,123820.0,7337.35
2025-06-30 00:00:00+08:00,600238.XSHG,5.98,6.24,5.98,6.19,96183.73,5925.91
2025-07-01 00:00:00+08:00,600238.XSHG,6.19,6.19,6.0,6.08,107277.0,6518.26
2025-07-02 00:00:00+08:00,600238.XSHG,6.12,6.19,6.06,6.07,81404.39,4985.55
2025-07-03 00:00:00+08:00,600238.XSHG,6.07,6.14,6.04,6.07,59308.0,3612.37
2025-07-04 00:00:00+08:00,600238.XSHG,6.07,6.12,6.02,6.05,60577.11,3676.21
2025-07-07 00:00:00+08:00,600238.XSHG,6.02,6.05,5.9,6.04,63670.21,3798.66
2025-07-08 00:00:00+08:00,600238.XSHG,6.04,6.24,6.04,6.19,88627.31,5462.74
2025-07-09 00:00:00+08:00,600238.XSHG,6.18,6.28,6.12,6.25,86964.31,5391.56
2025-07-10 00:00:00+08:00,600238.XSHG,6.2,6.36,6.17,6.36,92479.0,5806.28
2025-07-11 00:00:00+08:00,600238.XSHG,6.3,6.4,6.28,6.3,79474.0,5037.21
2025-07-14 00:00:00+08:00,600238.XSHG,6.28,6.45,6.23,6.32,79270.0,5021.79
2025-07-15 00:00:00+08:00,600238.XSHG,6.27,6.42,6.23,6.26,91810.72,5795.87
2025-07-16 00:00:00+08:00,600238.XSHG,6.29,6.49,6.28,6.39,102708.39,6570.03
2025-07-17 00:00:00+08:00,600238.XSHG,6.44,6.55,6.34,6.42,101825.0,6569.62
2025-07-18 00:00:00+08:00,600238.XSHG,6.45,6.48,6.27,6.3,107900.58,6828.71
2025-07-21 00:00:00+08:00,600238.XSHG,6.35,6.47,6.21,6.4,88816.0,5654.66
2025-07-22 00:00:00+08:00,600238.XSHG,6.43,6.66,6.4,6.64,147404.4,9646.17
2025-07-23 00:00:00+08:00,600238.XSHG,6.64,6.64,6.31,6.33,176057.0,11299.88
2025-07-24 00:00:00+08:00,600238.XSHG,6.31,6.65,6.3,6.65,159598.0,10491.63
2025-07-25 00:00:00+08:00,600238.XSHG,6.68,6.69,6.4,6.46,125702.0,8163.06
2025-07-28 00:00:00+08:00,600238.XSHG,6.56,6.78,6.44,6.75,180285.84,12003.42
2025-07-29 00:00:00+08:00,600238.XSHG,6.77,7.09,6.76,6.89,208433.84,14610.34
2025-07-30 00:00:00+08:00,600238.XSHG,6.89,7.23,6.89,7.23,228451.4,16270.32
2025-07-31 00:00:00+08:00,600238.XSHG,7.35,7.59,7.3,7.59,169778.33,12799.96
2025-08-01 00:00:00+08:00,600238.XSHG,7.6,7.8,7.22,7.43,275657.29,20524.31
2025-08-04 00:00:00+08:00,600238.XSHG,7.5,7.75,7.23,7.26,172932.91,12846.67
2025-08-05 00:00:00+08:00,600238.XSHG,7.18,7.43,7.15,7.18,130805.45,9510.6
2025-08-06 00:00:00+08:00,600238.XSHG,7.2,7.24,6.92,6.96,137979.5,9730.65
2025-08-07 00:00:00+08:00,600238.XSHG,6.94,7.14,6.94,7.1,106100.92,7493.7
2025-08-08 00:00:00+08:00,600238.XSHG,7.1,7.11,6.92,6.96,87909.0,6133.05
2025-08-11 00:00:00+08:00,600238.XSHG,6.96,7.03,6.82,6.9,67322.73,4670.2
2025-08-12 00:00:00+08:00,600238.XSHG,6.91,7.09,6.72,6.8,132011.0,9060.55
2025-08-13 00:00:00+08:00,600238.XSHG,6.79,6.85,6.69,6.71,104582.85,7043.69
2025-08-14 00:00:00+08:00,600238.XSHG,6.7,6.78,6.6,6.6,91944.38,6135.21
2025-08-15 00:00:00+08:00,600238.XSHG,6.6,6.7,6.57,6.6,92634.12,6129.51
2025-08-18 00:00:00+08:00,600238.XSHG,6.6,6.81,6.6,6.74,107743.01,7231.71
2025-08-19 00:00:00+08:00,600238.XSHG,6.74,6.74,6.65,6.68,83760.71,5604.17
2025-08-20 00:00:00+08:00,600238.XSHG,6.72,7.01,6.71,7.01,205081.28,14234.76
2025-08-21 00:00:00+08:00,600238.XSHG,6.99,7.31,6.98,7.11,202262.84,14453.64
2025-08-22 00:00:00+08:00,600238.XSHG,7.09,7.15,7.01,7.1,84107.15,5960.19
2025-08-25 00:00:00+08:00,600238.XSHG,7.16,7.28,7.07,7.08,108927.49,7802.42
2025-08-26 00:00:00+08:00,600238.XSHG,7.09,7.14,6.9,6.91,118565.86,8254.33
2025-08-27 00:00:00+08:00,600238.XSHG,6.93,7.03,6.8,6.81,90103.0,6238.0
2025-08-28 00:00:00+08:00,600238.XSHG,6.7,6.83,6.55,6.69,100411.03,6725.27
2025-08-29 00:00:00+08:00,600238.XSHG,6.69,6.84,6.64,6.76,70874.01,4777.82
2025-09-01 00:00:00+08:00,600238.XSHG,6.68,6.74,6.6,6.61,84422.0,5611.22
2025-09-02 00:00:00+08:00,600238.XSHG,6.6,6.62,6.28,6.35,143452.5,9182.84
2025-09-03 00:00:00+08:00,600238.XSHG,6.35,6.47,6.32,6.35,63536.01,4058.27
2025-09-04 00:00:00+08:00,600238.XSHG,6.36,6.45,6.3,6.38,52026.0,3320.22
2025-09-05 00:00:00+08:00,600238.XSHG,6.38,6.55,6.33,6.55,72514.5,4684.26
2025-09-08 00:00:00+08:00,600238.XSHG,6.5,6.59,6.47,6.55,45952.0,2992.12
2025-09-09 00:00:00+08:00,600238.XSHG,6.51,6.58,6.47,6.53,38495.0,2507.46
2025-09-10 00:00:00+08:00,600238.XSHG,6.57,6.78,6.55,6.74,90140.4,6028.72
2025-09-11 00:00:00+08:00,600238.XSHG,6.74,6.78,6.64,6.76,65559.53,4395.99
2025-09-12 00:00:00+08:00,600238.XSHG,6.77,6.96,6.72,6.73,81678.84,5573.87
2025-09-15 00:00:00+08:00,600238.XSHG,6.7,6.7,6.42,6.53,108760.52,7098.4
2025-09-16 00:00:00+08:00,600238.XSHG,6.48,6.54,6.46,6.52,34747.49,2260.33
2025-09-17 00:00:00+08:00,600238.XSHG,6.51,6.52,6.4,6.42,55561.0,3578.83
2025-09-18 00:00:00+08:00,600238.XSHG,6.41,6.47,6.23,6.26,80359.9,5104.24
2025-09-19 00:00:00+08:00,600238.XSHG,6.26,6.36,6.26,6.34,41172.62,2598.2
2025-09-22 00:00:00+08:00,600238.XSHG,6.26,6.29,6.07,6.17,78001.9,4809.69
2025-09-23 00:00:00+08:00,600238.XSHG,6.15,6.15,5.87,6.01,86791.0,5172.98
2025-09-24 00:00:00+08:00,600238.XSHG,6.04,6.08,5.92,5.98,79818.0,4771.46
2025-09-25 00:00:00+08:00,600238.XSHG,5.97,6.0,5.85,5.9,80090.0,4733.67
2025-09-26 00:00:00+08:00,600238.XSHG,5.87,6.0,5.82,5.94,66746.0,3960.0
2025-09-29 00:00:00+08:00,600238.XSHG,5.92,6.05,5.8,6.05,67686.0,4026.25
2025-09-30 00:00:00+08:00,600238.XSHG,6.23,6.23,6.03,6.06,56331.0,3433.12
2025-10-09 00:00:00+08:00,600238.XSHG,6.0,6.06,5.92,5.94,44312.6,2643.35
2025-10-10 00:00:00+08:00,600238.XSHG,5.94,6.08,5.91,5.93,45590.01,2713.29
2025-10-13 00:00:00+08:00,600238.XSHG,5.87,5.92,5.81,5.9,38591.71,2257.88
2025-10-14 00:00:00+08:00,600238.XSHG,5.9,5.95,5.86,5.89,46583.81,2756.37
2025-10-15 00:00:00+08:00,600238.XSHG,5.86,5.98,5.85,5.98,35055.41,2076.82
2025-10-16 00:00:00+08:00,600238.XSHG,6.01,6.11,6.0,6.05,61024.0,3696.37
2025-10-17 00:00:00+08:00,600238.XSHG,5.99,6.12,5.93,5.97,54652.6,3277.39
2025-10-20 00:00:00+08:00,600238.XSHG,6.02,6.09,5.98,6.03,41093.0,2478.23
2025-10-21 00:00:00+08:00,600238.XSHG,5.99,6.05,5.96,6.05,35815.01,2152.22
2025-10-22 00:00:00+08:00,600238.XSHG,6.05,6.25,6.01,6.19,67882.0,4183.7
2025-10-23 00:00:00+08:00,600238.XSHG,6.15,6.22,6.07,6.2,51558.0,3163.09
2025-10-24 00:00:00+08:00,600238.XSHG,6.2,6.51,6.17,6.51,158059.01,10174.05
2025-10-27 00:00:00+08:00,600238.XSHG,6.57,6.75,6.44,6.49,122889.7,8094.2
2025-10-28 00:00:00+08:00,600238.XSHG,6.4,6.72,6.35,6.65,78562.17,5159.95
2025-10-29 00:00:00+08:00,600238.XSHG,6.67,6.87,6.59,6.6,107365.0,7212.75
2025-10-30 00:00:00+08:00,600238.XSHG,6.59,6.7,6.36,6.59,94936.79,6200.04
2025-10-31 00:00:00+08:00,600238.XSHG,6.64,6.76,6.6,6.7,76475.17,5104.03
2025-11-03 00:00:00+08:00,600238.XSHG,6.71,7.03,6.71,7.0,132879.55,9190.64
2025-11-04 00:00:00+08:00,600238.XSHG,7.0,7.03,6.78,6.84,106426.03,7340.64
2025-11-05 00:00:00+08:00,600238.XSHG,6.76,7.15,6.75,7.0,109826.0,7663.54
2025-11-06 00:00:00+08:00,600238.XSHG,6.97,7.07,6.83,6.87,64259.49,4430.23
2025-11-07 00:00:00+08:00,600238.XSHG,6.97,7.04,6.8,6.85,56910.0,3913.46
2025-11-10 00:00:00+08:00,600238.XSHG,6.81,6.86,6.71,6.85,65730.0,4470.66
2025-11-11 00:00:00+08:00,600238.XSHG,6.83,6.89,6.75,6.82,46533.0,3176.84
2025-11-12 00:00:00+08:00,600238.XSHG,6.82,6.84,6.67,6.75,58383.0,3939.15
2025-11-13 00:00:00+08:00,600238.XSHG,6.75,6.82,6.7,6.8,40053.02,2716.2
2025-11-14 00:00:00+08:00,600238.XSHG,6.75,6.93,6.73,6.76,84132.38,5760.72
2025-11-17 00:00:00+08:00,600238.XSHG,6.74,7.0,6.65,6.98,101697.03,7011.45
2025-11-18 00:00:00+08:00,600238.XSHG,6.96,7.05,6.87,6.94,63348.0,4403.27
2025-11-19 00:00:00+08:00,600238.XSHG,6.89,6.89,6.59,6.69,106119.3,7120.68
2025-11-20 00:00:00+08:00,600238.XSHG,6.71,6.76,6.59,6.59,49739.0,3313.18
2025-11-21 00:00:00+08:00,600238.XSHG,6.54,6.71,6.45,6.47,51146.0,3358.27
2025-11-24 00:00:00+08:00,600238.XSHG,6.43,6.71,6.43,6.63,44658.01,2931.62
2025-11-25 00:00:00+08:00,600238.XSHG,6.63,6.76,6.62,6.75,42610.01,2864.17
2025-11-26 00:00:00+08:00,600238.XSHG,6.69,6.8,6.68,6.68,34523.0,2326.39
2025-11-27 00:00:00+08:00,600238.XSHG,6.76,6.78,6.63,6.69,29029.5,1949.6
2025-11-28 00:00:00+08:00,600238.XSHG,6.67,6.72,6.59,6.71,34255.6,2281.66
2025-12-01 00:00:00+08:00,600238.XSHG,6.66,6.81,6.66,6.71,48476.6,3262.89
2025-12-02 00:00:00+08:00,600238.XSHG,6.73,6.75,6.56,6.67,37998.0,2520.72
2025-12-03 00:00:00+08:00,600238.XSHG,6.67,6.88,6.55,6.84,70720.0,4742.3
2025-12-04 00:00:00+08:00,600238.XSHG,6.83,6.84,6.62,6.66,50955.0,3410.3
2025-12-05 00:00:00+08:00,600238.XSHG,6.64,6.64,6.48,6.52,62156.0,4049.85
2025-12-08 00:00:00+08:00,600238.XSHG,6.56,6.56,6.36,6.4,76374.0,4936.27
2025-12-09 00:00:00+08:00,600238.XSHG,6.42,6.53,6.33,6.5,55602.0,3578.0
2025-12-10 00:00:00+08:00,600238.XSHG,6.5,6.75,6.45,6.69,101879.0,6751.39
2025-12-11 00:00:00+08:00,600238.XSHG,6.62,6.71,6.55,6.64,51034.0,3383.57
2025-12-12 00:00:00+08:00,600238.XSHG,6.64,6.71,6.49,6.51,50887.0,3340.61
2025-12-15 00:00:00+08:00,600238.XSHG,6.57,6.65,6.52,6.56,32046.0,2103.22
2025-12-16 00:00:00+08:00,600238.XSHG,6.57,6.6,6.42,6.46,29194.0,1895.36
2025-12-17 00:00:00+08:00,600238.XSHG,6.47,6.5,6.37,6.46,31947.0,2053.56
2025-12-18 00:00:00+08:00,600238.XSHG,6.49,6.53,6.38,6.38,31579.0,2040.07
2025-12-19 00:00:00+08:00,600238.XSHG,6.38,6.58,6.35,6.56,51037.0,3314.02
2025-12-22 00:00:00+08:00,600238.XSHG,6.55,6.89,6.55,6.89,101043.92,6882.56
2025-12-23 00:00:00+08:00,600238.XSHG,7.09,7.12,6.65,6.69,171313.5,11763.82
2025-12-24 00:00:00+08:00,600238.XSHG,6.69,6.7,6.49,6.52,92757.01,6066.23
2025-12-25 00:00:00+08:00,600238.XSHG,6.54,6.55,6.42,6.51,56725.01,3665.77
2025-01-02 00:00:00+08:00,600259.XSHG,27.85,28.01,26.87,27.09,33460.0,9196.49
2025-01-03 00:00:00+08:00,600259.XSHG,27.25,27.75,26.77,26.84,37395.27,10201.82
2025-01-06 00:00:00+08:00,600259.XSHG,26.85,29.52,26.8,29.52,173371.84,50550.01
2025-01-07 00:00:00+08:00,600259.XSHG,29.52,30.44,29.18,30.0,185576.67,55300.09
2025-01-08 00:00:00+08:00,600259.XSHG,29.57,30.2,28.74,29.56,113695.06,33330.34
2025-01-09 00:00:00+08:00,600259.XSHG,29.45,30.12,29.38,29.55,99152.0,29472.71
2025-01-10 00:00:00+08:00,600259.XSHG,29.6,30.12,28.95,29.84,124312.57,36873.54
2025-01-13 00:00:00+08:00,600259.XSHG,29.5,31.77,29.37,30.8,179407.08,55443.46
2025-01-14 00:00:00+08:00,600259.XSHG,30.81,31.26,30.35,31.22,150172.57,46418.34
2025-01-15 00:00:00+08:00,600259.XSHG,30.97,31.25,29.83,30.53,139170.33,42315.66
2025-01-16 00:00:00+08:00,600259.XSHG,30.53,30.72,29.92,30.28,93556.5,28368.95
2025-01-17 00:00:00+08:00,600259.XSHG,30.08,30.41,29.59,30.17,77689.5,23256.31
2025-01-20 00:00:00+08:00,600259.XSHG,29.9,29.9,29.19,29.43,75733.43,22263.67
2025-01-21 00:00:00+08:00,600259.XSHG,29.41,29.52,28.4,29.25,81780.0,23624.09
2025-01-22 00:00:00+08:00,600259.XSHG,29.03,29.31,28.66,28.78,45635.0,13216.33
2025-01-23 00:00:00+08:00,600259.XSHG,28.94,29.65,28.73,28.87,70379.02,20566.64
2025-01-24 00:00:00+08:00,600259.XSHG,28.8,29.23,28.65,29.2,47759.0,13825.06
2025-01-27 00:00:00+08:00,600259.XSHG,29.31,29.31,28.35,28.38,44467.0,12762.26
2025-02-05 00:00:00+08:00,600259.XSHG,28.9,29.7,28.65,29.18,65816.0,19184.49
2025-02-06 00:00:00+08:00,600259.XSHG,29.05,30.6,29.0,30.4,101769.29,30521.81
2025-02-07 00:00:00+08:00,600259.XSHG,30.21,30.39,29.85,30.14,74855.01,22589.79
2025-02-10 00:00:00+08:00,600259.XSHG,30.13,30.38,29.82,30.29,53554.23,16154.28
2025-02-11 00:00:00+08:00,600259.XSHG,30.24,30.58,30.07,30.19,55113.9,16695.73
2025-02-12 00:00:00+08:00,600259.XSHG,29.99,30.21,29.7,30.18,62315.24,18663.23
2025-02-13 00:00:00+08:00,600259.XSHG,30.11,30.37,29.43,29.46,54655.42,16256.63
2025-02-14 00:00:00+08:00,600259.XSHG,29.42,29.85,29.2,29.34,42640.0,12573.17
2025-02-17 00:00:00+08:00,600259.XSHG,29.36,29.6,29.0,29.16,42801.07,12491.14
2025-02-18 00:00:00+08:00,600259.XSHG,29.17,29.26,28.55,28.65,43154.8,12468.35
2025-02-19 00:00:00+08:00,600259.XSHG,28.61,29.36,28.59,29.35,45089.01,13110.21
2025-02-20 00:00:00+08:00,600259.XSHG,30.57,32.28,30.57,30.99,229647.05,72024.68
2025-02-21 00:00:00+08:00,600259.XSHG,30.51,30.94,30.21,30.37,91766.67,27918.17
2025-02-24 00:00:00+08:00,600259.XSHG,30.23,31.38,30.02,30.68,84573.01,25986.46
2025-02-25 00:00:00+08:00,600259.XSHG,30.55,30.99,30.29,30.35,60467.51,18462.35
2025-02-26 00:00:00+08:00,600259.XSHG,30.17,30.51,29.99,30.24,65413.6,19770.65
2025-02-27 00:00:00+08:00,600259.XSHG,30.21,30.5,29.7,30.15,56571.0,16973.09
2025-02-28 00:00:00+08:00,600259.XSHG,30.0,30.41,29.7,29.81,57043.51,17142.71
2025-03-03 00:00:00+08:00,600259.XSHG,30.17,30.99,29.91,30.0,81282.5,24754.18
2025-03-04 00:00:00+08:00,600259.XSHG,30.25,33.0,30.19,31.34,182410.63,57892.04
2025-03-05 00:00:00+08:00,600259.XSHG,31.02,31.26,30.46,30.46,120143.13,36883.92
2025-03-06 00:00:00+08:00,600259.XSHG,30.2,30.62,29.96,30.5,93778.92,28415.3
2025-03-07 00:00:00+08:00,600259.XSHG,30.11,31.78,30.11,31.18,151270.0,47122.99
2025-03-10 00:00:00+08:00,600259.XSHG,30.97,32.2,30.83,31.72,152268.9,48019.1
2025-03-11 00:00:00+08:00,600259.XSHG,31.38,33.78,31.11,33.61,232114.15,76165.01
2025-03-12 00:00:00+08:00,600259.XSHG,33.55,34.61,33.11,33.67,195971.27,66709.49
2025-03-13 00:00:00+08:00,600259.XSHG,33.6,34.13,33.04,34.04,125737.73,42251.95
2025-03-14 00:00:00+08:00,600259.XSHG,34.5,34.89,33.69,33.78,108525.52,36867.37
2025-03-17 00:00:00+08:00,600259.XSHG,33.75,34.07,33.0,33.89,115221.51,38492.49
2025-03-18 00:00:00+08:00,600259.XSHG,33.88,36.15,33.63,35.2,175416.65,61642.27
2025-03-19 00:00:00+08:00,600259.XSHG,35.0,35.63,34.51,35.36,93400.92,32769.41
2025-03-20 00:00:00+08:00,600259.XSHG,35.36,36.1,34.49,34.6,88013.0,31026.99
2025-03-21 00:00:00+08:00,600259.XSHG,34.4,34.78,33.34,33.52,77830.61,26434.75
2025-03-24 00:00:00+08:00,600259.XSHG,33.5,33.65,32.65,33.19,62260.5,20603.21
2025-03-25 00:00:00+08:00,600259.XSHG,33.19,33.93,32.99,33.39,71199.33,23829.3
2025-03-26 00:00:00+08:00,600259.XSHG,33.17,35.22,33.12,34.37,104113.0,35732.17
2025-03-27 00:00:00+08:00,600259.XSHG,34.0,34.57,33.8,34.12,64583.5,22088.06
2025-03-28 00:00:00+08:00,600259.XSHG,33.99,35.17,33.02,35.15,117424.16,40068.84
2025-03-31 00:00:00+08:00,600259.XSHG,34.1,34.1,32.6,33.3,104828.42,35008.79
2025-04-01 00:00:00+08:00,600259.XSHG,32.97,34.26,32.96,33.94,73665.46,24907.2
2025-04-02 00:00:00+08:00,600259.XSHG,33.85,35.48,33.78,34.96,103517.89,36236.9
2025-04-03 00:00:00+08:00,600259.XSHG,35.3,36.6,34.59,36.19,178597.19,63713.77
2025-04-07 00:00:00+08:00,600259.XSHG,37.2,38.99,32.61,34.19,298855.97,107519.23
2025-04-08 00:00:00+08:00,600259.XSHG,34.05,37.48,32.69,37.03,266018.53,93788.29
2025-04-09 00:00:00+08:00,600259.XSHG,36.5,38.88,35.63,37.32,274517.52,102046.78
2025-04-10 00:00:00+08:00,600259.XSHG,36.2,37.56,35.88,36.54,211826.61,77820.87
2025-04-11 00:00:00+08:00,600259.XSHG,36.53,37.01,35.34,35.5,168375.49,60509.97
2025-04-14 00:00:00+08:00,600259.XSHG,35.0,36.35,34.77,35.84,120799.9,43104.87
2025-04-15 00:00:00+08:00,600259.XSHG,35.61,36.79,35.61,36.0,121727.71,44041.14
2025-04-16 00:00:00+08:00,600259.XSHG,35.71,36.98,35.21,36.14,109616.48,39753.21
2025-04-17 00:00:00+08:00,600259.XSHG,35.89,36.95,35.39,35.39,89646.65,32330.26
2025-04-18 00:00:00+08:00,600259.XSHG,35.01,35.23,33.11,33.2,137751.21,46663.55
2025-04-21 00:00:00+08:00,600259.XSHG,33.01,34.4,33.01,34.29,99735.09,33937.81
2025-04-22 00:00:00+08:00,600259.XSHG,34.3,34.5,33.96,34.0,61581.99,21065.42
2025-04-23 00:00:00+08:00,600259.XSHG,34.0,34.96,34.0,34.32,63474.0,21875.89
2025-04-24 00:00:00+08:00,600259.XSHG,34.35,34.56,33.61,33.77,44991.0,15273.78
2025-04-25 00:00:00+08:00,600259.XSHG,33.76,35.73,33.7,34.55,78868.05,27247.32
2025-04-28 00:00:00+08:00,600259.XSHG,34.7,36.29,34.54,35.7,97589.05,34771.99
2025-04-29 00:00:00+08:00,600259.XSHG,35.44,36.58,35.1,36.16,87210.95,31383.64
2025-04-30 00:00:00+08:00,600259.XSHG,35.96,37.0,35.9,35.99,82815.54,30103.05
2025-05-06 00:00:00+08:00,600259.XSHG,37.03,39.59,36.98,39.59,298038.83,116626.18
2025-05-07 00:00:00+08:00,600259.XSHG,39.39,39.58,38.14,38.22,216231.82,83738.04
2025-05-08 00:00:00+08:00,600259.XSHG,38.22,38.94,37.6,38.61,130136.62,49881.83
2025-05-09 00:00:00+08:00,600259.XSHG,38.36,38.98,37.71,38.0,104755.01,39978.61
2025-05-12 00:00:00+08:00,600259.XSHG,38.05,40.55,37.05,39.48,187724.96,73890.26
2025-05-13 00:00:00+08:00,600259.XSHG,39.7,39.9,38.35,38.62,123467.29,48079.68
2025-05-14 00:00:00+08:00,600259.XSHG,38.63,42.48,38.62,41.76,317321.22,132114.58
2025-05-15 00:00:00+08:00,600259.XSHG,41.75,44.44,41.47,42.46,330840.52,141505.9
2025-05-16 00:00:00+08:00,600259.XSHG,41.42,43.5,41.2,41.52,216778.0,91133.36
2025-05-19 00:00:00+08:00,600259.XSHG,42.0,43.35,40.66,42.4,207664.9,87308.96
2025-05-20 00:00:00+08:00,600259.XSHG,42.12,46.64,42.05,46.64,379395.52,170518.24
2025-05-21 00:00:00+08:00,600259.XSHG,45.71,46.09,44.18,44.57,239393.27,107805.84
2025-05-22 00:00:00+08:00,600259.XSHG,44.59,45.28,43.58,44.25,152995.76,67881.34
2025-05-23 00:00:00+08:00,600259.XSHG,43.99,45.67,43.97,44.39,153377.67,68717.1
2025-05-26 00:00:00+08:00,600259.XSHG,44.0,44.79,43.16,43.9,124385.92,54536.42
2025-05-27 00:00:00+08:00,600259.XSHG,43.51,43.78,41.69,42.77,152415.0,64888.98
2025-05-28 00:00:00+08:00,600259.XSHG,42.6,44.98,42.6,44.62,155776.49,68460.66
2025-05-29 00:00:00+08:00,600259.XSHG,44.35,44.69,43.91,44.07,102578.35,45360.23
2025-05-30 00:00:00+08:00,600259.XSHG,43.64,43.99,42.67,43.0,90727.0,39149.15
2025-06-03 00:00:00+08:00,600259.XSHG,43.8,47.3,43.46,47.3,287636.97,132981.53
2025-06-04 00:00:00+08:00,600259.XSHG,47.3,52.03,47.2,52.03,245263.82,123086.18
2025-06-05 00:00:00+08:00,600259.XSHG,54.1,57.0,53.68,54.79,452512.14,248652.26
2025-06-06 00:00:00+08:00,600259.XSHG,55.8,55.8,52.72,53.01,240896.02,129108.75
2025-06-09 00:00:00+08:00,600259.XSHG,54.09,54.8,51.6,52.2,386244.48,203658.47
2025-06-10 00:00:00+08:00,600259.XSHG,52.8,55.33,50.8,52.0,382251.44,200603.09
2025-06-11 00:00:00+08:00,600259.XSHG,51.53,57.2,51.2,54.41,459446.73,249967.18
2025-06-12 00:00:00+08:00,600259.XSHG,54.41,54.85,51.98,52.64,289743.74,153720.25
2025-06-13 00:00:00+08:00,600259.XSHG,53.66,56.78,52.0,55.8,339466.04,183289.65
2025-06-16 00:00:00+08:00,600259.XSHG,55.0,61.38,55.0,61.38,496072.89,297631.27
2025-06-17 00:00:00+08:00,600259.XSHG,59.43,61.36,56.78,57.34,410172.85,241617.11
2025-06-18 00:00:00+08:00,600259.XSHG,57.4,57.4,53.58,54.42,315467.21,172566.31
2025-06-19 00:00:00+08:00,600259.XSHG,53.82,54.14,52.42,52.97,172386.94,91659.82
2025-06-20 00:00:00+08:00,600259.XSHG,53.12,53.97,52.14,52.3,162979.71,86499.56
2025-06-23 00:00:00+08:00,600259.XSHG,51.56,53.22,51.4,52.66,162196.7,84785.59
2025-06-24 00:00:00+08:00,600259.XSHG,52.45,53.61,51.8,52.83,153306.66,81252.03
2025-06-25 00:00:00+08:00,600259.XSHG,52.5,53.05,51.7,52.68,137217.5,71990.82
2025-06-26 00:00:00+08:00,600259.XSHG,52.5,52.5,50.26,50.47,195326.91,99772.17
2025-06-27 00:00:00+08:00,600259.XSHG,50.47,52.16,50.45,51.17,162147.64,83194.5
2025-06-30 00:00:00+08:00,600259.XSHG,51.0,53.38,50.58,53.12,195964.62,102347.65
2025-07-01 00:00:00+08:00,600259.XSHG,52.58,53.02,51.1,52.28,150271.8,78113.82
2025-07-02 00:00:00+08:00,600259.XSHG,51.65,53.51,51.5,52.4,169838.78,89741.03
2025-07-03 00:00:00+08:00,600259.XSHG,52.1,53.73,51.51,52.75,126302.56,66679.28
2025-07-04 00:00:00+08:00,600259.XSHG,52.76,52.8,49.08,49.45,234895.96,118304.14
2025-07-07 00:00:00+08:00,600259.XSHG,49.29,51.2,49.1,51.15,146910.8,73948.13
2025-07-08 00:00:00+08:00,600259.XSHG,51.3,54.48,51.29,54.07,249764.52,133753.71
2025-07-09 00:00:00+08:00,600259.XSHG,53.58,54.1,52.29,52.54,137545.58,73129.85
2025-07-10 00:00:00+08:00,600259.XSHG,54.31,55.99,52.18,55.11,288728.98,156421.94
2025-07-11 00:00:00+08:00,600259.XSHG,56.0,60.5,55.57,58.18,339011.77,197011.27
2025-07-14 00:00:00+08:00,600259.XSHG,57.99,58.96,55.04,55.36,237611.99,133427.59
2025-07-15 00:00:00+08:00,600259.XSHG,55.01,55.93,53.86,54.09,155618.64,85051.63
2025-07-16 00:00:00+08:00,600259.XSHG,53.91,55.18,53.43,54.1,118736.25,64367.99
2025-07-17 00:00:00+08:00,600259.XSHG,53.65,55.1,53.1,54.8,124906.13,67559.48
2025-07-18 00:00:00+08:00,600259.XSHG,54.55,58.2,54.33,55.85,226903.68,127941.54
2025-07-21 00:00:00+08:00,600259.XSHG,55.28,58.41,55.21,57.3,203203.97,116148.16
2025-07-22 00:00:00+08:00,600259.XSHG,56.4,60.48,56.31,59.2,235510.59,137301.55
2025-07-23 00:00:00+08:00,600259.XSHG,58.01,59.87,57.37,57.63,206473.03,120628.91
2025-07-24 00:00:00+08:00,600259.XSHG,57.26,63.39,57.11,63.39,427584.4,265291.68
2025-07-25 00:00:00+08:00,600259.XSHG,63.41,65.58,60.8,64.4,422512.87,265633.78
2025-07-28 00:00:00+08:00,600259.XSHG,63.8,68.46,62.7,66.4,342470.25,224958.6
2025-07-29 00:00:00+08:00,600259.XSHG,65.0,65.57,62.56,63.16,284723.78,181816.74
2025-07-30 00:00:00+08:00,600259.XSHG,63.0,63.63,60.88,61.92,194990.06,120895.78
2025-07-31 00:00:00+08:00,600259.XSHG,61.21,62.89,61.03,61.34,134510.16,83027.65
2025-08-01 00:00:00+08:00,600259.XSHG,61.5,61.6,59.78,60.5,121464.13,73495.3
2025-08-04 00:00:00+08:00,600259.XSHG,60.0,61.88,59.98,61.68,105691.75,64975.17
2025-08-05 00:00:00+08:00,600259.XSHG,61.66,62.3,59.85,60.2,124295.15,75282.21
2025-08-06 00:00:00+08:00,600259.XSHG,60.0,60.57,59.4,60.04,102881.06,61709.86
2025-08-07 00:00:00+08:00,600259.XSHG,60.2,63.18,57.95,62.88,277558.51,168550.63
2025-08-08 00:00:00+08:00,600259.XSHG,62.0,63.06,60.7,61.46,153331.76,94698.46
2025-08-11 00:00:00+08:00,600259.XSHG,60.89,62.86,60.05,61.95,146656.18,90347.42
2025-08-12 00:00:00+08:00,600259.XSHG,61.19,61.37,58.55,58.98,198933.2,118413.51
2025-08-13 00:00:00+08:00,600259.XSHG,58.89,59.84,58.7,59.3,126574.17,74935.54
2025-08-14 00:00:00+08:00,600259.XSHG,59.3,59.85,58.18,58.23,137136.27,80840.68
2025-08-15 00:00:00+08:00,600259.XSHG,57.77,60.18,57.55,59.3,133507.39,78864.58
2025-08-18 00:00:00+08:00,600259.XSHG,59.89,63.28,58.7,62.93,276308.58,170634.17
2025-08-19 00:00:00+08:00,600259.XSHG,62.82,64.88,62.3,63.92,280801.08,178008.01
2025-08-20 00:00:00+08:00,600259.XSHG,62.97,64.88,62.2,63.52,199877.26,126825.24
2025-08-21 00:00:00+08:00,600259.XSHG,62.88,65.84,62.86,63.22,187831.77,120188.78
2025-08-22 00:00:00+08:00,600259.XSHG,62.99,65.5,62.99,64.02,204120.32,131492.07
2025-08-25 00:00:00+08:00,600259.XSHG,64.9,68.0,64.58,66.32,263826.59,175555.15
2025-08-26 00:00:00+08:00,600259.XSHG,65.52,65.67,61.49,62.24,247610.0,155594.87
2025-08-27 00:00:00+08:00,600259.XSHG,62.49,64.99,61.93,62.78,231510.0,147153.0
2025-08-28 00:00:00+08:00,600259.XSHG,62.21,67.5,62.05,65.92,259304.02,170087.46
2025-08-29 00:00:00+08:00,600259.XSHG,67.41,72.51,67.0,72.51,278467.93,196279.39
2025-09-01 00:00:00+08:00,600259.XSHG,75.0,75.26,69.36,69.7,392728.97,280608.59
2025-09-02 00:00:00+08:00,600259.XSHG,70.81,72.87,66.44,69.7,363030.8,252233.45
2025-09-03 00:00:00+08:00,600259.XSHG,69.86,70.15,64.51,65.16,267528.91,178055.98
2025-09-04 00:00:00+08:00,600259.XSHG,64.66,65.47,60.2,61.51,213045.09,133976.55
2025-09-05 00:00:00+08:00,600259.XSHG,61.45,63.48,61.2,63.23,125168.28,78264.76
2025-09-08 00:00:00+08:00,600259.XSHG,63.9,63.9,61.63,62.8,117651.64,73577.31
2025-09-09 00:00:00+08:00,600259.XSHG,62.5,62.95,60.75,61.7,120033.41,74256.68
2025-09-10 00:00:00+08:00,600259.XSHG,61.0,62.51,59.81,60.78,118012.64,72056.16
2025-09-11 00:00:00+08:00,600259.XSHG,60.58,62.98,60.0,62.6,148007.64,91744.22
2025-09-12 00:00:00+08:00,600259.XSHG,62.49,63.52,61.38,63.0,189824.02,118654.73
2025-09-15 00:00:00+08:00,600259.XSHG,63.54,63.55,61.7,61.93,118225.15,73664.7
2025-09-16 00:00:00+08:00,600259.XSHG,61.7,61.83,57.85,59.03,208083.62,123101.79
2025-09-17 00:00:00+08:00,600259.XSHG,58.5,59.25,57.61,59.22,112740.14,66026.86
2025-09-18 00:00:00+08:00,600259.XSHG,58.84,58.84,55.76,56.37,181513.85,103847.24
2025-09-19 00:00:00+08:00,600259.XSHG,56.4,57.26,56.01,56.16,93490.63,52990.77
2025-09-22 00:00:00+08:00,600259.XSHG,55.76,56.66,55.16,55.85,86809.18,48420.73
2025-09-23 00:00:00+08:00,600259.XSHG,55.44,56.14,52.59,53.39,152642.28,82227.04
2025-09-24 00:00:00+08:00,600259.XSHG,53.0,54.84,52.99,54.82,122360.08,66256.9
2025-09-25 00:00:00+08:00,600259.XSHG,54.6,55.84,54.6,55.59,119547.89,66295.77
2025-09-26 00:00:00+08:00,600259.XSHG,55.9,56.72,55.59,55.79,117571.0,65834.0
2025-09-29 00:00:00+08:00,600259.XSHG,55.79,57.27,55.5,56.58,102893.73,57998.39
2025-09-30 00:00:00+08:00,600259.XSHG,57.15,58.49,56.58,57.74,130745.4,75604.02
2025-10-09 00:00:00+08:00,600259.XSHG,59.0,61.47,58.01,61.47,248428.54,149856.84
2025-10-10 00:00:00+08:00,600259.XSHG,62.0,62.52,58.4,58.95,170326.57,102609.8
2025-10-13 00:00:00+08:00,600259.XSHG,60.8,64.85,60.15,64.85,349749.41,220033.08
2025-10-14 00:00:00+08:00,600259.XSHG,64.88,67.98,61.68,61.8,336690.72,218264.12
2025-10-15 00:00:00+08:00,600259.XSHG,61.88,64.48,59.41,60.91,211593.14,130616.22
2025-10-16 00:00:00+08:00,600259.XSHG,60.0,60.73,58.02,58.2,151485.87,89565.91
2025-10-17 00:00:00+08:00,600259.XSHG,58.25,62.4,58.23,58.8,184834.91,111207.04
2025-10-20 00:00:00+08:00,600259.XSHG,57.5,58.22,56.06,56.62,150123.94,85618.52
2025-10-21 00:00:00+08:00,600259.XSHG,56.79,57.58,56.3,57.3,86949.08,49672.89
2025-10-22 00:00:00+08:00,600259.XSHG,56.33,56.82,54.89,56.01,91776.66,51342.99
2025-10-23 00:00:00+08:00,600259.XSHG,55.92,56.28,54.1,55.17,68922.5,37774.38
2025-10-24 00:00:00+08:00,600259.XSHG,55.0,56.28,55.0,55.98,89335.9,49892.54
2025-10-27 00:00:00+08:00,600259.XSHG,55.51,58.06,55.51,56.9,118791.15,67854.26
2025-10-28 00:00:00+08:00,600259.XSHG,56.95,57.36,55.1,55.47,90589.99,50802.81
2025-10-29 00:00:00+08:00,600259.XSHG,55.47,57.27,55.01,57.14,100645.8,56497.79
2025-10-30 00:00:00+08:00,600259.XSHG,56.7,59.35,56.25,57.69,177757.04,102825.56
2025-10-31 00:00:00+08:00,600259.XSHG,57.69,57.7,54.77,54.93,127481.37,70447.87
2025-11-03 00:00:00+08:00,600259.XSHG,54.95,54.95,51.11,52.23,136718.88,71230.51
2025-11-04 00:00:00+08:00,600259.XSHG,52.2,52.66,51.61,52.07,59072.99,30755.14
2025-11-05 00:00:00+08:00,600259.XSHG,51.4,52.26,50.8,51.74,67056.17,34537.13
2025-11-06 00:00:00+08:00,600259.XSHG,51.72,52.56,51.58,52.36,60153.05,31431.35
2025-11-07 00:00:00+08:00,600259.XSHG,52.75,53.96,51.86,53.34,90953.0,48381.59
2025-11-10 00:00:00+08:00,600259.XSHG,55.97,56.0,52.71,53.19,72062.86,38758.2
2025-11-11 00:00:00+08:00,600259.XSHG,53.58,53.64,52.0,52.0,58443.47,30729.96
2025-11-12 00:00:00+08:00,600259.XSHG,51.81,52.24,50.48,50.91,66190.97,33801.18
2025-11-13 00:00:00+08:00,600259.XSHG,50.73,53.18,50.6,52.75,93522.25,48862.97
2025-11-14 00:00:00+08:00,600259.XSHG,52.1,52.98,51.5,52.14,52067.99,27195.09
2025-11-17 00:00:00+08:00,600259.XSHG,52.5,53.2,52.3,52.73,50660.6,26705.53
2025-11-18 00:00:00+08:00,600259.XSHG,52.57,52.82,51.1,51.7,53508.37,27665.69
2025-11-19 00:00:00+08:00,600259.XSHG,51.8,53.8,50.9,53.45,92115.18,48133.04
2025-11-20 00:00:00+08:00,600259.XSHG,53.5,57.99,53.31,56.9,302047.95,171084.02
2025-11-21 00:00:00+08:00,600259.XSHG,54.6,55.94,54.3,54.3,152119.76,83685.36
2025-11-24 00:00:00+08:00,600259.XSHG,54.3,56.5,52.37,55.98,162797.02,88845.31
2025-11-25 00:00:00+08:00,600259.XSHG,56.58,56.58,54.35,54.77,144444.35,79628.14
2025-11-26 00:00:00+08:00,600259.XSHG,53.71,54.0,52.41,52.54,121836.6,64458.65
2025-11-27 00:00:00+08:00,600259.XSHG,52.49,53.5,51.85,51.99,86685.79,45457.79
2025-11-28 00:00:00+08:00,600259.XSHG,52.0,52.89,51.3,52.58,72268.3,37634.2
2025-12-01 00:00:00+08:00,600259.XSHG,53.6,54.85,53.2,54.52,139546.14,75690.26
2025-12-02 00:00:00+08:00,600259.XSHG,54.34,54.34,52.8,53.0,70766.09,37706.32
2025-12-03 00:00:00+08:00,600259.XSHG,53.25,54.79,53.25,53.73,108993.26,58891.81
2025-12-04 00:00:00+08:00,600259.XSHG,53.88,54.04,51.79,51.99,107773.07,56786.61
2025-12-05 00:00:00+08:00,600259.XSHG,52.24,53.93,51.4,53.01,98359.38,51606.79
2025-12-08 00:00:00+08:00,600259.XSHG,52.62,53.66,52.55,53.3,78153.29,41562.99
2025-12-09 00:00:00+08:00,600259.XSHG,53.0,53.6,52.34,52.69,68730.53,36230.23
2025-12-10 00:00:00+08:00,600259.XSHG,52.85,53.72,51.95,53.63,112287.26,59490.21
2025-12-11 00:00:00+08:00,600259.XSHG,53.38,53.63,51.58,51.8,119113.18,62107.05
2025-12-12 00:00:00+08:00,600259.XSHG,51.9,53.1,50.77,52.66,126036.41,65741.09
2025-12-15 00:00:00+08:00,600259.XSHG,52.02,52.48,51.55,51.61,54615.36,28349.9
2025-12-16 00:00:00+08:00,600259.XSHG,51.51,51.51,48.8,49.09,104107.15,51749.51
2025-12-17 00:00:00+08:00,600259.XSHG,49.1,50.29,48.9,50.02,80045.24,39605.89
2025-12-18 00:00:00+08:00,600259.XSHG,49.6,51.51,49.45,49.85,76078.73,38496.54
2025-12-19 00:00:00+08:00,600259.XSHG,50.09,54.2,49.9,52.9,164755.03,85688.24
2025-12-22 00:00:00+08:00,600259.XSHG,52.87,56.78,52.52,55.97,267720.69,148033.65
2025-12-23 00:00:00+08:00,600259.XSHG,55.92,55.92,53.78,53.94,168268.41,91739.4
2025-12-24 00:00:00+08:00,600259.XSHG,54.0,54.4,52.81,53.25,104057.08,55430.35
2025-12-25 00:00:00+08:00,600259.XSHG,53.2,53.96,52.41,53.74,94693.93,50461.64
2025-01-02 00:00:00+08:00,600515.XSHG,3.78,3.79,3.6,3.63,715275.51,26438.91
2025-01-03 00:00:00+08:00,600515.XSHG,3.63,3.64,3.51,3.52,584566.9,20821.48
2025-01-06 00:00:00+08:00,600515.XSHG,3.52,3.54,3.47,3.49,455122.28,15898.86
2025-01-07 00:00:00+08:00,600515.XSHG,3.5,3.52,3.47,3.51,326077.47,11402.82
2025-01-08 00:00:00+08:00,600515.XSHG,3.51,3.54,3.43,3.5,549122.74,19133.11
2025-01-09 00:00:00+08:00,600515.XSHG,3.49,3.56,3.48,3.48,408166.5,14312.61
2025-01-10 00:00:00+08:00,600515.XSHG,3.48,3.49,3.44,3.45,334979.62,11586.31
2025-01-13 00:00:00+08:00,600515.XSHG,3.44,3.5,3.41,3.49,426646.71,14809.55
2025-01-14 00:00:00+08:00,600515.XSHG,3.5,3.68,3.49,3.68,788237.48,28407.75
2025-01-15 00:00:00+08:00,600515.XSHG,3.68,3.79,3.61,3.72,882439.85,32722.9
2025-01-16 00:00:00+08:00,600515.XSHG,3.72,3.85,3.72,3.82,864504.92,32636.48
2025-01-17 00:00:00+08:00,600515.XSHG,3.84,3.87,3.79,3.81,601830.2,23056.01
2025-01-20 00:00:00+08:00,600515.XSHG,3.81,3.84,3.75,3.77,521194.72,19767.33
2025-01-21 00:00:00+08:00,600515.XSHG,3.8,3.82,3.72,3.74,472661.97,17811.3
2025-01-22 00:00:00+08:00,600515.XSHG,3.73,3.74,3.63,3.66,451079.19,16532.17
2025-01-23 00:00:00+08:00,600515.XSHG,3.68,3.73,3.65,3.65,461778.65,17019.57
2025-01-24 00:00:00+08:00,600515.XSHG,3.66,3.69,3.63,3.67,326414.82,11953.68
2025-01-27 00:00:00+08:00,600515.XSHG,3.7,3.74,3.65,3.65,312789.68,11499.53
2025-02-05 00:00:00+08:00,600515.XSHG,3.65,3.67,3.58,3.6,340587.85,12285.4
2025-02-06 00:00:00+08:00,600515.XSHG,3.61,3.64,3.56,3.63,383306.53,13836.24
2025-02-07 00:00:00+08:00,600515.XSHG,3.64,3.77,3.61,3.7,632858.59,23517.52
2025-02-10 00:00:00+08:00,600515.XSHG,3.71,3.75,3.67,3.69,413646.17,15300.32
2025-02-11 00:00:00+08:00,600515.XSHG,3.7,3.71,3.62,3.64,377231.41,13758.2
2025-02-12 00:00:00+08:00,600515.XSHG,3.65,3.71,3.63,3.7,471665.89,17357.87
2025-02-13 00:00:00+08:00,600515.XSHG,3.69,3.74,3.67,3.67,446493.61,16515.98
2025-02-14 00:00:00+08:00,600515.XSHG,3.67,3.68,3.62,3.64,427459.49,15558.01
2025-02-17 00:00:00+08:00,600515.XSHG,3.64,3.68,3.61,3.64,403115.82,14689.94
2025-02-18 00:00:00+08:00,600515.XSHG,3.64,3.65,3.57,3.58,481557.43,17309.64
2025-02-19 00:00:00+08:00,600515.XSHG,3.58,3.69,3.57,3.62,528770.64,19170.22
2025-02-20 00:00:00+08:00,600515.XSHG,3.61,3.66,3.58,3.6,458540.76,16583.34
2025-02-21 00:00:00+08:00,600515.XSHG,3.6,3.64,3.56,3.61,477433.89,17172.16
2025-02-24 00:00:00+08:00,600515.XSHG,3.59,3.68,3.58,3.66,685405.32,24913.7
2025-02-25 00:00:00+08:00,600515.XSHG,3.64,3.75,3.57,3.66,829910.94,30490.04
2025-02-26 00:00:00+08:00,600515.XSHG,3.67,3.71,3.65,3.69,416278.06,15297.88
2025-02-27 00:00:00+08:00,600515.XSHG,3.69,3.86,3.68,3.78,1153000.66,43753.97
2025-02-28 00:00:00+08:00,600515.XSHG,3.76,3.84,3.74,3.78,886700.51,33610.99
2025-03-03 00:00:00+08:00,600515.XSHG,3.8,3.83,3.72,3.74,525438.86,19815.72
2025-03-04 00:00:00+08:00,600515.XSHG,3.73,3.76,3.69,3.75,364078.18,13557.82
2025-03-05 00:00:00+08:00,600515.XSHG,3.76,3.78,3.69,3.76,448220.44,16718.36
2025-03-06 00:00:00+08:00,600515.XSHG,3.75,3.87,3.73,3.83,885183.25,33788.64
2025-03-07 00:00:00+08:00,600515.XSHG,3.83,3.84,3.79,3.82,427455.18,16278.66
2025-03-10 00:00:00+08:00,600515.XSHG,3.81,3.84,3.75,3.81,546742.37,20706.1
2025-03-11 00:00:00+08:00,600515.XSHG,3.78,3.84,3.76,3.84,485502.52,18516.42
2025-03-12 00:00:00+08:00,600515.XSHG,3.84,3.86,3.77,3.77,474344.67,18026.7
2025-03-13 00:00:00+08:00,600515.XSHG,3.78,3.78,3.72,3.73,340650.05,12761.52
2025-03-14 00:00:00+08:00,600515.XSHG,3.74,3.79,3.72,3.77,407090.93,15321.59
2025-03-17 00:00:00+08:00,600515.XSHG,3.8,3.85,3.79,3.82,595904.76,22779.96
2025-03-18 00:00:00+08:00,600515.XSHG,3.83,3.86,3.78,3.78,555492.33,21183.27
2025-03-19 00:00:00+08:00,600515.XSHG,3.79,3.85,3.76,3.79,505748.13,19211.46
2025-03-20 00:00:00+08:00,600515.XSHG,3.79,3.82,3.77,3.8,357579.85,13585.46
2025-03-21 00:00:00+08:00,600515.XSHG,3.79,3.84,3.73,3.74,694398.32,26276.63
2025-03-24 00:00:00+08:00,600515.XSHG,3.75,3.76,3.69,3.72,530286.9,19709.87
2025-03-25 00:00:00+08:00,600515.XSHG,3.72,3.73,3.68,3.7,373993.46,13838.17
2025-03-26 00:00:00+08:00,600515.XSHG,3.69,3.74,3.68,3.7,313651.15,11647.71
2025-03-27 00:00:00+08:00,600515.XSHG,3.7,3.71,3.65,3.69,308564.48,11382.27
2025-03-28 00:00:00+08:00,600515.XSHG,3.7,3.71,3.64,3.65,421237.57,15454.05
2025-03-31 00:00:00+08:00,600515.XSHG,3.66,3.7,3.6,3.62,465989.47,16964.25
2025-04-01 00:00:00+08:00,600515.XSHG,3.62,3.64,3.59,3.61,365492.41,13210.78
2025-04-02 00:00:00+08:00,600515.XSHG,3.61,3.66,3.59,3.61,375612.72,13591.53
2025-04-03 00:00:00+08:00,600515.XSHG,3.58,3.67,3.57,3.64,596356.49,21707.63
2025-04-07 00:00:00+08:00,600515.XSHG,3.56,3.56,3.28,3.29,1319999.03,44420.44
2025-04-08 00:00:00+08:00,600515.XSHG,3.34,3.43,3.3,3.41,1058842.97,35792.28
2025-04-09 00:00:00+08:00,600515.XSHG,3.36,3.75,3.33,3.75,1696965.03,61020.38
2025-04-10 00:00:00+08:00,600515.XSHG,3.7,3.84,3.63,3.75,1940089.59,72925.14
2025-04-11 00:00:00+08:00,600515.XSHG,3.7,3.8,3.66,3.78,1144512.51,42756.68
2025-04-14 00:00:00+08:00,600515.XSHG,3.75,3.95,3.69,3.76,1929026.65,73324.17
2025-04-15 00:00:00+08:00,600515.XSHG,3.75,3.76,3.63,3.66,1024062.81,37610.05
2025-04-16 00:00:00+08:00,600515.XSHG,3.67,3.68,3.58,3.65,691759.49,25109.71
2025-04-17 00:00:00+08:00,600515.XSHG,3.62,3.66,3.6,3.63,461564.43,16775.37
2025-04-18 00:00:00+08:00,600515.XSHG,3.62,3.65,3.58,3.63,476003.43,17197.83
2025-04-21 00:00:00+08:00,600515.XSHG,3.62,3.64,3.59,3.61,351246.92,12695.4
2025-04-22 00:00:00+08:00,600515.XSHG,3.62,3.66,3.61,3.63,483985.99,17598.48
2025-04-23 00:00:00+08:00,600515.XSHG,3.63,3.65,3.56,3.56,505946.04,18128.89
2025-04-24 00:00:00+08:00,600515.XSHG,3.57,3.58,3.53,3.54,314188.27,11161.33
2025-04-25 00:00:00+08:00,600515.XSHG,3.54,3.56,3.52,3.53,354022.02,12539.08
2025-04-28 00:00:00+08:00,600515.XSHG,3.55,3.57,3.49,3.52,438250.6,15419.08
2025-04-29 00:00:00+08:00,600515.XSHG,3.5,3.54,3.48,3.51,292537.04,10276.91
2025-04-30 00:00:00+08:00,600515.XSHG,3.5,3.55,3.49,3.51,431118.5,15198.06
2025-05-06 00:00:00+08:00,600515.XSHG,3.65,3.65,3.56,3.6,999837.83,35991.15
2025-05-07 00:00:00+08:00,600515.XSHG,3.62,3.64,3.58,3.58,624098.22,22450.93
2025-05-08 00:00:00+08:00,600515.XSHG,3.58,3.59,3.56,3.58,340795.07,12204.46
2025-05-09 00:00:00+08:00,600515.XSHG,3.58,3.59,3.53,3.54,341570.55,12136.65
2025-05-12 00:00:00+08:00,600515.XSHG,3.56,3.56,3.52,3.55,385820.16,13663.31
2025-05-13 00:00:00+08:00,600515.XSHG,3.56,3.57,3.53,3.54,280673.57,9950.43
2025-05-14 00:00:00+08:00,600515.XSHG,3.53,3.57,3.52,3.55,345837.67,12259.56
2025-05-15 00:00:00+08:00,600515.XSHG,3.56,3.58,3.51,3.52,343650.84,12165.02
2025-05-16 00:00:00+08:00,600515.XSHG,3.52,3.55,3.5,3.53,366271.48,12899.07
2025-05-19 00:00:00+08:00,600515.XSHG,3.53,3.58,3.52,3.55,423798.29,15081.26
2025-05-20 00:00:00+08:00,600515.XSHG,3.56,3.57,3.53,3.55,291746.9,10352.15
2025-05-21 00:00:00+08:00,600515.XSHG,3.56,3.56,3.53,3.54,232702.87,8246.97
2025-05-22 00:00:00+08:00,600515.XSHG,3.53,3.55,3.5,3.51,266761.74,9395.49
2025-05-23 00:00:00+08:00,600515.XSHG,3.51,3.52,3.46,3.46,340639.89,11878.43
2025-05-26 00:00:00+08:00,600515.XSHG,3.46,3.48,3.4,3.43,412358.95,14175.55
2025-05-27 00:00:00+08:00,600515.XSHG,3.44,3.44,3.39,3.43,451317.62,15402.87
2025-05-28 00:00:00+08:00,600515.XSHG,3.43,3.45,3.42,3.43,228492.69,7848.06
2025-05-29 00:00:00+08:00,600515.XSHG,3.43,3.48,3.42,3.47,326910.4,11297.87
2025-05-30 00:00:00+08:00,600515.XSHG,3.47,3.48,3.44,3.45,345859.52,11956.57
2025-06-03 00:00:00+08:00,600515.XSHG,3.42,3.44,3.4,3.41,368939.94,12588.33
2025-06-04 00:00:00+08:00,600515.XSHG,3.41,3.43,3.39,3.42,331841.68,11310.69
2025-06-05 00:00:00+08:00,600515.XSHG,3.41,3.42,3.37,3.38,375349.13,12728.04
2025-06-06 00:00:00+08:00,600515.XSHG,3.39,3.49,3.38,3.46,775685.31,26729.18
2025-06-09 00:00:00+08:00,600515.XSHG,3.45,3.46,3.43,3.44,383267.24,13199.02
2025-06-10 00:00:00+08:00,600515.XSHG,3.44,3.45,3.39,3.42,352915.45,12066.95
2025-06-11 00:00:00+08:00,600515.XSHG,3.41,3.45,3.41,3.43,307697.96,10556.31
2025-06-12 00:00:00+08:00,600515.XSHG,3.42,3.42,3.39,3.4,447179.93,15216.25
2025-06-13 00:00:00+08:00,600515.XSHG,3.39,3.4,3.32,3.34,969260.88,32438.85
2025-06-16 00:00:00+08:00,600515.XSHG,3.33,3.34,3.31,3.33,511172.58,16991.46
2025-06-17 00:00:00+08:00,600515.XSHG,3.33,3.36,3.32,3.35,294419.14,9842.78
2025-06-18 00:00:00+08:00,600515.XSHG,3.35,3.37,3.33,3.34,270101.73,9038.99
2025-06-19 00:00:00+08:00,600515.XSHG,3.33,3.34,3.29,3.3,308724.8,10227.29
2025-06-20 00:00:00+08:00,600515.XSHG,3.3,3.33,3.29,3.31,281949.55,9352.91
2025-06-23 00:00:00+08:00,600515.XSHG,3.29,3.35,3.28,3.34,321619.03,10681.62
2025-06-24 00:00:00+08:00,600515.XSHG,3.35,3.39,3.34,3.37,400937.85,13510.0
2025-06-25 00:00:00+08:00,600515.XSHG,3.38,3.46,3.36,3.44,577113.24,19656.01
2025-06-26 00:00:00+08:00,600515.XSHG,3.44,3.49,3.42,3.48,642835.56,22189.31
2025-06-27 00:00:00+08:00,600515.XSHG,3.47,3.57,3.46,3.48,826964.29,29125.14
2025-06-30 00:00:00+08:00,600515.XSHG,3.48,3.57,3.47,3.54,602929.25,21283.53
2025-07-01 00:00:00+08:00,600515.XSHG,3.54,3.57,3.52,3.55,463883.86,16445.6
2025-07-02 00:00:00+08:00,600515.XSHG,3.54,3.56,3.53,3.54,398205.82,14123.47
2025-07-03 00:00:00+08:00,600515.XSHG,3.54,3.59,3.53,3.54,519372.35,18500.65
2025-07-04 00:00:00+08:00,600515.XSHG,3.55,3.62,3.53,3.56,793657.37,28279.0
2025-07-07 00:00:00+08:00,600515.XSHG,3.56,3.58,3.51,3.57,716024.17,25401.1
2025-07-08 00:00:00+08:00,600515.XSHG,3.56,3.66,3.55,3.66,881907.99,31993.3
2025-07-09 00:00:00+08:00,600515.XSHG,3.65,3.67,3.62,3.64,443721.03,16157.95
2025-07-10 00:00:00+08:00,600515.XSHG,3.63,3.71,3.62,3.68,811136.39,29734.0
2025-07-11 00:00:00+08:00,600515.XSHG,3.68,3.7,3.63,3.64,757454.69,27634.94
2025-07-14 00:00:00+08:00,600515.XSHG,3.64,3.65,3.59,3.61,575474.17,20800.42
2025-07-15 00:00:00+08:00,600515.XSHG,3.6,3.64,3.57,3.59,515625.5,18576.36
2025-07-16 00:00:00+08:00,600515.XSHG,3.59,3.65,3.58,3.63,465159.23,16841.28
2025-07-17 00:00:00+08:00,600515.XSHG,3.63,3.72,3.62,3.7,779423.17,28707.48
2025-07-18 00:00:00+08:00,600515.XSHG,3.71,3.74,3.67,3.73,472264.84,17489.61
2025-07-21 00:00:00+08:00,600515.XSHG,3.74,4.0,3.74,3.9,2082544.93,81183.65
2025-07-22 00:00:00+08:00,600515.XSHG,3.95,4.02,3.79,3.94,2104267.97,82263.28
2025-07-23 00:00:00+08:00,600515.XSHG,3.96,3.98,3.74,3.76,2463325.93,94452.16
2025-07-24 00:00:00+08:00,600515.XSHG,3.82,4.14,3.82,4.14,2980909.11,120190.97
2025-07-25 00:00:00+08:00,600515.XSHG,4.4,4.5,4.1,4.27,5436403.43,230423.12
2025-07-28 00:00:00+08:00,600515.XSHG,4.15,4.25,4.12,4.14,2481880.49,103452.33
2025-07-29 00:00:00+08:00,600515.XSHG,4.13,4.25,4.09,4.14,2031266.48,84716.78
2025-07-30 00:00:00+08:00,600515.XSHG,4.13,4.2,4.05,4.07,2043120.31,84301.13
2025-07-31 00:00:00+08:00,600515.XSHG,4.06,4.08,3.9,3.93,1908537.7,75824.66
2025-08-01 00:00:00+08:00,600515.XSHG,3.92,3.96,3.89,3.91,825548.61,32327.6
2025-08-04 00:00:00+08:00,600515.XSHG,3.9,3.93,3.87,3.93,717192.83,28063.65
2025-08-05 00:00:00+08:00,600515.XSHG,3.93,3.95,3.91,3.93,775400.17,30489.17
2025-08-06 00:00:00+08:00,600515.XSHG,3.94,3.95,3.87,3.88,1154814.35,44947.4
2025-08-07 00:00:00+08:00,600515.XSHG,3.88,3.89,3.82,3.85,1172082.18,45009.45
2025-08-08 00:00:00+08:00,600515.XSHG,3.86,3.89,3.84,3.87,646019.71,25012.36
2025-08-11 00:00:00+08:00,600515.XSHG,3.87,3.91,3.86,3.9,612797.01,23856.85
2025-08-12 00:00:00+08:00,600515.XSHG,3.91,3.92,3.87,3.88,619652.26,24068.39
2025-08-13 00:00:00+08:00,600515.XSHG,3.88,3.9,3.86,3.87,718063.13,27852.67
2025-08-14 00:00:00+08:00,600515.XSHG,3.87,3.88,3.78,3.79,986323.18,37718.06
2025-08-15 00:00:00+08:00,600515.XSHG,3.78,3.84,3.77,3.84,642348.39,24458.81
2025-08-18 00:00:00+08:00,600515.XSHG,3.84,3.93,3.83,3.92,1068882.81,41695.53
2025-08-19 00:00:00+08:00,600515.XSHG,3.92,3.99,3.89,3.94,1148454.83,45174.51
2025-08-20 00:00:00+08:00,600515.XSHG,3.93,3.95,3.9,3.95,666761.94,26158.38
2025-08-21 00:00:00+08:00,600515.XSHG,3.94,4.01,3.91,3.93,957019.39,37849.49
2025-08-22 00:00:00+08:00,600515.XSHG,3.93,3.95,3.9,3.95,738287.3,28948.03
2025-08-25 00:00:00+08:00,600515.XSHG,3.95,4.02,3.93,4.02,1267552.53,50522.29
2025-08-26 00:00:00+08:00,600515.XSHG,4.0,4.05,3.96,4.01,1091731.57,43645.93
2025-08-27 00:00:00+08:00,600515.XSHG,3.99,4.01,3.9,3.9,1119731.0,44294.0
2025-08-28 00:00:00+08:00,600515.XSHG,3.9,3.97,3.84,3.93,966293.85,37720.27
2025-08-29 00:00:00+08:00,600515.XSHG,3.92,3.97,3.91,3.91,824907.81,32467.14
2025-09-01 00:00:00+08:00,600515.XSHG,3.9,3.92,3.85,3.87,952234.74,36923.09
2025-09-02 00:00:00+08:00,600515.XSHG,3.87,3.87,3.8,3.83,780804.82,29921.34
2025-09-03 00:00:00+08:00,600515.XSHG,3.85,3.86,3.75,3.76,806371.96,30566.82
2025-09-04 00:00:00+08:00,600515.XSHG,3.76,3.82,3.74,3.78,799826.86,30287.02
2025-09-05 00:00:00+08:00,600515.XSHG,3.79,3.87,3.75,3.86,1023390.12,39071.49
2025-09-08 00:00:00+08:00,600515.XSHG,3.85,3.93,3.84,3.87,775713.27,30138.85
2025-09-09 00:00:00+08:00,600515.XSHG,3.88,3.89,3.84,3.87,535601.15,20693.29
2025-09-10 00:00:00+08:00,600515.XSHG,3.86,3.94,3.85,3.9,666961.83,26027.89
2025-09-11 00:00:00+08:00,600515.XSHG,3.9,3.95,3.87,3.95,849633.94,33218.42
2025-09-12 00:00:00+08:00,600515.XSHG,3.95,4.04,3.94,4.0,1354617.39,54175.11
2025-09-15 00:00:00+08:00,600515.XSHG,3.99,4.03,3.95,3.98,763147.27,30324.69
2025-09-16 00:00:00+08:00,600515.XSHG,3.98,4.08,3.97,4.07,1240762.01,49972.8
2025-09-17 00:00:00+08:00,600515.XSHG,4.05,4.06,4.01,4.06,741247.5,29879.42
2025-09-18 00:00:00+08:00,600515.XSHG,4.05,4.14,4.0,4.03,1518726.88,61810.16
2025-09-19 00:00:00+08:00,600515.XSHG,4.03,4.06,3.96,4.05,992917.02,39789.04
2025-09-22 00:00:00+08:00,600515.XSHG,4.05,4.05,3.98,4.03,673960.37,27021.82
2025-09-23 00:00:00+08:00,600515.XSHG,4.03,4.03,3.89,3.97,946302.51,37273.94
2025-09-24 00:00:00+08:00,600515.XSHG,3.95,4.05,3.95,4.04,902757.86,36237.75
2025-09-25 00:00:00+08:00,600515.XSHG,4.05,4.06,3.99,4.0,535641.23,21515.02
2025-09-26 00:00:00+08:00,600515.XSHG,4.0,4.06,3.98,4.02,698245.0,28156.0
2025-09-29 00:00:00+08:00,600515.XSHG,4.03,4.11,3.98,4.09,1153331.46,46888.26
2025-09-30 00:00:00+08:00,600515.XSHG,4.09,4.17,4.06,4.16,1042180.11,43148.86
2025-10-09 00:00:00+08:00,600515.XSHG,4.15,4.15,4.04,4.06,1439071.56,58566.27
2025-10-10 00:00:00+08:00,600515.XSHG,4.05,4.19,4.04,4.13,1529802.99,63282.73
2025-10-13 00:00:00+08:00,600515.XSHG,4.0,4.09,3.97,4.08,1023633.5,41374.8
2025-10-14 00:00:00+08:00,600515.XSHG,4.09,4.22,4.07,4.14,1447920.43,60295.15
2025-10-15 00:00:00+08:00,600515.XSHG,4.14,4.18,4.11,4.18,869958.14,36066.73
2025-10-16 00:00:00+08:00,600515.XSHG,4.17,4.3,4.15,4.24,1984877.76,83937.72
2025-10-17 00:00:00+08:00,600515.XSHG,4.23,4.62,4.21,4.5,4236993.95,188124.99
2025-10-20 00:00:00+08:00,600515.XSHG,4.56,4.86,4.43,4.65,4414614.55,206498.01
2025-10-21 00:00:00+08:00,600515.XSHG,4.61,4.9,4.48,4.83,3636336.6,172389.92
2025-10-22 00:00:00+08:00,600515.XSHG,4.73,4.8,4.56,4.6,2644422.97,122579.37
2025-10-23 00:00:00+08:00,600515.XSHG,4.58,4.65,4.46,4.54,2177220.79,98621.42
2025-10-24 00:00:00+08:00,600515.XSHG,4.52,4.64,4.44,4.46,1571837.92,70857.25
2025-10-27 00:00:00+08:00,600515.XSHG,4.47,4.52,4.39,4.4,1647117.54,73123.98
2025-10-28 00:00:00+08:00,600515.XSHG,4.35,4.53,4.35,4.46,1728734.79,77285.57
2025-10-29 00:00:00+08:00,600515.XSHG,4.46,4.91,4.43,4.8,4047998.28,192286.36
2025-10-30 00:00:00+08:00,600515.XSHG,4.75,4.86,4.73,4.76,2273413.32,108974.73
2025-10-31 00:00:00+08:00,600515.XSHG,4.9,5.03,4.84,4.93,2810966.68,138512.51
2025-11-03 00:00:00+08:00,600515.XSHG,4.96,5.42,4.93,5.39,4123194.87,213567.83
2025-11-04 00:00:00+08:00,600515.XSHG,5.39,5.55,5.3,5.43,3400691.06,184824.87
2025-11-05 00:00:00+08:00,600515.XSHG,5.33,5.9,5.33,5.62,4444935.88,252631.21
2025-11-06 00:00:00+08:00,600515.XSHG,5.6,5.69,5.35,5.44,3562727.66,193782.96
2025-11-07 00:00:00+08:00,600515.XSHG,5.65,5.71,5.35,5.53,3154877.02,174154.37
2025-11-10 00:00:00+08:00,600515.XSHG,5.44,5.68,5.31,5.39,2908961.56,159725.87
2025-11-11 00:00:00+08:00,600515.XSHG,5.37,5.43,5.33,5.4,1629287.57,87526.52
2025-11-12 00:00:00+08:00,600515.XSHG,5.4,5.42,5.21,5.27,2055503.73,108426.94
2025-11-13 00:00:00+08:00,600515.XSHG,5.26,5.34,5.19,5.3,1484574.31,78533.74
2025-11-14 00:00:00+08:00,600515.XSHG,5.3,5.54,5.28,5.42,2541329.32,138146.2
2025-11-17 00:00:00+08:00,600515.XSHG,5.43,5.48,5.27,5.38,1783192.27,95749.07
2025-11-18 00:00:00+08:00,600515.XSHG,5.35,5.48,5.13,5.25,2124252.63,111938.21
2025-11-19 00:00:00+08:00,600515.XSHG,5.18,5.23,4.9,4.99,2772713.91,138540.69
2025-11-20 00:00:00+08:00,600515.XSHG,4.98,5.2,4.97,5.09,1951395.67,100008.76
2025-11-21 00:00:00+08:00,600515.XSHG,5.03,5.15,4.96,4.97,1509888.51,76013.76
2025-11-24 00:00:00+08:00,600515.XSHG,4.98,5.05,4.69,4.79,2181665.36,105078.53
2025-11-25 00:00:00+08:00,600515.XSHG,4.79,4.88,4.72,4.84,1528329.77,73459.91
2025-11-26 00:00:00+08:00,600515.XSHG,4.84,4.98,4.81,4.87,1644586.26,80847.65
2025-11-27 00:00:00+08:00,600515.XSHG,4.87,4.96,4.76,4.82,981759.89,47518.66
2025-11-28 00:00:00+08:00,600515.XSHG,4.8,4.98,4.75,4.95,1272632.26,62256.01
2025-12-01 00:00:00+08:00,600515.XSHG,4.98,5.07,4.91,5.01,1303170.18,65125.37
2025-12-02 00:00:00+08:00,600515.XSHG,5.01,5.03,4.84,5.01,1235439.7,61065.09
2025-12-03 00:00:00+08:00,600515.XSHG,4.96,5.06,4.87,4.89,1235430.64,61207.39
2025-12-04 00:00:00+08:00,600515.XSHG,4.86,4.91,4.71,4.81,1046284.41,50159.72
2025-12-05 00:00:00+08:00,600515.XSHG,4.8,4.84,4.65,4.83,1244704.18,59297.23
2025-12-08 00:00:00+08:00,600515.XSHG,4.83,5.02,4.81,4.97,1631088.62,80558.61
2025-12-09 00:00:00+08:00,600515.XSHG,4.95,4.95,4.75,4.79,1487904.91,71577.03
2025-12-10 00:00:00+08:00,600515.XSHG,4.78,5.19,4.75,5.15,3158964.54,158592.0
2025-12-11 00:00:00+08:00,600515.XSHG,5.19,5.23,4.92,4.93,2509525.62,126508.4
2025-12-12 00:00:00+08:00,600515.XSHG,4.92,4.92,4.82,4.88,1241008.27,60415.15
2025-12-15 00:00:00+08:00,600515.XSHG,4.89,4.89,4.73,4.78,1107768.69,53229.55
2025-12-16 00:00:00+08:00,600515.XSHG,4.79,4.88,4.59,4.65,1499103.76,70293.35
2025-12-17 00:00:00+08:00,600515.XSHG,4.65,4.69,4.45,4.69,1523980.76,69215.94
2025-12-18 00:00:00+08:00,600515.XSHG,4.69,4.7,4.44,4.45,1521795.59,69051.82
2025-12-19 00:00:00+08:00,600515.XSHG,4.47,4.89,4.47,4.77,2586075.38,120380.23
2025-12-22 00:00:00+08:00,600515.XSHG,4.93,5.25,4.88,5.25,3108236.87,159034.22
2025-12-23 00:00:00+08:00,600515.XSHG,5.62,5.76,5.32,5.39,7030663.83,386626.39
2025-12-24 00:00:00+08:00,600515.XSHG,5.26,5.53,5.14,5.43,4772767.29,253574.01
2025-12-25 00:00:00+08:00,600515.XSHG,5.55,5.56,5.27,5.28,4179655.96,225869.57
2025-01-02 00:00:00+08:00,600759.XSHG,2.26,2.36,2.26,2.29,1711933.3,39450.48
2025-01-03 00:00:00+08:00,600759.XSHG,2.29,2.35,2.25,2.28,1676476.4,38397.26
2025-01-06 00:00:00+08:00,600759.XSHG,2.29,2.3,2.21,2.23,1338035.0,30124.93
2025-01-07 00:00:00+08:00,600759.XSHG,2.23,2.29,2.21,2.28,930787.6,20922.97
2025-01-08 00:00:00+08:00,600759.XSHG,2.28,2.32,2.21,2.28,1129350.0,25557.77
2025-01-09 00:00:00+08:00,600759.XSHG,2.25,2.28,2.23,2.26,699408.0,15771.65
2025-01-10 00:00:00+08:00,600759.XSHG,2.25,2.27,2.18,2.19,876979.0,19452.29
2025-01-13 00:00:00+08:00,600759.XSHG,2.21,2.27,2.2,2.25,1458868.14,32593.18
2025-01-14 00:00:00+08:00,600759.XSHG,2.22,2.32,2.22,2.32,2080491.66,47422.16
2025-01-15 00:00:00+08:00,600759.XSHG,2.3,2.31,2.23,2.26,1867755.14,42154.64
2025-01-16 00:00:00+08:00,600759.XSHG,2.28,2.34,2.27,2.3,2288890.14,52805.86
2025-01-17 00:00:00+08:00,600759.XSHG,2.28,2.29,2.23,2.26,1618562.0,36462.16
2025-01-20 00:00:00+08:00,600759.XSHG,2.27,2.28,2.22,2.24,1445454.41,32366.49
2025-01-21 00:00:00+08:00,600759.XSHG,2.23,2.23,2.16,2.18,1480857.02,32359.17
2025-01-22 00:00:00+08:00,600759.XSHG,2.17,2.17,2.12,2.12,1156314.0,24683.85
2025-01-23 00:00:00+08:00,600759.XSHG,2.14,2.18,2.11,2.12,1208626.6,25926.42
2025-01-24 00:00:00+08:00,600759.XSHG,2.1,2.16,2.08,2.15,1337074.01,28331.3
2025-01-27 00:00:00+08:00,600759.XSHG,2.18,2.23,2.14,2.15,1312709.67,28606.51
2025-02-05 00:00:00+08:00,600759.XSHG,2.16,2.17,2.13,2.15,853910.44,18397.22
2025-02-06 00:00:00+08:00,600759.XSHG,2.15,2.18,2.12,2.18,995609.3,21492.67
2025-02-07 00:00:00+08:00,600759.XSHG,2.17,2.24,2.17,2.21,1593603.9,35220.68
2025-02-10 00:00:00+08:00,600759.XSHG,2.21,2.26,2.21,2.25,1190004.63,26644.23
2025-02-11 00:00:00+08:00,600759.XSHG,2.26,2.27,2.21,2.23,886782.9,19797.67
2025-02-12 00:00:00+08:00,600759.XSHG,2.23,2.25,2.19,2.23,949392.4,21086.4
2025-02-13 00:00:00+08:00,600759.XSHG,2.22,2.27,2.21,2.24,1403122.62,31502.65
2025-02-14 00:00:00+08:00,600759.XSHG,2.23,2.25,2.2,2.22,950544.41,21085.71
2025-02-17 00:00:00+08:00,600759.XSHG,2.21,2.25,2.19,2.23,1278536.96,28385.59
2025-02-18 00:00:00+08:00,600759.XSHG,2.23,2.24,2.17,2.17,1212686.3,26688.91
2025-02-19 00:00:00+08:00,600759.XSHG,2.16,2.18,2.15,2.18,877778.0,19007.67
2025-02-20 00:00:00+08:00,600759.XSHG,2.17,2.2,2.15,2.17,952841.87,20662.41
2025-02-21 00:00:00+08:00,600759.XSHG,2.17,2.18,2.13,2.14,1019473.26,21858.21
2025-02-24 00:00:00+08:00,600759.XSHG,2.12,2.17,2.12,2.16,1057388.31,22761.41
2025-02-25 00:00:00+08:00,600759.XSHG,2.14,2.18,2.12,2.13,1055916.3,22666.83
2025-02-26 00:00:00+08:00,600759.XSHG,2.13,2.17,2.13,2.17,1046523.74,22564.92
2025-02-27 00:00:00+08:00,600759.XSHG,2.16,2.21,2.16,2.18,1359447.1,29645.03
2025-02-28 00:00:00+08:00,600759.XSHG,2.17,2.3,2.17,2.24,2983747.83,67144.07
2025-03-03 00:00:00+08:00,600759.XSHG,2.24,2.25,2.19,2.2,1661184.6,36779.28
2025-03-04 00:00:00+08:00,600759.XSHG,2.18,2.19,2.14,2.16,1068606.01,23061.02
2025-03-05 00:00:00+08:00,600759.XSHG,2.16,2.16,2.13,2.15,952058.08,20402.42
2025-03-06 00:00:00+08:00,600759.XSHG,2.15,2.18,2.14,2.16,854301.25,18439.0
2025-03-07 00:00:00+08:00,600759.XSHG,2.16,2.17,2.14,2.15,691205.01,14879.11
2025-03-10 00:00:00+08:00,600759.XSHG,2.15,2.17,2.14,2.17,609721.5,13163.56
2025-03-11 00:00:00+08:00,600759.XSHG,2.15,2.18,2.14,2.16,691953.57,14936.61
2025-03-12 00:00:00+08:00,600759.XSHG,2.16,2.17,2.14,2.15,731417.93,15761.55
2025-03-13 00:00:00+08:00,600759.XSHG,2.15,2.17,2.14,2.16,828457.28,17835.3
2025-03-14 00:00:00+08:00,600759.XSHG,2.17,2.23,2.16,2.21,1555944.15,34220.39
2025-03-17 00:00:00+08:00,600759.XSHG,2.21,2.28,2.2,2.23,1676809.31,37666.36
2025-03-18 00:00:00+08:00,600759.XSHG,2.23,2.24,2.2,2.24,845969.21,18785.31
2025-03-19 00:00:00+08:00,600759.XSHG,2.23,2.26,2.22,2.24,1013341.63,22702.0
2025-03-20 00:00:00+08:00,600759.XSHG,2.24,2.41,2.23,2.31,2790740.02,64885.69
2025-03-21 00:00:00+08:00,600759.XSHG,2.31,2.54,2.31,2.54,5203958.64,129252.43
2025-03-24 00:00:00+08:00,600759.XSHG,2.54,2.55,2.38,2.42,5024622.02,123545.42
2025-03-25 00:00:00+08:00,600759.XSHG,2.42,2.66,2.42,2.59,6086311.21,157254.45
2025-03-26 00:00:00+08:00,600759.XSHG,2.53,2.54,2.47,2.51,3471254.13,86947.26
2025-03-27 00:00:00+08:00,600759.XSHG,2.5,2.52,2.38,2.39,2591648.0,62459.22
2025-03-28 00:00:00+08:00,600759.XSHG,2.38,2.39,2.31,2.31,1774925.77,41583.2
2025-03-31 00:00:00+08:00,600759.XSHG,2.23,2.32,2.23,2.27,1653513.4,37527.11
2025-04-01 00:00:00+08:00,600759.XSHG,2.3,2.44,2.3,2.35,2036059.04,48198.41
2025-04-02 00:00:00+08:00,600759.XSHG,2.33,2.35,2.29,2.29,1201430.0,27757.0
2025-04-03 00:00:00+08:00,600759.XSHG,2.26,2.33,2.25,2.31,1211172.0,27870.57
2025-04-07 00:00:00+08:00,600759.XSHG,2.12,2.18,2.08,2.08,1837778.69,38897.96
2025-04-08 00:00:00+08:00,600759.XSHG,2.08,2.13,2.05,2.11,1374926.76,28804.94
2025-04-09 00:00:00+08:00,600759.XSHG,2.07,2.14,1.92,2.12,1795589.69,36640.23
2025-04-10 00:00:00+08:00,600759.XSHG,2.15,2.18,2.13,2.14,1455733.85,31274.45
2025-04-11 00:00:00+08:00,600759.XSHG,2.1,2.14,2.09,2.12,994481.39,21050.98
2025-04-14 00:00:00+08:00,600759.XSHG,2.14,2.2,2.13,2.18,1302365.05,28177.45
2025-04-15 00:00:00+08:00,600759.XSHG,2.17,2.17,2.14,2.16,691063.18,14863.06
2025-04-16 00:00:00+08:00,600759.XSHG,2.15,2.15,2.09,2.11,800864.84,16970.75
2025-04-17 00:00:00+08:00,600759.XSHG,2.1,2.14,2.1,2.12,569424.52,12098.1
2025-04-18 00:00:00+08:00,600759.XSHG,2.14,2.15,2.11,2.13,617261.0,13132.21
2025-04-21 00:00:00+08:00,600759.XSHG,2.12,2.15,2.1,2.14,822668.0,17505.81
2025-04-22 00:00:00+08:00,600759.XSHG,2.13,2.14,2.11,2.12,730561.1,15492.28
2025-04-23 00:00:00+08:00,600759.XSHG,2.13,2.14,2.11,2.12,683649.0,14516.38
2025-04-24 00:00:00+08:00,600759.XSHG,2.11,2.12,2.08,2.08,936125.91,19602.41
2025-04-25 00:00:00+08:00,600759.XSHG,2.09,2.12,2.08,2.1,800743.09,16830.57
2025-04-28 00:00:00+08:00,600759.XSHG,2.1,2.1,2.05,2.05,880150.5,18184.75
2025-04-29 00:00:00+08:00,600759.XSHG,2.05,2.06,2.03,2.04,736336.1,15045.64
2025-04-30 00:00:00+08:00,600759.XSHG,2.04,2.08,2.04,2.05,546418.0,11253.79
2025-05-06 00:00:00+08:00,600759.XSHG,2.05,2.09,2.04,2.09,779527.59,16174.92
2025-05-07 00:00:00+08:00,600759.XSHG,2.1,2.12,2.09,2.11,733860.8,15431.47
2025-05-08 00:00:00+08:00,600759.XSHG,2.1,2.13,2.09,2.12,751453.21,15906.84
2025-05-09 00:00:00+08:00,600759.XSHG,2.13,2.17,2.09,2.1,980703.0,20744.17
2025-05-12 00:00:00+08:00,600759.XSHG,2.1,2.11,2.09,2.11,573793.6,12056.49
2025-05-13 00:00:00+08:00,600759.XSHG,2.12,2.15,2.11,2.12,790176.04,16808.98
2025-05-14 00:00:00+08:00,600759.XSHG,2.13,2.14,2.11,2.14,720018.0,15299.42
2025-05-15 00:00:00+08:00,600759.XSHG,2.12,2.15,2.11,2.11,733271.3,15590.38
2025-05-16 00:00:00+08:00,600759.XSHG,2.11,2.12,2.09,2.1,566507.0,11901.46
2025-05-19 00:00:00+08:00,600759.XSHG,2.1,2.14,2.09,2.13,683997.51,14485.21
2025-05-20 00:00:00+08:00,600759.XSHG,2.13,2.13,2.11,2.12,466210.3,9887.28
2025-05-21 00:00:00+08:00,600759.XSHG,2.13,2.22,2.13,2.16,1858937.14,40452.52
2025-05-22 00:00:00+08:00,600759.XSHG,2.15,2.2,2.13,2.18,1369039.0,29766.5
2025-05-23 00:00:00+08:00,600759.XSHG,2.18,2.21,2.12,2.13,1302882.9,28146.62
2025-05-26 00:00:00+08:00,600759.XSHG,2.26,2.33,2.18,2.23,2629695.29,58706.5
2025-05-27 00:00:00+08:00,600759.XSHG,2.2,2.22,2.17,2.18,1260896.6,27599.57
2025-05-28 00:00:00+08:00,600759.XSHG,2.18,2.2,2.15,2.16,1015659.9,22011.69
2025-05-29 00:00:00+08:00,600759.XSHG,2.16,2.18,2.14,2.17,777788.89,16874.56
2025-05-30 00:00:00+08:00,600759.XSHG,2.17,2.21,2.15,2.19,1142032.13,24960.81
2025-06-03 00:00:00+08:00,600759.XSHG,2.21,2.23,2.18,2.23,1160471.19,25642.28
2025-06-04 00:00:00+08:00,600759.XSHG,2.23,2.23,2.2,2.21,929777.3,20570.21
2025-06-05 00:00:00+08:00,600759.XSHG,2.21,2.22,2.17,2.19,762234.39,16721.03
2025-06-06 00:00:00+08:00,600759.XSHG,2.19,2.21,2.18,2.2,824303.51,18118.69
2025-06-09 00:00:00+08:00,600759.XSHG,2.21,2.22,2.19,2.2,834491.0,18380.83
2025-06-10 00:00:00+08:00,600759.XSHG,2.21,2.21,2.14,2.17,1024816.9,22257.01
2025-06-11 00:00:00+08:00,600759.XSHG,2.16,2.19,2.16,2.17,714207.3,15541.54
2025-06-12 00:00:00+08:00,600759.XSHG,2.21,2.27,2.2,2.21,1683209.51,37446.77
2025-06-13 00:00:00+08:00,600759.XSHG,2.39,2.43,2.32,2.43,5688930.23,136914.09
2025-06-16 00:00:00+08:00,600759.XSHG,2.62,2.67,2.49,2.67,8368222.34,219015.77
2025-06-17 00:00:00+08:00,600759.XSHG,2.55,2.77,2.5,2.62,8279942.2,217104.81
2025-06-18 00:00:00+08:00,600759.XSHG,2.7,2.72,2.53,2.58,5815761.68,152835.58
2025-06-19 00:00:00+08:00,600759.XSHG,2.51,2.83,2.43,2.72,7758000.67,202686.46
2025-06-20 00:00:00+08:00,600759.XSHG,2.62,2.68,2.53,2.55,4575747.07,118522.44
2025-06-23 00:00:00+08:00,600759.XSHG,2.68,2.75,2.62,2.67,5642939.12,150860.67
2025-06-24 00:00:00+08:00,600759.XSHG,2.4,2.49,2.4,2.4,5868235.0,141564.96
2025-06-25 00:00:00+08:00,600759.XSHG,2.32,2.38,2.3,2.36,3818534.44,89460.22
2025-06-26 00:00:00+08:00,600759.XSHG,2.34,2.45,2.31,2.4,4173702.25,98619.49
2025-06-27 00:00:00+08:00,600759.XSHG,2.34,2.35,2.31,2.32,2399833.3,55850.93
2025-06-30 00:00:00+08:00,600759.XSHG,2.32,2.36,2.31,2.35,2274285.6,53236.58
2025-07-01 00:00:00+08:00,600759.XSHG,2.34,2.38,2.32,2.36,1886687.01,44200.42
2025-07-02 00:00:00+08:00,600759.XSHG,2.36,2.4,2.34,2.38,2423413.95,57654.44
2025-07-03 00:00:00+08:00,600759.XSHG,2.39,2.41,2.34,2.35,1665443.51,39328.39
2025-07-04 00:00:00+08:00,600759.XSHG,2.34,2.37,2.33,2.34,1474925.84,34693.84
2025-07-07 00:00:00+08:00,600759.XSHG,2.34,2.4,2.3,2.37,2094400.34,49330.91
2025-07-08 00:00:00+08:00,600759.XSHG,2.36,2.38,2.35,2.38,1404381.73,33261.93
2025-07-09 00:00:00+08:00,600759.XSHG,2.38,2.39,2.35,2.36,1224278.0,29015.33
2025-07-10 00:00:00+08:00,600759.XSHG,2.36,2.38,2.35,2.37,1211694.63,28691.21
2025-07-11 00:00:00+08:00,600759.XSHG,2.37,2.43,2.36,2.39,1817701.7,43365.41
2025-07-14 00:00:00+08:00,600759.XSHG,2.39,2.45,2.36,2.37,2160467.55,51825.37
2025-07-15 00:00:00+08:00,600759.XSHG,2.36,2.37,2.29,2.3,1866928.6,43181.81
2025-07-16 00:00:00+08:00,600759.XSHG,2.31,2.32,2.29,2.32,757663.24,17507.84
2025-07-17 00:00:00+08:00,600759.XSHG,2.31,2.35,2.3,2.34,1230616.3,28677.0
2025-07-18 00:00:00+08:00,600759.XSHG,2.34,2.36,2.32,2.34,928476.05,21710.54
2025-07-21 00:00:00+08:00,600759.XSHG,2.33,2.37,2.33,2.37,1366220.01,32234.55
2025-07-22 00:00:00+08:00,600759.XSHG,2.37,2.41,2.34,2.39,1823814.9,43297.63
2025-07-23 00:00:00+08:00,600759.XSHG,2.39,2.41,2.36,2.37,1867707.82,44596.26
2025-07-24 00:00:00+08:00,600759.XSHG,2.37,2.61,2.36,2.57,5697605.84,142774.84
2025-07-25 00:00:00+08:00,600759.XSHG,2.52,2.53,2.43,2.44,3122872.0,76770.85
2025-07-28 00:00:00+08:00,600759.XSHG,2.44,2.45,2.39,2.4,1515230.7,36496.72
2025-07-29 00:00:00+08:00,600759.XSHG,2.41,2.44,2.39,2.42,1192960.96,28796.21
2025-07-30 00:00:00+08:00,600759.XSHG,2.44,2.48,2.44,2.46,2386103.76,58745.58
2025-07-31 00:00:00+08:00,600759.XSHG,2.44,2.45,2.38,2.39,1564695.99,37643.12
2025-08-01 00:00:00+08:00,600759.XSHG,2.38,2.41,2.37,2.39,881002.1,21044.91
2025-08-04 00:00:00+08:00,600759.XSHG,2.37,2.39,2.35,2.38,857199.47,20289.82
2025-08-05 00:00:00+08:00,600759.XSHG,2.38,2.41,2.37,2.41,857231.0,20545.38
2025-08-06 00:00:00+08:00,600759.XSHG,2.4,2.42,2.38,2.41,927809.63,22281.86
2025-08-07 00:00:00+08:00,600759.XSHG,2.4,2.42,2.38,2.4,1076737.08,25854.54
2025-08-08 00:00:00+08:00,600759.XSHG,2.4,2.46,2.39,2.43,1466286.46,35646.69
2025-08-11 00:00:00+08:00,600759.XSHG,2.43,2.45,2.4,2.44,1219966.35,29619.11
2025-08-12 00:00:00+08:00,600759.XSHG,2.44,2.45,2.42,2.43,855633.0,20837.46
2025-08-13 00:00:00+08:00,600759.XSHG,2.42,2.43,2.4,2.42,1113553.5,26910.59
2025-08-14 00:00:00+08:00,600759.XSHG,2.42,2.43,2.37,2.38,1300287.01,31149.57
2025-08-15 00:00:00+08:00,600759.XSHG,2.38,2.42,2.37,2.41,1050161.44,25228.92
2025-08-18 00:00:00+08:00,600759.XSHG,2.41,2.44,2.4,2.41,1211918.74,29358.35
2025-08-19 00:00:00+08:00,600759.XSHG,2.41,2.42,2.39,2.39,1207428.41,29018.73
2025-08-20 00:00:00+08:00,600759.XSHG,2.39,2.42,2.38,2.41,1192052.8,28585.6
2025-08-21 00:00:00+08:00,600759.XSHG,2.41,2.45,2.4,2.41,2826964.7,68461.12
2025-08-22 00:00:00+08:00,600759.XSHG,2.41,2.42,2.37,2.41,2169215.14,51822.08
2025-08-25 00:00:00+08:00,600759.XSHG,2.4,2.44,2.39,2.43,2106529.86,51022.15
2025-08-26 00:00:00+08:00,600759.XSHG,2.43,2.45,2.41,2.44,1640483.66,39970.39
2025-08-27 00:00:00+08:00,600759.XSHG,2.43,2.44,2.35,2.36,2376389.0,56983.0
2025-08-28 00:00:00+08:00,600759.XSHG,2.36,2.38,2.29,2.34,1955452.31,45674.99
2025-08-29 00:00:00+08:00,600759.XSHG,2.34,2.37,2.33,2.34,1147743.37,26960.33
2025-09-01 00:00:00+08:00,600759.XSHG,2.33,2.35,2.31,2.33,1082321.42,25201.54
2025-09-02 00:00:00+08:00,600759.XSHG,2.33,2.35,2.3,2.32,1251436.86,29034.13
2025-09-03 00:00:00+08:00,600759.XSHG,2.32,2.33,2.26,2.27,1250168.26,28577.71
2025-09-04 00:00:00+08:00,600759.XSHG,2.26,2.29,2.24,2.27,1242503.17,28131.92
2025-09-05 00:00:00+08:00,600759.XSHG,2.26,2.28,2.22,2.28,1121545.78,25237.59
2025-09-08 00:00:00+08:00,600759.XSHG,2.27,2.3,2.26,2.3,1195157.85,27334.59
2025-09-09 00:00:00+08:00,600759.XSHG,2.29,2.3,2.26,2.28,878613.24,20047.83
2025-09-10 00:00:00+08:00,600759.XSHG,2.29,2.34,2.28,2.33,2012799.2,46756.43
2025-09-11 00:00:00+08:00,600759.XSHG,2.32,2.33,2.28,2.32,1369693.34,31527.88
2025-09-12 00:00:00+08:00,600759.XSHG,2.31,2.35,2.3,2.33,1690316.67,39359.67
2025-09-15 00:00:00+08:00,600759.XSHG,2.34,2.39,2.33,2.37,1832931.64,43309.35
2025-09-16 00:00:00+08:00,600759.XSHG,2.38,2.42,2.35,2.42,2023530.84,48266.93
2025-09-17 00:00:00+08:00,600759.XSHG,2.42,2.43,2.39,2.41,1383767.77,33314.42
2025-09-18 00:00:00+08:00,600759.XSHG,2.4,2.45,2.36,2.38,2241170.4,54039.64
2025-09-19 00:00:00+08:00,600759.XSHG,2.38,2.41,2.31,2.33,1618648.66,37995.84
2025-09-22 00:00:00+08:00,600759.XSHG,2.32,2.33,2.27,2.29,1086133.9,24848.55
2025-09-23 00:00:00+08:00,600759.XSHG,2.3,2.3,2.22,2.24,1466700.4,32911.1
2025-09-24 00:00:00+08:00,600759.XSHG,2.26,2.32,2.25,2.28,1378154.46,31460.81
2025-09-25 00:00:00+08:00,600759.XSHG,2.27,2.34,2.25,2.28,1391854.93,31922.48
2025-09-26 00:00:00+08:00,600759.XSHG,2.28,2.32,2.27,2.28,1269544.0,29081.0
2025-09-29 00:00:00+08:00,600759.XSHG,2.27,2.28,2.23,2.28,1214638.8,27436.73
2025-09-30 00:00:00+08:00,600759.XSHG,2.26,2.28,2.25,2.27,868231.87,19654.77
2025-10-09 00:00:00+08:00,600759.XSHG,2.26,2.31,2.25,2.31,1428635.25,32626.52
2025-10-10 00:00:00+08:00,600759.XSHG,2.3,2.34,2.28,2.33,1458893.13,33917.79
2025-10-13 00:00:00+08:00,600759.XSHG,2.27,2.32,2.25,2.32,1338386.74,30550.35
2025-10-14 00:00:00+08:00,600759.XSHG,2.32,2.35,2.3,2.32,1416330.13,32985.71
2025-10-15 00:00:00+08:00,600759.XSHG,2.32,2.36,2.31,2.33,1185089.61,27642.05
2025-10-16 00:00:00+08:00,600759.XSHG,2.34,2.36,2.31,2.33,1140757.91,26565.7
2025-10-17 00:00:00+08:00,600759.XSHG,2.32,2.37,2.31,2.34,1969268.0,46220.34
2025-10-20 00:00:00+08:00,600759.XSHG,2.35,2.42,2.35,2.41,2268098.3,54252.82
2025-10-21 00:00:00+08:00,600759.XSHG,2.41,2.51,2.4,2.49,3276674.31,80779.48
2025-10-22 00:00:00+08:00,600759.XSHG,2.49,2.54,2.44,2.5,3382083.72,84206.59
2025-10-23 00:00:00+08:00,600759.XSHG,2.5,2.52,2.43,2.48,2107447.54,51932.14
2025-10-24 00:00:00+08:00,600759.XSHG,2.5,2.54,2.39,2.4,2432507.58,59541.63
2025-10-27 00:00:00+08:00,600759.XSHG,2.41,2.41,2.36,2.37,1853037.52,44134.65
2025-10-28 00:00:00+08:00,600759.XSHG,2.37,2.39,2.35,2.36,1230232.74,29082.07
2025-10-29 00:00:00+08:00,600759.XSHG,2.36,2.43,2.33,2.41,2068919.4,49482.85
2025-10-30 00:00:00+08:00,600759.XSHG,2.39,2.41,2.34,2.35,1857665.16,44007.09
2025-10-31 00:00:00+08:00,600759.XSHG,2.35,2.4,2.35,2.37,1547733.28,36786.03
2025-11-03 00:00:00+08:00,600759.XSHG,2.37,2.61,2.37,2.61,5061066.57,129279.31
2025-11-04 00:00:00+08:00,600759.XSHG,2.59,2.69,2.53,2.56,6887559.3,179837.17
2025-11-05 00:00:00+08:00,600759.XSHG,2.6,2.82,2.58,2.82,6828603.09,188305.55
2025-11-06 00:00:00+08:00,600759.XSHG,2.75,2.76,2.64,2.67,6697129.06,179793.89
2025-11-07 00:00:00+08:00,600759.XSHG,2.74,2.84,2.69,2.74,6544743.54,180284.09
2025-11-10 00:00:00+08:00,600759.XSHG,2.67,2.78,2.66,2.7,4399162.6,119386.05
2025-11-11 00:00:00+08:00,600759.XSHG,2.69,2.81,2.68,2.72,3538381.26,96658.85
2025-11-12 00:00:00+08:00,600759.XSHG,2.71,2.77,2.66,2.67,3020002.51,81584.07
2025-11-13 00:00:00+08:00,600759.XSHG,2.63,2.74,2.57,2.71,3215834.99,86141.74
2025-11-14 00:00:00+08:00,600759.XSHG,2.7,2.94,2.7,2.84,5368772.76,152508.16
2025-11-17 00:00:00+08:00,600759.XSHG,2.87,3.05,2.86,2.98,5865940.29,173358.22
2025-11-18 00:00:00+08:00,600759.XSHG,2.95,3.02,2.84,2.89,3946243.88,114710.11
2025-11-19 00:00:00+08:00,600759.XSHG,2.86,2.87,2.73,2.75,3033272.38,84225.62
2025-11-20 00:00:00+08:00,600759.XSHG,2.74,2.83,2.72,2.77,2809729.46,77666.19
2025-11-21 00:00:00+08:00,600759.XSHG,2.73,2.76,2.57,2.58,3539812.3,93938.25
2025-11-24 00:00:00+08:00,600759.XSHG,2.61,2.67,2.55,2.61,2591181.38,67455.13
2025-11-25 00:00:00+08:00,600759.XSHG,2.6,2.65,2.58,2.62,2097824.32,54717.11
2025-11-26 00:00:00+08:00,600759.XSHG,2.59,2.7,2.58,2.61,2679301.82,70777.11
2025-11-27 00:00:00+08:00,600759.XSHG,2.58,2.62,2.51,2.57,1946746.19,50082.22
2025-11-28 00:00:00+08:00,600759.XSHG,2.56,2.68,2.55,2.67,2302104.95,60483.07
2025-12-01 00:00:00+08:00,600759.XSHG,2.68,2.74,2.68,2.72,2137713.22,57877.74
2025-12-02 00:00:00+08:00,600759.XSHG,2.71,2.78,2.66,2.76,2372764.46,64935.12
2025-12-03 00:00:00+08:00,600759.XSHG,2.74,2.84,2.66,2.69,2499240.51,68323.45
2025-12-04 00:00:00+08:00,600759.XSHG,2.69,2.73,2.6,2.62,1968455.69,52009.83
2025-12-05 00:00:00+08:00,600759.XSHG,2.61,2.71,2.56,2.7,1987317.3,52648.98
2025-12-08 00:00:00+08:00,600759.XSHG,2.68,2.77,2.67,2.73,1855995.81,50730.81
2025-12-09 00:00:00+08:00,600759.XSHG,2.72,2.73,2.63,2.67,2162380.35,57861.38
2025-12-10 00:00:00+08:00,600759.XSHG,2.67,2.8,2.61,2.78,4740737.4,129378.71
2025-12-11 00:00:00+08:00,600759.XSHG,2.75,2.83,2.72,2.74,3445321.93,95296.35
2025-12-12 00:00:00+08:00,600759.XSHG,2.73,2.75,2.65,2.65,2316940.19,62156.26
2025-12-15 00:00:00+08:00,600759.XSHG,2.66,2.68,2.55,2.61,1826975.94,47889.56
2025-12-16 00:00:00+08:00,600759.XSHG,2.6,2.63,2.45,2.47,2442559.28,61224.01
2025-12-17 00:00:00+08:00,600759.XSHG,2.45,2.49,2.41,2.48,1551604.76,37838.77
2025-12-18 00:00:00+08:00,600759.XSHG,2.48,2.73,2.47,2.63,4483744.92,118248.01
2025-12-19 00:00:00+08:00,600759.XSHG,2.6,2.67,2.55,2.66,3112495.76,81084.92
2025-12-22 00:00:00+08:00,600759.XSHG,2.66,2.93,2.66,2.93,5899755.24,168782.04
2025-12-23 00:00:00+08:00,600759.XSHG,2.99,3.06,2.87,2.89,6962138.53,205155.92
2025-12-24 00:00:00+08:00,600759.XSHG,2.87,2.9,2.78,2.83,3447243.65,97367.58
2025-12-25 00:00:00+08:00,600759.XSHG,2.83,2.86,2.75,2.77,2243316.53,62386.44
2025-01-02 00:00:00+08:00,601118.XSHG,5.38,5.42,5.12,5.16,407560.59,21448.98
2025-01-03 00:00:00+08:00,601118.XSHG,5.14,5.17,4.99,5.0,317129.8,16099.76
2025-01-06 00:00:00+08:00,601118.XSHG,5.0,5.06,4.96,4.99,236756.53,11868.48
2025-01-07 00:00:00+08:00,601118.XSHG,4.98,5.05,4.94,5.01,225761.13,11301.19
2025-01-08 00:00:00+08:00,601118.XSHG,5.02,5.03,4.87,4.99,247660.03,12273.75
2025-01-09 00:00:00+08:00,601118.XSHG,5.0,5.08,4.97,5.02,219452.38,11052.47
2025-01-10 00:00:00+08:00,601118.XSHG,5.04,5.14,4.98,4.98,223507.16,11304.35
2025-01-13 00:00:00+08:00,601118.XSHG,5.02,5.13,5.0,5.05,262653.08,13300.64
2025-01-14 00:00:00+08:00,601118.XSHG,5.07,5.19,5.03,5.17,263365.0,13523.8
2025-01-15 00:00:00+08:00,601118.XSHG,5.17,5.19,5.1,5.17,187878.01,9688.67
2025-01-16 00:00:00+08:00,601118.XSHG,5.19,5.27,5.15,5.2,207554.0,10822.54
2025-01-17 00:00:00+08:00,601118.XSHG,5.18,5.25,5.15,5.22,174175.46,9088.39
2025-01-20 00:00:00+08:00,601118.XSHG,5.24,5.26,5.05,5.05,369017.03,18871.99
2025-01-21 00:00:00+08:00,601118.XSHG,5.13,5.24,5.08,5.11,314308.56,16186.9
2025-01-22 00:00:00+08:00,601118.XSHG,5.12,5.17,5.06,5.07,210566.87,10754.21
2025-01-23 00:00:00+08:00,601118.XSHG,5.13,5.18,5.07,5.07,253421.0,12990.98
2025-01-24 00:00:00+08:00,601118.XSHG,5.07,5.15,5.05,5.13,208667.6,10706.81
2025-01-27 00:00:00+08:00,601118.XSHG,5.15,5.21,5.12,5.16,267095.21,13837.14
2025-02-05 00:00:00+08:00,601118.XSHG,5.18,5.26,5.15,5.19,259246.2,13499.51
2025-02-06 00:00:00+08:00,601118.XSHG,5.19,5.24,5.13,5.2,270989.01,14059.83
2025-02-07 00:00:00+08:00,601118.XSHG,5.21,5.32,5.18,5.29,324000.93,17130.53
2025-02-10 00:00:00+08:00,601118.XSHG,5.27,5.32,5.23,5.26,260706.46,13760.55
2025-02-11 00:00:00+08:00,601118.XSHG,5.28,5.33,5.25,5.29,236746.96,12572.91
2025-02-12 00:00:00+08:00,601118.XSHG,5.31,5.36,5.25,5.35,254740.61,13559.34
2025-02-13 00:00:00+08:00,601118.XSHG,5.33,5.38,5.31,5.33,218494.59,11707.17
2025-02-14 00:00:00+08:00,601118.XSHG,5.37,5.48,5.33,5.43,304280.5,16469.38
2025-02-17 00:00:00+08:00,601118.XSHG,5.44,5.52,5.39,5.46,325198.01,17786.85
2025-02-18 00:00:00+08:00,601118.XSHG,5.47,5.47,5.32,5.33,288890.01,15537.28
2025-02-19 00:00:00+08:00,601118.XSHG,5.34,5.4,5.3,5.31,286686.01,15348.48
2025-02-20 00:00:00+08:00,601118.XSHG,5.33,5.38,5.27,5.36,308232.93,16478.39
2025-02-21 00:00:00+08:00,601118.XSHG,5.44,5.54,5.38,5.39,461480.01,25195.56
2025-02-24 00:00:00+08:00,601118.XSHG,5.42,5.48,5.3,5.3,496406.88,26651.46
2025-02-25 00:00:00+08:00,601118.XSHG,5.29,5.3,5.18,5.19,312419.21,16381.41
2025-02-26 00:00:00+08:00,601118.XSHG,5.19,5.22,5.16,5.18,259249.03,13467.56
2025-02-27 00:00:00+08:00,601118.XSHG,5.19,5.28,5.15,5.27,396774.64,20839.78
2025-02-28 00:00:00+08:00,601118.XSHG,5.24,5.26,5.13,5.14,304326.0,15822.31
2025-03-03 00:00:00+08:00,601118.XSHG,5.19,5.21,5.11,5.14,238908.0,12354.49
2025-03-04 00:00:00+08:00,601118.XSHG,5.12,5.17,5.07,5.16,210645.6,10809.74
2025-03-05 00:00:00+08:00,601118.XSHG,5.12,5.15,5.02,5.07,282686.0,14327.43
2025-03-06 00:00:00+08:00,601118.XSHG,5.08,5.16,5.06,5.14,320269.15,16412.15
2025-03-07 00:00:00+08:00,601118.XSHG,5.16,5.18,5.09,5.1,251029.58,12914.03
2025-03-10 00:00:00+08:00,601118.XSHG,5.09,5.14,5.06,5.12,226643.76,11586.49
2025-03-11 00:00:00+08:00,601118.XSHG,5.07,5.12,5.01,5.11,221724.62,11295.9
2025-03-12 00:00:00+08:00,601118.XSHG,5.11,5.14,5.04,5.11,314912.19,16033.39
2025-03-13 00:00:00+08:00,601118.XSHG,5.09,5.12,4.98,5.01,374438.3,18857.97
2025-03-14 00:00:00+08:00,601118.XSHG,5.02,5.1,5.01,5.1,353128.0,17915.62
2025-03-17 00:00:00+08:00,601118.XSHG,5.09,5.15,5.08,5.1,290979.0,14911.8
2025-03-18 00:00:00+08:00,601118.XSHG,5.13,5.13,5.06,5.09,266506.12,13595.47
2025-03-19 00:00:00+08:00,601118.XSHG,5.08,5.16,5.07,5.13,323494.35,16612.95
2025-03-20 00:00:00+08:00,601118.XSHG,5.13,5.2,5.1,5.18,300523.71,15564.96
2025-03-21 00:00:00+08:00,601118.XSHG,5.17,5.26,5.13,5.17,361747.15,18805.0
2025-03-24 00:00:00+08:00,601118.XSHG,5.18,5.2,5.05,5.16,355175.0,18201.7
2025-03-25 00:00:00+08:00,601118.XSHG,5.13,5.32,5.12,5.31,560432.58,29555.71
2025-03-26 00:00:00+08:00,601118.XSHG,5.29,5.3,5.2,5.21,376045.02,19729.38
2025-03-27 00:00:00+08:00,601118.XSHG,5.2,5.22,5.12,5.21,244542.27,12698.45
2025-03-28 00:00:00+08:00,601118.XSHG,5.2,5.22,5.09,5.1,244674.65,12588.56
2025-03-31 00:00:00+08:00,601118.XSHG,5.1,5.11,4.98,4.99,336890.94,16971.88
2025-04-01 00:00:00+08:00,601118.XSHG,4.99,5.09,4.98,5.07,255825.0,12953.33
2025-04-02 00:00:00+08:00,601118.XSHG,5.05,5.52,5.02,5.23,770691.28,40352.85
2025-04-03 00:00:00+08:00,601118.XSHG,5.09,5.12,4.99,5.02,764266.63,38652.4
2025-04-07 00:00:00+08:00,601118.XSHG,4.55,4.78,4.52,4.52,690313.0,31763.68
2025-04-08 00:00:00+08:00,601118.XSHG,4.53,4.65,4.47,4.62,994153.79,45425.51
2025-04-09 00:00:00+08:00,601118.XSHG,4.5,4.71,4.37,4.66,1251664.67,56921.54
2025-04-10 00:00:00+08:00,601118.XSHG,4.71,4.77,4.65,4.69,758782.78,35855.17
2025-04-11 00:00:00+08:00,601118.XSHG,4.67,4.74,4.61,4.69,483568.47,22711.9
2025-04-14 00:00:00+08:00,601118.XSHG,4.73,4.91,4.71,4.81,576309.11,27688.72
2025-04-15 00:00:00+08:00,601118.XSHG,4.79,4.79,4.65,4.67,448580.0,21081.48
2025-04-16 00:00:00+08:00,601118.XSHG,4.67,4.67,4.5,4.53,483919.19,22075.56
2025-04-17 00:00:00+08:00,601118.XSHG,4.5,4.59,4.49,4.55,265538.9,12112.88
2025-04-18 00:00:00+08:00,601118.XSHG,4.56,4.56,4.5,4.53,214237.0,9718.81
2025-04-21 00:00:00+08:00,601118.XSHG,4.53,4.59,4.51,4.57,213462.0,9751.28
2025-04-22 00:00:00+08:00,601118.XSHG,4.56,4.61,4.56,4.58,213173.46,9783.64
2025-04-23 00:00:00+08:00,601118.XSHG,4.6,4.63,4.56,4.58,242829.01,11164.82
2025-04-24 00:00:00+08:00,601118.XSHG,4.59,4.63,4.55,4.56,268397.0,12333.54
2025-04-25 00:00:00+08:00,601118.XSHG,4.57,4.63,4.55,4.58,248660.02,11439.34
2025-04-28 00:00:00+08:00,601118.XSHG,4.59,4.59,4.46,4.49,356125.6,16045.26
2025-04-29 00:00:00+08:00,601118.XSHG,4.47,4.5,4.45,4.46,252254.78,11310.06
2025-04-30 00:00:00+08:00,601118.XSHG,4.47,4.53,4.46,4.49,244688.22,11039.71
2025-05-06 00:00:00+08:00,601118.XSHG,4.52,4.63,4.52,4.61,407834.78,18745.56
2025-05-07 00:00:00+08:00,601118.XSHG,4.66,4.67,4.61,4.66,335759.01,15612.39
2025-05-08 00:00:00+08:00,601118.XSHG,4.64,4.69,4.6,4.66,238853.07,11152.61
2025-05-09 00:00:00+08:00,601118.XSHG,4.68,4.68,4.6,4.61,188253.14,8716.48
2025-05-12 00:00:00+08:00,601118.XSHG,4.64,4.66,4.6,4.66,209386.64,9720.59
2025-05-13 00:00:00+08:00,601118.XSHG,4.69,4.73,4.64,4.69,296694.2,13907.05
2025-05-14 00:00:00+08:00,601118.XSHG,4.7,4.79,4.68,4.75,362036.5,17171.88
2025-05-15 00:00:00+08:00,601118.XSHG,4.73,4.73,4.66,4.67,232194.31,10919.88
2025-05-16 00:00:00+08:00,601118.XSHG,4.67,4.67,4.62,4.64,195865.1,9114.7
2025-05-19 00:00:00+08:00,601118.XSHG,4.64,4.69,4.62,4.69,187359.0,8750.33
2025-05-20 00:00:00+08:00,601118.XSHG,4.68,4.69,4.65,4.68,164656.92,7703.56
2025-05-21 00:00:00+08:00,601118.XSHG,4.66,4.68,4.64,4.67,143165.5,6689.66
2025-05-22 00:00:00+08:00,601118.XSHG,4.66,4.67,4.61,4.62,202780.59,9413.38
2025-05-23 00:00:00+08:00,601118.XSHG,4.62,4.64,4.56,4.58,295882.21,13631.36
2025-05-26 00:00:00+08:00,601118.XSHG,4.58,4.6,4.54,4.58,140568.86,6438.0
2025-05-27 00:00:00+08:00,601118.XSHG,4.59,4.6,4.53,4.58,192459.0,8801.53
2025-05-28 00:00:00+08:00,601118.XSHG,4.57,4.58,4.54,4.55,165926.22,7579.31
2025-05-29 00:00:00+08:00,601118.XSHG,4.55,4.6,4.54,4.59,175005.55,8031.92
2025-05-30 00:00:00+08:00,601118.XSHG,4.58,4.6,4.54,4.55,184034.29,8415.85
2025-06-03 00:00:00+08:00,601118.XSHG,4.55,4.59,4.53,4.57,147254.54,6733.68
2025-06-04 00:00:00+08:00,601118.XSHG,4.58,4.65,4.56,4.64,230908.31,10670.95
2025-06-05 00:00:00+08:00,601118.XSHG,4.64,4.67,4.61,4.63,211761.0,9851.54
2025-06-06 00:00:00+08:00,601118.XSHG,4.65,4.84,4.65,4.76,752605.52,35867.43
2025-06-09 00:00:00+08:00,601118.XSHG,4.71,4.78,4.68,4.72,389816.51,18464.84
2025-06-10 00:00:00+08:00,601118.XSHG,4.74,4.74,4.66,4.69,247379.99,11648.04
2025-06-11 00:00:00+08:00,601118.XSHG,4.69,4.75,4.67,4.75,234861.64,11131.61
2025-06-12 00:00:00+08:00,601118.XSHG,4.73,4.74,4.67,4.69,211831.0,9967.73
2025-06-13 00:00:00+08:00,601118.XSHG,4.69,4.79,4.66,4.72,395729.3,18762.89
2025-06-16 00:00:00+08:00,601118.XSHG,4.69,4.72,4.66,4.67,224066.0,10504.61
2025-06-17 00:00:00+08:00,601118.XSHG,4.68,4.69,4.64,4.67,172729.0,8073.34
2025-06-18 00:00:00+08:00,601118.XSHG,4.69,4.72,4.64,4.66,251036.8,11762.7
2025-06-19 00:00:00+08:00,601118.XSHG,4.64,4.7,4.55,4.58,241143.27,11134.19
2025-06-20 00:00:00+08:00,601118.XSHG,4.6,4.64,4.58,4.6,210611.59,9737.32
2025-06-23 00:00:00+08:00,601118.XSHG,4.57,4.67,4.57,4.66,235987.0,10953.25
2025-06-24 00:00:00+08:00,601118.XSHG,4.65,4.7,4.63,4.69,231527.29,10853.51
2025-06-25 00:00:00+08:00,601118.XSHG,4.69,4.73,4.66,4.72,202155.0,9525.18
2025-06-26 00:00:00+08:00,601118.XSHG,4.72,4.74,4.67,4.71,250723.99,11811.95
2025-06-27 00:00:00+08:00,601118.XSHG,4.71,4.76,4.7,4.7,192676.98,9130.42
2025-06-30 00:00:00+08:00,601118.XSHG,4.72,4.74,4.69,4.71,195625.99,9236.35
2025-07-01 00:00:00+08:00,601118.XSHG,4.7,4.81,4.7,4.77,332730.02,15831.45
2025-07-02 00:00:00+08:00,601118.XSHG,4.78,4.87,4.75,4.84,360139.0,17399.24
2025-07-03 00:00:00+08:00,601118.XSHG,4.84,4.86,4.8,4.8,217545.0,10517.43
2025-07-04 00:00:00+08:00,601118.XSHG,4.81,4.84,4.78,4.79,215126.01,10357.73
2025-07-07 00:00:00+08:00,601118.XSHG,4.77,4.81,4.75,4.8,152664.0,7314.08
2025-07-08 00:00:00+08:00,601118.XSHG,4.79,4.82,4.76,4.81,207484.0,9975.14
2025-07-09 00:00:00+08:00,601118.XSHG,4.81,4.85,4.78,4.81,210890.01,10178.47
2025-07-10 00:00:00+08:00,601118.XSHG,4.84,4.91,4.82,4.9,313076.01,15281.35
2025-07-11 00:00:00+08:00,601118.XSHG,4.89,4.94,4.85,4.9,235304.01,11536.31
2025-07-14 00:00:00+08:00,601118.XSHG,4.87,4.9,4.83,4.85,215453.01,10489.75
2025-07-15 00:00:00+08:00,601118.XSHG,4.85,4.86,4.74,4.76,266257.99,12718.28
2025-07-16 00:00:00+08:00,601118.XSHG,4.78,4.88,4.76,4.78,279277.17,13447.78
2025-07-17 00:00:00+08:00,601118.XSHG,4.81,4.93,4.79,4.92,404086.29,19747.76
2025-07-18 00:00:00+08:00,601118.XSHG,4.92,4.97,4.89,4.95,260372.0,12819.26
2025-07-21 00:00:00+08:00,601118.XSHG,4.96,5.14,4.93,5.02,692388.68,34953.68
2025-07-22 00:00:00+08:00,601118.XSHG,5.06,5.17,4.95,5.15,799989.0,40613.27
2025-07-23 00:00:00+08:00,601118.XSHG,5.17,5.18,4.99,5.0,808645.68,40966.66
2025-07-24 00:00:00+08:00,601118.XSHG,5.01,5.5,5.01,5.5,1979318.08,106426.02
2025-07-25 00:00:00+08:00,601118.XSHG,5.5,5.5,5.18,5.2,2057124.61,107960.78
2025-07-28 00:00:00+08:00,601118.XSHG,5.18,5.2,5.06,5.08,952659.73,48667.76
2025-07-29 00:00:00+08:00,601118.XSHG,5.1,5.12,4.99,5.04,575276.45,28965.07
2025-07-30 00:00:00+08:00,601118.XSHG,5.01,5.06,4.95,4.98,616049.94,30805.49
2025-07-31 00:00:00+08:00,601118.XSHG,4.96,4.96,4.88,4.91,499237.61,24517.77
2025-08-01 00:00:00+08:00,601118.XSHG,4.88,4.92,4.86,4.91,312606.0,15297.53
2025-08-04 00:00:00+08:00,601118.XSHG,4.88,4.91,4.86,4.9,248708.62,12146.58
2025-08-05 00:00:00+08:00,601118.XSHG,4.91,4.93,4.88,4.9,292429.0,14329.94
2025-08-06 00:00:00+08:00,601118.XSHG,4.9,4.95,4.87,4.93,372276.38,18334.71
2025-08-07 00:00:00+08:00,601118.XSHG,4.92,4.93,4.88,4.91,264242.0,12948.02
2025-08-08 00:00:00+08:00,601118.XSHG,4.92,4.93,4.89,4.92,229715.99,11289.34
2025-08-11 00:00:00+08:00,601118.XSHG,4.93,4.96,4.91,4.95,318679.07,15730.72
2025-08-12 00:00:00+08:00,601118.XSHG,4.95,4.96,4.91,4.92,262776.22,12954.58
2025-08-13 00:00:00+08:00,601118.XSHG,4.94,4.95,4.91,4.94,331340.13,16341.9
2025-08-14 00:00:00+08:00,601118.XSHG,4.95,5.03,4.93,4.94,534570.77,26595.39
2025-08-15 00:00:00+08:00,601118.XSHG,4.93,4.98,4.92,4.98,310661.72,15421.25
2025-08-18 00:00:00+08:00,601118.XSHG,4.99,5.1,4.97,5.09,653200.68,33042.46
2025-08-19 00:00:00+08:00,601118.XSHG,5.1,5.13,5.06,5.1,474203.4,24172.44
2025-08-20 00:00:00+08:00,601118.XSHG,5.06,5.19,5.04,5.17,544847.49,28009.61
2025-08-21 00:00:00+08:00,601118.XSHG,5.16,5.25,5.13,5.17,517779.01,26878.2
2025-08-22 00:00:00+08:00,601118.XSHG,5.17,5.18,5.12,5.17,329267.77,16956.71
2025-08-25 00:00:00+08:00,601118.XSHG,5.19,5.26,5.16,5.23,487389.35,25451.86
2025-08-26 00:00:00+08:00,601118.XSHG,5.21,5.31,5.17,5.27,501720.8,26406.36
2025-08-27 00:00:00+08:00,601118.XSHG,5.29,5.29,5.11,5.12,481526.0,24978.0
2025-08-28 00:00:00+08:00,601118.XSHG,5.1,5.19,5.06,5.19,414830.25,21310.88
2025-08-29 00:00:00+08:00,601118.XSHG,5.15,5.25,5.15,5.21,410872.82,21413.18
2025-09-01 00:00:00+08:00,601118.XSHG,5.23,5.32,5.19,5.29,630736.01,33273.74
2025-09-02 00:00:00+08:00,601118.XSHG,5.31,5.31,5.19,5.26,389429.67,20438.61
2025-09-03 00:00:00+08:00,601118.XSHG,5.27,5.34,5.21,5.23,466502.0,24571.44
2025-09-04 00:00:00+08:00,601118.XSHG,5.23,5.28,5.17,5.24,356737.01,18633.37
2025-09-05 00:00:00+08:00,601118.XSHG,5.27,5.34,5.2,5.32,506083.97,26697.8
2025-09-08 00:00:00+08:00,601118.XSHG,5.32,5.43,5.31,5.43,471895.0,25426.57
2025-09-09 00:00:00+08:00,601118.XSHG,5.41,5.45,5.37,5.42,294330.04,15908.39
2025-09-10 00:00:00+08:00,601118.XSHG,5.41,5.48,5.35,5.36,282629.01,15249.54
2025-09-11 00:00:00+08:00,601118.XSHG,5.36,5.43,5.32,5.39,347904.0,18713.16
2025-09-12 00:00:00+08:00,601118.XSHG,5.41,5.54,5.4,5.51,563429.57,30924.45
2025-09-15 00:00:00+08:00,601118.XSHG,5.53,5.55,5.43,5.44,319405.0,17500.43
2025-09-16 00:00:00+08:00,601118.XSHG,5.45,5.48,5.33,5.47,318637.52,17203.01
2025-09-17 00:00:00+08:00,601118.XSHG,5.45,5.46,5.33,5.37,290218.63,15571.14
2025-09-18 00:00:00+08:00,601118.XSHG,5.36,5.53,5.29,5.33,473079.22,25583.81
2025-09-19 00:00:00+08:00,601118.XSHG,5.33,5.35,5.25,5.3,267066.3,14128.35
2025-09-22 00:00:00+08:00,601118.XSHG,5.32,5.32,5.21,5.25,223019.01,11693.35
2025-09-23 00:00:00+08:00,601118.XSHG,5.24,5.25,5.06,5.16,410309.81,21017.64
2025-09-24 00:00:00+08:00,601118.XSHG,5.14,5.25,5.13,5.22,225164.9,11723.61
2025-09-25 00:00:00+08:00,601118.XSHG,5.22,5.24,5.15,5.19,178108.01,9252.35
2025-09-26 00:00:00+08:00,601118.XSHG,5.18,5.3,5.16,5.25,257586.0,13520.0
2025-09-29 00:00:00+08:00,601118.XSHG,5.24,5.31,5.16,5.26,297081.13,15608.16
2025-09-30 00:00:00+08:00,601118.XSHG,5.26,5.42,5.24,5.4,394148.82,21157.13
2025-10-09 00:00:00+08:00,601118.XSHG,5.4,5.42,5.32,5.36,351159.26,18839.14
2025-10-10 00:00:00+08:00,601118.XSHG,5.35,5.47,5.32,5.42,427230.01,23170.04
2025-10-13 00:00:00+08:00,601118.XSHG,5.26,5.38,5.23,5.36,389565.0,20655.83
2025-10-14 00:00:00+08:00,601118.XSHG,5.36,5.5,5.35,5.4,506851.25,27579.62
2025-10-15 00:00:00+08:00,601118.XSHG,5.39,5.44,5.32,5.38,303739.0,16292.9
2025-10-16 00:00:00+08:00,601118.XSHG,5.38,5.46,5.35,5.44,390219.16,21113.05
2025-10-17 00:00:00+08:00,601118.XSHG,5.45,5.52,5.38,5.41,498659.2,27157.45
2025-10-20 00:00:00+08:00,601118.XSHG,5.45,5.67,5.44,5.51,694319.61,38452.65
2025-10-21 00:00:00+08:00,601118.XSHG,5.51,5.63,5.45,5.6,537948.82,29966.17
2025-10-22 00:00:00+08:00,601118.XSHG,5.59,5.59,5.43,5.45,399350.0,21927.64
2025-10-23 00:00:00+08:00,601118.XSHG,5.44,5.5,5.41,5.49,255733.07,13943.39
2025-10-24 00:00:00+08:00,601118.XSHG,5.49,5.62,5.41,5.43,368891.01,20222.01
2025-10-27 00:00:00+08:00,601118.XSHG,5.45,5.52,5.4,5.45,307137.22,16749.67
2025-10-28 00:00:00+08:00,601118.XSHG,5.45,5.5,5.43,5.45,229335.4,12541.63
2025-10-29 00:00:00+08:00,601118.XSHG,5.44,5.68,5.42,5.62,568387.63,31782.92
2025-10-30 00:00:00+08:00,601118.XSHG,5.59,5.65,5.53,5.55,446251.01,24898.12
2025-10-31 00:00:00+08:00,601118.XSHG,5.58,5.71,5.55,5.64,535946.19,30225.41
2025-11-03 00:00:00+08:00,601118.XSHG,5.64,6.07,5.59,5.96,1073655.67,62712.1
2025-11-04 00:00:00+08:00,601118.XSHG,5.96,6.04,5.86,5.95,726789.71,43202.35
2025-11-05 00:00:00+08:00,601118.XSHG,5.91,6.16,5.86,6.02,956227.43,57782.61
2025-11-06 00:00:00+08:00,601118.XSHG,5.97,6.04,5.78,5.85,725720.22,42556.79
2025-11-07 00:00:00+08:00,601118.XSHG,5.92,6.09,5.83,6.01,815958.09,48698.24
2025-11-10 00:00:00+08:00,601118.XSHG,5.96,6.28,5.88,6.14,1061764.5,64878.4
2025-11-11 00:00:00+08:00,601118.XSHG,6.12,6.15,6.03,6.09,472908.96,28807.41
2025-11-12 00:00:00+08:00,601118.XSHG,6.07,6.12,5.98,6.03,421090.0,25434.2
2025-11-13 00:00:00+08:00,601118.XSHG,6.0,6.13,5.98,6.1,432231.77,26309.3
2025-11-14 00:00:00+08:00,601118.XSHG,6.07,6.39,6.05,6.27,932912.94,58501.31
2025-11-17 00:00:00+08:00,601118.XSHG,6.31,6.32,6.14,6.22,662773.06,41284.65
2025-11-18 00:00:00+08:00,601118.XSHG,6.18,6.39,6.0,6.1,901870.01,55636.14
2025-11-19 00:00:00+08:00,601118.XSHG,6.09,6.11,5.84,5.9,697798.14,41274.63
2025-11-20 00:00:00+08:00,601118.XSHG,5.93,6.15,5.88,6.01,920024.65,55199.42
2025-11-21 00:00:00+08:00,601118.XSHG,5.95,6.06,5.79,5.8,765611.13,45135.79
2025-11-24 00:00:00+08:00,601118.XSHG,5.81,5.92,5.62,5.69,609195.1,34902.16
2025-11-25 00:00:00+08:00,601118.XSHG,5.73,5.74,5.61,5.72,632622.0,35897.17
2025-11-26 00:00:00+08:00,601118.XSHG,5.71,5.95,5.7,5.77,700080.1,40901.48
2025-11-27 00:00:00+08:00,601118.XSHG,5.8,5.9,5.62,5.63,515732.11,29413.72
2025-11-28 00:00:00+08:00,601118.XSHG,5.68,6.19,5.6,6.09,1261426.73,75705.78
2025-12-01 00:00:00+08:00,601118.XSHG,6.03,6.09,5.9,5.91,758635.87,45143.4
2025-12-02 00:00:00+08:00,601118.XSHG,5.9,5.98,5.7,5.95,706242.18,41303.4
2025-12-03 00:00:00+08:00,601118.XSHG,5.88,6.13,5.88,5.93,800719.47,48080.81
2025-12-04 00:00:00+08:00,601118.XSHG,5.86,5.89,5.66,5.7,701533.64,40244.18
2025-12-05 00:00:00+08:00,601118.XSHG,5.69,5.92,5.64,5.86,577030.3,33402.14
2025-12-08 00:00:00+08:00,601118.XSHG,5.89,6.05,5.88,5.92,601116.71,35760.79
2025-12-09 00:00:00+08:00,601118.XSHG,5.89,5.91,5.65,5.71,718582.93,41076.47
2025-12-10 00:00:00+08:00,601118.XSHG,5.72,6.1,5.65,6.04,1464623.94,86959.88
2025-12-11 00:00:00+08:00,601118.XSHG,5.94,6.05,5.77,5.79,921796.38,54123.88
2025-12-12 00:00:00+08:00,601118.XSHG,5.75,5.81,5.61,5.63,790908.38,44854.32
2025-12-15 00:00:00+08:00,601118.XSHG,5.61,5.73,5.46,5.66,534822.62,30019.98
2025-12-16 00:00:00+08:00,601118.XSHG,5.65,5.79,5.41,5.49,644211.1,35595.02
2025-12-17 00:00:00+08:00,601118.XSHG,5.49,5.51,5.28,5.42,517615.14,27733.96
2025-12-18 00:00:00+08:00,601118.XSHG,5.39,5.42,5.29,5.3,498041.33,26620.45
2025-12-19 00:00:00+08:00,601118.XSHG,5.31,5.63,5.3,5.53,716198.43,39087.59
2025-12-22 00:00:00+08:00,601118.XSHG,5.63,6.08,5.61,6.08,1294043.33,77466.85
2025-12-23 00:00:00+08:00,601118.XSHG,6.3,6.45,6.01,6.06,2353473.29,146413.1
2025-12-24 00:00:00+08:00,601118.XSHG,6.0,6.04,5.85,5.92,1231259.21,73114.21
2025-12-25 00:00:00+08:00,601118.XSHG,5.96,5.96,5.74,5.77,805429.98,46718.21
2025-01-02 00:00:00+08:00,601969.XSHG,6.98,7.03,6.66,6.73,133865.19,9333.32
2025-01-03 00:00:00+08:00,601969.XSHG,6.76,6.85,6.53,6.58,132696.0,8991.92
2025-01-06 00:00:00+08:00,601969.XSHG,6.52,6.71,6.45,6.62,105585.0,7088.38
2025-01-07 00:00:00+08:00,601969.XSHG,6.6,6.67,6.52,6.64,80630.0,5414.74
2025-01-08 00:00:00+08:00,601969.XSHG,6.64,6.64,6.3,6.43,145418.0,9525.38
2025-01-09 00:00:00+08:00,601969.XSHG,6.39,6.48,6.35,6.43,81745.63,5352.86
2025-01-10 00:00:00+08:00,601969.XSHG,6.44,6.51,6.3,6.31,69963.0,4550.26
2025-01-13 00:00:00+08:00,601969.XSHG,6.29,6.42,6.28,6.41,76343.88,4944.09
2025-01-14 00:00:00+08:00,601969.XSHG,6.47,6.63,6.44,6.6,130782.8,8718.43
2025-01-15 00:00:00+08:00,601969.XSHG,6.64,6.67,6.49,6.51,107392.0,7139.68
2025-01-16 00:00:00+08:00,601969.XSHG,6.56,6.73,6.56,6.69,139236.8,9415.51
2025-01-17 00:00:00+08:00,601969.XSHG,6.68,6.74,6.61,6.71,86276.86,5867.12
2025-01-20 00:00:00+08:00,601969.XSHG,6.74,6.77,6.65,6.67,95092.43,6475.45
2025-01-21 00:00:00+08:00,601969.XSHG,6.64,6.68,6.54,6.59,93524.06,6266.82
2025-01-22 00:00:00+08:00,601969.XSHG,6.59,6.9,6.5,6.76,203779.29,13828.65
2025-01-23 00:00:00+08:00,601969.XSHG,6.72,6.84,6.67,6.67,187780.0,12914.12
2025-01-24 00:00:00+08:00,601969.XSHG,6.64,6.84,6.63,6.74,123188.77,8418.38
2025-01-27 00:00:00+08:00,601969.XSHG,6.81,6.85,6.67,6.67,98204.0,6754.4
2025-02-05 00:00:00+08:00,601969.XSHG,6.7,6.74,6.55,6.6,92632.0,6254.59
2025-02-06 00:00:00+08:00,601969.XSHG,6.59,6.68,6.53,6.67,95071.37,6389.81
2025-02-07 00:00:00+08:00,601969.XSHG,6.67,6.88,6.63,6.82,151256.0,10465.81
2025-02-10 00:00:00+08:00,601969.XSHG,6.82,6.87,6.77,6.8,109837.1,7593.09
2025-02-11 00:00:00+08:00,601969.XSHG,6.8,6.83,6.69,6.78,97224.3,6665.24
2025-02-12 00:00:00+08:00,601969.XSHG,6.77,6.8,6.69,6.78,91063.0,6246.06
2025-02-13 00:00:00+08:00,601969.XSHG,6.79,6.84,6.71,6.72,93209.0,6415.09
2025-02-14 00:00:00+08:00,601969.XSHG,6.71,6.76,6.64,6.7,97289.0,6621.65
2025-02-17 00:00:00+08:00,601969.XSHG,6.71,6.74,6.6,6.62,114712.65,7749.1
2025-02-18 00:00:00+08:00,601969.XSHG,6.61,6.64,6.52,6.55,101730.0,6813.96
2025-02-19 00:00:00+08:00,601969.XSHG,6.55,6.66,6.53,6.62,94085.3,6311.88
2025-02-20 00:00:00+08:00,601969.XSHG,6.63,6.64,6.54,6.58,87902.0,5880.45
2025-02-21 00:00:00+08:00,601969.XSHG,6.6,6.69,6.53,6.61,128366.0,8642.98
2025-02-24 00:00:00+08:00,601969.XSHG,6.59,6.65,6.56,6.58,96083.35,6442.99
2025-02-25 00:00:00+08:00,601969.XSHG,6.59,6.83,6.53,6.63,191982.88,13032.96
2025-02-26 00:00:00+08:00,601969.XSHG,6.66,6.93,6.63,6.86,271456.07,18862.15
2025-02-27 00:00:00+08:00,601969.XSHG,6.88,7.1,6.83,7.02,300100.61,21346.28
2025-02-28 00:00:00+08:00,601969.XSHG,6.94,6.99,6.77,6.8,222545.0,15506.98
2025-03-03 00:00:00+08:00,601969.XSHG,6.85,7.12,6.8,7.0,243557.19,17364.11
2025-03-04 00:00:00+08:00,601969.XSHG,6.99,7.09,6.92,7.07,178025.01,12699.17
2025-03-05 00:00:00+08:00,601969.XSHG,7.08,7.11,6.92,7.04,163283.0,11609.79
2025-03-06 00:00:00+08:00,601969.XSHG,7.05,7.05,6.95,7.01,169958.0,12075.41
2025-03-07 00:00:00+08:00,601969.XSHG,6.99,7.24,6.97,7.14,239642.68,17375.8
2025-03-10 00:00:00+08:00,601969.XSHG,7.12,7.18,7.04,7.13,161612.25,11653.99
2025-03-11 00:00:00+08:00,601969.XSHG,7.07,7.24,6.99,7.24,180830.28,13114.01
2025-03-12 00:00:00+08:00,601969.XSHG,7.22,7.26,7.11,7.14,142394.58,10347.45
2025-03-13 00:00:00+08:00,601969.XSHG,7.15,7.18,7.0,7.09,118696.31,8509.23
2025-03-14 00:00:00+08:00,601969.XSHG,7.08,7.19,7.05,7.17,170982.31,12351.62
2025-03-17 00:00:00+08:00,601969.XSHG,7.19,7.28,7.11,7.17,178209.0,13022.83
2025-03-18 00:00:00+08:00,601969.XSHG,7.17,7.19,7.09,7.18,116312.55,8433.71
2025-03-19 00:00:00+08:00,601969.XSHG,7.19,7.19,7.03,7.08,108072.88,7762.02
2025-03-20 00:00:00+08:00,601969.XSHG,7.06,7.47,7.04,7.3,279488.9,20603.92
2025-03-21 00:00:00+08:00,601969.XSHG,7.38,7.55,7.26,7.35,343053.1,25760.67
2025-03-24 00:00:00+08:00,601969.XSHG,7.34,7.47,7.12,7.31,265783.0,19651.45
2025-03-25 00:00:00+08:00,601969.XSHG,7.27,7.35,7.12,7.19,176284.0,12921.3
2025-03-26 00:00:00+08:00,601969.XSHG,7.2,7.49,7.19,7.23,229486.54,17069.08
2025-03-27 00:00:00+08:00,601969.XSHG,7.2,7.2,7.07,7.1,159553.0,11529.69
2025-03-28 00:00:00+08:00,601969.XSHG,7.09,7.12,6.95,7.0,134940.72,9606.94
2025-03-31 00:00:00+08:00,601969.XSHG,6.93,7.02,6.85,6.93,108168.0,7621.96
2025-04-01 00:00:00+08:00,601969.XSHG,6.97,7.26,6.97,7.24,233160.56,16923.06
2025-04-02 00:00:00+08:00,601969.XSHG,7.17,7.23,7.07,7.14,124478.43,9050.16
2025-04-03 00:00:00+08:00,601969.XSHG,7.11,7.19,7.05,7.12,120491.38,8708.66
2025-04-07 00:00:00+08:00,601969.XSHG,6.82,7.12,6.4,6.42,380220.94,26335.18
2025-04-08 00:00:00+08:00,601969.XSHG,6.52,6.93,6.52,6.78,299493.0,20631.28
2025-04-09 00:00:00+08:00,601969.XSHG,6.76,6.88,6.29,6.86,274957.0,18416.05
2025-04-10 00:00:00+08:00,601969.XSHG,6.89,7.3,6.89,6.95,257019.0,18556.71
2025-04-11 00:00:00+08:00,601969.XSHG,6.89,7.05,6.83,6.96,148347.0,10505.73
2025-04-14 00:00:00+08:00,601969.XSHG,7.09,7.49,6.96,7.45,452571.25,33475.19
2025-04-15 00:00:00+08:00,601969.XSHG,7.49,7.79,7.06,7.12,524231.0,38888.41
2025-04-16 00:00:00+08:00,601969.XSHG,7.1,7.13,6.83,6.92,208931.0,14763.02
2025-04-17 00:00:00+08:00,601969.XSHG,6.88,7.0,6.87,6.89,107454.0,7578.53
2025-04-18 00:00:00+08:00,601969.XSHG,6.9,6.92,6.78,6.85,89800.2,6245.53
2025-04-21 00:00:00+08:00,601969.XSHG,6.82,7.09,6.82,7.06,142281.85,10114.03
2025-04-22 00:00:00+08:00,601969.XSHG,7.08,7.09,7.0,7.07,96951.51,6934.31
2025-04-23 00:00:00+08:00,601969.XSHG,7.1,7.34,7.1,7.23,207910.36,15274.06
2025-04-24 00:00:00+08:00,601969.XSHG,7.18,7.24,7.06,7.14,137670.0,9981.33
2025-04-25 00:00:00+08:00,601969.XSHG,7.14,7.29,7.13,7.18,116868.0,8540.64
2025-04-28 00:00:00+08:00,601969.XSHG,7.15,7.26,7.13,7.2,98398.52,7193.72
2025-04-29 00:00:00+08:00,601969.XSHG,7.14,7.35,7.14,7.27,120082.0,8865.16
2025-04-30 00:00:00+08:00,601969.XSHG,7.2,7.21,6.86,6.88,270566.45,19146.73
2025-05-06 00:00:00+08:00,601969.XSHG,6.88,7.03,6.87,6.97,144374.0,10241.23
2025-05-07 00:00:00+08:00,601969.XSHG,7.07,7.09,6.94,6.99,109553.0,7784.08
2025-05-08 00:00:00+08:00,601969.XSHG,6.99,7.02,6.91,6.98,97903.0,6937.85
2025-05-09 00:00:00+08:00,601969.XSHG,6.97,7.0,6.89,6.92,82783.0,5826.35
2025-05-12 00:00:00+08:00,601969.XSHG,6.99,7.01,6.94,7.01,74482.0,5282.76
2025-05-13 00:00:00+08:00,601969.XSHG,7.05,7.07,6.94,6.99,87177.66,6190.42
2025-05-14 00:00:00+08:00,601969.XSHG,6.99,7.1,6.93,7.07,121200.62,8641.76
2025-05-15 00:00:00+08:00,601969.XSHG,7.05,7.14,7.03,7.07,87674.0,6305.05
2025-05-16 00:00:00+08:00,601969.XSHG,7.06,7.17,7.01,7.12,103618.41,7489.31
2025-05-19 00:00:00+08:00,601969.XSHG,7.14,7.14,7.0,7.07,92840.68,6642.1
2025-05-20 00:00:00+08:00,601969.XSHG,7.13,7.14,7.06,7.1,67306.0,4791.55
2025-05-21 00:00:00+08:00,601969.XSHG,7.11,7.11,7.0,7.05,73607.0,5212.79
2025-05-22 00:00:00+08:00,601969.XSHG,7.05,7.06,6.94,6.95,74205.3,5203.19
2025-05-23 00:00:00+08:00,601969.XSHG,6.96,7.0,6.88,6.88,62810.0,4368.13
2025-05-26 00:00:00+08:00,601969.XSHG,6.88,7.1,6.79,6.9,125535.0,8692.71
2025-05-27 00:00:00+08:00,601969.XSHG,6.85,6.88,6.75,6.78,93943.36,6398.48
2025-05-28 00:00:00+08:00,601969.XSHG,6.78,6.84,6.75,6.81,59734.02,4074.34
2025-05-29 00:00:00+08:00,601969.XSHG,6.81,6.91,6.77,6.88,76691.0,5277.3
2025-05-30 00:00:00+08:00,601969.XSHG,6.87,6.87,6.79,6.83,45720.0,3132.35
2025-06-03 00:00:00+08:00,601969.XSHG,6.74,6.84,6.74,6.79,55428.77,3787.89
2025-06-04 00:00:00+08:00,601969.XSHG,6.85,6.99,6.8,6.98,98106.44,6824.4
2025-06-05 00:00:00+08:00,601969.XSHG,6.98,7.02,6.88,6.91,68110.67,4735.09
2025-06-06 00:00:00+08:00,601969.XSHG,6.91,7.1,6.89,6.99,140533.06,9888.61
2025-06-09 00:00:00+08:00,601969.XSHG,7.01,7.03,6.92,6.97,73699.08,5150.49
2025-06-10 00:00:00+08:00,601969.XSHG,6.99,7.0,6.76,6.93,110457.0,7639.67
2025-06-11 00:00:00+08:00,601969.XSHG,6.91,7.15,6.88,7.03,138902.0,9809.45
2025-06-12 00:00:00+08:00,601969.XSHG,7.08,7.12,7.0,7.04,104261.0,7389.06
2025-06-13 00:00:00+08:00,601969.XSHG,7.18,7.39,7.13,7.27,340690.34,24797.48
2025-06-16 00:00:00+08:00,601969.XSHG,7.38,7.62,7.33,7.42,391695.43,29401.2
2025-06-17 00:00:00+08:00,601969.XSHG,7.33,7.48,7.31,7.38,222429.36,16450.47
2025-06-18 00:00:00+08:00,601969.XSHG,7.4,7.72,7.39,7.58,306745.7,23295.7
2025-06-19 00:00:00+08:00,601969.XSHG,7.54,7.62,7.27,7.4,268589.01,19993.39
2025-06-20 00:00:00+08:00,601969.XSHG,7.4,7.46,7.3,7.32,128723.75,9520.19
2025-06-23 00:00:00+08:00,601969.XSHG,7.49,7.61,7.41,7.54,270981.39,20417.88
2025-06-24 00:00:00+08:00,601969.XSHG,7.24,7.24,7.0,7.09,421971.3,30132.37
2025-06-25 00:00:00+08:00,601969.XSHG,7.07,7.18,7.04,7.16,236133.36,16861.55
2025-06-26 00:00:00+08:00,601969.XSHG,7.12,7.18,7.09,7.13,140147.8,10036.67
2025-06-27 00:00:00+08:00,601969.XSHG,7.15,7.31,7.12,7.21,205559.0,14917.57
2025-06-30 00:00:00+08:00,601969.XSHG,7.2,7.23,7.11,7.22,141055.0,10143.69
2025-07-01 00:00:00+08:00,601969.XSHG,7.18,7.21,7.13,7.2,90713.43,6530.6
2025-07-02 00:00:00+08:00,601969.XSHG,7.18,7.34,7.15,7.32,201959.96,14729.52
2025-07-03 00:00:00+08:00,601969.XSHG,7.33,7.36,7.21,7.26,137500.02,10027.55
2025-07-04 00:00:00+08:00,601969.XSHG,7.22,7.26,7.17,7.2,107224.09,7763.76
2025-07-07 00:00:00+08:00,601969.XSHG,7.15,7.18,7.09,7.15,95981.09,6883.35
2025-07-08 00:00:00+08:00,601969.XSHG,7.13,7.32,7.13,7.29,158848.73,11596.2
2025-07-09 00:00:00+08:00,601969.XSHG,7.34,7.44,7.24,7.28,148256.67,10898.4
2025-07-10 00:00:00+08:00,601969.XSHG,7.32,7.38,7.28,7.38,175547.0,12924.38
2025-07-11 00:00:00+08:00,601969.XSHG,7.39,7.61,7.3,7.48,279944.9,20998.08
2025-07-14 00:00:00+08:00,601969.XSHG,7.68,7.94,7.6,7.6,356347.0,27696.98
2025-07-15 00:00:00+08:00,601969.XSHG,7.57,7.72,7.46,7.47,201959.96,15321.36
2025-07-16 00:00:00+08:00,601969.XSHG,7.44,7.51,7.36,7.46,113771.96,8513.23
2025-07-17 00:00:00+08:00,601969.XSHG,7.45,7.7,7.43,7.69,183767.9,14028.97
2025-07-18 00:00:00+08:00,601969.XSHG,7.69,7.74,7.6,7.68,161764.0,12465.2
2025-07-21 00:00:00+08:00,601969.XSHG,7.7,8.17,7.69,8.01,393888.02,31507.14
2025-07-22 00:00:00+08:00,601969.XSHG,8.17,8.27,8.02,8.21,390671.12,31991.36
2025-07-23 00:00:00+08:00,601969.XSHG,8.17,8.19,7.95,7.96,318682.67,25713.68
2025-07-24 00:00:00+08:00,601969.XSHG,7.98,8.76,7.97,8.76,520241.02,44156.93
2025-07-25 00:00:00+08:00,601969.XSHG,9.44,9.44,8.48,8.48,1169141.2,104194.33
2025-07-28 00:00:00+08:00,601969.XSHG,8.43,8.53,8.14,8.16,562000.38,46491.51
2025-07-29 00:00:00+08:00,601969.XSHG,8.22,8.31,8.12,8.18,365504.3,30063.22
2025-07-30 00:00:00+08:00,601969.XSHG,8.19,8.3,8.07,8.12,316857.34,25998.07
2025-07-31 00:00:00+08:00,601969.XSHG,8.07,8.07,7.85,7.89,291008.0,23149.67
2025-08-01 00:00:00+08:00,601969.XSHG,7.88,7.94,7.84,7.9,140441.61,11134.93
2025-08-04 00:00:00+08:00,601969.XSHG,7.87,7.94,7.83,7.93,118450.73,9384.55
2025-08-05 00:00:00+08:00,601969.XSHG,7.96,8.12,7.93,8.07,221511.94,17920.78
2025-08-06 00:00:00+08:00,601969.XSHG,8.04,8.06,7.96,7.97,198427.79,15908.88
2025-08-07 00:00:00+08:00,601969.XSHG,8.01,8.02,7.84,7.93,158247.04,12563.86
2025-08-08 00:00:00+08:00,601969.XSHG,7.88,7.97,7.88,7.96,120967.93,9635.01
2025-08-11 00:00:00+08:00,601969.XSHG,8.03,8.25,8.01,8.2,337684.79,27639.91
2025-08-12 00:00:00+08:00,601969.XSHG,8.22,8.3,8.11,8.15,168872.0,13838.71
2025-08-13 00:00:00+08:00,601969.XSHG,8.14,8.22,8.1,8.13,199381.16,16308.97
2025-08-14 00:00:00+08:00,601969.XSHG,8.11,8.15,7.96,7.96,196970.66,15893.36
2025-08-15 00:00:00+08:00,601969.XSHG,7.93,8.1,7.93,8.07,150560.0,12158.77
2025-08-18 00:00:00+08:00,601969.XSHG,8.16,8.25,8.16,8.18,236096.76,19438.71
2025-08-19 00:00:00+08:00,601969.XSHG,8.19,8.21,8.09,8.16,169044.1,13832.95
2025-08-20 00:00:00+08:00,601969.XSHG,8.16,8.47,8.09,8.32,306597.92,25571.68
2025-08-21 00:00:00+08:00,601969.XSHG,8.34,8.46,8.27,8.33,211507.36,17725.3
2025-08-22 00:00:00+08:00,601969.XSHG,8.33,8.4,8.29,8.37,189256.02,15854.65
2025-08-25 00:00:00+08:00,601969.XSHG,8.37,8.55,8.37,8.53,297046.38,25298.65
2025-08-26 00:00:00+08:00,601969.XSHG,8.53,8.55,8.38,8.49,190426.74,16185.94
2025-08-27 00:00:00+08:00,601969.XSHG,8.46,8.46,8.08,8.09,318811.0,26462.0
2025-08-28 00:00:00+08:00,601969.XSHG,8.09,8.23,7.84,8.08,271926.42,21929.02
2025-08-29 00:00:00+08:00,601969.XSHG,8.07,8.17,8.05,8.1,187840.71,15296.19
2025-09-01 00:00:00+08:00,601969.XSHG,8.1,8.31,8.02,8.24,194336.07,15993.04
2025-09-02 00:00:00+08:00,601969.XSHG,8.29,8.3,8.05,8.14,166263.64,13560.88
2025-09-03 00:00:00+08:00,601969.XSHG,8.17,8.23,7.86,7.9,198953.22,16003.75
2025-09-04 00:00:00+08:00,601969.XSHG,7.85,7.97,7.75,7.86,171694.9,13580.41
2025-09-05 00:00:00+08:00,601969.XSHG,7.86,8.07,7.83,8.07,168273.2,13483.79
2025-09-08 00:00:00+08:00,601969.XSHG,8.13,8.64,8.13,8.55,525393.64,44790.54
2025-09-09 00:00:00+08:00,601969.XSHG,8.55,8.8,8.46,8.58,356109.18,30711.91
2025-09-10 00:00:00+08:00,601969.XSHG,8.55,8.58,8.37,8.46,191002.26,16224.65
2025-09-11 00:00:00+08:00,601969.XSHG,8.5,8.51,8.37,8.47,175155.96,14805.38
2025-09-12 00:00:00+08:00,601969.XSHG,8.46,8.77,8.39,8.71,333997.91,28912.11
2025-09-15 00:00:00+08:00,601969.XSHG,8.75,8.87,8.58,8.63,224699.0,19552.06
2025-09-16 00:00:00+08:00,601969.XSHG,8.68,8.73,8.37,8.61,228839.0,19537.02
2025-09-17 00:00:00+08:00,601969.XSHG,8.56,8.57,8.44,8.55,139157.1,11881.49
2025-09-18 00:00:00+08:00,601969.XSHG,8.49,8.55,8.15,8.22,259993.27,21801.02
2025-09-19 00:00:00+08:00,601969.XSHG,8.22,8.39,8.22,8.33,153812.0,12848.13
2025-09-22 00:00:00+08:00,601969.XSHG,8.32,8.37,8.16,8.28,100064.0,8270.93
2025-09-23 00:00:00+08:00,601969.XSHG,8.23,8.27,7.83,7.94,219243.14,17588.74
2025-09-24 00:00:00+08:00,601969.XSHG,7.96,8.08,7.89,8.06,124530.0,9941.66
2025-09-25 00:00:00+08:00,601969.XSHG,8.1,8.25,8.02,8.03,144067.0,11674.46
2025-09-26 00:00:00+08:00,601969.XSHG,8.04,8.29,7.99,8.08,158208.0,12895.0
2025-09-29 00:00:00+08:00,601969.XSHG,8.18,8.43,8.05,8.42,264878.7,21970.47
2025-09-30 00:00:00+08:00,601969.XSHG,8.42,8.7,8.37,8.59,282048.13,24256.91
2025-10-09 00:00:00+08:00,601969.XSHG,8.77,9.14,8.7,8.95,516654.21,46133.81
2025-10-10 00:00:00+08:00,601969.XSHG,8.8,8.96,8.69,8.89,321690.0,28523.66
2025-10-13 00:00:00+08:00,601969.XSHG,8.59,8.86,8.53,8.83,277888.84,24180.04
2025-10-14 00:00:00+08:00,601969.XSHG,8.89,9.06,8.63,8.67,291917.04,25781.19
2025-10-15 00:00:00+08:00,601969.XSHG,8.73,8.86,8.66,8.77,206160.01,18052.92
2025-10-16 00:00:00+08:00,601969.XSHG,8.79,9.1,8.66,8.95,448652.26,39752.67
2025-10-17 00:00:00+08:00,601969.XSHG,8.9,9.56,8.85,9.15,879339.19,81176.76
2025-10-20 00:00:00+08:00,601969.XSHG,9.17,9.38,9.0,9.07,596879.55,54849.11
2025-10-21 00:00:00+08:00,601969.XSHG,9.07,9.73,8.88,9.41,656781.88,61540.88
2025-10-22 00:00:00+08:00,601969.XSHG,9.37,9.48,9.11,9.23,408222.33,37734.29
2025-10-23 00:00:00+08:00,601969.XSHG,9.15,9.37,9.02,9.14,327963.91,29908.1
2025-10-24 00:00:00+08:00,601969.XSHG,9.17,9.33,9.01,9.09,281611.24,25698.44
2025-10-27 00:00:00+08:00,601969.XSHG,9.03,9.36,9.02,9.13,283285.83,25877.08
2025-10-28 00:00:00+08:00,601969.XSHG,9.12,9.3,8.95,9.06,260189.0,23706.78
2025-10-29 00:00:00+08:00,601969.XSHG,9.12,9.97,9.09,9.69,688655.4,66300.99
2025-10-30 00:00:00+08:00,601969.XSHG,9.56,9.8,9.55,9.7,425898.26,41138.24
2025-10-31 00:00:00+08:00,601969.XSHG,9.6,10.04,9.59,9.76,464741.04,45733.64
2025-11-03 00:00:00+08:00,601969.XSHG,9.76,10.07,9.5,9.98,582444.86,57254.43
2025-11-04 00:00:00+08:00,601969.XSHG,9.95,9.96,9.56,9.66,406390.48,39572.03
2025-11-05 00:00:00+08:00,601969.XSHG,9.41,10.19,9.39,9.91,639060.79,63454.71
2025-11-06 00:00:00+08:00,601969.XSHG,9.83,9.93,9.54,9.63,426367.68,41290.17
2025-11-07 00:00:00+08:00,601969.XSHG,9.79,10.59,9.79,10.59,603645.84,62123.11
2025-11-10 00:00:00+08:00,601969.XSHG,11.16,11.65,10.82,11.21,1458834.18,166341.29
2025-11-11 00:00:00+08:00,601969.XSHG,11.2,11.3,10.82,10.92,826500.45,90621.54
2025-11-12 00:00:00+08:00,601969.XSHG,10.82,11.55,10.82,11.0,860934.04,95980.89
2025-11-13 00:00:00+08:00,601969.XSHG,11.01,12.08,11.01,11.84,943526.1,110610.3
2025-11-14 00:00:00+08:00,601969.XSHG,11.55,13.02,11.5,13.02,1097921.58,137561.64
2025-11-17 00:00:00+08:00,601969.XSHG,13.12,14.3,12.82,14.29,1356731.31,183856.51
2025-11-18 00:00:00+08:00,601969.XSHG,14.2,14.2,12.86,12.86,1137127.75,150457.63
2025-11-19 00:00:00+08:00,601969.XSHG,12.58,12.99,11.9,12.59,966600.57,119829.33
2025-11-20 00:00:00+08:00,601969.XSHG,12.3,13.47,12.25,13.23,1039198.43,134203.72
2025-11-21 00:00:00+08:00,601969.XSHG,12.31,12.73,11.91,11.91,674382.67,82237.99
2025-11-24 00:00:00+08:00,601969.XSHG,11.5,11.88,11.01,11.25,644098.1,72857.97
2025-11-25 00:00:00+08:00,601969.XSHG,11.34,11.67,11.16,11.55,555247.58,63393.18
2025-11-26 00:00:00+08:00,601969.XSHG,11.45,12.25,11.42,11.84,620038.67,73804.08
2025-11-27 00:00:00+08:00,601969.XSHG,11.62,11.77,11.2,11.24,493496.39,56120.08
2025-11-28 00:00:00+08:00,601969.XSHG,11.05,11.75,11.05,11.65,468705.47,53928.85
2025-12-01 00:00:00+08:00,601969.XSHG,11.72,12.12,11.6,11.68,438576.33,51819.64
2025-12-02 00:00:00+08:00,601969.XSHG,11.6,11.76,11.28,11.6,347988.1,39974.11
2025-12-03 00:00:00+08:00,601969.XSHG,11.53,11.94,11.41,11.47,341785.58,39834.73
2025-12-04 00:00:00+08:00,601969.XSHG,11.45,11.52,10.96,11.0,359705.35,40103.16
2025-12-05 00:00:00+08:00,601969.XSHG,10.94,11.21,10.78,11.19,297952.25,32933.83
2025-12-08 00:00:00+08:00,601969.XSHG,11.22,11.6,11.17,11.51,341132.16,38903.14
2025-12-09 00:00:00+08:00,601969.XSHG,11.35,11.38,10.98,11.03,289970.91,32107.61
2025-12-10 00:00:00+08:00,601969.XSHG,11.02,11.75,10.83,11.7,677640.41,77546.88
2025-12-11 00:00:00+08:00,601969.XSHG,11.55,11.77,11.15,11.16,479659.31,54307.61
2025-12-12 00:00:00+08:00,601969.XSHG,11.15,11.32,10.66,10.91,387640.14,42502.91
2025-12-15 00:00:00+08:00,601969.XSHG,10.76,10.97,10.62,10.68,302513.58,32547.76
2025-12-16 00:00:00+08:00,601969.XSHG,10.63,10.85,10.2,10.35,306119.74,31863.04
2025-12-17 00:00:00+08:00,601969.XSHG,10.36,10.68,10.08,10.57,348080.68,36143.51
2025-12-18 00:00:00+08:00,601969.XSHG,10.56,10.56,9.97,9.99,378176.02,38342.92
2025-12-19 00:00:00+08:00,601969.XSHG,9.99,10.62,9.79,10.43,512739.26,52328.71
2025-12-22 00:00:00+08:00,601969.XSHG,10.64,11.47,10.62,11.47,591070.99,65978.28
2025-12-23 00:00:00+08:00,601969.XSHG,12.0,12.25,11.29,11.4,1173951.05,137471.12
2025-12-24 00:00:00+08:00,601969.XSHG,11.53,11.59,10.98,11.25,633054.1,70968.81
2025-12-25 00:00:00+08:00,601969.XSHG,11.23,11.25,10.79,10.88,461699.21,50498.7
2025-01-02 00:00:00+08:00,603069.XSHG,18.2,18.58,17.64,17.73,60369.0,10922.87
2025-01-03 00:00:00+08:00,603069.XSHG,17.8,17.85,16.99,17.07,52884.0,9190.02
2025-01-06 00:00:00+08:00,603069.XSHG,17.08,17.15,16.66,16.75,44498.36,7514.87
2025-01-07 00:00:00+08:00,603069.XSHG,16.76,16.9,16.6,16.9,34755.0,5823.63
2025-01-08 00:00:00+08:00,603069.XSHG,16.86,16.95,16.29,16.83,40173.0,6691.36
2025-01-09 00:00:00+08:00,603069.XSHG,16.7,16.97,16.61,16.88,33145.0,5587.08
2025-01-10 00:00:00+08:00,603069.XSHG,16.9,16.97,16.45,16.46,31913.0,5342.16
2025-01-13 00:00:00+08:00,603069.XSHG,16.2,16.41,15.91,16.37,31637.73,5137.49
2025-01-14 00:00:00+08:00,603069.XSHG,16.42,16.92,16.4,16.9,44361.0,7421.44
2025-01-15 00:00:00+08:00,603069.XSHG,16.93,17.14,16.75,16.95,40159.9,6796.68
2025-01-16 00:00:00+08:00,603069.XSHG,16.92,18.65,16.82,18.65,92498.55,16265.67
2025-01-17 00:00:00+08:00,603069.XSHG,18.2,20.47,18.11,18.92,173443.56,33121.6
2025-01-20 00:00:00+08:00,603069.XSHG,18.73,19.04,18.41,18.5,90325.29,16906.01
2025-01-21 00:00:00+08:00,603069.XSHG,18.78,19.09,18.35,18.41,53896.0,10009.55
2025-01-22 00:00:00+08:00,603069.XSHG,18.31,18.47,17.94,18.04,48877.0,8857.04
2025-01-23 00:00:00+08:00,603069.XSHG,18.1,18.33,17.86,17.87,53400.0,9687.52
2025-01-24 00:00:00+08:00,603069.XSHG,17.9,17.99,17.66,17.76,40687.0,7243.94
2025-01-27 00:00:00+08:00,603069.XSHG,17.68,18.0,17.49,17.57,43671.0,7750.22
2025-02-05 00:00:00+08:00,603069.XSHG,17.66,17.77,17.42,17.76,39788.06,7006.32
2025-02-06 00:00:00+08:00,603069.XSHG,17.63,18.11,17.57,18.11,55700.66,9962.63
2025-02-07 00:00:00+08:00,603069.XSHG,17.97,18.76,17.92,18.22,68962.35,12675.34
2025-02-10 00:00:00+08:00,603069.XSHG,18.29,18.38,18.05,18.28,51599.65,9384.36
2025-02-11 00:00:00+08:00,603069.XSHG,18.25,18.56,18.06,18.1,45593.0,8309.22
2025-02-12 00:00:00+08:00,603069.XSHG,18.1,18.46,17.95,18.4,56740.0,10336.28
2025-02-13 00:00:00+08:00,603069.XSHG,18.4,19.23,18.27,18.66,89010.8,16624.26
2025-02-14 00:00:00+08:00,603069.XSHG,18.48,18.49,18.06,18.07,63425.09,11537.3
2025-02-17 00:00:00+08:00,603069.XSHG,18.11,18.24,17.98,18.12,37000.0,6687.53
2025-02-18 00:00:00+08:00,603069.XSHG,18.06,18.21,17.5,17.54,48054.0,8543.58
2025-02-19 00:00:00+08:00,603069.XSHG,17.95,18.1,17.77,17.88,39035.0,6989.71
2025-02-20 00:00:00+08:00,603069.XSHG,17.8,18.14,17.75,17.78,36054.0,6464.79
2025-02-21 00:00:00+08:00,603069.XSHG,17.94,18.15,17.77,18.06,50933.7,9145.36
2025-02-24 00:00:00+08:00,603069.XSHG,18.14,18.44,17.85,18.42,65483.7,11928.71
2025-02-25 00:00:00+08:00,603069.XSHG,18.4,18.42,17.99,18.05,41120.29,7487.78
2025-02-26 00:00:00+08:00,603069.XSHG,18.1,18.34,18.0,18.18,41701.0,7576.97
2025-02-27 00:00:00+08:00,603069.XSHG,18.14,19.29,18.14,19.01,151882.76,28834.02
2025-02-28 00:00:00+08:00,603069.XSHG,18.81,18.82,18.08,18.15,82465.7,15170.39
2025-03-03 00:00:00+08:00,603069.XSHG,18.15,18.56,17.9,18.01,56341.0,10272.64
2025-03-04 00:00:00+08:00,603069.XSHG,17.91,18.08,17.8,18.05,34637.0,6211.49
2025-03-05 00:00:00+08:00,603069.XSHG,18.07,18.88,17.78,18.77,86915.0,16006.45
2025-03-06 00:00:00+08:00,603069.XSHG,18.77,19.18,18.58,18.8,73053.0,13747.69
2025-03-07 00:00:00+08:00,603069.XSHG,18.73,18.74,18.44,18.53,44701.99,8293.65
2025-03-10 00:00:00+08:00,603069.XSHG,18.45,18.97,18.37,18.61,54334.0,10107.34
2025-03-11 00:00:00+08:00,603069.XSHG,18.31,18.75,18.31,18.73,42168.55,7822.73
2025-03-12 00:00:00+08:00,603069.XSHG,18.73,19.2,18.52,18.65,63882.0,11980.98
2025-03-13 00:00:00+08:00,603069.XSHG,18.59,18.99,18.21,18.47,54672.0,10089.1
2025-03-14 00:00:00+08:00,603069.XSHG,18.59,18.85,18.44,18.82,59082.68,11046.26
2025-03-17 00:00:00+08:00,603069.XSHG,19.0,19.56,18.88,19.36,106357.0,20443.48
2025-03-18 00:00:00+08:00,603069.XSHG,19.27,19.46,19.05,19.11,56300.04,10815.5
2025-03-19 00:00:00+08:00,603069.XSHG,19.15,19.68,19.01,19.54,86398.09,16798.0
2025-03-20 00:00:00+08:00,603069.XSHG,19.48,19.95,19.26,19.37,69362.09,13539.98
2025-03-21 00:00:00+08:00,603069.XSHG,19.26,19.83,19.0,19.4,91932.58,17888.02
2025-03-24 00:00:00+08:00,603069.XSHG,19.4,19.48,18.3,18.78,100694.07,18854.89
2025-03-25 00:00:00+08:00,603069.XSHG,18.69,19.01,18.24,18.28,57007.0,10555.93
2025-03-26 00:00:00+08:00,603069.XSHG,18.31,18.72,18.18,18.5,46449.0,8607.15
2025-03-27 00:00:00+08:00,603069.XSHG,18.6,18.68,18.32,18.48,39368.0,7293.02
2025-03-28 00:00:00+08:00,603069.XSHG,18.45,18.55,18.01,18.01,37701.41,6867.89
2025-03-31 00:00:00+08:00,603069.XSHG,17.71,17.81,17.04,17.36,60352.0,10449.11
2025-04-01 00:00:00+08:00,603069.XSHG,17.25,17.51,17.2,17.26,37274.0,6467.65
2025-04-02 00:00:00+08:00,603069.XSHG,17.2,17.42,17.14,17.2,27193.0,4701.96
2025-04-03 00:00:00+08:00,603069.XSHG,17.1,17.52,17.05,17.42,38999.0,6773.12
2025-04-07 00:00:00+08:00,603069.XSHG,16.6,16.68,15.68,15.68,55568.93,8860.58
2025-04-08 00:00:00+08:00,603069.XSHG,15.68,16.5,15.24,16.48,86913.51,13873.94
2025-04-09 00:00:00+08:00,603069.XSHG,16.2,18.13,15.7,18.13,138267.15,23370.94
2025-04-10 00:00:00+08:00,603069.XSHG,18.65,19.88,18.29,19.54,294201.33,56605.35
2025-04-11 00:00:00+08:00,603069.XSHG,19.01,19.68,19.0,19.11,181606.0,35037.3
2025-04-14 00:00:00+08:00,603069.XSHG,19.4,21.02,19.4,21.02,224892.75,45631.86
2025-04-15 00:00:00+08:00,603069.XSHG,21.0,21.0,19.17,19.37,264070.75,52707.89
2025-04-16 00:00:00+08:00,603069.XSHG,19.23,19.62,18.44,18.82,175476.63,33172.39
2025-04-17 00:00:00+08:00,603069.XSHG,18.64,19.32,18.4,18.72,117900.0,22222.99
2025-04-18 00:00:00+08:00,603069.XSHG,18.8,18.96,18.4,18.5,79051.42,14726.28
2025-04-21 00:00:00+08:00,603069.XSHG,18.0,18.37,18.0,18.2,81081.71,14733.22
2025-04-22 00:00:00+08:00,603069.XSHG,18.39,19.57,18.32,19.03,170416.17,32375.98
2025-04-23 00:00:00+08:00,603069.XSHG,18.81,19.89,18.81,19.1,117691.0,22587.07
2025-04-24 00:00:00+08:00,603069.XSHG,19.16,19.38,18.8,18.84,80511.0,15352.84
2025-04-25 00:00:00+08:00,603069.XSHG,18.86,18.97,17.44,18.05,164714.0,29734.54
2025-04-28 00:00:00+08:00,603069.XSHG,18.58,18.77,17.5,17.52,109968.0,19779.83
2025-04-29 00:00:00+08:00,603069.XSHG,17.53,17.95,17.11,17.88,69845.45,12331.64
2025-04-30 00:00:00+08:00,603069.XSHG,17.88,18.31,17.78,17.94,62635.0,11328.64
2025-05-06 00:00:00+08:00,603069.XSHG,18.05,18.15,17.65,18.13,54755.0,9830.47
2025-05-07 00:00:00+08:00,603069.XSHG,18.23,18.43,18.08,18.22,59325.0,10815.45
2025-05-08 00:00:00+08:00,603069.XSHG,18.13,18.35,18.08,18.35,55004.0,10041.18
2025-05-09 00:00:00+08:00,603069.XSHG,18.4,18.4,17.93,18.2,59217.0,10716.48
2025-05-12 00:00:00+08:00,603069.XSHG,18.24,18.29,17.99,18.04,49952.0,9033.53
2025-05-13 00:00:00+08:00,603069.XSHG,18.19,18.19,17.86,17.93,34008.68,6121.99
2025-05-14 00:00:00+08:00,603069.XSHG,18.0,18.05,17.76,18.03,36459.0,6541.79
2025-05-15 00:00:00+08:00,603069.XSHG,18.03,18.28,17.83,17.97,40028.0,7223.42
2025-05-16 00:00:00+08:00,603069.XSHG,18.03,18.49,17.82,18.41,61906.0,11270.33
2025-05-19 00:00:00+08:00,603069.XSHG,18.31,18.76,18.28,18.57,73303.0,13614.96
2025-05-20 00:00:00+08:00,603069.XSHG,18.57,18.74,18.39,18.65,53438.0,9890.69
2025-05-21 00:00:00+08:00,603069.XSHG,18.78,18.98,18.3,18.65,51822.0,9630.69
2025-05-22 00:00:00+08:00,603069.XSHG,18.59,19.34,18.41,18.52,97053.0,18285.96
2025-05-23 00:00:00+08:00,603069.XSHG,18.6,18.65,18.1,18.17,50632.0,9261.67
2025-05-26 00:00:00+08:00,603069.XSHG,18.17,18.35,18.06,18.18,30628.84,5567.97
2025-05-27 00:00:00+08:00,603069.XSHG,18.14,18.3,18.0,18.19,29705.0,5384.72
2025-05-28 00:00:00+08:00,603069.XSHG,18.24,18.42,18.07,18.11,38209.39,6976.69
2025-05-29 00:00:00+08:00,603069.XSHG,18.12,19.0,18.03,18.84,97774.94,18237.72
2025-05-30 00:00:00+08:00,603069.XSHG,19.0,19.45,18.58,18.84,102234.0,19433.83
2025-06-03 00:00:00+08:00,603069.XSHG,18.53,19.15,18.53,18.84,58068.0,10943.11
2025-06-04 00:00:00+08:00,603069.XSHG,18.84,19.56,18.75,19.29,89369.94,17158.93
2025-06-05 00:00:00+08:00,603069.XSHG,19.23,19.34,18.61,18.68,67401.0,12713.58
2025-06-06 00:00:00+08:00,603069.XSHG,18.82,19.6,18.81,19.14,148371.0,28574.35
2025-06-09 00:00:00+08:00,603069.XSHG,18.88,19.14,18.71,18.99,63490.54,11999.29
2025-06-10 00:00:00+08:00,603069.XSHG,18.95,19.44,18.85,19.29,95084.35,18228.57
2025-06-11 00:00:00+08:00,603069.XSHG,19.2,20.18,19.2,19.73,113665.0,22395.15
2025-06-12 00:00:00+08:00,603069.XSHG,19.59,19.77,19.16,19.2,96128.0,18670.07
2025-06-13 00:00:00+08:00,603069.XSHG,19.1,19.29,18.84,18.9,76563.0,14559.46
2025-06-16 00:00:00+08:00,603069.XSHG,18.78,18.95,18.66,18.85,45030.0,8465.44
2025-06-17 00:00:00+08:00,603069.XSHG,18.88,19.53,18.72,19.49,80786.55,15511.24
2025-06-18 00:00:00+08:00,603069.XSHG,19.48,21.44,19.29,20.81,294864.6,60985.21
2025-06-19 00:00:00+08:00,603069.XSHG,21.0,21.09,20.38,20.38,145238.1,29915.13
2025-06-20 00:00:00+08:00,603069.XSHG,20.39,22.39,20.2,21.43,212091.45,45818.76
2025-06-23 00:00:00+08:00,603069.XSHG,21.0,21.52,21.0,21.21,108152.0,22931.64
2025-06-24 00:00:00+08:00,603069.XSHG,21.65,22.16,21.34,21.59,160425.0,34993.5
2025-06-25 00:00:00+08:00,603069.XSHG,21.48,22.01,20.88,21.26,155183.0,32948.85
2025-06-26 00:00:00+08:00,603069.XSHG,21.05,21.65,20.72,21.05,119282.0,25180.01
2025-06-27 00:00:00+08:00,603069.XSHG,21.02,21.5,20.9,21.01,78579.88,16609.67
2025-06-30 00:00:00+08:00,603069.XSHG,20.94,21.73,20.9,21.37,96285.07,20604.96
2025-07-01 00:00:00+08:00,603069.XSHG,21.18,21.45,20.59,20.7,96544.0,20109.0
2025-07-02 00:00:00+08:00,603069.XSHG,20.7,20.85,20.47,20.55,53902.0,11123.51
2025-07-03 00:00:00+08:00,603069.XSHG,20.56,21.13,20.45,20.88,69069.0,14369.45
2025-07-04 00:00:00+08:00,603069.XSHG,21.05,22.96,20.82,21.68,191060.11,41827.64
2025-07-07 00:00:00+08:00,603069.XSHG,21.49,21.74,20.96,21.23,111826.0,23817.34
2025-07-08 00:00:00+08:00,603069.XSHG,21.14,21.63,21.01,21.44,78016.11,16649.86
2025-07-09 00:00:00+08:00,603069.XSHG,21.38,21.81,21.12,21.2,65963.11,14114.13
2025-07-10 00:00:00+08:00,603069.XSHG,21.15,21.37,20.8,21.1,77605.0,16386.68
2025-07-11 00:00:00+08:00,603069.XSHG,21.03,21.37,20.77,20.95,63128.0,13267.95
2025-07-14 00:00:00+08:00,603069.XSHG,20.98,21.63,20.96,21.17,72628.11,15430.99
2025-07-15 00:00:00+08:00,603069.XSHG,21.0,21.2,20.15,20.55,105904.0,21755.4
2025-07-16 00:00:00+08:00,603069.XSHG,20.55,21.37,20.35,20.81,98265.0,20518.81
2025-07-17 00:00:00+08:00,603069.XSHG,20.91,22.33,20.76,22.16,199557.73,43421.0
2025-07-18 00:00:00+08:00,603069.XSHG,22.59,22.85,22.05,22.8,160924.0,36285.17
2025-07-21 00:00:00+08:00,603069.XSHG,22.84,24.05,22.0,22.52,300767.88,69209.57
2025-07-22 00:00:00+08:00,603069.XSHG,22.8,23.69,22.3,23.52,301846.0,69655.43
2025-07-23 00:00:00+08:00,603069.XSHG,23.47,24.5,21.47,21.57,320873.35,73137.85
2025-07-24 00:00:00+08:00,603069.XSHG,21.36,23.73,21.25,23.73,290186.52,66878.2
2025-07-25 00:00:00+08:00,603069.XSHG,24.77,24.77,22.8,22.83,379423.9,89503.02
2025-07-28 00:00:00+08:00,603069.XSHG,22.72,22.83,21.89,22.02,169186.52,37445.29
2025-07-29 00:00:00+08:00,603069.XSHG,21.91,22.24,21.83,22.13,119449.0,26308.9
2025-07-30 00:00:00+08:00,603069.XSHG,22.07,22.32,21.63,21.97,122538.0,26916.95
2025-07-31 00:00:00+08:00,603069.XSHG,21.91,21.93,21.07,21.16,117291.0,25100.93
2025-08-01 00:00:00+08:00,603069.XSHG,20.96,21.26,20.8,20.94,63419.0,13272.13
2025-08-04 00:00:00+08:00,603069.XSHG,21.0,21.26,20.77,21.15,49246.84,10390.18
2025-08-05 00:00:00+08:00,603069.XSHG,21.14,21.25,21.1,21.17,41223.0,8729.16
2025-08-06 00:00:00+08:00,603069.XSHG,21.0,21.16,20.92,21.05,52549.84,11048.91
2025-08-07 00:00:00+08:00,603069.XSHG,21.08,21.16,20.91,20.95,48656.0,10214.08
2025-08-08 00:00:00+08:00,603069.XSHG,20.95,21.12,20.82,21.07,45273.0,9505.49
2025-08-11 00:00:00+08:00,603069.XSHG,21.0,21.31,20.83,21.16,71735.99,15150.52
2025-08-12 00:00:00+08:00,603069.XSHG,21.21,21.21,20.93,21.02,50489.28,10616.22
2025-08-13 00:00:00+08:00,603069.XSHG,21.1,21.18,20.89,20.92,58029.0,12193.07
2025-08-14 00:00:00+08:00,603069.XSHG,20.91,21.08,20.31,20.31,72361.94,14981.57
2025-08-15 00:00:00+08:00,603069.XSHG,20.21,20.43,20.21,20.34,54618.0,11101.73
2025-08-18 00:00:00+08:00,603069.XSHG,20.35,20.96,20.35,20.85,77806.69,16164.29
2025-08-19 00:00:00+08:00,603069.XSHG,20.98,21.04,20.62,20.86,68404.21,14265.16
2025-08-20 00:00:00+08:00,603069.XSHG,20.89,21.08,20.8,20.99,64032.74,13400.49
2025-08-21 00:00:00+08:00,603069.XSHG,20.86,21.03,20.8,20.83,61939.0,12939.51
2025-08-22 00:00:00+08:00,603069.XSHG,20.84,20.88,20.54,20.74,55702.0,11538.14
2025-08-25 00:00:00+08:00,603069.XSHG,20.72,20.82,20.62,20.76,70059.0,14518.16
2025-08-26 00:00:00+08:00,603069.XSHG,20.69,21.48,20.64,21.26,110719.17,23446.11
2025-08-27 00:00:00+08:00,603069.XSHG,21.08,21.21,20.35,20.36,110154.0,22931.0
2025-08-28 00:00:00+08:00,603069.XSHG,20.36,20.48,19.61,20.1,95307.87,19133.68
2025-08-29 00:00:00+08:00,603069.XSHG,20.01,20.57,20.01,20.11,49560.0,10026.72
2025-09-01 00:00:00+08:00,603069.XSHG,20.01,20.23,19.89,19.99,49965.0,10022.63
2025-09-02 00:00:00+08:00,603069.XSHG,20.01,20.06,19.52,19.8,53357.64,10545.74
2025-09-03 00:00:00+08:00,603069.XSHG,19.89,19.89,19.19,19.25,39755.0,7775.94
2025-09-04 00:00:00+08:00,603069.XSHG,19.29,19.76,19.29,19.59,58594.69,11476.48
2025-09-05 00:00:00+08:00,603069.XSHG,19.69,20.96,19.64,20.63,105070.1,21517.02
2025-09-08 00:00:00+08:00,603069.XSHG,20.26,21.0,20.25,20.54,67532.08,13920.32
2025-09-09 00:00:00+08:00,603069.XSHG,20.53,20.72,20.26,20.35,46614.0,9497.46
2025-09-10 00:00:00+08:00,603069.XSHG,20.49,20.64,20.19,20.59,51142.0,10476.48
2025-09-11 00:00:00+08:00,603069.XSHG,20.7,21.17,20.39,20.86,74609.52,15405.73
2025-09-12 00:00:00+08:00,603069.XSHG,20.8,22.95,20.7,21.71,208664.01,45728.0
2025-09-15 00:00:00+08:00,603069.XSHG,21.33,21.9,21.31,21.75,128103.48,27690.92
2025-09-16 00:00:00+08:00,603069.XSHG,21.76,22.13,21.48,21.98,127500.47,27818.58
2025-09-17 00:00:00+08:00,603069.XSHG,21.94,22.1,21.44,21.51,85555.0,18525.48
2025-09-18 00:00:00+08:00,603069.XSHG,21.43,21.9,21.1,21.34,110428.04,23806.51
2025-09-19 00:00:00+08:00,603069.XSHG,21.3,21.9,21.14,21.7,103928.67,22401.67
2025-09-22 00:00:00+08:00,603069.XSHG,21.62,21.78,21.33,21.51,58274.0,12542.31
2025-09-23 00:00:00+08:00,603069.XSHG,21.51,21.51,20.8,21.37,88921.45,18731.89
2025-09-24 00:00:00+08:00,603069.XSHG,21.23,21.84,21.21,21.78,72625.33,15747.9
2025-09-25 00:00:00+08:00,603069.XSHG,21.71,21.83,21.27,21.34,61762.47,13297.0
2025-09-26 00:00:00+08:00,603069.XSHG,21.34,21.88,21.04,21.62,87557.0,18938.0
2025-09-29 00:00:00+08:00,603069.XSHG,21.63,22.1,21.43,22.0,93198.94,20395.77
2025-09-30 00:00:00+08:00,603069.XSHG,22.0,22.6,21.91,22.45,107977.4,24114.44
2025-10-09 00:00:00+08:00,603069.XSHG,22.43,22.43,21.45,21.66,113863.73,24696.93
2025-10-10 00:00:00+08:00,603069.XSHG,21.54,22.43,21.5,22.09,109894.69,24215.84
2025-10-13 00:00:00+08:00,603069.XSHG,21.16,21.97,21.04,21.84,93263.94,19983.27
2025-10-14 00:00:00+08:00,603069.XSHG,21.95,22.79,21.83,22.26,153728.94,34466.62
2025-10-15 00:00:00+08:00,603069.XSHG,22.22,22.75,22.1,22.58,92278.0,20775.34
2025-10-16 00:00:00+08:00,603069.XSHG,22.53,24.21,22.53,24.02,238134.06,55938.87
2025-10-17 00:00:00+08:00,603069.XSHG,23.55,25.71,23.51,24.3,265746.03,65232.03
2025-10-20 00:00:00+08:00,603069.XSHG,24.66,26.73,24.38,26.73,102697.04,26705.58
2025-10-21 00:00:00+08:00,603069.XSHG,27.14,29.4,26.22,28.66,470988.18,133744.24
2025-10-22 00:00:00+08:00,603069.XSHG,28.11,28.89,26.13,26.47,370778.27,100254.97
2025-10-23 00:00:00+08:00,603069.XSHG,26.66,28.07,26.66,27.51,305874.35,83141.15
2025-10-24 00:00:00+08:00,603069.XSHG,26.66,28.49,26.66,27.19,265017.2,72971.85
2025-10-27 00:00:00+08:00,603069.XSHG,26.94,27.17,25.88,25.9,239949.45,63385.42
2025-10-28 00:00:00+08:00,603069.XSHG,25.89,26.4,25.71,25.92,140701.27,36650.93
2025-10-29 00:00:00+08:00,603069.XSHG,25.2,28.51,25.2,28.51,377989.36,105162.42
2025-10-30 00:00:00+08:00,603069.XSHG,28.25,28.8,27.33,27.7,269844.74,75286.87
2025-10-31 00:00:00+08:00,603069.XSHG,29.25,30.47,27.9,28.23,447567.04,130226.43
2025-11-03 00:00:00+08:00,603069.XSHG,27.95,29.6,27.55,28.8,369774.16,105731.73
2025-11-04 00:00:00+08:00,603069.XSHG,28.3,28.82,27.8,28.5,270367.05,76448.65
2025-11-05 00:00:00+08:00,603069.XSHG,28.01,30.85,27.99,29.97,340886.05,101492.19
2025-11-06 00:00:00+08:00,603069.XSHG,29.97,30.64,26.97,27.08,354980.31,100052.71
2025-11-07 00:00:00+08:00,603069.XSHG,28.15,28.88,26.64,27.5,270202.24,75219.13
2025-11-10 00:00:00+08:00,603069.XSHG,27.01,30.25,26.93,29.17,327287.79,93868.28
2025-11-11 00:00:00+08:00,603069.XSHG,28.67,28.97,27.74,27.78,226699.33,63813.1
2025-11-12 00:00:00+08:00,603069.XSHG,27.65,28.27,26.83,27.22,158494.52,43335.89
2025-11-13 00:00:00+08:00,603069.XSHG,26.97,27.5,26.67,26.85,137200.17,37125.87
2025-11-14 00:00:00+08:00,603069.XSHG,26.7,29.44,26.7,28.64,280412.93,79622.93
2025-11-17 00:00:00+08:00,603069.XSHG,28.35,29.09,28.0,28.24,172921.08,49047.78
2025-11-18 00:00:00+08:00,603069.XSHG,28.24,28.95,27.2,27.61,169727.06,47525.45
2025-11-19 00:00:00+08:00,603069.XSHG,27.28,27.6,25.85,26.18,158407.97,41641.81
2025-11-20 00:00:00+08:00,603069.XSHG,26.22,26.83,25.84,26.36,124581.83,32790.33
2025-11-21 00:00:00+08:00,603069.XSHG,25.86,26.56,25.3,25.43,120502.47,31104.11
2025-11-24 00:00:00+08:00,603069.XSHG,25.33,26.19,24.07,24.58,128256.78,31722.3
2025-11-25 00:00:00+08:00,603069.XSHG,25.08,25.14,24.5,24.94,99639.72,24731.78
2025-11-26 00:00:00+08:00,603069.XSHG,24.83,25.93,24.72,25.22,125120.43,31845.85
2025-11-27 00:00:00+08:00,603069.XSHG,25.04,25.49,24.38,24.39,85363.56,21090.05
2025-11-28 00:00:00+08:00,603069.XSHG,24.49,25.62,24.1,25.53,114535.0,28616.72
2025-12-01 00:00:00+08:00,603069.XSHG,25.32,26.06,25.09,25.51,98604.0,25183.25
2025-12-02 00:00:00+08:00,603069.XSHG,25.51,26.31,24.81,25.99,115298.86,29560.84
2025-12-03 00:00:00+08:00,603069.XSHG,25.62,26.14,25.0,25.25,103920.42,26533.54
2025-12-04 00:00:00+08:00,603069.XSHG,25.0,25.09,23.98,24.24,94785.09,23096.81
2025-12-05 00:00:00+08:00,603069.XSHG,24.2,24.93,23.86,24.81,76762.4,18870.42
2025-12-08 00:00:00+08:00,603069.XSHG,24.55,25.95,24.55,25.73,99997.03,25600.81
2025-12-09 00:00:00+08:00,603069.XSHG,25.5,25.7,24.44,25.0,96176.85,23973.23
2025-12-10 00:00:00+08:00,603069.XSHG,25.5,27.0,25.14,26.51,234662.41,61448.67
2025-12-11 00:00:00+08:00,603069.XSHG,26.1,26.7,24.75,24.85,199418.38,50856.83
2025-12-12 00:00:00+08:00,603069.XSHG,24.53,24.76,24.03,24.17,116165.24,28229.25
2025-12-15 00:00:00+08:00,603069.XSHG,24.16,24.27,22.81,23.63,98951.65,23346.97
2025-12-16 00:00:00+08:00,603069.XSHG,24.13,25.85,23.53,24.63,180893.65,44189.7
2025-12-17 00:00:00+08:00,603069.XSHG,24.64,24.7,22.75,23.29,138351.31,32183.57
2025-12-18 00:00:00+08:00,603069.XSHG,23.36,23.36,21.58,21.69,146258.0,32293.97
2025-12-19 00:00:00+08:00,603069.XSHG,21.57,23.86,21.5,23.86,234874.6,54268.45
2025-12-22 00:00:00+08:00,603069.XSHG,26.0,26.25,25.6,26.25,151171.02,39608.71
2025-12-23 00:00:00+08:00,603069.XSHG,28.88,28.88,28.88,28.88,57421.9,16583.44
2025-12-24 00:00:00+08:00,603069.XSHG,29.5,30.79,27.72,29.24,670382.46,198452.04
2025-12-25 00:00:00+08:00,603069.XSHG,29.28,29.78,27.3,27.62,462614.75,130221.65
2025-01-02 00:00:00+08:00,605199.XSHG,15.71,16.39,15.6,15.9,133600.3,21451.94
2025-01-03 00:00:00+08:00,605199.XSHG,15.99,17.49,15.42,17.49,321035.06,53447.18
2025-01-06 00:00:00+08:00,605199.XSHG,17.83,19.24,17.72,19.24,386599.65,72282.37
2025-01-07 00:00:00+08:00,605199.XSHG,19.31,21.0,17.4,19.56,457042.41,84624.15
2025-01-08 00:00:00+08:00,605199.XSHG,18.87,20.98,18.61,20.0,418371.83,83587.0
2025-01-09 00:00:00+08:00,605199.XSHG,19.01,19.65,18.38,18.97,290239.02,55294.96
2025-01-10 00:00:00+08:00,605199.XSHG,18.58,18.6,17.07,17.09,275067.29,48894.6
2025-01-13 00:00:00+08:00,605199.XSHG,16.35,16.7,15.95,16.3,205028.81,33410.6
2025-01-14 00:00:00+08:00,605199.XSHG,16.3,17.08,16.1,17.03,201858.81,33702.32
2025-01-15 00:00:00+08:00,605199.XSHG,16.88,17.5,16.54,16.79,228876.8,38782.83
2025-01-16 00:00:00+08:00,605199.XSHG,16.8,17.42,16.6,16.97,194681.99,33026.06
2025-01-17 00:00:00+08:00,605199.XSHG,16.99,18.67,16.57,18.67,324268.09,57435.18
2025-01-20 00:00:00+08:00,605199.XSHG,18.52,19.1,18.15,18.39,286570.28,52907.53
2025-01-21 00:00:00+08:00,605199.XSHG,18.36,18.36,17.8,18.04,162638.0,29407.57
2025-01-22 00:00:00+08:00,605199.XSHG,18.16,18.4,17.6,17.66,186663.0,33677.87
2025-01-23 00:00:00+08:00,605199.XSHG,17.8,18.09,17.32,17.33,151711.0,26834.58
2025-01-24 00:00:00+08:00,605199.XSHG,17.1,17.35,16.9,17.3,129099.0,22139.01
2025-01-27 00:00:00+08:00,605199.XSHG,17.3,17.47,16.3,16.3,131425.98,21979.89
2025-02-05 00:00:00+08:00,605199.XSHG,16.59,17.3,16.57,17.0,123870.97,20972.81
2025-02-06 00:00:00+08:00,605199.XSHG,16.92,17.09,16.47,17.05,132681.0,22329.35
2025-02-07 00:00:00+08:00,605199.XSHG,17.06,17.71,16.89,17.5,198616.98,34520.14
2025-02-10 00:00:00+08:00,605199.XSHG,17.51,17.91,17.51,17.86,171483.18,30452.26
2025-02-11 00:00:00+08:00,605199.XSHG,17.7,18.7,17.14,18.02,259863.0,45943.88
2025-02-12 00:00:00+08:00,605199.XSHG,17.84,18.08,17.67,17.89,157108.0,28017.73
2025-02-13 00:00:00+08:00,605199.XSHG,17.75,18.71,17.61,18.17,259820.0,47527.68
2025-02-14 00:00:00+08:00,605199.XSHG,18.05,19.1,17.91,18.48,267830.03,49448.63
2025-02-17 00:00:00+08:00,605199.XSHG,18.42,18.42,17.7,18.07,172696.09,31107.68
2025-02-18 00:00:00+08:00,605199.XSHG,18.0,18.0,16.83,16.93,184216.98,32045.14
2025-02-19 00:00:00+08:00,605199.XSHG,16.94,17.19,16.53,17.16,104469.0,17787.01
2025-02-20 00:00:00+08:00,605199.XSHG,17.01,17.44,16.88,17.09,97933.72,16736.57
2025-02-21 00:00:00+08:00,605199.XSHG,17.05,17.17,16.6,16.91,114942.24,19315.66
2025-02-24 00:00:00+08:00,605199.XSHG,16.87,16.89,16.62,16.74,93805.26,15693.66
2025-02-25 00:00:00+08:00,605199.XSHG,16.65,16.81,16.37,16.48,77775.0,12920.05
2025-02-26 00:00:00+08:00,605199.XSHG,16.48,16.7,16.43,16.7,68231.0,11298.79
2025-02-27 00:00:00+08:00,605199.XSHG,16.71,17.5,16.6,17.18,179842.0,30900.51
2025-02-28 00:00:00+08:00,605199.XSHG,17.0,17.3,16.16,16.29,140962.0,23754.17
2025-03-03 00:00:00+08:00,605199.XSHG,16.29,16.78,16.17,16.36,87694.0,14446.95
2025-03-04 00:00:00+08:00,605199.XSHG,16.37,16.47,15.82,16.1,91904.82,14735.3
2025-03-05 00:00:00+08:00,605199.XSHG,16.14,16.15,15.58,15.79,92487.76,14550.87
2025-03-06 00:00:00+08:00,605199.XSHG,15.81,16.1,15.7,16.05,86030.55,13715.87
2025-03-07 00:00:00+08:00,605199.XSHG,15.96,16.09,15.72,15.79,66993.0,10632.19
2025-03-10 00:00:00+08:00,605199.XSHG,15.88,16.48,15.87,16.32,98578.8,16020.83
2025-03-11 00:00:00+08:00,605199.XSHG,16.16,16.25,16.0,16.23,55987.0,9031.07
2025-03-12 00:00:00+08:00,605199.XSHG,16.23,16.35,16.16,16.31,63926.0,10384.44
2025-03-13 00:00:00+08:00,605199.XSHG,16.32,16.34,15.85,15.95,58881.0,9439.75
2025-03-14 00:00:00+08:00,605199.XSHG,15.96,17.55,15.96,17.55,259414.55,43775.07
2025-03-17 00:00:00+08:00,605199.XSHG,16.88,17.47,16.88,17.09,269402.73,46355.68
2025-03-18 00:00:00+08:00,605199.XSHG,17.1,17.18,16.81,16.87,115659.0,19550.15
2025-03-19 00:00:00+08:00,605199.XSHG,16.82,16.99,16.56,16.65,88298.0,14782.08
2025-03-20 00:00:00+08:00,605199.XSHG,16.64,16.93,16.5,16.73,116488.0,19425.82
2025-03-21 00:00:00+08:00,605199.XSHG,17.51,18.3,16.84,16.99,296414.12,51570.75
2025-03-24 00:00:00+08:00,605199.XSHG,16.3,16.66,15.34,15.83,199255.82,31969.5
2025-03-25 00:00:00+08:00,605199.XSHG,15.6,15.69,14.7,14.93,162382.23,24265.46
2025-03-26 00:00:00+08:00,605199.XSHG,14.68,15.05,14.67,15.0,76736.53,11446.13
2025-03-27 00:00:00+08:00,605199.XSHG,14.89,15.34,14.72,15.22,83974.32,12635.39
2025-03-28 00:00:00+08:00,605199.XSHG,15.51,16.52,15.51,15.79,199074.71,31742.22
2025-03-31 00:00:00+08:00,605199.XSHG,15.34,15.39,14.8,14.81,123387.53,18458.61
2025-04-01 00:00:00+08:00,605199.XSHG,14.81,15.54,14.79,15.36,122810.0,18789.86
2025-04-02 00:00:00+08:00,605199.XSHG,15.13,15.33,14.96,15.02,79726.86,12008.45
2025-04-03 00:00:00+08:00,605199.XSHG,14.91,15.16,14.74,15.05,61864.0,9268.11
2025-04-07 00:00:00+08:00,605199.XSHG,14.5,14.5,13.55,13.55,75597.0,10396.03
2025-04-08 00:00:00+08:00,605199.XSHG,13.27,13.63,12.9,13.55,83930.5,11154.45
2025-04-09 00:00:00+08:00,605199.XSHG,13.0,13.63,12.22,13.57,104823.0,13551.55
2025-04-10 00:00:00+08:00,605199.XSHG,13.62,14.9,13.62,14.38,149906.82,21286.3
2025-04-11 00:00:00+08:00,605199.XSHG,14.2,14.39,14.02,14.2,93830.0,13314.45
2025-04-14 00:00:00+08:00,605199.XSHG,14.26,15.62,14.18,15.62,184188.0,27845.76
2025-04-15 00:00:00+08:00,605199.XSHG,15.5,15.5,15.0,15.05,176366.02,26761.91
2025-04-16 00:00:00+08:00,605199.XSHG,15.05,15.11,14.39,14.76,97050.0,14255.15
2025-04-17 00:00:00+08:00,605199.XSHG,14.65,15.44,14.52,15.29,137969.0,20827.45
2025-04-18 00:00:00+08:00,605199.XSHG,15.13,15.72,14.88,14.89,109691.0,16637.2
2025-04-21 00:00:00+08:00,605199.XSHG,14.71,15.1,14.56,15.01,79596.0,11899.68
2025-04-22 00:00:00+08:00,605199.XSHG,15.04,15.18,14.85,15.01,69437.28,10420.99
2025-04-23 00:00:00+08:00,605199.XSHG,13.51,13.9,13.51,13.51,205481.76,27968.9
2025-04-24 00:00:00+08:00,605199.XSHG,13.27,14.1,13.27,13.48,109463.0,14902.02
2025-04-25 00:00:00+08:00,605199.XSHG,13.48,13.48,13.16,13.3,68493.75,9105.77
2025-04-28 00:00:00+08:00,605199.XSHG,13.3,13.3,13.03,13.06,44289.0,5804.99
2025-04-29 00:00:00+08:00,605199.XSHG,0.0,0.0,0.0,13.06,0.0,0.0
2025-04-30 00:00:00+08:00,605199.XSHG,12.41,12.41,12.41,12.41,694.0,86.13
2025-05-06 00:00:00+08:00,605199.XSHG,11.79,11.79,11.79,11.79,884.0,104.22
2025-05-07 00:00:00+08:00,605199.XSHG,11.2,11.2,11.2,11.2,1313.0,147.06
2025-05-08 00:00:00+08:00,605199.XSHG,10.64,11.1,10.64,10.65,332207.37,35484.52
2025-05-09 00:00:00+08:00,605199.XSHG,10.35,10.35,10.12,10.14,241343.07,24576.76
2025-05-12 00:00:00+08:00,605199.XSHG,10.19,10.45,10.05,10.35,155162.84,15886.1
2025-05-13 00:00:00+08:00,605199.XSHG,10.35,10.35,9.89,9.9,145960.0,14779.46
2025-05-14 00:00:00+08:00,605199.XSHG,9.9,9.95,9.41,9.41,149706.52,14196.88
2025-05-15 00:00:00+08:00,605199.XSHG,9.39,9.86,9.39,9.72,137737.52,13383.11
2025-05-16 00:00:00+08:00,605199.XSHG,9.76,9.86,9.62,9.83,94383.72,9226.27
2025-05-19 00:00:00+08:00,605199.XSHG,9.86,10.15,9.75,10.09,112476.0,11260.54
2025-05-20 00:00:00+08:00,605199.XSHG,10.1,10.26,9.93,10.01,109818.0,11075.35
2025-05-21 00:00:00+08:00,605199.XSHG,9.98,10.24,9.88,10.17,108662.0,10937.65
2025-05-22 00:00:00+08:00,605199.XSHG,10.16,10.32,10.0,10.01,112646.0,11434.03
2025-05-23 00:00:00+08:00,605199.XSHG,10.02,10.25,9.96,9.96,94655.0,9548.67
2025-05-26 00:00:00+08:00,605199.XSHG,9.9,9.92,9.46,9.55,144662.08,13776.32
2025-05-27 00:00:00+08:00,605199.XSHG,9.52,9.62,9.41,9.53,92750.92,8805.61
2025-05-28 00:00:00+08:00,605199.XSHG,9.53,9.7,9.48,9.58,73009.0,6981.34
2025-05-29 00:00:00+08:00,605199.XSHG,9.6,10.06,9.51,10.06,123103.59,12231.66
2025-05-30 00:00:00+08:00,605199.XSHG,10.06,10.25,9.88,9.93,143740.6,14473.89
2025-06-03 00:00:00+08:00,605199.XSHG,9.93,10.06,9.83,9.86,69052.0,6854.7
2025-06-04 00:00:00+08:00,605199.XSHG,9.86,10.06,9.83,9.91,77208.0,7660.46
2025-06-05 00:00:00+08:00,605199.XSHG,9.89,9.89,9.55,9.66,85594.0,8281.59
2025-06-06 00:00:00+08:00,605199.XSHG,9.57,9.66,9.53,9.59,54147.0,5186.65
2025-06-09 00:00:00+08:00,605199.XSHG,9.6,9.79,9.59,9.76,60750.08,5902.14
2025-06-10 00:00:00+08:00,605199.XSHG,9.76,9.96,9.69,9.82,88256.08,8654.45
2025-06-11 00:00:00+08:00,605199.XSHG,9.8,9.87,9.73,9.82,57115.08,5594.95
2025-06-12 00:00:00+08:00,605199.XSHG,9.8,9.84,9.64,9.67,65760.08,6388.91
2025-06-13 00:00:00+08:00,605199.XSHG,9.71,9.75,9.33,9.35,75257.0,7133.18
2025-06-16 00:00:00+08:00,605199.XSHG,9.12,9.3,9.12,9.25,43890.0,4051.47
2025-06-17 00:00:00+08:00,605199.XSHG,9.28,9.43,9.24,9.31,48388.08,4503.99
2025-06-18 00:00:00+08:00,605199.XSHG,9.27,9.27,8.95,8.99,72352.4,6559.16
2025-06-19 00:00:00+08:00,605199.XSHG,8.96,9.17,8.88,8.92,70740.95,6371.88
2025-06-20 00:00:00+08:00,605199.XSHG,8.88,8.89,8.47,8.5,85464.95,7396.29
2025-06-23 00:00:00+08:00,605199.XSHG,8.32,8.5,8.18,8.48,61622.0,5140.85
2025-06-24 00:00:00+08:00,605199.XSHG,8.53,8.72,8.53,8.68,56863.0,4909.59
2025-06-25 00:00:00+08:00,605199.XSHG,8.89,9.11,8.78,9.11,60869.0,5480.96
2025-06-26 00:00:00+08:00,605199.XSHG,9.34,9.45,9.08,9.11,121638.0,11276.24
2025-06-27 00:00:00+08:00,605199.XSHG,9.17,9.27,8.99,9.07,68122.0,6178.0
2025-06-30 00:00:00+08:00,605199.XSHG,8.98,9.19,8.87,9.07,61180.0,5529.41
2025-07-01 00:00:00+08:00,605199.XSHG,9.07,9.12,8.98,9.05,50263.0,4553.53
2025-07-02 00:00:00+08:00,605199.XSHG,9.04,9.06,8.96,9.05,39763.0,3584.78
2025-07-03 00:00:00+08:00,605199.XSHG,9.05,9.3,9.05,9.19,75802.0,6982.27
2025-07-04 00:00:00+08:00,605199.XSHG,9.21,9.28,9.08,9.08,51760.0,4737.56
2025-07-07 00:00:00+08:00,605199.XSHG,9.08,9.1,9.0,9.05,31991.0,2894.27
2025-07-08 00:00:00+08:00,605199.XSHG,9.05,9.08,8.98,9.02,44025.0,3969.17
2025-07-09 00:00:00+08:00,605199.XSHG,9.04,9.07,8.98,8.99,39186.12,3531.27
2025-07-10 00:00:00+08:00,605199.XSHG,8.99,9.02,8.95,8.97,30235.0,2714.67
2025-07-11 00:00:00+08:00,605199.XSHG,9.02,9.38,9.01,9.14,87239.0,8036.27
2025-07-14 00:00:00+08:00,605199.XSHG,9.09,9.1,8.99,9.01,51537.0,4653.12
2025-07-15 00:00:00+08:00,605199.XSHG,8.94,8.94,8.65,8.73,65321.0,5730.05
2025-07-16 00:00:00+08:00,605199.XSHG,8.76,8.96,8.75,8.95,45735.0,4057.4
2025-07-17 00:00:00+08:00,605199.XSHG,8.98,9.38,8.95,9.19,91420.0,8401.68
2025-07-18 00:00:00+08:00,605199.XSHG,9.22,9.22,9.09,9.13,36526.0,3331.08
2025-07-21 00:00:00+08:00,605199.XSHG,9.12,9.18,9.07,9.17,36040.0,3293.65
2025-07-22 00:00:00+08:00,605199.XSHG,9.25,9.36,9.17,9.21,69941.0,6472.33
2025-07-23 00:00:00+08:00,605199.XSHG,9.17,9.24,9.09,9.09,48324.0,4416.39
2025-07-24 00:00:00+08:00,605199.XSHG,9.14,9.54,9.12,9.54,98153.12,9257.21
2025-07-25 00:00:00+08:00,605199.XSHG,9.64,9.68,9.28,9.29,125742.12,11854.24
2025-07-28 00:00:00+08:00,605199.XSHG,9.35,9.46,9.17,9.22,78051.0,7258.72
2025-07-29 00:00:00+08:00,605199.XSHG,9.39,9.55,9.29,9.34,106549.0,10021.66
2025-07-30 00:00:00+08:00,605199.XSHG,9.27,9.3,9.15,9.18,72696.0,6690.39
2025-07-31 00:00:00+08:00,605199.XSHG,9.16,9.22,9.1,9.11,61955.0,5663.9
2025-08-01 00:00:00+08:00,605199.XSHG,9.1,9.25,9.04,9.2,61437.0,5641.52
2025-08-04 00:00:00+08:00,605199.XSHG,9.19,9.24,9.11,9.23,46063.0,4226.72
2025-08-05 00:00:00+08:00,605199.XSHG,9.23,9.61,9.23,9.47,89766.0,8484.81
2025-08-06 00:00:00+08:00,605199.XSHG,9.49,9.51,9.26,9.31,73234.0,6836.7
2025-08-07 00:00:00+08:00,605199.XSHG,9.31,9.33,9.23,9.27,50004.0,4639.46
2025-08-08 00:00:00+08:00,605199.XSHG,9.25,9.26,9.16,9.18,43289.29,3979.17
2025-08-11 00:00:00+08:00,605199.XSHG,9.17,9.24,9.14,9.24,39609.0,3638.35
2025-08-12 00:00:00+08:00,605199.XSHG,9.24,9.27,9.16,9.21,31046.0,2859.8
2025-08-13 00:00:00+08:00,605199.XSHG,9.21,9.27,9.2,9.21,40334.0,3723.63
2025-08-14 00:00:00+08:00,605199.XSHG,9.21,9.22,9.02,9.03,63245.0,5762.65
2025-08-15 00:00:00+08:00,605199.XSHG,9.02,9.1,9.01,9.09,33143.0,3008.42
2025-08-18 00:00:00+08:00,605199.XSHG,9.14,9.18,9.09,9.18,42685.0,3909.5
2025-08-19 00:00:00+08:00,605199.XSHG,9.16,9.3,9.16,9.21,60197.0,5564.37
2025-08-20 00:00:00+08:00,605199.XSHG,9.17,9.26,9.07,9.26,49030.0,4512.48
2025-08-21 00:00:00+08:00,605199.XSHG,9.25,9.62,9.24,9.41,88243.0,8315.43
2025-08-22 00:00:00+08:00,605199.XSHG,9.39,9.41,9.25,9.28,58437.0,5434.05
2025-08-25 00:00:00+08:00,605199.XSHG,9.28,9.32,9.24,9.28,50985.0,4732.0
2025-08-26 00:00:00+08:00,605199.XSHG,9.26,9.41,9.21,9.41,55159.0,5148.74
2025-08-27 00:00:00+08:00,605199.XSHG,9.67,9.88,9.42,9.44,185372.0,17976.0
2025-08-28 00:00:00+08:00,605199.XSHG,9.29,9.39,9.05,9.24,119054.0,11007.88
2025-08-29 00:00:00+08:00,605199.XSHG,9.17,9.22,9.1,9.1,54312.0,4970.25
2025-09-01 00:00:00+08:00,605199.XSHG,9.15,9.24,9.12,9.24,38813.0,3565.44
2025-09-02 00:00:00+08:00,605199.XSHG,9.29,9.52,9.26,9.31,73052.0,6821.67
2025-09-03 00:00:00+08:00,605199.XSHG,9.36,9.39,9.16,9.17,47488.0,4396.55
2025-09-04 00:00:00+08:00,605199.XSHG,9.2,9.28,9.13,9.2,44032.0,4057.24
2025-09-05 00:00:00+08:00,605199.XSHG,9.21,9.24,9.11,9.23,40528.03,3719.19
2025-09-08 00:00:00+08:00,605199.XSHG,9.22,9.38,9.18,9.38,53546.0,4976.9
2025-09-09 00:00:00+08:00,605199.XSHG,9.38,9.46,9.23,9.27,49510.0,4605.89
2025-09-10 00:00:00+08:00,605199.XSHG,9.28,9.33,9.23,9.33,38856.27,3606.23
2025-09-11 00:00:00+08:00,605199.XSHG,9.3,9.3,9.18,9.26,49073.0,4530.09
2025-09-12 00:00:00+08:00,605199.XSHG,9.24,9.28,9.21,9.24,39065.0,3613.36
2025-09-15 00:00:00+08:00,605199.XSHG,9.22,9.23,9.15,9.17,40598.0,3722.99
2025-09-16 00:00:00+08:00,605199.XSHG,9.31,9.37,9.23,9.28,45721.0,4243.36
2025-09-17 00:00:00+08:00,605199.XSHG,9.25,9.3,9.22,9.24,29044.0,2686.14
2025-09-18 00:00:00+08:00,605199.XSHG,9.22,9.24,9.13,9.15,50562.03,4641.7
2025-09-19 00:00:00+08:00,605199.XSHG,9.11,9.16,9.05,9.08,40200.03,3653.28
2025-09-22 00:00:00+08:00,605199.XSHG,9.09,9.11,9.04,9.05,20707.0,1875.1
2025-09-23 00:00:00+08:00,605199.XSHG,9.08,9.09,8.65,8.82,47747.0,4217.4
2025-09-24 00:00:00+08:00,605199.XSHG,8.81,8.89,8.77,8.87,20842.0,1844.42
2025-09-25 00:00:00+08:00,605199.XSHG,8.85,8.87,8.75,8.77,24311.0,2141.93
2025-09-26 00:00:00+08:00,605199.XSHG,8.73,9.03,8.69,8.86,33594.0,2971.0
2025-09-29 00:00:00+08:00,605199.XSHG,8.82,8.85,8.72,8.78,22011.0,1932.78
2025-09-30 00:00:00+08:00,605199.XSHG,8.97,8.97,8.82,8.83,19405.0,1719.01
2025-10-09 00:00:00+08:00,605199.XSHG,8.79,8.87,8.79,8.81,16260.0,1432.72
2025-10-10 00:00:00+08:00,605199.XSHG,8.81,8.95,8.8,8.88,20620.0,1833.18
2025-10-13 00:00:00+08:00,605199.XSHG,8.78,8.78,8.69,8.76,21990.0,1920.58
2025-10-14 00:00:00+08:00,605199.XSHG,8.77,8.84,8.7,8.76,23740.0,2085.62
2025-10-15 00:00:00+08:00,605199.XSHG,8.76,8.81,8.73,8.81,15964.0,1401.7
2025-10-16 00:00:00+08:00,605199.XSHG,8.79,8.86,8.77,8.79,21954.0,1934.05
2025-10-17 00:00:00+08:00,605199.XSHG,8.76,9.13,8.76,8.96,58699.0,5258.51
2025-10-20 00:00:00+08:00,605199.XSHG,8.96,9.0,8.86,8.96,30331.0,2706.64
2025-10-21 00:00:00+08:00,605199.XSHG,8.89,8.99,8.89,8.98,25090.0,2246.13
2025-10-22 00:00:00+08:00,605199.XSHG,8.96,9.12,8.94,9.11,36056.0,3270.1
2025-10-23 00:00:00+08:00,605199.XSHG,9.07,9.1,8.99,9.08,30107.0,2723.02
2025-10-24 00:00:00+08:00,605199.XSHG,9.09,9.1,9.03,9.03,23355.0,2115.26
2025-10-27 00:00:00+08:00,605199.XSHG,9.04,9.05,8.93,8.96,29670.0,2661.08
2025-10-28 00:00:00+08:00,605199.XSHG,9.0,9.2,8.97,9.14,45976.0,4180.67
2025-10-29 00:00:00+08:00,605199.XSHG,9.12,9.28,9.05,9.08,42437.0,3880.23
2025-10-30 00:00:00+08:00,605199.XSHG,9.02,9.08,8.94,9.02,33397.0,3007.07
2025-10-31 00:00:00+08:00,605199.XSHG,9.0,9.25,8.99,9.2,60808.0,5582.99
2025-11-03 00:00:00+08:00,605199.XSHG,9.22,9.66,9.2,9.46,102363.0,9691.92
2025-11-04 00:00:00+08:00,605199.XSHG,9.45,9.56,9.37,9.42,55303.29,5220.45
2025-11-05 00:00:00+08:00,605199.XSHG,9.37,9.89,9.37,9.89,86618.03,8464.14
2025-11-06 00:00:00+08:00,605199.XSHG,10.37,10.37,9.79,9.79,168929.3,16973.64
2025-11-07 00:00:00+08:00,605199.XSHG,9.92,10.28,9.88,10.2,183165.03,18528.78
2025-11-10 00:00:00+08:00,605199.XSHG,10.11,10.13,9.73,9.76,138759.0,13719.07
2025-11-11 00:00:00+08:00,605199.XSHG,9.68,9.83,9.58,9.71,72823.0,7044.99
2025-11-12 00:00:00+08:00,605199.XSHG,9.71,10.18,9.67,9.85,85409.0,8429.9
2025-11-13 00:00:00+08:00,605199.XSHG,9.77,9.81,9.53,9.62,77091.0,7420.45
2025-11-14 00:00:00+08:00,605199.XSHG,9.57,10.0,9.57,9.9,108072.0,10670.4
2025-11-17 00:00:00+08:00,605199.XSHG,9.92,10.15,9.83,9.96,85916.0,8563.51
2025-11-18 00:00:00+08:00,605199.XSHG,9.94,10.32,9.85,10.04,99318.0,10034.96
2025-11-19 00:00:00+08:00,605199.XSHG,10.0,10.0,9.61,9.66,74817.0,7282.32
2025-11-20 00:00:00+08:00,605199.XSHG,9.66,9.81,9.4,9.66,66106.0,6335.71
2025-11-21 00:00:00+08:00,605199.XSHG,9.53,9.64,9.18,9.18,76722.0,7187.73
2025-11-24 00:00:00+08:00,605199.XSHG,9.14,9.28,9.04,9.22,45585.0,4176.99
2025-11-25 00:00:00+08:00,605199.XSHG,9.2,9.43,9.18,9.42,45352.0,4232.37
2025-11-26 00:00:00+08:00,605199.XSHG,9.37,9.62,9.36,9.38,46526.0,4429.52
2025-11-27 00:00:00+08:00,605199.XSHG,9.35,9.38,9.21,9.25,38513.0,3574.41
2025-11-28 00:00:00+08:00,605199.XSHG,9.26,9.42,9.17,9.34,35395.03,3285.49
2025-12-01 00:00:00+08:00,605199.XSHG,9.32,9.36,9.24,9.26,31778.0,2949.28
2025-12-02 00:00:00+08:00,605199.XSHG,9.26,9.26,9.06,9.15,38967.0,3559.43
2025-12-03 00:00:00+08:00,605199.XSHG,9.1,9.21,9.08,9.11,31183.0,2846.28
2025-12-04 00:00:00+08:00,605199.XSHG,9.11,9.12,8.88,8.88,45058.0,4028.37
2025-12-05 00:00:00+08:00,605199.XSHG,8.86,8.93,8.71,8.92,29513.0,2605.54
2025-12-08 00:00:00+08:00,605199.XSHG,8.82,8.93,8.74,8.88,33679.0,2981.14
2025-12-09 00:00:00+08:00,605199.XSHG,8.83,8.94,8.82,8.86,26499.0,2355.42
2025-12-10 00:00:00+08:00,605199.XSHG,8.86,9.27,8.82,9.12,57593.0,5210.5
2025-12-11 00:00:00+08:00,605199.XSHG,9.08,9.08,8.84,8.84,38883.0,3474.43
2025-12-12 00:00:00+08:00,605199.XSHG,8.85,8.86,8.71,8.76,30225.03,2649.0
2025-12-15 00:00:00+08:00,605199.XSHG,8.69,8.69,8.58,8.62,29896.0,2580.88
2025-12-16 00:00:00+08:00,605199.XSHG,8.63,8.69,8.46,8.55,25014.0,2136.5
2025-12-17 00:00:00+08:00,605199.XSHG,8.5,8.55,8.33,8.55,25188.0,2127.95
2025-12-18 00:00:00+08:00,605199.XSHG,8.55,8.67,8.51,8.55,21027.0,1808.48
2025-12-19 00:00:00+08:00,605199.XSHG,8.55,8.98,8.55,8.88,50742.0,4465.52
2025-12-22 00:00:00+08:00,605199.XSHG,8.88,9.32,8.81,9.32,118285.03,10918.98
2025-12-23 00:00:00+08:00,605199.XSHG,9.32,9.35,8.95,8.95,96518.03,8794.72
2025-12-24 00:00:00+08:00,605199.XSHG,8.88,8.94,8.74,8.82,45372.0,4004.02
2025-12-25 00:00:00+08:00,605199.XSHG,8.82,8.93,8.76,8.84,27211.0,2407.21
2025-01-02 00:00:00+08:00,688676.XSHG,40.29,40.99,37.77,38.24,338865.8,133594.14
2025-01-03 00:00:00+08:00,688676.XSHG,38.29,38.69,36.37,36.49,241651.03,91756.43
2025-01-06 00:00:00+08:00,688676.XSHG,37.17,39.74,36.37,39.0,333595.71,127963.94
2025-01-07 00:00:00+08:00,688676.XSHG,38.17,41.89,37.64,41.61,352266.17,141771.84
2025-01-08 00:00:00+08:00,688676.XSHG,40.11,41.33,38.79,41.05,265517.53,107594.19
2025-01-09 00:00:00+08:00,688676.XSHG,40.19,41.88,39.65,39.75,217627.69,89512.77
2025-01-10 00:00:00+08:00,688676.XSHG,39.48,39.69,36.88,36.94,209896.05,81441.94
2025-01-13 00:00:00+08:00,688676.XSHG,36.38,38.79,36.18,37.88,186971.94,71319.97
2025-01-14 00:00:00+08:00,688676.XSHG,38.82,41.25,38.67,41.17,227808.62,92218.81
2025-01-15 00:00:00+08:00,688676.XSHG,40.76,41.05,39.11,39.31,167902.71,67761.24
2025-01-16 00:00:00+08:00,688676.XSHG,39.78,40.38,38.89,40.12,159044.1,64000.87
2025-01-17 00:00:00+08:00,688676.XSHG,39.59,39.75,37.99,39.34,144937.65,57045.79
2025-01-20 00:00:00+08:00,688676.XSHG,40.38,43.87,40.38,41.52,268347.52,114258.38
2025-01-21 00:00:00+08:00,688676.XSHG,41.75,43.09,41.28,42.28,177338.02,75759.44
2025-01-22 00:00:00+08:00,688676.XSHG,43.99,45.77,43.21,44.19,269029.21,120375.79
2025-01-23 00:00:00+08:00,688676.XSHG,45.0,45.49,42.17,42.29,216002.33,95337.5
2025-01-24 00:00:00+08:00,688676.XSHG,42.1,44.48,42.1,42.91,228947.53,100521.08
2025-01-27 00:00:00+08:00,688676.XSHG,42.04,42.13,39.19,39.19,198335.27,81237.04
2025-02-05 00:00:00+08:00,688676.XSHG,37.88,38.37,34.3,34.37,283791.16,101727.13
2025-02-06 00:00:00+08:00,688676.XSHG,35.05,35.99,34.12,35.78,225543.12,80362.76
2025-02-07 00:00:00+08:00,688676.XSHG,35.84,37.11,35.57,36.33,234175.3,86326.21
2025-02-10 00:00:00+08:00,688676.XSHG,36.39,36.49,34.9,36.15,184912.11,67046.07
2025-02-11 00:00:00+08:00,688676.XSHG,36.51,37.66,36.16,36.47,186713.35,69673.81
2025-02-12 00:00:00+08:00,688676.XSHG,36.77,39.27,36.61,38.44,231521.62,89559.88
2025-02-13 00:00:00+08:00,688676.XSHG,38.46,38.78,36.21,36.88,236971.6,89332.21
2025-02-14 00:00:00+08:00,688676.XSHG,36.75,39.18,36.73,38.55,245088.06,94464.47
2025-02-17 00:00:00+08:00,688676.XSHG,39.36,41.47,38.47,41.04,287822.04,117429.77
2025-02-18 00:00:00+08:00,688676.XSHG,41.79,43.01,39.4,40.0,286086.1,119167.61
2025-02-19 00:00:00+08:00,688676.XSHG,39.49,40.74,39.19,39.94,212835.36,86106.04
2025-02-20 00:00:00+08:00,688676.XSHG,39.99,39.99,38.3,38.41,226882.39,88995.61
2025-02-21 00:00:00+08:00,688676.XSHG,39.72,42.71,39.19,41.56,376657.76,156229.95
2025-02-24 00:00:00+08:00,688676.XSHG,42.35,43.69,40.5,43.64,383295.17,163047.84
2025-02-25 00:00:00+08:00,688676.XSHG,40.89,43.37,40.89,41.96,248333.32,105932.38
2025-02-26 00:00:00+08:00,688676.XSHG,41.54,43.76,40.32,42.71,259638.97,110492.74
2025-02-27 00:00:00+08:00,688676.XSHG,43.1,44.06,42.01,43.46,238571.49,103953.59
2025-02-28 00:00:00+08:00,688676.XSHG,42.97,42.97,39.99,40.29,231792.62,96038.18
2025-03-03 00:00:00+08:00,688676.XSHG,40.24,40.47,38.51,38.96,146037.36,58060.55
2025-03-04 00:00:00+08:00,688676.XSHG,38.18,38.82,37.75,38.56,132429.05,51367.82
2025-03-05 00:00:00+08:00,688676.XSHG,38.94,39.54,38.41,39.5,112898.62,44648.61
2025-03-06 00:00:00+08:00,688676.XSHG,40.37,42.29,40.29,41.26,212926.61,89029.09
2025-03-07 00:00:00+08:00,688676.XSHG,40.82,41.25,39.93,40.34,130569.93,53473.58
2025-03-10 00:00:00+08:00,688676.XSHG,41.17,42.67,40.55,42.05,213325.82,90178.3
2025-03-11 00:00:00+08:00,688676.XSHG,41.04,43.07,40.68,42.83,194089.57,82459.18
2025-03-12 00:00:00+08:00,688676.XSHG,43.44,45.88,42.49,44.4,269484.71,120698.46
2025-03-13 00:00:00+08:00,688676.XSHG,44.37,44.99,42.57,43.09,178033.49,78662.34
2025-03-14 00:00:00+08:00,688676.XSHG,42.7,47.23,42.05,45.89,255752.46,117103.18
2025-03-17 00:00:00+08:00,688676.XSHG,45.98,46.48,44.55,45.39,163329.6,74989.58
2025-03-18 00:00:00+08:00,688676.XSHG,45.04,46.79,43.8,44.38,166063.28,76079.85
2025-03-19 00:00:00+08:00,688676.XSHG,43.79,44.67,43.37,44.02,90312.03,40079.92
2025-03-20 00:00:00+08:00,688676.XSHG,43.84,44.42,42.16,42.17,160474.9,69844.64
2025-03-21 00:00:00+08:00,688676.XSHG,41.89,42.58,41.29,42.27,105864.88,44900.96
2025-03-24 00:00:00+08:00,688676.XSHG,41.96,43.0,41.29,42.94,106433.49,45416.53
2025-03-25 00:00:00+08:00,688676.XSHG,42.51,43.29,40.79,41.1,113030.53,48022.8
2025-03-26 00:00:00+08:00,688676.XSHG,40.89,41.67,40.83,40.97,55427.24,23125.36
2025-03-27 00:00:00+08:00,688676.XSHG,40.75,40.75,39.69,39.77,92087.3,37412.95
2025-03-28 00:00:00+08:00,688676.XSHG,39.78,40.44,39.65,39.65,46847.79,18953.76
2025-03-31 00:00:00+08:00,688676.XSHG,39.47,39.78,38.15,39.23,105258.9,41367.8
2025-04-01 00:00:00+08:00,688676.XSHG,39.4,39.98,39.34,39.75,57532.81,23168.13
2025-04-02 00:00:00+08:00,688676.XSHG,39.89,40.67,39.55,40.13,50066.25,20351.97
2025-04-03 00:00:00+08:00,688676.XSHG,39.47,39.47,37.4,37.64,130958.6,50828.67
2025-04-07 00:00:00+08:00,688676.XSHG,33.5,33.98,30.01,30.01,177054.6,56772.93
2025-04-08 00:00:00+08:00,688676.XSHG,30.18,31.39,29.11,29.72,170584.7,52111.96
2025-04-09 00:00:00+08:00,688676.XSHG,28.99,30.09,26.49,29.28,183812.86,53711.16
2025-04-10 00:00:00+08:00,688676.XSHG,31.99,32.05,30.37,30.75,184740.24,58725.48
2025-04-11 00:00:00+08:00,688676.XSHG,30.73,31.64,30.1,31.19,159530.77,50023.22
2025-04-14 00:00:00+08:00,688676.XSHG,32.18,32.87,31.37,31.95,153524.45,49921.02
2025-04-15 00:00:00+08:00,688676.XSHG,31.84,32.07,31.34,31.57,77608.02,24924.27
2025-04-16 00:00:00+08:00,688676.XSHG,31.24,31.36,29.59,30.11,186495.62,57450.33
2025-04-17 00:00:00+08:00,688676.XSHG,29.57,30.6,29.49,30.05,95842.83,29344.55
2025-04-18 00:00:00+08:00,688676.XSHG,30.17,30.43,29.79,30.19,64709.79,19815.44
2025-04-21 00:00:00+08:00,688676.XSHG,30.22,30.72,29.85,30.68,73598.21,22795.28
2025-04-22 00:00:00+08:00,688676.XSHG,30.5,30.73,29.85,29.89,92357.45,28392.32
2025-04-23 00:00:00+08:00,688676.XSHG,30.31,31.81,30.3,31.23,159973.67,50432.05
2025-04-24 00:00:00+08:00,688676.XSHG,30.99,31.18,30.17,30.3,110484.54,34354.17
2025-04-25 00:00:00+08:00,688676.XSHG,30.49,31.07,30.31,30.6,85981.55,26873.23
2025-04-28 00:00:00+08:00,688676.XSHG,30.8,31.36,30.31,30.4,71956.51,22467.14
2025-04-29 00:00:00+08:00,688676.XSHG,30.34,30.88,30.02,30.57,65803.21,20452.65
2025-04-30 00:00:00+08:00,688676.XSHG,30.49,31.55,30.16,31.37,107526.25,33908.19
2025-05-06 00:00:00+08:00,688676.XSHG,31.68,32.27,31.67,32.21,101825.41,33157.26
2025-05-07 00:00:00+08:00,688676.XSHG,33.03,33.42,32.0,32.56,121419.29,40112.52
2025-05-08 00:00:00+08:00,688676.XSHG,32.38,33.05,32.32,32.98,90977.29,30245.44
2025-05-09 00:00:00+08:00,688676.XSHG,32.97,32.97,31.56,31.7,126355.86,41062.15
2025-05-12 00:00:00+08:00,688676.XSHG,32.4,32.95,32.19,32.7,114691.57,37962.53
2025-05-13 00:00:00+08:00,688676.XSHG,33.94,34.29,33.44,33.61,216847.83,74515.74
2025-05-14 00:00:00+08:00,688676.XSHG,33.71,34.29,33.35,33.79,145874.23,50214.87
2025-05-15 00:00:00+08:00,688676.XSHG,33.65,33.65,32.59,32.68,92080.39,30825.48
2025-05-16 00:00:00+08:00,688676.XSHG,32.52,32.87,32.3,32.33,67099.68,22182.28
2025-05-19 00:00:00+08:00,688676.XSHG,32.27,32.4,31.66,32.11,50911.64,16535.39
2025-05-20 00:00:00+08:00,688676.XSHG,31.98,32.62,31.9,32.58,53780.25,17697.24
2025-05-21 00:00:00+08:00,688676.XSHG,32.67,32.75,32.07,32.11,50206.38,16461.07
2025-05-22 00:00:00+08:00,688676.XSHG,31.95,33.15,31.73,31.78,73031.29,23958.98
2025-05-23 00:00:00+08:00,688676.XSHG,31.93,32.42,31.13,31.77,66646.53,21217.81
2025-05-26 00:00:00+08:00,688676.XSHG,32.0,32.48,31.63,32.31,58811.19,18804.21
2025-05-27 00:00:00+08:00,688676.XSHG,32.25,32.29,31.35,31.58,57705.91,18276.18
2025-05-28 00:00:00+08:00,688676.XSHG,31.45,31.6,30.46,30.67,78705.89,24308.21
2025-05-29 00:00:00+08:00,688676.XSHG,30.86,31.56,30.7,31.55,68927.22,21585.32
2025-05-30 00:00:00+08:00,688676.XSHG,31.13,31.3,30.97,31.1,48917.66,15213.33
2025-06-03 00:00:00+08:00,688676.XSHG,30.81,31.27,30.78,30.85,39750.71,12300.3
2025-06-04 00:00:00+08:00,688676.XSHG,30.88,31.78,30.88,31.37,62137.44,19544.69
2025-06-05 00:00:00+08:00,688676.XSHG,31.63,33.11,31.19,32.81,127372.77,41018.82
2025-06-06 00:00:00+08:00,688676.XSHG,32.61,33.4,32.44,32.65,57315.52,18742.63
2025-06-09 00:00:00+08:00,688676.XSHG,32.86,33.35,32.6,33.0,66052.51,21791.42
2025-06-10 00:00:00+08:00,688676.XSHG,33.05,33.24,31.95,32.33,67898.57,22019.7
2025-06-11 00:00:00+08:00,688676.XSHG,32.45,32.84,32.22,32.5,59993.21,19517.71
2025-06-12 00:00:00+08:00,688676.XSHG,32.37,32.72,32.06,32.13,68405.9,22117.62
2025-06-13 00:00:00+08:00,688676.XSHG,32.0,32.48,31.0,31.55,126850.38,39939.42
2025-06-16 00:00:00+08:00,688676.XSHG,31.21,32.99,31.21,32.47,111940.15,36452.13
2025-06-17 00:00:00+08:00,688676.XSHG,32.76,32.76,32.01,32.19,51908.81,16734.48
2025-06-18 00:00:00+08:00,688676.XSHG,32.2,32.4,31.65,32.1,48581.3,15534.17
2025-06-19 00:00:00+08:00,688676.XSHG,32.02,32.46,31.38,31.52,53412.45,16994.99
2025-06-20 00:00:00+08:00,688676.XSHG,31.41,32.08,31.2,31.37,48557.28,15305.63
2025-06-23 00:00:00+08:00,688676.XSHG,31.13,31.69,31.04,31.49,37663.13,11861.25
2025-06-24 00:00:00+08:00,688676.XSHG,31.76,32.79,31.58,32.5,80487.34,26022.5
2025-06-25 00:00:00+08:00,688676.XSHG,32.6,33.15,32.44,32.94,81039.88,26640.1
2025-06-26 00:00:00+08:00,688676.XSHG,32.95,33.28,32.41,32.45,61947.16,20283.36
2025-06-27 00:00:00+08:00,688676.XSHG,32.45,33.46,32.22,32.98,105079.71,34699.88
2025-06-30 00:00:00+08:00,688676.XSHG,32.83,33.8,32.82,33.45,84248.04,28095.25
2025-07-01 00:00:00+08:00,688676.XSHG,33.25,33.8,32.9,33.55,71855.28,23902.59
2025-07-02 00:00:00+08:00,688676.XSHG,33.5,33.79,32.97,33.28,48713.89,16171.76
2025-07-03 00:00:00+08:00,688676.XSHG,33.15,33.45,32.91,33.08,45576.02,15082.54
2025-07-04 00:00:00+08:00,688676.XSHG,33.04,33.99,32.93,33.32,85250.43,28560.66
2025-07-07 00:00:00+08:00,688676.XSHG,33.24,33.79,32.9,33.63,66857.12,22231.16
2025-07-08 00:00:00+08:00,688676.XSHG,33.55,35.58,33.41,35.06,147883.53,51203.0
2025-07-09 00:00:00+08:00,688676.XSHG,34.69,35.65,34.69,34.83,106237.6,37271.24
2025-07-10 00:00:00+08:00,688676.XSHG,34.68,35.5,34.56,34.69,81019.62,28278.42
2025-07-11 00:00:00+08:00,688676.XSHG,34.68,34.86,34.19,34.74,63783.97,22027.15
2025-07-14 00:00:00+08:00,688676.XSHG,34.98,35.69,34.84,35.38,78278.08,27638.74
2025-07-15 00:00:00+08:00,688676.XSHG,35.28,35.73,34.8,34.82,87586.59,30828.7
2025-07-16 00:00:00+08:00,688676.XSHG,34.83,36.36,34.82,35.73,108793.65,38888.32
2025-07-17 00:00:00+08:00,688676.XSHG,35.64,36.12,35.29,36.0,84658.01,30270.29
2025-07-18 00:00:00+08:00,688676.XSHG,36.46,36.97,36.05,36.68,138699.56,50787.14
2025-07-21 00:00:00+08:00,688676.XSHG,37.6,38.96,37.25,38.9,229649.88,87912.46
2025-07-22 00:00:00+08:00,688676.XSHG,39.11,39.34,38.15,38.5,175873.53,68015.42
2025-07-23 00:00:00+08:00,688676.XSHG,39.98,40.39,37.2,37.27,215060.34,82711.79
2025-07-24 00:00:00+08:00,688676.XSHG,37.03,40.97,36.87,40.38,332304.48,131575.07
2025-07-25 00:00:00+08:00,688676.XSHG,40.0,40.0,37.9,37.96,237160.44,91070.87
2025-07-28 00:00:00+08:00,688676.XSHG,38.2,38.2,37.38,37.76,122023.92,46006.08
2025-07-29 00:00:00+08:00,688676.XSHG,37.86,38.31,36.8,38.22,140621.29,52789.63
2025-07-30 00:00:00+08:00,688676.XSHG,37.99,37.99,37.3,37.5,94846.9,35697.32
2025-07-31 00:00:00+08:00,688676.XSHG,37.49,38.31,37.03,37.9,121303.51,45905.93
2025-08-01 00:00:00+08:00,688676.XSHG,37.8,41.5,37.7,40.51,315039.64,126429.67
2025-08-04 00:00:00+08:00,688676.XSHG,42.49,43.0,41.3,42.16,304298.7,128708.52
2025-08-05 00:00:00+08:00,688676.XSHG,42.37,42.72,41.67,42.06,151621.3,63774.35
2025-08-06 00:00:00+08:00,688676.XSHG,42.36,45.0,41.8,44.29,236124.61,102900.08
2025-08-07 00:00:00+08:00,688676.XSHG,43.86,44.0,42.09,42.78,174884.8,74944.31
2025-08-08 00:00:00+08:00,688676.XSHG,42.55,44.3,42.39,42.99,127679.72,55267.06
2025-08-11 00:00:00+08:00,688676.XSHG,43.62,47.1,43.62,45.76,209680.71,95247.1
2025-08-12 00:00:00+08:00,688676.XSHG,47.38,48.5,45.2,45.72,211966.23,98479.66
2025-08-13 00:00:00+08:00,688676.XSHG,45.08,47.95,45.08,47.19,173229.37,80321.64
2025-08-14 00:00:00+08:00,688676.XSHG,46.72,47.4,45.62,46.62,178753.15,83011.66
2025-08-15 00:00:00+08:00,688676.XSHG,46.48,53.1,46.37,51.9,263580.23,133064.91
2025-08-18 00:00:00+08:00,688676.XSHG,54.5,56.5,52.77,54.3,290539.23,158220.07
2025-08-19 00:00:00+08:00,688676.XSHG,54.67,56.23,53.36,54.58,210151.89,114744.63
2025-08-20 00:00:00+08:00,688676.XSHG,53.18,55.18,51.51,54.5,145136.95,78179.36
2025-08-21 00:00:00+08:00,688676.XSHG,55.0,55.59,51.01,51.4,181994.17,95268.94
2025-08-22 00:00:00+08:00,688676.XSHG,51.55,53.2,51.2,52.12,127307.93,66199.57
2025-08-25 00:00:00+08:00,688676.XSHG,54.16,58.08,54.16,56.21,242914.72,135879.49
2025-08-26 00:00:00+08:00,688676.XSHG,56.97,59.56,56.1,57.81,163375.1,95183.48
2025-08-27 00:00:00+08:00,688676.XSHG,57.33,60.6,55.54,55.54,19409363.0,112388.0
2025-08-28 00:00:00+08:00,688676.XSHG,55.5,59.17,55.5,58.85,172033.89,98664.86
2025-08-29 00:00:00+08:00,688676.XSHG,60.0,62.35,59.03,60.04,172367.77,103697.1
2025-09-01 00:00:00+08:00,688676.XSHG,60.47,60.99,56.08,57.9,215198.97,124144.61
2025-09-02 00:00:00+08:00,688676.XSHG,57.3,58.97,53.58,53.92,242025.66,134782.23
2025-09-03 00:00:00+08:00,688676.XSHG,53.95,55.88,53.93,54.7,135967.12,74649.49
2025-09-04 00:00:00+08:00,688676.XSHG,55.7,56.32,50.41,52.1,209836.03,111215.51
2025-09-05 00:00:00+08:00,688676.XSHG,52.0,55.66,51.41,55.56,230589.45,123235.22
2025-09-08 00:00:00+08:00,688676.XSHG,55.39,55.5,50.2,50.42,246976.05,127267.59
2025-09-09 00:00:00+08:00,688676.XSHG,50.68,52.5,50.23,50.92,156365.77,80318.74
2025-09-10 00:00:00+08:00,688676.XSHG,51.0,52.86,51.0,51.85,123821.59,64597.46
2025-09-11 00:00:00+08:00,688676.XSHG,52.0,55.22,51.7,54.12,151787.37,81582.71
2025-09-12 00:00:00+08:00,688676.XSHG,54.2,56.17,53.53,53.55,160905.76,87946.5
2025-09-15 00:00:00+08:00,688676.XSHG,53.0,53.75,51.8,52.48,135209.89,70974.01
2025-09-16 00:00:00+08:00,688676.XSHG,52.19,54.03,51.7,53.22,129677.38,68705.55
2025-09-17 00:00:00+08:00,688676.XSHG,53.35,56.02,52.72,55.69,185229.57,101675.81
2025-09-18 00:00:00+08:00,688676.XSHG,55.06,56.77,53.8,54.91,172497.56,95520.59
2025-09-19 00:00:00+08:00,688676.XSHG,54.42,57.62,54.3,56.72,154859.74,87536.39
2025-09-22 00:00:00+08:00,688676.XSHG,56.76,58.29,55.8,57.88,122701.16,70498.58
2025-09-23 00:00:00+08:00,688676.XSHG,58.88,60.86,54.8,56.44,154043.17,88161.34
2025-09-24 00:00:00+08:00,688676.XSHG,55.66,57.17,54.4,56.56,135295.71,75777.44
2025-09-25 00:00:00+08:00,688676.XSHG,56.73,57.88,55.5,56.18,83667.92,47041.52
2025-09-26 00:00:00+08:00,688676.XSHG,56.0,56.3,52.5,52.93,11063917.0,59579.0
2025-09-29 00:00:00+08:00,688676.XSHG,53.69,54.76,53.15,53.58,114644.11,61674.01
2025-09-30 00:00:00+08:00,688676.XSHG,53.73,54.34,52.88,52.9,86995.15,46440.42
2025-10-09 00:00:00+08:00,688676.XSHG,53.5,56.58,53.5,54.93,161157.73,89382.44
2025-10-10 00:00:00+08:00,688676.XSHG,54.96,63.7,54.96,58.77,339603.4,201863.66
2025-10-13 00:00:00+08:00,688676.XSHG,54.98,58.79,54.98,57.35,242172.01,138772.61
2025-10-14 00:00:00+08:00,688676.XSHG,60.0,64.52,57.53,57.84,325613.97,197066.6
2025-10-15 00:00:00+08:00,688676.XSHG,57.35,69.41,57.35,69.41,386821.09,246990.38
2025-10-16 00:00:00+08:00,688676.XSHG,74.73,74.88,66.88,71.65,484767.31,345862.89
2025-10-17 00:00:00+08:00,688676.XSHG,71.83,72.29,62.3,62.82,363768.68,237509.15
2025-10-20 00:00:00+08:00,688676.XSHG,64.8,67.2,63.21,64.14,239989.52,155666.68
2025-10-21 00:00:00+08:00,688676.XSHG,63.78,68.46,63.0,65.62,272318.05,180621.97
2025-10-22 00:00:00+08:00,688676.XSHG,64.5,65.4,61.8,62.3,184677.15,116202.55
2025-10-23 00:00:00+08:00,688676.XSHG,61.75,62.0,58.95,59.67,188238.5,112580.45
2025-10-24 00:00:00+08:00,688676.XSHG,60.33,66.26,60.19,64.63,248839.24,156763.12
2025-10-27 00:00:00+08:00,688676.XSHG,66.87,68.51,65.71,67.5,256908.49,172378.76
2025-10-28 00:00:00+08:00,688676.XSHG,67.5,69.3,66.55,67.99,228057.08,154700.77
2025-10-29 00:00:00+08:00,688676.XSHG,69.82,78.4,68.51,75.6,323857.52,239667.51
2025-10-30 00:00:00+08:00,688676.XSHG,75.6,78.33,73.11,73.26,304209.34,229295.73
2025-10-31 00:00:00+08:00,688676.XSHG,73.26,74.3,68.15,68.48,297390.59,209242.57
2025-11-03 00:00:00+08:00,688676.XSHG,69.66,76.27,68.89,73.3,318970.83,230911.21
2025-11-04 00:00:00+08:00,688676.XSHG,75.7,79.88,72.44,73.9,318984.48,241460.48
2025-11-05 00:00:00+08:00,688676.XSHG,68.71,88.68,68.7,87.29,543086.88,441934.65
2025-11-06 00:00:00+08:00,688676.XSHG,85.0,91.8,82.78,88.57,458475.89,399821.95
2025-11-07 00:00:00+08:00,688676.XSHG,87.0,96.5,87.0,92.18,375313.25,347899.02
2025-11-10 00:00:00+08:00,688676.XSHG,92.51,95.26,86.18,91.01,385828.82,348606.87
2025-11-11 00:00:00+08:00,688676.XSHG,91.41,91.99,82.85,83.8,378343.49,324584.37
2025-11-12 00:00:00+08:00,688676.XSHG,82.01,82.78,77.69,79.57,338314.94,269774.11
2025-11-13 00:00:00+08:00,688676.XSHG,79.0,81.54,78.0,79.31,262010.63,209233.08
2025-11-14 00:00:00+08:00,688676.XSHG,77.2,82.35,77.15,77.52,290212.33,231295.99
2025-11-17 00:00:00+08:00,688676.XSHG,77.5,80.57,76.13,80.0,203605.0,159497.76
2025-11-18 00:00:00+08:00,688676.XSHG,79.01,79.01,73.1,74.67,248987.61,187099.5
2025-11-19 00:00:00+08:00,688676.XSHG,74.87,76.22,74.37,74.85,127762.08,96029.04
2025-11-20 00:00:00+08:00,688676.XSHG,78.78,79.43,74.85,76.88,182945.14,140063.7
2025-11-21 00:00:00+08:00,688676.XSHG,73.68,77.35,72.44,72.5,233134.71,174655.47
2025-11-24 00:00:00+08:00,688676.XSHG,73.2,73.77,70.31,72.0,158870.76,114697.49
2025-11-25 00:00:00+08:00,688676.XSHG,73.82,79.15,73.64,76.78,208361.36,159615.81
2025-11-26 00:00:00+08:00,688676.XSHG,75.9,80.38,74.26,78.08,213883.59,165291.91
2025-11-27 00:00:00+08:00,688676.XSHG,78.1,81.0,74.51,75.2,187230.9,146463.69
2025-11-28 00:00:00+08:00,688676.XSHG,74.01,83.62,73.47,81.86,260676.98,204707.54
2025-12-01 00:00:00+08:00,688676.XSHG,82.0,83.19,78.8,79.83,188582.1,151941.86
2025-12-02 00:00:00+08:00,688676.XSHG,79.82,81.8,78.08,79.09,118181.44,94848.46
2025-12-03 00:00:00+08:00,688676.XSHG,78.25,80.0,77.03,77.48,98522.35,76981.3
2025-12-04 00:00:00+08:00,688676.XSHG,76.29,78.66,74.42,78.25,114346.74,87265.3
2025-12-05 00:00:00+08:00,688676.XSHG,78.5,82.5,77.61,81.03,175352.31,141681.23
2025-12-08 00:00:00+08:00,688676.XSHG,82.2,84.77,80.65,83.35,151825.23,125758.39
2025-12-09 00:00:00+08:00,688676.XSHG,82.15,84.0,80.44,82.35,140507.78,115217.78
2025-12-10 00:00:00+08:00,688676.XSHG,82.2,84.87,79.3,83.98,175972.46,144307.53
2025-12-11 00:00:00+08:00,688676.XSHG,85.3,86.94,79.01,79.01,180976.05,149977.45
2025-12-12 00:00:00+08:00,688676.XSHG,79.98,84.99,79.52,83.3,193847.2,159788.75
2025-12-15 00:00:00+08:00,688676.XSHG,82.0,86.7,81.42,85.31,184808.95,156525.66
2025-12-16 00:00:00+08:00,688676.XSHG,84.0,84.5,79.59,80.92,150688.4,122455.59
2025-12-17 00:00:00+08:00,688676.XSHG,80.0,96.0,75.5,88.72,321381.72,267470.11
2025-12-18 00:00:00+08:00,688676.XSHG,84.0,85.17,82.0,82.0,210848.73,176584.99
2025-12-19 00:00:00+08:00,688676.XSHG,85.0,85.78,82.65,83.18,138168.69,116095.28
2025-12-22 00:00:00+08:00,688676.XSHG,84.0,94.87,83.83,89.71,310187.12,276923.72
2025-12-23 00:00:00+08:00,688676.XSHG,88.5,90.8,87.0,87.07,217578.82,192136.91
2025-12-24 00:00:00+08:00,688676.XSHG,87.36,93.22,86.7,90.56,222694.67,201439.76
2025-12-25 00:00:00+08:00,688676.XSHG,88.4,93.69,88.39,90.31,167108.5,151844.13
